Codon	1	2	3	4	5	6	7	8	9	10	11	12	13	14	15	16	17	18	19	20	21	22	23	24	25	26	27	28	29	30	31	32	33	34	35	36	37	38	39	40	41	42	43	44	45	46	47	48	49	50	51	52	53	54	55	56	57	58	59	60	61	62	63	64	65	66	67	68	69	70	71	72	73	74	75	76	77	78	79	80	81	82	83	84	85	86	87	88	89	90	91	92	93	94	95	96	97	98	99	100	101
AAA	0.0439800791241103	0.0436477752805335	0.0440255974557698	0.0439399083450415	0.0439839164115635	0.0442577542710324	0.0448661750549682	0.0443802041357369	0.0447153037961368	0.0450467257653883	0.045023321865245	0.0449525877761753	0.0453554506461703	0.0455590392520957	0.0451064861870445	0.0456617687102049	0.0455696622229909	0.0456939862694798	0.0460111736657806	0.0458285563714937	0.0459670476484639	0.0460347516275793	0.0463681361477172	0.046412338001919	0.0463467873755121	0.0470615887172968	0.0470002091188504	0.0468998382499673	0.0472597719424618	0.0471412733546712	0.0472234550588324	0.0471931910578217	0.0474991723011256	0.0470845471001238	0.0474537045148691	0.0480233992499965	0.0478143749560159	0.047924045864156	0.0485039892813921	0.0490218575011467	0.0487724661384581	0.0483087980140429	0.0482478490754334	0.0483589827997881	0.0484346938679193	0.0496194301307473	0.0460886491468764	0.0565760489365283	0.0446598828242976	0.0590243800804899	0.0455483318958907	0.0521106492196232	0.0468309546490317	0.0439216831547429	0.0486592237448927	0.0421311241287247	0.0484405115971568	0.0473663685556412	0.0485372501191341	0.0471718461093585	0.0475860556195341	0.0475238104630476	0.0474478912451041	0.0476444931222671	0.0470653387662596	0.0467389678751881	0.0469476370666422	0.0470201257356366	0.046673018339194	0.0462509152076032	0.046041695787854	0.0459912117205586	0.0461095674687018	0.0456218040802753	0.0459091543895065	0.0454684411880621	0.0453536988955698	0.0452138250638351	0.0449092039030758	0.0449452902062882	0.0449886368197076	0.0451505805978475	0.0442439728924024	0.0437820397891551	0.0438222676536542	0.0438287262301211	0.0438998103571357	0.0435279955002974	0.0434724485563277	0.0432570229140857	0.0432933064795471	0.0425548303457029	0.0424318874529759	0.0421660429279922	0.0424246564160278	0.0423836330446533	0.042189481763176	0.0419148545740858	0.0418280806150286	0.0413529696437732	0.04138335951661
AAC	0.0459007484152178	0.0459606237505334	0.0466888960127606	0.0462779640749109	0.0462653354210679	0.0463178130280065	0.0466238367382228	0.0470675161202262	0.0467671254889612	0.0469801481669328	0.0465359999405915	0.0465402211493041	0.0466171766165059	0.0475978729282801	0.047354925076246	0.0475628561341762	0.0478942608142306	0.0477245996659555	0.0485678424060814	0.0483332487286849	0.0486487298692142	0.0483484746774726	0.0482088457030409	0.0488725329417419	0.0482141169645351	0.0484986740421957	0.0485200974449964	0.0488277964963748	0.049151674581889	0.0494887735064244	0.0496464124834076	0.0499290499363073	0.0502200341048672	0.049878284930008	0.0491351101142635	0.049314816949407	0.0499306095712117	0.0500731384309376	0.0497646498705858	0.050304951612768	0.0493436631868807	0.0495422835971265	0.0490633158563692	0.0495003198869988	0.0497646312577811	0.0504149585500197	0.0533407073921895	0.056376616471356	0.049900688281487	0.0435254891894337	0.0464253331226751	0.0365591517737158	0.0497777866906409	0.0462644321718742	0.0528007552908047	0.0422890895729101	0.0522195051059713	0.0487494313047708	0.0502440051635266	0.0491011275966331	0.0494348769079292	0.0487127076024918	0.0488302020104033	0.0486266157416254	0.0483936339724278	0.0483794575085235	0.0480263611541904	0.0478435842323315	0.0477638958098718	0.0476512934105848	0.0475659222323809	0.0470304275699739	0.0474470453702524	0.0474254180744001	0.0475440226624789	0.0470201639020121	0.0465840754832383	0.0469160262448081	0.0473707045178034	0.0464526343643132	0.0466131282603164	0.0462158678575693	0.0463192096625029	0.045699821378323	0.0460967356568211	0.0461482060407639	0.0459159520238037	0.0463215838475507	0.0456734887445807	0.04556969602625	0.0454679132611963	0.0449576473386859	0.0444309697225721	0.0439555254753987	0.0442323232598674	0.0441778751042477	0.0437585660188989	0.0440264389977232	0.0434567559332603	0.0430800666747212	0.0431317639647474
AAG	0.0488913504700165	0.0485634571997519	0.0489497641687257	0.0491194567185914	0.0495289948886604	0.0495651254923268	0.0499827556720698	0.0500096561950754	0.0501160931920692	0.0504101894773879	0.0506835640346933	0.0503270189072788	0.0508709615517571	0.0510211573398653	0.0515714255554692	0.0512988200247766	0.0512899092147124	0.0517956504584256	0.0516712239471789	0.0520170142651106	0.0527559035551933	0.0526054509163033	0.0524281694949861	0.0531302542889535	0.0531742366344482	0.0537179842749043	0.0534604474377674	0.0541024481245445	0.0540336748247154	0.0547348242796307	0.0543461971978064	0.0548655899668479	0.0549413176563531	0.0553332943755015	0.0556596605285729	0.0556416045864836	0.0558607759458135	0.0559731727648716	0.0561744763071163	0.0572555714776006	0.056991733838661	0.0569843060186701	0.0573908862865794	0.0573519263153507	0.0587102594583513	0.0587415704689594	0.06866168196212	0.0675882191349725	0.0596101944803029	0.0716415112120913	0.0685440491696196	0.0627069373393045	0.0583339976616054	0.0561403078449673	0.0689109187171144	0.0506466325913498	0.0582437528923195	0.0561467318332014	0.0564696324242048	0.0556951061502559	0.0555015693612045	0.0554286184367759	0.0551675050246122	0.0550360766768727	0.0541878560333989	0.054225475340475	0.0534912097512045	0.0541272049528738	0.0544979894904308	0.0535084370697121	0.0530060025317436	0.0534575710338862	0.0528642872143403	0.0529211388302458	0.0529163838057081	0.0530468192806559	0.0524775750798844	0.052539891601515	0.0520542314015703	0.0524140805287524	0.051993192491668	0.0514236834624889	0.0511680752961569	0.0510010107904895	0.0507338260201115	0.0510638774291977	0.0506792671277627	0.0504130424299001	0.0503871228323371	0.0496112935838597	0.0496008280256486	0.049407609135974	0.0494976157953234	0.0491914625716787	0.0491120180223886	0.0487539961979982	0.0488247660463753	0.0483554641890618	0.0482776339982263	0.0480284928628484	0.0479226091260809
AAT	0.0403386082911654	0.0405560928340416	0.0406583033638404	0.0412004279868756	0.0413964023214691	0.0414949493466044	0.0420354109454711	0.0418096888609251	0.0418240611821772	0.0414947062850369	0.0420870504041997	0.0423760426040812	0.0421406877570303	0.042305248421648	0.0425208732507545	0.0425963537163254	0.0421872921027758	0.0427440591909691	0.0430534471542738	0.0424972793670165	0.0432621796054911	0.0428296279002904	0.0431020824906654	0.0424691275190025	0.0433609478660711	0.0431754045821459	0.0437509606563949	0.0432333449680688	0.0438447139820145	0.0437521944438679	0.044133912607476	0.044258370745137	0.0444679825372417	0.0443157698382272	0.0444051452458084	0.0438977724866588	0.0442731856598559	0.0444824802806641	0.0441777492453882	0.0448515044692621	0.0446448556970311	0.0441407446766629	0.0451782115141837	0.0449494236217503	0.0455480208011171	0.0438570719069283	0.0425470696192833	0.0501189638758888	0.0398077940949146	0.0390149427369369	0.0525153970849453	0.0363348169160213	0.0442389579845136	0.0420686935784557	0.0486192086557722	0.0370635423463467	0.0452794289893748	0.0437320080927831	0.044366739127685	0.0441832663657738	0.0438266358584355	0.0438316234036787	0.0439901273415141	0.0440645437340632	0.0440332838705456	0.0437453636367378	0.043461083166643	0.0430566006024757	0.0429809298541848	0.042855623295095	0.0430757888463656	0.0423140649072676	0.0424511540873944	0.0426363509521914	0.0423915198230675	0.0421104015885665	0.0419178251180546	0.0420750526488402	0.0420074742345692	0.0416481780088292	0.0420999839472828	0.0415833932728363	0.0415783952030374	0.041262132937084	0.0413378791963367	0.0411732625246805	0.0412106075036045	0.0409424856982033	0.0409547835024827	0.0404526532594741	0.040612551832996	0.040325663411145	0.0401989419800713	0.0400184666503892	0.0399090806499398	0.0399668013984831	0.0396486221351261	0.0400972623234164	0.0397331647316035	0.0395725095757913	0.0393874585413066
ACA	0.0430428158621236	0.0430851842960193	0.0431202475113792	0.0432275571203897	0.0433382353324645	0.0429438740609328	0.0433212094630122	0.0432026765875345	0.0432728650646779	0.0437807994793949	0.0442059357878612	0.0441465953747205	0.0441630325156674	0.0443345106581931	0.0441695932204145	0.0445932300548752	0.045180704340573	0.04422978593367	0.0442021678357659	0.0455101180892229	0.0448659519249052	0.0447522882170521	0.0454294899678246	0.0453120955698594	0.0453061881737835	0.0460403888092443	0.0453582813840563	0.045665968167643	0.0462332078189569	0.0457862572217515	0.0463410070295884	0.046050371967791	0.0464437977173785	0.045876653819214	0.0467615293104996	0.0464141938052014	0.0465976694739277	0.0469126419581182	0.0468206393194341	0.0470049615276127	0.0475057538607464	0.0471577304869778	0.0464305493115459	0.046097097195459	0.0464495576344484	0.0471670290253793	0.045222901001197	0.0533738304733088	0.0481744299578284	0.0550582578827482	0.0387113920230761	0.0402339023406075	0.0434084739209371	0.0407198537917518	0.0318925301102002	0.0381857701974815	0.0450180845919851	0.0449181123219918	0.0460282743269081	0.0460920790131098	0.0458355555340416	0.0456952517885379	0.0459518534082427	0.0447621437591029	0.0447658366753637	0.0445092729660564	0.0450030965703156	0.0446661269464879	0.0446046870097027	0.0451906787428327	0.0444974853170628	0.0445092611603725	0.0446084379063682	0.0443975797321238	0.0436872353367277	0.0434325842288015	0.0432050926319171	0.0434670077205443	0.0436991155155529	0.0432756114153679	0.043093497246912	0.0432375020423007	0.0427194655443674	0.0426710128928376	0.0432915584032595	0.0426386028206188	0.0424002535279808	0.0421289955631248	0.0421889703509598	0.0420649295931289	0.042226038931497	0.0415700362445569	0.0417496463398893	0.0415289432944068	0.0412245858903338	0.0418395025637063	0.0410967325762142	0.040916954790297	0.0406674562818064	0.0405978113463316	0.0407307696658948
ACC	0.0503199065838863	0.051535020163922	0.0504086269968502	0.0507458641644728	0.0513992719913967	0.0514824304144893	0.0515350111872336	0.0511026337182396	0.0515832172062731	0.0514188905612231	0.051647403836265	0.0513908977765796	0.051855126831612	0.0521454377070081	0.0517965756734702	0.0520697436985947	0.0509017729638378	0.0515210919459916	0.05165217732045	0.052489810063251	0.0523732255257121	0.052613736228069	0.0523166966191077	0.0519358727692217	0.053208150603592	0.0524690386971136	0.0530054763724261	0.052622848853058	0.0533503645553526	0.0531853655901114	0.0528981978333485	0.0519749847347969	0.0522016531475758	0.0523080226494363	0.053275690516774	0.0523059616114696	0.0528421351091896	0.0533849978276211	0.0534498637763918	0.0534708533041994	0.0533677205185744	0.0523273714767253	0.0521190206781706	0.0521874518163421	0.0526309878152945	0.0528263418190981	0.0449110309940554	0.0488287343321315	0.0552178834839695	0.0443660327658475	0.035873618699856	0.0321474041243316	0.0418514935969134	0.0402147781098538	0.0345518699636175	0.0412924933048353	0.0508988716890886	0.051475272267987	0.0520920718461081	0.0510571355889672	0.0524763811792776	0.0516423096211568	0.0509943180276181	0.0506252754552169	0.0504599798483064	0.0521372568102543	0.0505906397303904	0.0513121985485519	0.0502118071891255	0.0508520103923344	0.0505173583508292	0.0507843866948764	0.0501958920729541	0.0493891698412539	0.0489103420576201	0.0494165844422411	0.0497877879818602	0.0488867948136295	0.0488576087145084	0.0490436092908809	0.0483281923917889	0.0483412905497202	0.049145555234452	0.0473781500594482	0.047382827205974	0.047709341321909	0.0475241917117739	0.0469923961727085	0.0466930678061094	0.0467669904525913	0.0472814696353732	0.0457022938496783	0.0457198261572167	0.0457012268989895	0.0445986475506744	0.0454448966573813	0.0454197711360085	0.0450023446696636	0.0444134803062639	0.04460527820953	0.0449357724885859
ACG	0.0448862444395713	0.0454800438932679	0.0454327318682062	0.0455848340365382	0.0459653426266559	0.0459383115013696	0.0463792574493595	0.0460473719612459	0.0467359770662795	0.0458223434908584	0.0473000275401957	0.0462573537726375	0.0466747227467397	0.0473092973830556	0.0478300967219758	0.0474855232758672	0.0473379601902936	0.0479752121511828	0.0475390073925385	0.0475945127404236	0.0480775419554152	0.0477388365034495	0.0473240058684458	0.0481335523983478	0.0479514256709911	0.0483772395000744	0.0486752192466972	0.0486934939339021	0.0490750339514636	0.049627748096429	0.0493536335823128	0.0489652525635162	0.0498968911537002	0.0496398962632405	0.05006433413789	0.0494057479158559	0.0501398083591845	0.0500092745705566	0.0501472007814139	0.0504335404454477	0.0505505407020501	0.0503465314681504	0.0509574809518238	0.0505130164531305	0.0508732192012691	0.0503904398990542	0.0532540795293769	0.0671662474869603	0.0714914438491883	0.0746994784904052	0.0562145043522716	0.0607346106660168	0.0568541310016729	0.0523427408967389	0.0574276887492933	0.0434504344451146	0.0512728931857821	0.0479940371098938	0.0477737651686625	0.0465757935540853	0.046955053171698	0.0460317960788698	0.0459999411742948	0.0459980518485772	0.0452719632742171	0.0464787008557429	0.0445967596815497	0.0450796847046535	0.0447047189675355	0.0445298064690594	0.0441196305526196	0.0446965013441608	0.0445170553804967	0.0434183004468339	0.0436348739002564	0.0433576687048396	0.0436113033003079	0.0433780739661665	0.0432133535676125	0.0424208446405126	0.042648872596316	0.0416155231289495	0.0422620542680191	0.0419431505566791	0.0414284175502641	0.0408430169917979	0.0412764358803375	0.0408092386470329	0.0410009578523562	0.0401703671012517	0.0402596329510289	0.0406240252869415	0.0405023563651904	0.0396565534944719	0.0396379424981551	0.0400912099495535	0.0398413081747998	0.0400389660913428	0.0391128768124477	0.039566743228619	0.0394022646295455
ACT	0.0481930178715722	0.0479219536075581	0.048278570951376	0.0481511647424768	0.0477643424845571	0.0477651955274904	0.0483321177934084	0.0486133864406353	0.0487630586778209	0.048964807522751	0.048896291510502	0.0486456336923419	0.0493127564833526	0.0494533866984351	0.0489139701125279	0.0493403556403493	0.0497250563876889	0.0497841807740333	0.0495859958817504	0.0503210802999968	0.0507702076375561	0.0499459779119099	0.050845205235926	0.0502600534915372	0.050294431060433	0.0501886373601796	0.0507798077312777	0.0503008802756501	0.0504813239779841	0.0509962390636416	0.0507201902624981	0.0507982197722305	0.0508244571583246	0.0501976107427642	0.0509676704004216	0.050559936585249	0.0508227064820175	0.0515932649961336	0.0513495540689736	0.0513582191730139	0.0514986417996666	0.0511018321849772	0.0508619911858476	0.0507039775763826	0.050547673217314	0.049256792197401	0.0471611671419688	0.0605100860591396	0.0603331817583033	0.0583085154289334	0.0561460492374199	0.0497850241055063	0.0586877869760233	0.0565127466833399	0.0523913751089296	0.0449417742408122	0.0526599836847975	0.0508166673903895	0.0512818229936252	0.0512660568245248	0.0516141939360154	0.0513144531435759	0.0514469125933859	0.0511464805619311	0.0514820177970177	0.0500746812316382	0.0502003137242625	0.049869596588043	0.0500258535843121	0.0497847440604871	0.0500489028325679	0.0494027426996408	0.0498530600098891	0.0496839430114875	0.0488688341482117	0.0495381447476197	0.0487772781624938	0.0486614142934721	0.0486371976776459	0.0479270172860699	0.0485655924778671	0.0480726903389039	0.0484943572320336	0.0481114351599266	0.0474082360858744	0.0470625704586901	0.0475986750190966	0.0472645977817017	0.0477889721083001	0.0468453905538973	0.0462558663780214	0.0464732698305419	0.0467181244570384	0.0463633033815438	0.0455438939294598	0.0458576059023138	0.0454153529807459	0.0454050698052962	0.0452214946668732	0.0450468400836435	0.0451602944196723
AGA	0.0407197594547248	0.0410393798153248	0.0416447331932113	0.0417164680070799	0.0413531865873075	0.0417559868311522	0.040993326431893	0.0421517014458116	0.0416925880964173	0.0421415900785269	0.0415873385822653	0.0422356888327947	0.0424917555214948	0.0424336005542877	0.0423143356696485	0.0422574628361165	0.042946367760901	0.0430213880494542	0.0436140203639776	0.0430978333445326	0.0436210635656192	0.0435124106297027	0.0435655513416093	0.0440530004670482	0.0433336466825379	0.0439285417156138	0.0433521189050964	0.0439768118609224	0.0440020927026419	0.0439523676123028	0.04408148996546	0.0444079919332934	0.0442535468492239	0.0449195837733966	0.0452580791508092	0.0450826932012999	0.0454005911661402	0.0458458235237408	0.0458704479318429	0.0462505087766956	0.0464690185767682	0.0465370241557915	0.0463611406647506	0.0464590800899219	0.0473325343894165	0.0493370959108783	0.0609179017251773	0.0583588885168318	0.04487631011877	0.0553496367267498	0.0652924071838869	0.047242241167076	0.0530531926505877	0.0525556011668747	0.0500669100288098	0.0429317469121893	0.0454862154800555	0.0457091481602614	0.0459373398361789	0.045738339742767	0.0453216650163133	0.04562833091393	0.0445985377939518	0.044546989059131	0.0446707920095391	0.0442445499623179	0.0438954021633439	0.0439686134075589	0.0431500540770493	0.0430069094736528	0.0431724068919472	0.0427750381659561	0.0426536775034574	0.0425141849953506	0.0423238290365407	0.0422716122753736	0.0418809244213738	0.0416724132365568	0.0418098610047678	0.0417300622815294	0.0412884382339957	0.0414276864251921	0.041366984727963	0.0412678987895407	0.0408889345686154	0.0405633900282895	0.0407442012790059	0.040621201698378	0.0404524676005557	0.0405267832089134	0.0404850667049267	0.0404953280365842	0.0402574224537684	0.0392884690431158	0.0394568962012259	0.0394329954558753	0.0393404383962399	0.0390378001461677	0.039018235797546	0.0390035532772928	0.0387744309047049
AGC	0.0423054938089698	0.0426767258372681	0.0430453931847084	0.0431476636924221	0.04384252714489	0.0429254613524183	0.0427756998713493	0.0429310877004143	0.0432277181737528	0.0428103939094762	0.0434845808971059	0.0435915131329917	0.0437691636289971	0.0447762906456348	0.0450194954913237	0.0448474475053877	0.0446861774768147	0.0452932315621403	0.0445143313419411	0.0455013923909642	0.0461339368533049	0.0460807008263559	0.0452681056105602	0.0449663151432258	0.0452587089052927	0.0456161827787271	0.0454103895894415	0.045515427891078	0.046046629767614	0.0462893344360895	0.0464305266351844	0.0466630095857904	0.0460113045764287	0.0460520292793254	0.0463687338245789	0.0461488626817614	0.046304659700976	0.0468130844609327	0.0471825383397408	0.0464516353792611	0.0477102730037985	0.0465106974632358	0.0469393630337153	0.0469478226732645	0.0478430572266686	0.0483430688712199	0.0506239639416881	0.041115796992558	0.0431434924663502	0.0385049734594909	0.03338250988883	0.0388554392915026	0.0455451302602173	0.0418436071896239	0.0455578411933003	0.0410095387492442	0.0466205751513649	0.0461836950113216	0.0465555483131558	0.0462363130175573	0.0459576112548731	0.0480468580847678	0.0472496335891557	0.0474912106152186	0.04652982466525	0.0463001952635254	0.0459550313034562	0.0456852209251357	0.0446617444541248	0.0448055820656142	0.0444586572777593	0.0438969664321095	0.0443461137990654	0.0441668793196788	0.0436777627935738	0.0437639945885698	0.0440616555921265	0.0427273087342941	0.0427672731059909	0.0437653653593835	0.0434494929777768	0.0429389863723231	0.0430134513214248	0.0426838973458248	0.0433073232520673	0.0425818537314661	0.0436299915082669	0.0424993573429276	0.0424068201252146	0.0425136437479786	0.0423076695605453	0.0423439152454205	0.0421655311084868	0.0417751270308935	0.0412357137905023	0.0403002937816398	0.0405129852184633	0.0402761591793728	0.0405181398927577	0.0406499486709102	0.0404637593893854
AGG	0.0439938076347417	0.0446545040128089	0.0451366473178653	0.0456667607181849	0.046037295384706	0.0463593549634583	0.0462342189996424	0.0455743615555985	0.0459819192972564	0.0462542875684882	0.0456683391013661	0.0469488963765652	0.0476118034344067	0.0461111613377893	0.0473401731124707	0.0473214391551558	0.0487043837614273	0.047664324156314	0.0481265692026773	0.0479515950402415	0.0486145250391931	0.0486516416302803	0.0481176466687708	0.0497956970682768	0.0504911185619439	0.0494193238983969	0.04977491904502	0.0492031655225135	0.0497565412822665	0.050040955633361	0.0506969983859603	0.0503025225717473	0.0513863799767842	0.0511287887276792	0.052421164181836	0.0523989534047352	0.0523547440901281	0.0524978037661733	0.0526143080617019	0.0518973078189104	0.0534572958720861	0.0534650495635239	0.0542180986588878	0.0550233659590827	0.0565068770261817	0.0572673288356437	0.0640215803103096	0.0595501671333831	0.0492653327121026	0.0677306442224582	0.0548849300300301	0.061163429560224	0.0549474739291035	0.0488607322336268	0.0633403142992081	0.0479959864786419	0.052126100666425	0.051759889938498	0.0519679373684855	0.0515137844911646	0.0518557280035296	0.0511547904238028	0.0507018023792202	0.050356089464749	0.0505125669724004	0.0504118714028492	0.0498615189745076	0.0507251252659671	0.0501890976101663	0.0498948764794961	0.05007009888285	0.0493056698377475	0.0489165460103463	0.0486492168265552	0.0486428216258767	0.0484817856063206	0.047984084000525	0.0479385311964602	0.0486964255408771	0.0488321085209628	0.0479488908313083	0.0470981430533273	0.0481767703180184	0.0475825562766915	0.0474210736304277	0.0475030307398464	0.0479423856373589	0.0472741728704778	0.0474702501890377	0.0471148285207771	0.046947824791314	0.0462125759693061	0.0465441888869212	0.0463178200278281	0.0463085459091087	0.0459404198088902	0.0452626182152411	0.0452268143105941	0.0451785026437113	0.0451413010729394	0.0449288775710052
AGT	0.0403363325182472	0.0404460282199086	0.0406032884061158	0.0402761554901424	0.0414243332965525	0.0411145928548333	0.0413289592323045	0.041934494214501	0.0413130930339351	0.0415058510238108	0.0420254371339385	0.0417327912531904	0.0416625016826246	0.0422894662586895	0.0421464831510461	0.0425157117189382	0.04177235702971	0.0420989334285728	0.0419695086063164	0.0422982972737103	0.0413832732162932	0.0429320700058476	0.043251843600192	0.0427462614138708	0.0425805847016537	0.0433298087962223	0.0431026858423446	0.0433049368616439	0.0436951926589209	0.0436898799722981	0.0443818274232701	0.0434047191826978	0.0441855608337025	0.0438743942622516	0.044019496045564	0.0436748272313313	0.0441481075560875	0.0444541938026047	0.0440888402395527	0.0448954123039913	0.0442588381440364	0.0454864416343313	0.0445807496453684	0.0452213223943708	0.0460724373186329	0.0448065438198434	0.0522725756321149	0.0466364016257615	0.0419992857515753	0.0373452744188967	0.046790793539164	0.0425272805028829	0.0479771456392744	0.0463578025267841	0.056560245809096	0.0391926911905553	0.0451230336303544	0.0446301145372865	0.0449136720005547	0.0441491287007731	0.0443805131298446	0.0442710933039875	0.0446416462791251	0.0444987649927731	0.0441440476289834	0.0434861607496351	0.0426569417950549	0.0429135002582001	0.0425983522926299	0.0427992880013215	0.0425675623518111	0.0431198339595373	0.0425200134408142	0.041777696055347	0.042515816615778	0.041729153374131	0.0417809188031993	0.0420720148115445	0.0419585856115781	0.0425378468527416	0.0421451356021539	0.0416353701919147	0.0413822062501742	0.0420628148336901	0.0413626427563639	0.040787678776188	0.0407772453570365	0.0406878319126763	0.0410077560020813	0.0406097690505907	0.0404334911359905	0.0403782894913225	0.0403209829979237	0.0405261356805808	0.040198885770288	0.039752831441205	0.039992139143849	0.0397192593658031	0.0396269524226162	0.039462828420749	0.0398704329009282
ATA	0.0398367502781966	0.039866379024477	0.0397612696967124	0.0394346993895996	0.0399601101291888	0.0401989911623135	0.040391159576181	0.0399585042345412	0.0399587737122863	0.0401404599566533	0.0405603919306586	0.0408829111732235	0.0404383256037166	0.0406791539924095	0.0404944793543126	0.0407637838654898	0.0405551102475737	0.0408931295209438	0.0405384508475402	0.0407192421748557	0.0408543748488463	0.041078273430383	0.0407465826116865	0.0412273725492845	0.0421398798983056	0.0423924024006722	0.0425698349531555	0.0428660640347893	0.0421603599276356	0.0419052905777662	0.0420062243245087	0.0431170404398119	0.0431331956851054	0.0424048237918393	0.0419372175739007	0.042234736556454	0.0426105213551108	0.0424975103765294	0.0434188390855522	0.0430324459829526	0.0430530819242481	0.0431993581212396	0.0440519961084543	0.0434062208374259	0.0435695278638364	0.044419954917732	0.0455970430745943	0.0468699767327379	0.0393144112869503	0.0448083201653372	0.03633653476822	0.0646837766987663	0.0442252339030689	0.0391353411498628	0.0287382606593013	0.0379883850264321	0.043201415103758	0.0426501060337681	0.0425378469790317	0.0422452936609536	0.0425985915229444	0.041825688717325	0.0420052032153732	0.0422815625147478	0.0414630933026793	0.0417566084764622	0.0418238205413386	0.0419195047021198	0.0417533010216196	0.0410901319069446	0.0412111603890714	0.0413657274421531	0.04098659900254	0.0404354029566713	0.0398825290499036	0.0397796752461461	0.0406534964188741	0.0404216379101953	0.0398104650194754	0.0395008624118629	0.0395955139369521	0.0390135118777883	0.0389775986602735	0.0389375902564762	0.0394439042420073	0.0391006832892032	0.0384878228440129	0.0389269738168216	0.0387179161626932	0.0388808594386463	0.0387320148900741	0.0389087610230441	0.0388345047008711	0.0387592588936818	0.0383479205738391	0.0385363590687179	0.0382453564942991	0.0384074288404963	0.037885479997125	0.0378725934163699	0.03776144261332
ATC	0.0499199943838517	0.0505931116737078	0.0500651275680891	0.0507564513402723	0.0507573383784012	0.0507924534910723	0.0510897418333577	0.0510610564388485	0.0511339122797626	0.0517380915622181	0.0512498843386551	0.0512225624763297	0.0509931248371072	0.0517208105744281	0.0513136716637565	0.0512320911061429	0.0514009429346512	0.051345930160253	0.0513311371946602	0.0513529834268497	0.0518676705823916	0.0520777273180033	0.0522730670836134	0.0528618692815878	0.0528024020750696	0.0531279502939963	0.052882416713447	0.0536747369120297	0.0530180954283562	0.0527420530673331	0.0524551968647361	0.0538327077912884	0.0534142969151451	0.053169056459825	0.0531638096596748	0.0528062572589958	0.0532162828741794	0.0531042629018928	0.0533769850818252	0.0529495030858523	0.0529682121733708	0.0534523419992204	0.0540751330286512	0.0538383202586289	0.0539299696336188	0.0546367472409976	0.0535904303106993	0.0539651708327373	0.0585316523029907	0.0500092708823713	0.0483135238280425	0.0489515532373967	0.0555988372684904	0.0494468949638278	0.0415237157009095	0.0457299945907649	0.052928357228762	0.0529393813806534	0.0526087266491892	0.0523666550922917	0.0524614391507326	0.0523468630472149	0.0516182002137281	0.0510782990863048	0.0512398686340754	0.0505298680695784	0.0511930247283135	0.0511480832033571	0.0506602381406532	0.0507360868972437	0.0506936475854308	0.050566607321959	0.0498877380162565	0.0495660875735266	0.0494059435691749	0.0485442298981104	0.0488780655723302	0.0485805254328736	0.0482850381961624	0.0480430242256047	0.0477747417612442	0.0479373898643677	0.0474745403691118	0.0475485581412619	0.0471363238804622	0.0467713019066201	0.0467416879744164	0.0465209477965668	0.0463102344344792	0.0460891201835217	0.045507192039462	0.045713579854674	0.0456828061099638	0.0448527768615029	0.0455210036042772	0.0455739570296468	0.0450600728584843	0.0443745016731647	0.0443708819364999	0.0443639226907483	0.0436471337424831
ATG	0.0448184277031013	0.0449717741779407	0.0453524701804144	0.0453883519229699	0.0455018350601672	0.0455392410580812	0.0452634559431396	0.0457084210009635	0.0455462044322208	0.0458873540312737	0.0457042958654937	0.0460225649006359	0.0464467080608342	0.046283665763987	0.0462327095469675	0.0467920268203921	0.0466370638010727	0.0467609425104096	0.0468336517033442	0.0474596666284211	0.0476575781904042	0.0473031208266201	0.0468431754649005	0.0470291269860016	0.0474579963691688	0.0473878411079264	0.0476238437069652	0.0479253093338352	0.0478490398510767	0.0472330464204167	0.0473895348608306	0.0477107882332051	0.0474727018577975	0.0471748656477875	0.0472947727866633	0.0476549700219871	0.047229704294478	0.0470787169637281	0.0481410121275314	0.0478036246196877	0.048088862701705	0.0478790485901233	0.0484674304491283	0.0487946370642272	0.0483380576411924	0.0497519812888534	0.0574405836017675	0.0569217657511494	0.0530125669726729	0.0538017965376608	0.0717278682571686	0.0504750654293593	0.0505646174459452	0.0474047264728746	0.0472910266121913	0.0414996396246355	0.045627859322207	0.0443635417575871	0.0448749925250679	0.0449944422407928	0.0443689299090836	0.0436862289322246	0.0439984023729537	0.0438208877684272	0.0437886058458377	0.0435179558655275	0.0439442143811592	0.0437625249201548	0.0432928872920183	0.043433762788691	0.043018170275535	0.0434418183706571	0.0425544351547935	0.0431177720943823	0.0429162514286667	0.0430246713244572	0.0425453372802209	0.042057161143001	0.0420744635453217	0.0418923800672915	0.0418945633074416	0.0419755404684845	0.0415857921021965	0.0418223269366663	0.0419798502445625	0.0413468468610806	0.0408262831995584	0.041187974044482	0.0407106064102671	0.0413434182004524	0.0405348961397568	0.0405541498409256	0.0399925168890663	0.0407210309185715	0.0405039384199631	0.040404350612404	0.0400097507515401	0.0402362389313645	0.0400764147322556	0.0396898253934702	0.0393635427263998
ATT	0.0470903482277463	0.0472836705357985	0.046805003282329	0.0472863149796113	0.046927253466482	0.0476970491962169	0.0475389463806265	0.0480223516724374	0.0473246235394827	0.0478555474884228	0.0479598068528798	0.0480412492458342	0.0482770300847628	0.0482330907191066	0.0483666470084632	0.048683419384527	0.0487688013910427	0.0482888918478716	0.0487347659519786	0.0490315481553875	0.0490197783414019	0.0490158841578435	0.048945488564757	0.0493149389538186	0.0489868217060413	0.0492211030412614	0.0494955289484972	0.0494010948389869	0.0504004131844823	0.0500427100236548	0.05008095725289	0.0497395752219338	0.05033867800973	0.0502436488943895	0.0496071073133365	0.0503490901619801	0.0504302891994558	0.0501907018961511	0.0497159527837785	0.0506916717990258	0.0504121791236053	0.0506005542503086	0.0513781062870599	0.0512683197449114	0.0513133374411956	0.0503183499702761	0.0519973369814963	0.0528137949917112	0.0456369675123412	0.0387303373796158	0.0514135091309462	0.0507258543410871	0.0567247616156378	0.0518815233482323	0.044333010303554	0.0430098387923265	0.0512960750131312	0.0502058589677558	0.050267817711161	0.0512101748491979	0.0506631941883	0.0499367802464154	0.0494452518518665	0.0499998603075372	0.0495648719478642	0.0491922852724538	0.0496021033364682	0.0499332940330742	0.0493493520756063	0.0491203655685901	0.048985618444537	0.0486452979340427	0.0483675829264981	0.0481404285506064	0.0482022576553309	0.0484418561207708	0.0479940829161844	0.0478686298329127	0.0474071952910715	0.0475626392712001	0.0473691814631408	0.0474480617064472	0.0471692853389575	0.0469912846100442	0.0467018304725233	0.0469688646551961	0.0466533134829714	0.0464022005011701	0.0460379697269479	0.0461607422825047	0.0460930766066995	0.0456025280586719	0.045446658672728	0.0454506059226048	0.0455380387517005	0.0458926480703956	0.0454349855372254	0.0450783538395118	0.044784259577759	0.0447736315010077	0.0444087847592215
CAA	0.041812598502188	0.04178071593761	0.0416411395858221	0.0418629242934246	0.0419860417950371	0.0421392512756585	0.0423206345218509	0.0425838588192842	0.04284829494913	0.0427066853514433	0.0425171585697054	0.0431278693147919	0.0434862536041766	0.0435948530684847	0.0431777009156209	0.0431560398158096	0.0435909193969767	0.0438760575306879	0.0432978561637092	0.0438075024095385	0.0434806353429419	0.0439333134559573	0.0440608023646511	0.044082373672828	0.0437220433386739	0.0440300305498248	0.0441442053535918	0.0442929746048057	0.0435211131907894	0.0444561621313442	0.0438254894438702	0.0443102590545917	0.0439888846771094	0.0444479818081066	0.0438921500626483	0.0438640584244302	0.0441006328093894	0.0443197961364475	0.0445431360024013	0.0454717039796302	0.0448789620138422	0.0451005595920017	0.0454756462410321	0.0453843008231786	0.0453868011694969	0.0454534945507322	0.0439839798703077	0.042496489538536	0.0376377951125924	0.039132731991288	0.0375374011534743	0.0437602702939094	0.0378119665215564	0.0393260009988998	0.0392149832584152	0.0419366709077336	0.0444688849678122	0.0463053905354308	0.044135443895998	0.0446210474086942	0.0441681716034869	0.0442941831419563	0.0445663322819883	0.0445414974298671	0.044776012750559	0.044248379854724	0.0441372685907948	0.0443321337518454	0.0444184645904742	0.0435805188548001	0.0431894307176876	0.0436261527127856	0.0437966274292701	0.0433237605613267	0.0431932056643991	0.0429399517469867	0.0430520342738834	0.0424858582441397	0.0423941018880069	0.0425948121158544	0.0420505535205596	0.0415434816265549	0.0412161985431215	0.0417158786855393	0.0413226276722158	0.0412791749494868	0.0410046498268932	0.0405968903590346	0.0405691395972106	0.0407582430972756	0.040488711775872	0.0405398696950902	0.040272486626504	0.0404556840714377	0.0400304484822884	0.0398860947828918	0.0394198174729628	0.0397667132946847	0.0398855487412569	0.0393800582234269	0.0393905932034641
CAC	0.0455831645428445	0.0456146300104814	0.0450309227441288	0.0466383071393025	0.0466334146763332	0.0455341670598742	0.04657688935173	0.0474880849129772	0.0462758382828856	0.0463549168258596	0.0468534475825305	0.0469851665219197	0.0466366684241572	0.0473016729821755	0.0483505197403547	0.0485987144659149	0.0488720994625123	0.0494913454715937	0.0488774236982332	0.048721839778252	0.0485705201029368	0.0492346913652482	0.0495170175797989	0.0486135265257341	0.0489122266773274	0.0481481949794249	0.0482411505738045	0.0486402724951629	0.049022469909718	0.0490155485725029	0.0493449049987616	0.0496741523788884	0.0502479603322371	0.0501779605749481	0.0490268456014687	0.0496294852099396	0.0490354060232605	0.0501499109621333	0.0487575844372151	0.0501013687320984	0.0490542384838176	0.0503069527647082	0.0499487693076588	0.0492061004527201	0.0509661001908454	0.0511514449168983	0.0457382081828067	0.0418831540183792	0.0398258447808483	0.03514731565294	0.0326822258603819	0.0339408916866535	0.0369013217231776	0.038578188730062	0.0398089625056492	0.0447942406870305	0.0500921935840829	0.0497217127509889	0.04836215068143	0.0492500263640766	0.0491027922464496	0.0495179648027271	0.0487606374829068	0.0495340136612885	0.0483451771279219	0.0481919045788087	0.0479328012348673	0.0480624584872229	0.047658596769588	0.0479617940684427	0.0475409544229396	0.046818689521745	0.0469429608488581	0.0473950564511425	0.046552632931629	0.0469599986541623	0.0463655518378557	0.0471388988149795	0.0460937427700232	0.0456321716175297	0.0454589534698325	0.0452879601074452	0.0453586022472168	0.0453047544927223	0.0451322992558525	0.0452928535305838	0.0452783815346502	0.0441376549590427	0.0439714504988959	0.0440317729667771	0.0445693248935192	0.0450257773764404	0.0437804199422678	0.043644060721544	0.042838787894255	0.0432972457650087	0.0428699325052372	0.0427386354395795	0.0432173650603185	0.0426987696972406	0.0419133368795238
CAG	0.0466456713209368	0.0471068775346244	0.0467555126549175	0.0475992997541782	0.046995232786434	0.0470774283614937	0.0472427135430978	0.0473080095103002	0.0479961853383147	0.0470357188457198	0.0478798660323733	0.0482622379619118	0.0491570072512903	0.0488208958406044	0.0491606897428259	0.0487610618866637	0.0491082040813659	0.0494749223191287	0.0489350688563322	0.0494653121486151	0.0493562788705788	0.049151542135841	0.0499605182796567	0.0503753311805688	0.0505822659634812	0.0499973881577799	0.0499628829249524	0.0506432282126926	0.0501256689911769	0.0513107836184516	0.0506433371585198	0.0505867279987379	0.0511323264697293	0.0518201830062634	0.0513471594292636	0.0512970988350751	0.0507320881168863	0.0516872593577456	0.0522878703430607	0.0522979454863138	0.0526162164568704	0.0517954803269759	0.0522659431462753	0.052210838184334	0.0528111977289858	0.0518181296681965	0.0521158530345929	0.0485626369838838	0.0454729059412413	0.0490921882151075	0.0502363726815095	0.055467908627661	0.0475396060351305	0.0472784470767584	0.053016041650802	0.0492952329872749	0.053219645804738	0.0524997228840885	0.0508855189161384	0.0507511194232092	0.050543344153286	0.05074438097273	0.0507958602952776	0.0509229076944957	0.0509148849472243	0.0501944274183377	0.050050044278914	0.0501374568098885	0.0503072808256535	0.0497709402079888	0.0497000604894699	0.0498066417548828	0.0494063040996326	0.0487855549332574	0.0482152471266457	0.0488018288028905	0.048284989133735	0.0482788369545687	0.0484413338104769	0.0482919784621931	0.0485394118466213	0.0481848065383879	0.0484903023437725	0.0476417643820072	0.0472312989149127	0.0474742067621221	0.0475373442389666	0.0467246485483298	0.0468429870111389	0.0469234756431022	0.0467803614435515	0.0465896047282791	0.0472131758823637	0.0466217894674053	0.0467977385827465	0.0461932132850699	0.0461064641503149	0.0461016912528629	0.0454653711103525	0.0458841808749658	0.0452650273370655
CAT	0.040209941224944	0.0404151366764649	0.0401241251464765	0.0401848161226853	0.0410165690698662	0.0402873475594794	0.0412082477504099	0.0412042343059824	0.0407175676185084	0.0411823932632489	0.0415979562359958	0.0416622402461786	0.0417656920336033	0.0419231598262833	0.0422973789810739	0.0426787499894839	0.0430676705406791	0.0429982710326793	0.0427304278549084	0.0421335178417204	0.0432429342765475	0.0432259546455006	0.0430493838818822	0.0433790717250314	0.0421765146326321	0.0428890344631566	0.0428233010093657	0.0431539756167882	0.0436581651777451	0.0427212413034993	0.0431431421681568	0.0422592208187541	0.0435239175834582	0.0434061262915146	0.043743438391653	0.0439639440817021	0.0437560977005381	0.0443056275699428	0.0443530666882794	0.0441765731553705	0.0435230431197811	0.043363285322325	0.044223832186628	0.0447104491125936	0.045495340194	0.0449276218870781	0.0408448013002561	0.0394992663810645	0.0353539655192953	0.034831761617048	0.0414803840667341	0.0367594074803591	0.0367112417503436	0.0383975860164673	0.0411989087250982	0.0413576762183254	0.0449799797397101	0.045245786614703	0.0438035433638262	0.0436652175623642	0.0444621226531682	0.0437604705713122	0.0436027544594764	0.0433915305004598	0.0432182674220355	0.0433206055161737	0.0432034383813575	0.043399104837146	0.0429436964748626	0.0428577541252571	0.0433164569743447	0.0422020609767962	0.0427459015360632	0.0429670919185313	0.0424807544219804	0.0430209676272718	0.0425713641234908	0.0423918966305603	0.0423718956998335	0.0421212376094475	0.0416385821699921	0.0420431685534469	0.0420409105161188	0.0422204038966916	0.0405883263700314	0.0406684530056438	0.0408691630565519	0.0407633083345789	0.0411449243031349	0.0409081297692319	0.0402182207891856	0.0407142176265608	0.0398321901391864	0.0399988994824495	0.0401438473007217	0.0398851715224304	0.0399952774101616	0.039444703276737	0.0395762820994848	0.0388206277590305	0.0391971687003824
CCA	0.0467730628817302	0.0469134399640438	0.0464620839715538	0.0463574260375693	0.0461755579547723	0.0464086651823601	0.0472849259482148	0.0474003494606371	0.047517178071151	0.0483199679171215	0.0475622812840613	0.0472741516154411	0.0471757153120502	0.0471779534182467	0.0473456700777404	0.0481045372173113	0.0480555271136897	0.0487087067755645	0.0490843140517561	0.0479607738566695	0.0477143144100046	0.0482147682659635	0.0489973159686148	0.0496346873087113	0.0498319981180188	0.0489127628235382	0.0494802631787718	0.0485639145835834	0.0483473455774708	0.0481640316731644	0.0489757254097351	0.0498711793298579	0.0499812553259785	0.0503806966859477	0.0513876474173539	0.0506866585351925	0.0501045063246432	0.0496009337211872	0.0491047036686241	0.0499667113437292	0.0496164153975552	0.0502665928818986	0.0502392043037358	0.0493694749908168	0.0495995340608599	0.0489984592598542	0.0426979116786076	0.0382233962010632	0.0417532229306239	0.0487132313753356	0.0437053398436089	0.0500378218221919	0.0360789147439198	0.036534397206328	0.0237057744869901	0.0450358242520301	0.0476283508888981	0.0512806783174298	0.0501984056654299	0.0504186579504882	0.0498226361729728	0.04877879479966	0.0483484584961453	0.0480043266671171	0.0481870747059134	0.0494823310505129	0.0489746341511871	0.0490737771165087	0.0483673616368181	0.0480345444808045	0.0484331242566855	0.0475416643236373	0.0476072740863967	0.0476943836433579	0.0485101411515252	0.0474766748582263	0.0475473991912645	0.0467549841610735	0.0461522720559318	0.0453727698364201	0.0455538557167107	0.0463379869643256	0.0468837021495009	0.0468177028396457	0.0468341436084071	0.0468077202428695	0.0452027067667533	0.0456833599201944	0.0452605126404556	0.0462548456170752	0.0457638388689968	0.0462516939502959	0.0450837232218642	0.0444645015505764	0.0440090641905794	0.0437637197403844	0.0435816396074073	0.0447142855821002	0.0441595630005195	0.0452973382438686	0.0450869685809382
CCC	0.048144997215567	0.0471331184446461	0.0483169844824155	0.0479816197821483	0.0486033089813038	0.0474112312935096	0.0483621879651538	0.0476689161175159	0.0482081803204138	0.0479046151958126	0.0487042286379701	0.0478187712753023	0.0484298406992092	0.0472040387540973	0.0485108520975464	0.049182406418798	0.04890568422121	0.048904029137544	0.0492058971889834	0.0495929384073597	0.0486068609068277	0.0490085291293083	0.0496881684416469	0.0502134615147902	0.0500369557930895	0.0507024544181162	0.0508508825300994	0.0514592558643432	0.0506533756807758	0.0502396888571744	0.0494706455697892	0.0502426733205743	0.0500699230720983	0.0513930513864554	0.0500963223848443	0.0499647298563422	0.0493255418043583	0.0493775417995816	0.0500425574971658	0.0495238522334536	0.0496892129416733	0.0503308119239081	0.049461757249085	0.0473834189076106	0.0480900444545655	0.048945780674538	0.0348519895122635	0.0322814203462692	0.037716943452375	0.035981474802346	0.0328502768547771	0.040545229646375	0.0315415370554228	0.0326893908928612	0.0247715959871943	0.0445107080385302	0.0479317310365757	0.0500143766804583	0.0485553901099573	0.0484917103229432	0.0499026011269168	0.049401803149301	0.0497324221058848	0.0491005273945821	0.0476855174512404	0.0489730310047459	0.0488932267081588	0.0474039057866575	0.0479212590426947	0.0465606833234456	0.0484502520944435	0.0488844110213193	0.0479438073397967	0.047085087722119	0.0473866740213205	0.0467575771813199	0.0459828213362691	0.046611678547203	0.0477756529731484	0.0475972026879199	0.0461497059531843	0.0470040408524132	0.0460818350238279	0.0455716885153133	0.0447088062076791	0.0445325121356511	0.0445098286803385	0.044612752324812	0.0456264439894278	0.0450988462474734	0.0443074521253677	0.0450068415202184	0.0439561577499533	0.0433571261481691	0.0427486424443374	0.0423510528070933	0.0429155617840857	0.0434612724130955	0.042014931708502	0.0428826830951822	0.0429404625152689
CCG	0.0470014683318044	0.0466935105203771	0.0466149868185613	0.047306508924583	0.047267289188856	0.0478843464225282	0.0474704258085238	0.0468168061317554	0.0473842135749009	0.0483914661834218	0.0483841910051219	0.0481387371828384	0.0481635882930166	0.0487907666246804	0.0481662145886582	0.0486118956756433	0.0503799019862673	0.0492714645974585	0.0504415803500338	0.0494055076382104	0.049966413261135	0.0497325150415355	0.050133682027388	0.0498699082475907	0.05125942156744	0.0506344873641568	0.050890559749088	0.0509654831028475	0.0513796142758795	0.0507581911346979	0.0511842760899356	0.0507889990014773	0.0512923365916251	0.0516740750762358	0.0533188596833746	0.0526277422863869	0.0534010898742497	0.0526738885136366	0.0518992761299813	0.0516462455391256	0.0521275988516483	0.0517182162608318	0.0499792544671747	0.0505240863542892	0.0520401532276892	0.0506802382137118	0.0466728786872908	0.0465312307464197	0.0565419992181821	0.0603239094526959	0.0599065527921961	0.0609741005680539	0.0482162647401712	0.043720909759231	0.0387656468896402	0.044891843104304	0.0483993700338159	0.0514264511214911	0.0493125073734594	0.0498414539808038	0.0488206112889673	0.0492469871021079	0.0484102093837579	0.0484545436795895	0.0480674634729097	0.048543859573773	0.047924244063101	0.0475615918291252	0.0484289619147377	0.048123797819542	0.0468651460906577	0.0464563589731733	0.0461074034810138	0.046054954888952	0.0458136912359812	0.0460432841404343	0.0463528886135847	0.0454638271618347	0.0453615825517749	0.045138540201582	0.0443196957612669	0.043773495390077	0.0448021222791107	0.0438963139969517	0.0436450569867873	0.0442903768761523	0.0441592835584031	0.0433236171796634	0.0426834280231765	0.0419294210570363	0.0426577817560418	0.0425075066782796	0.0416329913936512	0.0414876841939889	0.0412615778159986	0.0407063898632212	0.0410140872193535	0.0410371944274446	0.0412167980171066	0.0408886503369581	0.0414383898406453
CCT	0.0471053886919758	0.0467737098249316	0.0474227590964869	0.0472804249203247	0.0477070709340985	0.0475933382025644	0.0478844758618371	0.0478665313798013	0.0475395685835186	0.0484643602560444	0.0477581091886174	0.0481260192380577	0.048292066181962	0.0484152756170127	0.0483419909746285	0.0485843153513208	0.0488086692978456	0.0483168590300403	0.0490779915886387	0.0488517238984072	0.0486748591175726	0.0485632337156195	0.0493383994292748	0.0494641139029682	0.0494813124222726	0.0494244118585263	0.0491543411983607	0.0490763327042975	0.0491673780911803	0.0491388001221621	0.0498022930005285	0.049532486951593	0.0495571906804286	0.0509817043043469	0.0502645200374327	0.0504072996832926	0.0495743464482696	0.0501259411101299	0.0497001490066904	0.0493860223838649	0.0490503893045431	0.0490968928079933	0.0484349550540599	0.0478250683388075	0.0484555508754349	0.0460125285351399	0.0384256794650235	0.0354255428081277	0.0384942701141741	0.0436279601072466	0.0473900868463956	0.0552449313579545	0.043007587652211	0.0447624688195954	0.0347048829276751	0.0465122570744489	0.0496383748008304	0.0511050457102262	0.0493489070701747	0.0494821917645747	0.0498910374690056	0.0499855096786228	0.0494341601944655	0.0496506550419745	0.0494846093377955	0.049821099192679	0.0495682162986296	0.0494095571676518	0.0495251106650395	0.0490538371588373	0.0485557517065399	0.0487446033820735	0.0489022936142977	0.0480025774708624	0.0482489995933823	0.0477694430323428	0.0472556245397724	0.0470068902654135	0.0470765861464554	0.0473925691483695	0.0471569663902313	0.047375260009043	0.0472326087334013	0.0474406633868354	0.0470015041254704	0.0465996588934719	0.0458658026775278	0.0459720505124447	0.0459225951885471	0.0466070875883415	0.0468466006083768	0.0459247198867896	0.0451544215411711	0.0451542107514723	0.0443964011854502	0.0447282002306252	0.044371294266012	0.0451996079863997	0.0443868336442396	0.0446311658671764	0.0437937137603331
CGA	0.040041838877304	0.0405384477893089	0.0405909494277263	0.0411818731532526	0.0404310952399106	0.0412047396180016	0.0411045217608012	0.0410752293502751	0.0415925431719888	0.0411920218307818	0.0407267717512978	0.0413293021956876	0.0414918536389297	0.0409712432503236	0.0419753829690504	0.0415705577886827	0.0420923597792573	0.0426020655686405	0.0437600684670194	0.0430850744101226	0.0426286637960595	0.041853513885213	0.0419020924215019	0.0426340683769284	0.0411991676015786	0.0425188264762739	0.0435971323156352	0.0428502115237878	0.042731106031638	0.0428462267057853	0.042868411642415	0.0426646258792521	0.0431882826602096	0.043481970730207	0.043258141797705	0.0433226320299781	0.0434749951807689	0.0434702365776583	0.0441661683248742	0.0435605751320811	0.0435156829121229	0.0441280424405266	0.044275925062517	0.0451444720929563	0.0433868715926323	0.045846328599113	0.0505233632147133	0.0501920308934701	0.0459443380687938	0.0519791322136908	0.0510968816974358	0.0675311195896652	0.0513629750204726	0.048270280542297	0.0447019099028881	0.0429382649787515	0.0419114413229377	0.0442330354579219	0.0432545716470382	0.042122713642582	0.04204173290156	0.0418243106287286	0.0419713346458918	0.0423163733489311	0.0417232175892181	0.0412116189799832	0.0413757737187177	0.0413089238585693	0.0408735657542335	0.0397913444243345	0.0403848748403197	0.0403032097542927	0.0392625649755526	0.0402301670127082	0.0393342256904589	0.0396022858426687	0.0388361122633321	0.0391137658923847	0.0389183472933672	0.0389387131639668	0.0388375192840994	0.038020848521127	0.0386912307781967	0.038461051223454	0.0381698239425665	0.0379636935163368	0.0387612305586598	0.0386074965278874	0.037316547786177	0.0373902315601337	0.0372381195089273	0.037077456651557	0.0367640825416711	0.036801451412847	0.0373054207395622	0.0368364430124935	0.0367141702571767	0.0357171120399001	0.0359572073345384	0.0362914160008777	0.0361465138913987
CGC	0.0448052811188157	0.0462138053349297	0.0441742638202402	0.0470850790918923	0.0458789627488884	0.0438688671948213	0.045175097061579	0.044358273700603	0.0458249666346275	0.0451449035484007	0.0455588068104856	0.0472273753656996	0.0464655082446568	0.0476655219128437	0.0474538904121244	0.0467882939694947	0.0474686980350769	0.046818132852098	0.0473565965446692	0.0463905835123411	0.046849732989245	0.048374906989743	0.0465483811917801	0.0471430917706019	0.0466991880124556	0.0467500781754404	0.0456266933762647	0.0466543394006333	0.0457670309690644	0.0463995705884405	0.0465469440014189	0.0469487716160736	0.0463295248682755	0.0485125529609937	0.0480486901876787	0.0478639864487391	0.0478084309119774	0.0468351109620161	0.0478597879230247	0.048605899961312	0.0475855175874921	0.0478736644685859	0.0471464060003856	0.0472665680530976	0.0470423019295	0.0484523763301743	0.0417637364172335	0.0342306308936504	0.0399763234545058	0.0322866489809149	0.0292054754582356	0.0411905934086689	0.0393706536879882	0.0382241119621047	0.038850607328297	0.0438770809118421	0.0449772240107085	0.04872406403705	0.0457137443212996	0.0460438965294258	0.0455462455537662	0.0451454989947628	0.0456468015624114	0.045436919049153	0.0457400817630423	0.0454484456093671	0.0455025111042956	0.0446930717635368	0.0439547645500524	0.0444571044332246	0.0440655210113092	0.0440902019046712	0.0441890180989207	0.0437555892664976	0.0428215982155316	0.0427662519501288	0.0430689154041459	0.0422522361003263	0.0436333576947293	0.0428674233142427	0.0419455606918275	0.0409850084557237	0.0422763150917039	0.0419049100829283	0.0409453502096319	0.041535049300813	0.0411166578079277	0.0407234307180512	0.0404479869983237	0.0400206702545636	0.0399390087305988	0.0394011884315844	0.0397054983457966	0.039466782099505	0.0400594312348918	0.0400753925894139	0.0392380112301478	0.0406973746320631	0.0393953759156961	0.0391732303430051	0.039604722603383
CGG	0.0396898497259642	0.0399603245831649	0.0400533697460169	0.0406515683879156	0.0401776163464602	0.0399932282428126	0.0407505259829891	0.0401633529331985	0.0408299198215481	0.0404896185377282	0.041477213091526	0.0418089360439403	0.0425331451402859	0.0413187899464954	0.0416584400608803	0.0424239260283332	0.0423880717892997	0.0422803657250015	0.0421218789915698	0.0425169160992248	0.0424141113534445	0.0437826642191475	0.0422641187107661	0.043628916221516	0.0440676186087793	0.0429474098818104	0.0429845379793235	0.0431609207487199	0.0443967217793151	0.0450640229376909	0.045469542037143	0.045007289060464	0.0445817382334409	0.0445977358546113	0.0448269390808972	0.0448240230835972	0.0447630904027553	0.0445312386177534	0.0448862878002231	0.0444608714685341	0.045031339483617	0.0457471693414283	0.0452011947250816	0.0460806687331398	0.046382280682033	0.0468197381965006	0.0462242772612546	0.0450860103770318	0.0433551639190396	0.0556067605528533	0.0555025167881585	0.0613209619312927	0.0493333002286783	0.0434166859660009	0.05481943187792	0.0452818614668777	0.0453011921969476	0.0458164395077596	0.0428133152948414	0.0431691494500249	0.0424405226529388	0.0431205130591947	0.0438020572156672	0.0432322508877975	0.0431991424325874	0.0427267132898137	0.0432075523011806	0.042759038441772	0.0427845057112584	0.0426208321159184	0.0423882459068404	0.0414085015153565	0.0414590265933794	0.0419462685262158	0.0419121649744882	0.0417568750158601	0.0418997756314828	0.0415464619586333	0.0407899427938574	0.0410624346398155	0.0409800467651521	0.0411522296203947	0.0399379484136019	0.0401710367330853	0.040362146515718	0.0412955449424298	0.040005121774952	0.0395779509876761	0.0392324697368257	0.0392409517831871	0.0386820362375588	0.038829350158527	0.0389227796909599	0.0379910802115163	0.0382076686425612	0.0387143274693541	0.0377714205688107	0.038328855498248	0.0379837168472101	0.0382274604837827	0.0374149611581271
CGT	0.0496141766571677	0.0509914402793055	0.0498404935850785	0.0501052288805833	0.0506001732278189	0.0509622677735221	0.0500006311146698	0.0510888723399609	0.0500763931254268	0.0507200774393797	0.0508370636881569	0.0511270758144887	0.0516453303567609	0.0511578538088078	0.0513293122959335	0.0515641182688246	0.052569987293113	0.0518638274721181	0.0517265800522147	0.0526343968076305	0.0514332745158593	0.0521791461001149	0.0530055596659353	0.0528457983786006	0.0529578372246255	0.0535721213006627	0.0529327521985838	0.0533361927401391	0.0537837453401639	0.0531997490541338	0.0531466696743752	0.0529580464672873	0.0529465556305532	0.0530121337771242	0.0539926364396522	0.0537393038120495	0.0530128363040955	0.0545660439547317	0.0534559289441034	0.0527438062087004	0.0543733534870587	0.0541563691704811	0.0546896162885073	0.0544090127502879	0.0548051068107177	0.0542617156106234	0.0564135175067129	0.0568378735035269	0.0560098145602063	0.0505643928399871	0.0592629531898808	0.0617331297054698	0.0580265227090498	0.0583420104390798	0.0682070843227355	0.0517273437783863	0.0549775352359533	0.0542654199346583	0.0526660135243251	0.0528071604363021	0.0526396035411985	0.0530300928914727	0.0533251746801542	0.0529706684475046	0.0517626633885589	0.0525852997718665	0.0522699154910501	0.0509230538389107	0.0515518681399929	0.0509369455588045	0.0506968683571514	0.0502075287176523	0.0515568904755171	0.0510337120825039	0.050048736163924	0.0507424005758896	0.0503016998260303	0.049934162649853	0.0489852238945368	0.0491354107782212	0.0491016253240895	0.0488238833112897	0.0486480091403083	0.0487361164069184	0.0485855383518191	0.0470439163693144	0.0477668906708028	0.0475553635805358	0.0474020789977199	0.0468389252122472	0.0465163133105792	0.0465737758359982	0.0466011846229367	0.0459424427669363	0.0450461474268949	0.0456577013086129	0.0446198256069409	0.0442166997316881	0.0446445024433885	0.0448221684201528	0.0436040078475278
CTA	0.0415819770702308	0.0419265538833579	0.0417589606185722	0.0419963314652364	0.0422047254547374	0.0417577110899579	0.0422267854078712	0.0414878692815511	0.0420722035321567	0.0416778884884139	0.0423519841486775	0.0427033775171244	0.0419210614265004	0.0421257015229493	0.042873538675214	0.0426234322829783	0.0434782679924018	0.0438584601179546	0.0441139715305549	0.0428100816617058	0.0436987036986248	0.0436784604397753	0.0441001204947611	0.0435001919596625	0.0438767576262669	0.0442546367839893	0.0432948662951003	0.0431479680791527	0.0433504456981128	0.0430162400870446	0.0437444779274731	0.043992811563231	0.0440212062686207	0.04420903341108	0.0438721736226355	0.0437329065785634	0.0438296213353954	0.0437320179400799	0.0434985259405204	0.044211871867755	0.0441403618694037	0.044887951428043	0.0448413994884676	0.044382611293983	0.0437208037478779	0.0447552828556208	0.0452087132749286	0.0425257762308982	0.0433055120951259	0.0470264649400803	0.0443051849400361	0.0394456558592839	0.0458870009438103	0.0431997661372156	0.0270488469277208	0.04474826993661	0.0433243126531342	0.0447140989339511	0.0435813974869379	0.0434598933654485	0.0436703826909107	0.0436142962886967	0.0433210848088134	0.0430115112511456	0.0425029004070976	0.0424328844914587	0.0424819693291919	0.0418131816477572	0.0418047037635921	0.0408732219680683	0.0409541200370123	0.0411073762407024	0.0409939352116809	0.0412000496926977	0.0405686842193612	0.0410364792722045	0.0408406503244282	0.0405674665958121	0.0401544782005128	0.0399399974591846	0.040101165030918	0.04009247713624	0.0400212052200448	0.03975848446868	0.0397313627852734	0.0395701733209051	0.0396361420052469	0.0396094732893163	0.0401008642411305	0.0392618158087897	0.0392168140380189	0.0386457169986588	0.0383987056033623	0.0388142231678759	0.0384969028217838	0.0386211669631473	0.0382909395659385	0.0380748679096099	0.0384052109545808	0.0389814088602291	0.0387011211297335
CTC	0.0476741003597022	0.0476689127174282	0.0478119459525592	0.0479429669619981	0.0481641087902182	0.0473356285490012	0.0473051983913972	0.0480699021748501	0.0480095246785543	0.0474966765764799	0.0474620169511809	0.0479350047366286	0.0484362732728013	0.0479181963208091	0.0488302415455203	0.0474066964749535	0.0480448398254144	0.047605661016663	0.0482717967097181	0.0479084595009119	0.0478686938789721	0.0484134515968485	0.0491422872530973	0.0491595700606301	0.0491983075021456	0.0485642535009654	0.0488950180525121	0.0496694036346893	0.0497072900725863	0.0489169701814368	0.0487263915437433	0.0480742459175265	0.0490957896522939	0.0481965991763205	0.0482128935742023	0.0485991450697253	0.0478763405291906	0.0481643147685459	0.0481817439323226	0.047597582925223	0.0480139943827517	0.0487655609821931	0.0483840018082659	0.0490064696455735	0.0478701341575771	0.0484764845627181	0.0425166175033866	0.036649184693629	0.0466607893565637	0.0412955065764057	0.0416312128383742	0.0375266193043191	0.0484197033606298	0.0461713071152952	0.0368752859227751	0.0480124056798983	0.0488637335254984	0.0489208927198985	0.046819216580058	0.0471099681544074	0.0473449495696117	0.0475252154876887	0.0468753676581758	0.0469193521938588	0.0461533728274733	0.0459928021392838	0.0461474866146225	0.0459319447135059	0.0462201466792517	0.0462784841719738	0.0455326547746589	0.0460572185135297	0.044847998582327	0.0450249979692643	0.0447378458256908	0.0436663891673282	0.044490622006114	0.044303198505514	0.0434584619176873	0.0438575212082166	0.0438216994036953	0.0432320147824308	0.042915195362886	0.0427288416603041	0.0426002866103961	0.0427624744675355	0.0418259218618467	0.0424225894391815	0.0420503908688354	0.0415101411136607	0.0416560915115853	0.0408051565379219	0.0408070709781726	0.0407228401293098	0.0409361858621714	0.0402941229841104	0.0401438842630128	0.0398672300396151	0.0407952849008491	0.0401414516253264	0.0397474658256002
CTG	0.0426957767401691	0.0426536670021861	0.0426084464012183	0.0430111619599695	0.0429210765060572	0.0431849109287903	0.0437803132751864	0.044117255873293	0.0443554567819448	0.0441003065752933	0.0443203922856945	0.0452662838019654	0.0444788937003443	0.0444636684006252	0.0438546542703331	0.0441203087424471	0.0444456160117872	0.0447103969467949	0.0450496084199742	0.0449638397436929	0.0454046971255342	0.0458885737134707	0.0458167512770407	0.0462928536475433	0.0464546642389057	0.0462056501323244	0.0472918284222457	0.0466278389910271	0.0462021923543345	0.0468028377529158	0.0464242688831864	0.0463556225817492	0.0468052928268997	0.0471944238867324	0.0471524252142164	0.0471371889391705	0.0466311996569208	0.0474552171822667	0.0480059265170094	0.048076644377857	0.0482516718022892	0.0487751117743915	0.0493525689126663	0.0490174606611835	0.0486625116073628	0.0499612061416183	0.054973553589285	0.0470391379403509	0.0549496441669264	0.0633060987521751	0.0634443426795591	0.0540350808070943	0.0621742176347385	0.0600565319467757	0.0492531536457525	0.0547547186876382	0.0499500901248366	0.0487299897029982	0.0465364007133809	0.0469142446051493	0.0477616233691992	0.0462627033400502	0.046162886343199	0.0460530528182427	0.0455175634022204	0.0458138506790567	0.0451462620514561	0.0451770619513315	0.0459369492851982	0.0458081891348341	0.0450278202139064	0.0448136862606209	0.0443814882775587	0.0449759002463585	0.0444422260803434	0.0441876114475602	0.0443623563447533	0.0445252575637745	0.0440648902148189	0.0440027182167688	0.0441249039971464	0.0438415563889151	0.043500805904499	0.0432688739114927	0.0435825872841251	0.04330324107092	0.0427642915383545	0.0428518332652372	0.0426618037770601	0.0427916165505336	0.0425356838123436	0.0422976269345823	0.0417846645919691	0.0425961345402111	0.0420465555161751	0.0424779131384299	0.041920384162074	0.0417941614724086	0.0418555549588706	0.0420987344505214	0.0421133824051268
CTT	0.0459615096183574	0.0464234273441769	0.0463134305615501	0.0462675036497016	0.0466611626397113	0.0463894168715846	0.0461348871664434	0.0461349099774399	0.0462381219104449	0.0467981801548192	0.0476721740706414	0.0473984950042887	0.0473053370493087	0.0474482521864796	0.0475576295387321	0.0481043380420697	0.0473660303174797	0.047655338137652	0.047825013798119	0.0476033397915952	0.0477499476428865	0.0477299412562439	0.0483225801299341	0.0481469934711546	0.0489230564417272	0.0488433056714451	0.048721341962878	0.0492219413272324	0.0488627710731567	0.0486441202695098	0.0481209684535173	0.0481980010207815	0.0484544193916755	0.0483510041996017	0.0483423364758874	0.0492417417233018	0.048908655405367	0.0488002725744154	0.0489808688258429	0.0491757883593114	0.0490008645150691	0.0498024466602879	0.0496343818149753	0.0496911048315928	0.0485432233769141	0.0489693875437993	0.0478131907809692	0.0421451631883336	0.0429153408074697	0.0381044148003667	0.0490202490999222	0.0386516793255183	0.0526386575835859	0.0508734703030956	0.0412455662740212	0.0494203214838678	0.050170631058559	0.0509612700225141	0.0488180180986018	0.0492642956804733	0.0493660461602104	0.0490862260467276	0.0490978511623585	0.0495251722656255	0.0491643192310585	0.0487409532661852	0.049018067883469	0.0486402192376353	0.0479595234776229	0.0481966462710619	0.0475527405372938	0.0477685285328385	0.0472120833032869	0.047136721274884	0.0473653896913207	0.0472394487698102	0.0469465787381935	0.0471118232940746	0.0471038376356714	0.0464159758017641	0.0462179440322197	0.0463346305598967	0.0458915963665247	0.0457994531530948	0.0462854451118547	0.0458498385620881	0.0459920932618671	0.0454546946994673	0.0456433433679673	0.0452187684087017	0.0445769552326588	0.0447196348751946	0.0445517657726236	0.0448023438571786	0.0446825276429128	0.0438370752917474	0.0437549687212907	0.0436355053173066	0.0440373823678903	0.0436830487087075	0.0435193326349428
GAA	0.0438321626274829	0.0433325586640642	0.0437852630902648	0.0437914219092477	0.0438909113787291	0.0440522857153612	0.0441664425188509	0.0447396677957893	0.0448666407190925	0.0445952321919884	0.0446388988802446	0.0447958842404201	0.0449387835319473	0.0453816295598353	0.0456883924094476	0.0453754331722097	0.0455310891088926	0.0457999698113324	0.0458087482871737	0.0459520972880295	0.0458009544969169	0.0462235863334219	0.0459092372360919	0.0461857165497342	0.0459346228158957	0.046268221259042	0.0465893923919021	0.0470116657295668	0.0469385228089628	0.0470227590327094	0.0470730015540759	0.0470217620003453	0.0473835482905328	0.0477954150114174	0.0473792256806457	0.0474496458771701	0.0476622247048325	0.0474786217167241	0.0479242994121353	0.0479320836276032	0.0478532887780798	0.0481367389683476	0.048542471345642	0.0483396959640693	0.0474533258629476	0.0473320599729421	0.0500220036800298	0.051131056858995	0.0498345830122771	0.0536656414848019	0.0496910866062889	0.0573334482982061	0.0497734543296586	0.054942347684597	0.058175168167271	0.0563038582369244	0.0481706382942578	0.0476704275860305	0.0483783825443531	0.048126017185061	0.0477625840495084	0.0478167861499514	0.0475151652253303	0.0472536107131471	0.0472777841715556	0.0472920380816376	0.0466870039697742	0.0465419429504004	0.0468245418115573	0.0467062516842685	0.0465808125488061	0.0467813305787098	0.0464988698240856	0.0458794807365368	0.0457563543020273	0.0455832472810518	0.045523840699844	0.0455391720331352	0.0452782123602581	0.0450131357944331	0.0453669659759615	0.0446769894610611	0.0451626480143797	0.0449774994355083	0.0451104490889214	0.0442653220375013	0.0443634965064448	0.0438394259822242	0.0443174122766331	0.0441585660404066	0.0439113471602103	0.0439527750380127	0.0436664670265515	0.0437009967819095	0.0434313972989177	0.0431196266557356	0.0431431781095497	0.0427170779568141	0.042489020025829	0.0422819224904194	0.0424311552865099
GAC	0.0484660093280323	0.0482296256041507	0.0482884686944898	0.0488080397883623	0.0490181802907048	0.0494726759166881	0.049726457282072	0.0500927384597673	0.0501179504255986	0.0503745680452042	0.0507217664985162	0.0509453479389757	0.0509248607670217	0.0501794111416265	0.0506858356565573	0.0505414852308153	0.0509139666280264	0.0510649051877376	0.0510156470791728	0.0512567315789913	0.0510339539618745	0.0514973566553858	0.0517245206879953	0.0515813565007944	0.0522162489185834	0.0516288346756147	0.0523109344574671	0.0521292142454248	0.0515589197027668	0.0526465893740549	0.0523840129816247	0.0532412512445002	0.0523603390435839	0.0525216771584947	0.0523391006020379	0.0526628363386474	0.0522286354373331	0.0522982503540263	0.0524846918259799	0.0519612593464458	0.0533270076505877	0.0520293859361835	0.05231133020457	0.0520925353572457	0.0524025084486753	0.0518798238992926	0.0499610722704092	0.0682294891066707	0.0791175071344826	0.0636362564700477	0.0625907878647537	0.0689172070642119	0.062382305875485	0.0660226204657991	0.0745214691309474	0.0612753849203445	0.054766643036564	0.0518660181213063	0.0526236304932062	0.0519851469037125	0.0517334593474068	0.0526976341408205	0.0514277273364055	0.0514473088220756	0.0514935375908603	0.050897237791775	0.0512464488863569	0.0506867247968375	0.0508796410725325	0.0511202962750655	0.0509266228420661	0.0506886052498531	0.0500676370917264	0.0502857721548304	0.0502206891875489	0.0494772113629063	0.0500750315066578	0.0503446592879256	0.049653139082866	0.0489601648801673	0.0492255794084569	0.0485427358156793	0.0486889744826737	0.0486517663620232	0.0479315459569396	0.0482599644695862	0.0477060604819437	0.0482382445415632	0.0472081026157835	0.0476452459793132	0.0471596471002164	0.0467283020940497	0.0476544613632348	0.0472671170368041	0.0464643086284899	0.0466757109554883	0.04648114101272	0.0458336863379411	0.0455262782107109	0.0455974666083787	0.0451386277650307
GAG	0.0479204625101535	0.0477164077108591	0.0483352878726748	0.0481484487370937	0.0482439487341427	0.0491764035182791	0.0493586587705858	0.0496153637033577	0.049134870009104	0.0494101435382872	0.0499686119057089	0.050044647760434	0.0502134915920107	0.050159491279119	0.0509671484040945	0.0508116131217264	0.0515438278079723	0.0507605771739952	0.0515327231126966	0.0512244969577832	0.051172489641293	0.0516525980319509	0.0520306909559995	0.0522656112288484	0.0520464601676877	0.0523704664869277	0.0524738073400625	0.0526397665162306	0.0524798124735023	0.0524652938551486	0.0528928364110803	0.0529227768037499	0.0536330824573893	0.0537414080189882	0.0535717843156438	0.0535014802037104	0.0539097674464286	0.0540121661123145	0.0541221146883477	0.0544483927971836	0.0541139537590284	0.0551959024745341	0.0554748509357528	0.0551530856191173	0.0553391783545567	0.0539200598121285	0.0609693884122939	0.0569921906758955	0.057898219791984	0.0678841236515336	0.0545795704258622	0.063068384100789	0.0560231552428877	0.0623729659370776	0.0760064221314652	0.0624679853240396	0.0561238749603987	0.0534889999694371	0.0548253826521322	0.0538220704884044	0.0540802569355537	0.0541217640881097	0.0533011706409085	0.0531363295493847	0.0531603904624715	0.0530159949364124	0.0525997705552235	0.0524729386514342	0.0518821808541226	0.052424866089142	0.0518136696248084	0.0515554728449541	0.051757207688839	0.051558553784224	0.0513444126717386	0.0511358824141941	0.0511800275864436	0.0504814666101098	0.0505397528794175	0.0502986339414424	0.0501859462285998	0.0498103521760354	0.049876232356243	0.0498534954870579	0.04945858504646	0.0494902940075629	0.0495241141153961	0.0492018543768892	0.0491516686581113	0.0486541590099837	0.0485706869981502	0.0484736026748833	0.0484946285430234	0.048419486988644	0.0474126633835772	0.0471740053937228	0.0477063213333491	0.0471900551987894	0.0471537481674214	0.0467437366181485	0.0467524429395811
GAT	0.0453160408487531	0.0456499523678353	0.0456323618016717	0.0463901256654014	0.0459032317595638	0.0458156833188708	0.0459057432495628	0.0463557083264152	0.0462930795960472	0.0468371347508733	0.046766190691544	0.0469488994332666	0.0469281263885077	0.0468180125297514	0.0468724655761669	0.0470418603162698	0.0474121433306541	0.0468611081927491	0.0474380328264308	0.0475997932020935	0.047763495837819	0.0479757910740015	0.0479133455025297	0.0477343213081701	0.0479031267604566	0.0480482269146941	0.048131862624753	0.0481096347151275	0.0483249413383381	0.0486023510908955	0.0486346884517873	0.0491033556652844	0.0493353213575533	0.04937047338633	0.0490959689853242	0.0499067087521033	0.0494660398881988	0.0494249591237096	0.049811766888432	0.0499429696650457	0.0502965132530101	0.050022857939593	0.0501154090500944	0.0499312617649543	0.0492078886934822	0.0475374777824386	0.0534898839210045	0.057036549065352	0.0655193154841999	0.0569192094085281	0.0735069557561471	0.0631845238056486	0.058876545673483	0.0599070498838494	0.0725786082086849	0.0564248746860323	0.0523350626567919	0.0498848384594624	0.0504388473567429	0.0500916029617968	0.0497184218581087	0.0498747290075048	0.0493946195785005	0.0491119393318623	0.0494151522816692	0.0491548680832816	0.0484094766481395	0.0483519285751618	0.0477927296159454	0.0481035229706565	0.048002464172638	0.0479037044669254	0.0476668094484466	0.0473312308743156	0.0474620006170393	0.0473754423132447	0.047341617294109	0.0472850658664307	0.0467868239193317	0.0464373538414929	0.046527912573273	0.0463145324826695	0.045690701063618	0.0461303012738234	0.0461313420529138	0.0461893604094689	0.0458557273284058	0.0457182699939365	0.0453931980819844	0.0454151329781434	0.0452669219808265	0.0450413728514515	0.0448809210446337	0.0447669061917422	0.0442439098631555	0.044301955171186	0.0441098058643451	0.044595015262644	0.0437810650845924	0.0438789024417005	0.0430330662467875
GCA	0.0450932149285781	0.0452131075351992	0.0457355759935762	0.045945450026462	0.0458402622525162	0.0465577898436075	0.0463837007258638	0.0462462371907501	0.0465133077278056	0.0468958966611104	0.0464237060347045	0.0471850415718119	0.0465916976039068	0.0474174228388744	0.047688858207691	0.0477166118937713	0.0474468276174048	0.0478009806627863	0.0477400590009284	0.0485668884386303	0.048493559154202	0.0481476222989702	0.0487256832256244	0.0482972477199804	0.0477086536384067	0.0486868678582206	0.0492713953200101	0.0490992498290842	0.0490199317019357	0.0488899709815229	0.0497176621570957	0.049514749048467	0.0502267909794126	0.050317588084392	0.0504954244418548	0.0506878843152114	0.050715632648447	0.0510509865816346	0.0514357724071132	0.0509624003676202	0.0508799453304098	0.0508986380633969	0.0499162859011741	0.0502908167553974	0.0506266874777705	0.0510192996450524	0.0429301056083546	0.0427566896631663	0.0487667577014318	0.0504778245454124	0.037008046065222	0.0451539345385822	0.0399101283832766	0.0448210757577405	0.0335098807057558	0.0560340018285345	0.0480638753070559	0.0495125975736739	0.0495237578146611	0.0502303840047662	0.0491922476698241	0.0498199863049876	0.0491592311994188	0.0487844010447008	0.0485926704677242	0.0486042263317827	0.0487376839177506	0.0490527254254739	0.0486803720396564	0.0490389710495852	0.0482170777037147	0.0486048390383536	0.0480073536309919	0.048181041116253	0.0482563831959154	0.0479364123176771	0.0481734583357095	0.0478599061877951	0.0478229459323499	0.0472358878599615	0.0472433376608872	0.0470622365797914	0.0466737923148039	0.0470928434108863	0.0467046127363683	0.0459948342894305	0.046285598318761	0.0461767002028179	0.0461780914426526	0.0465562734170114	0.0466557620852301	0.0464787665121492	0.0467155410744022	0.0461963338115377	0.0459168327366745	0.0463878777549005	0.0458143497833201	0.0456905618335076	0.0455975335798885	0.0455805039938285	0.045133279923091
GCC	0.0528192513437821	0.0523838862195601	0.0530704078262903	0.0526176204533145	0.0521015954075174	0.0533380461011972	0.052550293711471	0.0520462497004109	0.0528357744105369	0.0533438232046124	0.0526791093167211	0.052540373785988	0.0530395622514868	0.0543960156194689	0.0537620388294284	0.0531336150896456	0.0529369101742918	0.0537235705824048	0.0532166348874256	0.0536903125896359	0.0536807014662603	0.0535760904849738	0.0544480129161533	0.054783287499126	0.0542035125423261	0.0536188911672675	0.0536929510816441	0.0538941516735022	0.0536460571986102	0.0551494406859533	0.0556895880022309	0.0559403884930436	0.0554539738467566	0.0541192191214816	0.055749907929307	0.0546678930668291	0.0548062009476288	0.0549793515834694	0.0553919379576457	0.0542566144329407	0.053766652698002	0.054040570848418	0.0537494439239572	0.0537034395366872	0.0541983431197562	0.0551126959096491	0.0392089934105637	0.0393207791306496	0.0543648829366474	0.0478642804951863	0.0336799653133132	0.0358018095211973	0.0385881653613943	0.0405621371350366	0.0378198811171084	0.0576738879724541	0.0519966037404097	0.0523701865802056	0.0536704018667381	0.0543937644157732	0.0538826441707551	0.0533234539035853	0.0539563541921137	0.0534569365791658	0.0527966142531446	0.0529572154882657	0.0538161482765427	0.0534926482788806	0.0541685175941719	0.0532793251723758	0.052743677211034	0.0527675745922199	0.0522957011550182	0.0520378362068037	0.0518282273535393	0.0512041136978609	0.051140118328417	0.051261521588947	0.0503089679890271	0.050567045923494	0.0502634137820588	0.0506409968391458	0.050484070988559	0.0498592666274589	0.0495238214257178	0.0509086587769038	0.050273789092096	0.0490959567595328	0.0481007121920417	0.0480679455381311	0.0485137388803342	0.0480903975079733	0.0483061242680904	0.048162911105815	0.0482259145575342	0.0476384084237011	0.0482879635555652	0.0469815622903887	0.0461649241027582	0.0465505300803294	0.0466673292622449
GCG	0.0480309211630694	0.0482953505134303	0.0487607099128793	0.0487662719394554	0.0489962124290975	0.0493919676502997	0.049175438662569	0.0494565122459998	0.049694746158594	0.0502704361065775	0.0502864137578655	0.0501969223877489	0.0510100392474966	0.0509927670670892	0.0510802918283675	0.0517739941907242	0.0515642736102217	0.0527240549365795	0.0514573856007383	0.0519832034468429	0.0518233846661495	0.0527266381507407	0.0527580728511011	0.0532050838984277	0.0528103855237756	0.0529259873183299	0.0541202097647544	0.0536597868558551	0.0548501918391944	0.0544258382610107	0.0541315819524128	0.0542962369733637	0.0548156496493062	0.0550609406011835	0.056419156122731	0.055181350419255	0.0555205708691984	0.054631587677047	0.0562205874152502	0.0558870891708438	0.0554902545080105	0.0559720270382627	0.0546986371144193	0.054597046997162	0.0563833819024667	0.0554896784472658	0.050707397142881	0.0505782692992485	0.0643642686841761	0.0614389797982817	0.0459742533558039	0.0549235927864596	0.0454327649242763	0.0485778976035762	0.0487202357086769	0.0578763558497575	0.0506175790620622	0.0497448606439536	0.0516825933023329	0.0508426447594163	0.0508025054119534	0.0497930730950287	0.0502295430751441	0.0499136666528143	0.0496733211597432	0.0497155337681836	0.0494086927439795	0.0486087122291842	0.0481792891302585	0.0487229649575858	0.0479554085616976	0.0474004139581839	0.0472963477580322	0.0472067672142823	0.0472138112777549	0.0477271709251075	0.0463274299168205	0.0462941322596125	0.0459429626113246	0.0458519744704319	0.0459452163362991	0.046519503072868	0.0463535497915555	0.0457772954365641	0.0460775276056967	0.0445930914586584	0.0452550217635461	0.0446198953991604	0.0444032453970997	0.0442436337665687	0.0443243730391217	0.0442305142947943	0.0442684259392703	0.0436131529146675	0.0433351342873608	0.0433047952148877	0.0425714242931014	0.0426190153383802	0.0420606537141886	0.0425255998423745	0.042684418970241
GCT	0.0511980601428207	0.0513809985011339	0.0520267885378286	0.0524522643718473	0.0528617683835456	0.0529418474904586	0.0528134497056407	0.0529553886489213	0.0533357882763589	0.0531598898975119	0.0532036604165106	0.0534721173058107	0.053139843268598	0.0531531893505265	0.0534295644916195	0.0534026766368057	0.0529934571824648	0.0538033050621714	0.0534294434872411	0.0536969270425839	0.0540276492696714	0.0539628622625196	0.0545218426103617	0.0542678072627665	0.0547941226727704	0.0547700140360012	0.0555658943932421	0.0552278468354686	0.0548550562696201	0.0551764646907123	0.0556099556824843	0.0555259235614489	0.0555470377490502	0.0557229230542615	0.0559815815402703	0.0559871752422367	0.0560821581469345	0.0557117471331049	0.0554567695530731	0.0557134989222905	0.0559485683197058	0.0559101341758335	0.0553094012225886	0.0558786037137375	0.0555153081067064	0.0543444223729489	0.0478219235822672	0.0494125944110442	0.0560766065056914	0.0583990021015853	0.0509389745378236	0.0529680470383129	0.0542112594769272	0.0572296430326383	0.0534926924487793	0.0618890824642592	0.0552203838068677	0.0547059734716421	0.0558966634842469	0.0560637733052104	0.0559885958085229	0.0554975399574149	0.0559771075489884	0.0555894379818046	0.0556754255289767	0.0555811408930122	0.0557881117810276	0.0552893622053756	0.0552843212823904	0.0554121219524495	0.0551499274290804	0.0549666218448599	0.0550992568428277	0.0542179948896446	0.0539642352414847	0.0539919970624996	0.0539737219964138	0.0537164604462737	0.0529232422220123	0.0531521810994775	0.052836554873548	0.0529899599898499	0.0525847494599324	0.0525743426182322	0.0518150966911591	0.0518913181991153	0.0512357738565921	0.0510125839528836	0.0509990060997661	0.0508194498421702	0.0512542345396187	0.0506851774809448	0.0505315897549623	0.0502855463331142	0.0507308026837084	0.050518507850591	0.0504768773636321	0.0501455695347571	0.0498018622997573	0.0496969115601819	0.0490697075200597
GGA	0.0483034625804459	0.0487070319145016	0.0495396087395401	0.0492259139442071	0.0496849658689549	0.0495861166165198	0.0498078255376697	0.0497611230134038	0.0506886255862892	0.0502824944674454	0.050558185423092	0.0508380903719562	0.0506644050612272	0.050848815643138	0.0516715547763169	0.0518851444479952	0.0512915183066395	0.0517488430320066	0.0521861125580172	0.0519580723212558	0.0517584624854235	0.0515874699814398	0.0515735005145134	0.0518282055495648	0.0526276842173447	0.05232576435797	0.0527042227455382	0.052696443034921	0.05323435022582	0.0536938083871573	0.0541300346798421	0.0540950312179236	0.0539153904320686	0.0541141531386319	0.0540768912619516	0.0543421315769871	0.0542750895259903	0.0547494622821563	0.0545462134543877	0.0551823669638216	0.0547701174087567	0.0548895936941307	0.0546002401231116	0.0551253935420246	0.0550153677659076	0.0566537865008539	0.0563765012080924	0.0572199523714152	0.0539644469849278	0.0583769661209898	0.0645543039929922	0.0747044658818646	0.061290782426652	0.0628220727182701	0.0649185455995619	0.064551130057173	0.0521993323583745	0.0528276792383345	0.0541829770749907	0.0543086252540773	0.0540847816645472	0.0538909038771801	0.0538823540645355	0.0537522437455049	0.0536937762347643	0.0531449578641239	0.0527651580947587	0.0524259231938611	0.0519692199758721	0.0521159487275226	0.0517885281083831	0.0518244135179032	0.0514184225288434	0.0518184705011851	0.0512944956314058	0.0515616466660086	0.0510622212829676	0.050970049291982	0.0510356721202576	0.0510965304137398	0.0506430037112502	0.0501790117584708	0.0498592524370318	0.0496732795725026	0.0498689450859021	0.0495924465281516	0.0494658141258063	0.049621698776629	0.0486981428689323	0.0488969069893717	0.0488200851932239	0.0486665017626648	0.0484417783526107	0.0484795969261656	0.048609451538702	0.0480537440785207	0.0476441341581535	0.0471808151675941	0.0473141858051781	0.047267469299961	0.0469823550528221
GGC	0.0471906658513985	0.0469737163454754	0.0478731487277646	0.0477679810508347	0.0487659953097346	0.0477760778989273	0.0482323778709288	0.0477492222270557	0.0487276647379255	0.049429021535281	0.0497298338097763	0.0480843049725126	0.0486222129510451	0.0487627898852168	0.0491327304924247	0.0494041377494453	0.0485357352535652	0.0495603834700224	0.0496502727732026	0.049330462929959	0.0497055084484168	0.0502931281063394	0.0495136334285934	0.0493058204690496	0.0497484464651929	0.050741182502078	0.0505219369466242	0.050075989193244	0.0503012743896301	0.0509453598728517	0.0514584489241703	0.0513285370986695	0.0501846770565074	0.0505709190408414	0.0507191771246739	0.0507573313460346	0.0507354300056073	0.0520606519838354	0.0508420364300709	0.0502419226624285	0.051173794502101	0.0509150987820771	0.0503032305793289	0.0495243499703718	0.050498798008371	0.0506250003269586	0.0402591175191335	0.0394347582177547	0.0468676413042643	0.0425283268897497	0.0438509621339613	0.0546179182933695	0.046734507166182	0.0475457993044649	0.0541679591454633	0.0575862406191972	0.049436279674064	0.0505536380389785	0.0502109495503998	0.0503104326891255	0.0501315365408292	0.0500067647001608	0.0512470130402666	0.0501039702184019	0.0499955156999393	0.0505357736364058	0.0492468768593794	0.0496709092682257	0.0494655374082591	0.049089415437243	0.0486641834707002	0.0477679300553341	0.0487164927802161	0.0485666096060201	0.049047261584383	0.0488187930445768	0.0487356452564405	0.0474445669181458	0.0481771439117607	0.0487504486345427	0.0471552535945782	0.0472793587617558	0.0463930282996702	0.0465645711558079	0.0466849724820185	0.0460823686504192	0.0462816425535772	0.046076073130293	0.0465256402960132	0.0460101274142936	0.0456026851845023	0.0461595944548903	0.0450273244582226	0.0452976042040686	0.0450286856294766	0.0446412473284769	0.0450392603296693	0.0453584083358145	0.0445608695718395	0.0439885991235052	0.0443603419559132
GGG	0.0457198106452681	0.0452866020381465	0.0450899025444909	0.0449953200525281	0.0453364904441589	0.0456385103534956	0.0459106708169102	0.0455840265678159	0.0455049653049537	0.0465288808495013	0.04608315299855	0.0457093984650236	0.0468697219351105	0.0467684177700043	0.0473278512581596	0.0471982123695141	0.0477595420109714	0.0479174965146788	0.0476174075635492	0.0475994470230707	0.0482086271334253	0.0482257860844781	0.0484077941375271	0.0487978226534544	0.049052023449186	0.0483024958175795	0.0485553735600301	0.0489358516031279	0.0488225935515885	0.04951671261555	0.0493028153659668	0.0495491829935301	0.0490379883445238	0.0498585911889281	0.0495276605477789	0.0499878035675602	0.049599846916082	0.0503823310513767	0.0500130137262604	0.0504905224955746	0.0507993677087472	0.0497669507004204	0.0500298468056845	0.0513949892782795	0.050708825948607	0.0517620385326406	0.0445927235778936	0.0475597014367206	0.0484173253679258	0.0520179990956706	0.0522410095756789	0.0623987736528979	0.0505681276408357	0.0497069436970315	0.0651360734758743	0.0564735480286239	0.0474254523729045	0.0479188427864134	0.0484827261079442	0.0492268214523216	0.0488661328247524	0.0493554926863507	0.0489102599257008	0.0488452840585703	0.0494022312671578	0.0490458205195827	0.0481166786406415	0.047649878441037	0.0488151337328763	0.0481826527926375	0.0480606715046554	0.0476049187659994	0.047719465473091	0.0475558360774737	0.0467153145887872	0.0465090682886084	0.046320914971362	0.0461141096547639	0.0466452586185238	0.0462402707006018	0.0459822283733587	0.0461534124816332	0.0462706657273846	0.0453406972554777	0.0454964796293069	0.0456129392073871	0.04561084574586	0.0450226559290889	0.0457855389324447	0.0450808940951082	0.0454194921793525	0.0445500622057009	0.0450315848806796	0.0445722597205788	0.0446023538914877	0.0450428149988524	0.044772390303453	0.045103602741135	0.0441645942827018	0.0442507748720109	0.0437354637529595
GGT	0.0519143845889094	0.051436513091802	0.0511919452025487	0.0511876333873731	0.0519045571093408	0.0522201671658527	0.0522105099952851	0.0519178446309417	0.052217886896072	0.0521272177527354	0.05204575915186	0.0522062237022363	0.0527597464893833	0.0527943108100319	0.0522038289933413	0.0530038635653348	0.053442079569928	0.0537281102858456	0.0538220043654284	0.054225248352119	0.0542392480373356	0.0543307212257456	0.0546337799573208	0.0542385798940967	0.055034601942408	0.0546012613176833	0.0547726631147744	0.0549841794635911	0.0545819440224583	0.0554853693827082	0.0555569928135676	0.0553051510608486	0.0551833417828876	0.0551688291423997	0.0553150644883006	0.0554848683831312	0.0560619256370074	0.0564302153689673	0.05636394907516	0.0558220406306748	0.0557893745192501	0.0562035981542513	0.05533468692239	0.0564637636976582	0.0562471394808153	0.0560420927271749	0.0549774421922298	0.0542101113046312	0.055522637119303	0.048665497999301	0.0688414491430997	0.0681431645634502	0.0587597347110398	0.0602160205009186	0.061473050381871	0.0616642724180523	0.055083052991728	0.0555604001395249	0.0563590571158688	0.0562655750440505	0.0557423425615105	0.0561212645671752	0.0557697578514181	0.0559349551470376	0.0556924576680145	0.0557840254384723	0.0556218873616521	0.0545050979326026	0.0547784811830053	0.0547829096028822	0.0545422768870844	0.0544952141609316	0.0544442353908263	0.0546204728818248	0.0542953720666736	0.0536078496020443	0.0539869722367574	0.0532258465973728	0.0534524103163968	0.053044156617224	0.0530314160054586	0.0525337178424831	0.0529506785209199	0.0527663159815672	0.0527246108488083	0.0519654957675734	0.0517223688953304	0.0520513439150438	0.0519770348865501	0.0509453461436407	0.0511115272617229	0.0505085312174044	0.0510734203190894	0.0506399299776203	0.0506261277131656	0.050048358782463	0.0499660780982489	0.0500591430644464	0.0498294466264323	0.0493111658286911	0.0490190656905575
GTA	0.0422511711967171	0.0416369405072114	0.0416640684736275	0.041705751661783	0.0418766702307544	0.0417961767003813	0.042465191168592	0.0425236088904627	0.0424118218165901	0.0428490232733477	0.0420807537621993	0.0430348735802341	0.0434886538713778	0.0432352243163728	0.0427714523939581	0.0438276294900546	0.0431384478666673	0.0441009366320395	0.0434774330388649	0.0437040673723532	0.0431209422604976	0.0431692026058494	0.0430965904131893	0.0434986080413679	0.0440527273252859	0.0448895854645022	0.044310288034805	0.0442275145929894	0.0445290236618487	0.0447334560366461	0.0447767207644894	0.0444164398356794	0.044802914697016	0.0452336852711782	0.0453747018618744	0.0449663353800014	0.0459016153606491	0.0456340153124285	0.0455103651431801	0.0446294909988841	0.0448573750647404	0.0454944025491082	0.0459264267187619	0.0456522199615405	0.0457483462912384	0.0462820964035962	0.0461307734965466	0.0421858954770539	0.0455860227252416	0.0496292627318339	0.0436679073867943	0.0587068124328951	0.0479052361217598	0.0491454894920602	0.0384162121320297	0.0532868981853417	0.0443113697975463	0.0450164773969435	0.0448237799810875	0.0446681126727425	0.0444487756371497	0.0434297140770139	0.0437533530470082	0.0440977695026516	0.0433717122332475	0.0441860498308143	0.0432985405538657	0.0429813901025108	0.0427310011652933	0.0430500732090816	0.0433205495361416	0.0428266770872469	0.0423718093680733	0.0424958944741236	0.042916773728511	0.0428787961516823	0.0430406586896974	0.0420911769955063	0.041526073218012	0.0411996236965096	0.0415514566588763	0.041313941730415	0.0409482042992436	0.0411210638002971	0.0409806721432511	0.0415412909023342	0.0407266460474644	0.0405122502814281	0.0411536219192538	0.0403968990481381	0.0406345495145237	0.0408803914271943	0.0407644784502759	0.0413068701541221	0.0397289770115982	0.0400538775842347	0.0397781326886	0.0392731328223462	0.0397217969133525	0.0394993576894201	0.0394573483355222
GTC	0.0502808494013159	0.0508825473048986	0.0503264772863193	0.0511116110294153	0.0501433158102392	0.0511066672384464	0.0509568339764105	0.0510493789962784	0.052378389185466	0.0523442073333715	0.0520262187557441	0.0521006909188131	0.0519306179019417	0.0520172686672562	0.0516949066245832	0.0517006876614738	0.0513078440415294	0.0515024954433464	0.0518944109668932	0.0518909575269813	0.0516999824870668	0.0526521716864569	0.0516308159604453	0.051782197218013	0.0518807974609247	0.0524664594826294	0.0519803131104931	0.0529256295755989	0.0532169641076346	0.0523255073173128	0.0534898262448885	0.0534014907689579	0.0522436463098157	0.0530604822477215	0.0535037786516394	0.05378350120144	0.0531108047309794	0.0525611169981869	0.0530969591721458	0.0523199149011814	0.0529987410551525	0.0526677046681983	0.0536085671906692	0.0529330666150159	0.0527446371135086	0.0532459332402911	0.0477658945824318	0.0401045370881467	0.0560156234560923	0.0514981923932887	0.0435459383095583	0.0495534370904751	0.0498166789797823	0.047195904094981	0.0463989883906232	0.0571652233737996	0.0517652419544733	0.0526784055663425	0.0519478650038459	0.0532985011457649	0.0529451488835666	0.0519875776312078	0.0517122957678529	0.0516643063858663	0.0518920923054724	0.0518105434145575	0.0512261267721439	0.0517325561368958	0.0511007335006846	0.0512533750731153	0.0516624483900556	0.0511999941178305	0.0505161540436433	0.0503732248231963	0.0499872556466425	0.050091164920149	0.0498489726901856	0.04968492644483	0.049627423787489	0.0490956078665962	0.0490883125543662	0.0488241016846652	0.0482511591116551	0.0480024998513042	0.047769908223936	0.0485765302919553	0.0483898532991435	0.0479184247031978	0.0483948014654438	0.0472853239639702	0.0463360198840857	0.046693476808379	0.0470527963737715	0.046991685646211	0.0459315509585535	0.0468253375368932	0.0453931125177024	0.0458055756794631	0.0449216295560081	0.0454510835915925	0.0457569895061296
GTG	0.0467076025620079	0.0474847843378304	0.0476600367054144	0.0477356573743119	0.0487231715903416	0.0478276287489413	0.0484413694846055	0.0491097541785742	0.0488271177480778	0.0498011138294442	0.0491268816604216	0.0497040355344362	0.0490229706108441	0.0496693705077932	0.0501775478122002	0.0507518892099812	0.0499077534140247	0.0503894217819347	0.0503441047078073	0.0505147630791247	0.0512086514608893	0.051259404744497	0.0516570213701688	0.0521947253727187	0.0521465932343885	0.0522554470576895	0.0523515352322446	0.0524695789755211	0.0520620299069712	0.0526038767207472	0.0529827019479475	0.0534364673932432	0.0530677625451515	0.0541807514937705	0.0544555988305863	0.0540730882308834	0.0546186267929281	0.0548540070556167	0.0546023243806124	0.0546646327376971	0.0548152844910064	0.0548748290188088	0.0554511404414932	0.0550190659356953	0.0555967287821451	0.0561639522937764	0.0657145453875946	0.0598469062969975	0.0699644613671853	0.0760740198713991	0.0607510761203753	0.0686665980781953	0.0606391493973418	0.0619573955796796	0.0678734367711727	0.0631827405055639	0.055116326650261	0.0546036701260107	0.0538186484478997	0.054274778113425	0.0530376208787969	0.052095135855196	0.0518304479521166	0.051482287548706	0.0517576313371595	0.0512815529636691	0.0515050749042237	0.0514698476060012	0.0512619609770957	0.0504603840012108	0.0508292111586832	0.0501222645752159	0.0499743096123034	0.0503279945955752	0.0501922480317515	0.0495039088533038	0.0492394494709996	0.0492534064757416	0.0491053611874927	0.0489133723431396	0.0485536519266389	0.0486048372651877	0.0481713696602765	0.0479403474403192	0.0478249321351042	0.0479064166291188	0.0477082683989906	0.0476041909711356	0.0471094385419244	0.0468175780480016	0.0470494372596429	0.0472698685869369	0.0471800281308338	0.04691477517856	0.0464662485520907	0.0464653341893829	0.045921471882682	0.0455612552001052	0.0458333067162549	0.0462973266194244	0.0457733123056925
GTT	0.0486246495414813	0.0487471725263381	0.0491102875272091	0.0488611263198627	0.0491129026976661	0.049560589612502	0.0488389386846559	0.049835599793024	0.04937305861116	0.049406152298344	0.0492324480158185	0.0502478118751087	0.0500728760981266	0.050084105949698	0.0498192644522753	0.0503027039925872	0.0505805082072484	0.0502553754030404	0.0500066144177301	0.05027658816287	0.0506331684432002	0.0507598736847768	0.0507560576597743	0.050826669581846	0.0510226958061184	0.0513017943608892	0.0515199496022844	0.0512208351157331	0.0516055906212368	0.0520163317062256	0.0518694652037691	0.0520669982741783	0.052191994312069	0.0518812130731006	0.0521594415865154	0.0525421934860952	0.0527407857103387	0.0524711156562977	0.052570481928335	0.0526142863164002	0.0530865062983364	0.0536585408864897	0.0535640754669363	0.0530811248485939	0.052940988740983	0.0531131544335612	0.0557994860973407	0.0453362089836025	0.0498168549777743	0.0495154104373982	0.0525877777312924	0.054844108466819	0.0555611907896393	0.0578093020483015	0.0545684747521436	0.0590317791323509	0.0526128325648252	0.0528803697481798	0.0533001427019523	0.0529020374136141	0.0526477870543515	0.0520888807640475	0.0522805545599778	0.0523391593311512	0.0514938524005941	0.0519248283371301	0.0520038573712572	0.0517896731632119	0.0517198447553625	0.0516756237216203	0.0512493228764093	0.0509304779438966	0.0510450981850695	0.0510183329036667	0.0501590298617847	0.0503982078860259	0.0499939302205467	0.0496900509559192	0.0494404904597372	0.0494952729486253	0.0490170484969485	0.0493212938154027	0.0488488123891442	0.0492429104229523	0.0485328612359545	0.0483592479374043	0.0486327824698041	0.0486127212258604	0.0481866757002644	0.0479713768608802	0.0474774847967693	0.0481824738914751	0.0477970137410165	0.0476268436578302	0.0474036289290955	0.0472750869020018	0.0469299707936226	0.0465609914893516	0.0466637730714227	0.0465163813746372	0.0463582366511534
TAA	0	0	0	0	0	0	0	0	0	0	0	0	0	0	0	0	0	0	0	0	0	0	0	0	0	0	0	0	0	0	0	0	0	0	0	0	0	0	0	0	0	0	0	0	0	0	0	0	0	0	0.00290165273448548	0.29011828205379	0.050658412053284	0.0494417005368911	0.0510192811685739	0.0558949585154325	0.056496416595768	0.0589741070052255	0.0606961190537851	0.0595969248733066	0.0645661356396812	0.0704825682240411	0.076765243960919	0.0693261887082972	0.0686071053388613	0.0710463916096825	0.0694350901349524	0.0707064482558185	0.0745009047232904	0.0685805903574802	0.0736114214019288	0.0717449877401385	0.0735718155421454	0.0742471954977821	0.0733463118394538	0.069910635858201	0.0727312088660293	0.0714555411951805	0.069348914877412	0.0695031887646134	0.0680284179177138	0.0717534550546889	0.0730293051120766	0.0705674814094524	0.0723685135817583	0.0706253992929012	0.0685349748150164	0.0714425103280513	0.0702816060445177	0.073296510718639	0.0689295674647993	0.0708396833627188	0.0694395692755645	0.0697917351525771	0.0709069860586652	0.0748324959152135	0.0742637017491342	0.0688214973837635	0.0693226495033773	0.0708486688827875	0.069565370732369
TAC	0.0509578703354704	0.0516304544930009	0.0520006153012515	0.0523000051476924	0.0518243684173961	0.0512740553625302	0.0518484902286761	0.0511196897483549	0.0517489204307665	0.0515543126522113	0.05283655028829	0.0524632358752426	0.0536486889267567	0.0527995099602468	0.0520342421622826	0.0522193850642974	0.0532367191634471	0.0529773807745598	0.0539625280898886	0.0540947490906484	0.0548048462123812	0.0544953955663357	0.0543915752693037	0.0545371293207472	0.0538032672781196	0.0544015157507633	0.0538825726871524	0.0556756769117311	0.0554231482529148	0.0559454470612839	0.0558108836259853	0.0553312888123893	0.0549145354783937	0.0543361081920442	0.0552583438717841	0.0561362235840583	0.0564174613145954	0.0564262668379469	0.0563693567186518	0.0561694147990378	0.0557521986789216	0.0567731530736288	0.0579240555920111	0.0603639435017313	0.0605857833071813	0.0625023009721307	0.0603198258207668	0.0610773659436285	0.0572632069989788	0.0466739178053176	0.0445598244240114	0.0414573479698072	0.0525947835021298	0.0517422236745052	0.0553535472555634	0.0543303459323606	0.0566786286410485	0.0566550265536012	0.0551977355425311	0.0550435492985159	0.0560836762074904	0.0551945031255926	0.0565589572995352	0.0558507112970057	0.0560972908224233	0.053602705939402	0.0541039848440616	0.0534708295678834	0.0542649160560626	0.054987712997788	0.0544912663926161	0.0534560650619145	0.0538948788500059	0.0525266700092738	0.0531565487948432	0.0528250915146445	0.0526041964056427	0.0531025233823686	0.0533874720291787	0.0524091757552926	0.0517791838212555	0.0518008536593268	0.0512283933143494	0.0501516997866837	0.0512110043681661	0.05145958504797	0.0512640679421991	0.0523989445271009	0.0514725594913001	0.0515657683434015	0.0501389670418519	0.0504625240471736	0.0500388578707887	0.0502900059185582	0.051498349299886	0.0501941617952257	0.0500331781364945	0.0498790153165929	0.0493168857252237	0.0481445867696609	0.0490728318693673
TAG	0	0	0	0	0	0	0	0	0	0	0	0	0	0	0	0	0	0	0	0	0	0	0	0	0	0	0	0	0	0	0	0	0	0	0	0	0	0	0	0	0	0	0	0	0	0	0	0	0	0	0.00347993523151548	0.30131617438902	0.0532993955839239	0.0580859459236984	0.0638637716933535	0.0568161174430757	0.0530494143366831	0.054264841186429	0.0532946453082109	0.0532112353584879	0.0513862818440528	0.0645935179399682	0.0648808119762974	0.0608526519872233	0.0643755089871731	0.0613428505854636	0.0641257868164531	0.0607771611352086	0.0574643733052344	0.0600317723381491	0.0579176403315247	0.058723104969158	0.0599466578380817	0.0588266542913223	0.0605740374604393	0.0591650129233686	0.0601044649917292	0.0634451258009887	0.0612842710777158	0.0595939005408119	0.0596397263789889	0.0607939520262677	0.0608428249441615	0.0597888178426182	0.0611025587706831	0.0605916481476154	0.0581748160070389	0.0630163032968554	0.0611886282150154	0.0608393554831487	0.060301194787404	0.0624452305060496	0.0615472048587374	0.0619367217420546	0.0630476076765006	0.0619078745259824	0.0642513141175057	0.0618166314080356	0.0644882078071774	0.0628457483644224	0.0619310179102317
TAT	0.0421985557523617	0.0428636330058976	0.0430300250239618	0.0434738969177864	0.0431655256282283	0.0427954620879961	0.0432915571909125	0.0427819288012842	0.0433439561173704	0.0429647555169863	0.0435513030208077	0.0437352876416551	0.0433084155087216	0.0435167784169908	0.043876675793206	0.0439010352103831	0.044478968245127	0.0454460097988994	0.0458214510031779	0.0455733566661293	0.0454913912997824	0.0457996851811282	0.0459092841108727	0.0454996323189403	0.0458544525720961	0.0461176494053239	0.0461513902935157	0.045954286046287	0.0468682077422634	0.0455528437546591	0.046080794683889	0.04585707176948	0.0461522866457687	0.0468982731520142	0.0471078458726487	0.0468611721135774	0.047179464909599	0.0467309547478633	0.0467475797843934	0.0470489353899422	0.047742170379641	0.0478648183879881	0.0496897346126796	0.0497055122807188	0.0495346937292413	0.0501130198335373	0.048632758083975	0.0515244978582792	0.0414894378098797	0.04052031666222	0.0487163113769675	0.0424956969876506	0.0465218739247586	0.0460569902356098	0.0488828763307491	0.045890623598175	0.0471736351575002	0.047066857072991	0.0470872352911679	0.0466815021994186	0.047066046778146	0.0464637105570747	0.0463453894520139	0.0461543461020644	0.0462500619902579	0.0466401456164683	0.0460546857012816	0.0459815108108698	0.0453810479271556	0.0456848166603696	0.046394635957815	0.0457259036647951	0.0457934842072452	0.0456726939777224	0.0453002800406297	0.0450279025017998	0.0447197191269517	0.0449085999084886	0.0450571875582106	0.0446501060500345	0.044744631166913	0.0439538022436021	0.0436187289339976	0.0432309847698401	0.0440453311694317	0.044532357641828	0.0440888360177017	0.0438301674112249	0.0436126161218769	0.0434268114902297	0.0434622955336553	0.0434186931962892	0.0430818735833768	0.0429766398229407	0.043483417777956	0.0431958118188537	0.043111745135403	0.0426032393299505	0.0427475487526896	0.0426194288768771	0.0430454547141558
TCA	0.0401951742067069	0.0409331000259119	0.0411416526785461	0.0405557915058511	0.0400305833461834	0.0408768662411865	0.0409868177869442	0.0412831597882297	0.0411783580459971	0.0411586536426797	0.0411319493082582	0.0413446368479657	0.0414426376917718	0.0413375491176252	0.0421858931923075	0.0415551646457261	0.0422283522865183	0.0417755174097157	0.0416243892853302	0.0425232789059503	0.0417458143910674	0.0422652263199368	0.0417966223450982	0.0419434827579017	0.0419209071582664	0.041637638507703	0.0418624966381244	0.0425764992915957	0.0430756030771556	0.042450668682697	0.0429697598276968	0.0430865570573153	0.0427596932431406	0.0431304083856626	0.0426519602394117	0.042791267505044	0.0430714671835788	0.0430291945924137	0.0433063550195332	0.0424447158481378	0.0430559679242824	0.0430929954375205	0.0423607429248762	0.0421669003649379	0.0420202853737791	0.0435523371632975	0.0407329074793231	0.0414369440959928	0.0430568076933758	0.0411425416807113	0.0331409076412693	0.0301094945228062	0.0339738802637674	0.0379472224715769	0.0263044897375889	0.0407676246082066	0.0401483523724092	0.0422761099010388	0.0419519861797178	0.0414378065496011	0.041091195859542	0.0412970879326741	0.0409354489161656	0.0407157927353937	0.0409137232410154	0.0411469834708981	0.0407245634298031	0.0407751429444841	0.0406632443361665	0.0400958832409234	0.0400769131707133	0.0396894103233706	0.0398881662838893	0.0395781710184736	0.0398626748840518	0.0390097422073919	0.0392745838148135	0.0396339574769645	0.0391465247186843	0.0385266731425121	0.0385525477543757	0.0391769074460975	0.0383516326770663	0.0388528664115804	0.0381183388232988	0.0386246238889834	0.0378052661144314	0.0376349039197238	0.0373925075743092	0.0377324793657791	0.037679883441424	0.0371329700129471	0.0373152874662529	0.0369766604969544	0.0377247580187262	0.0369261452340475	0.0372243407527874	0.037007515011492	0.0368429012776392	0.0366691844533891	0.0362000337602177
TCC	0.0469122662330071	0.0469954187091604	0.0462086804635579	0.0463517244847165	0.0460312008786606	0.0469853288101444	0.0467699177627383	0.0470852486380106	0.046882910343191	0.0462196442863109	0.0460702410913855	0.0465442701561516	0.0463360058865202	0.0462156331409221	0.0455623285323395	0.0453334709410208	0.045984368172378	0.0460338346527851	0.0461921079501195	0.045725996819981	0.046212177765149	0.0470360858461894	0.0459575923570646	0.0463641649640525	0.0457832641070428	0.0458579047907077	0.0458342030922528	0.0455545920567696	0.0463960808617509	0.045580235340205	0.0453759875250908	0.0452030827759398	0.0453279885155294	0.044902959887454	0.0453896680704828	0.0444275754688088	0.0451353341717756	0.0453176090571298	0.0454421143224137	0.0449411910001054	0.0451403323066244	0.0444163021043854	0.0446619059335639	0.0444798733380542	0.0445258152560848	0.0449983668135645	0.0381356190922809	0.0365596600481488	0.0428921696271712	0.0351992396873449	0.0277746432681335	0.0245292195080399	0.0333003680288846	0.0333140249891376	0.0293046656035761	0.0402144325954821	0.0423933601190197	0.0447664066659923	0.0433656443403502	0.042992538054905	0.0425281335603821	0.0431465189335776	0.0429643062161539	0.0424544943137001	0.0428119864041092	0.0420021016495072	0.0427197987327075	0.0418922242235089	0.0409502209205484	0.0409493678325709	0.0411346091922211	0.0416957269559269	0.0411111304671609	0.0417968545493731	0.0406806352143821	0.0411911704903039	0.0403752884718337	0.0398643445612942	0.0395903592817223	0.0404968915539704	0.0399380241890706	0.0397063208016566	0.0401411946059163	0.0395252611445762	0.0391859691742865	0.0385798322012699	0.0380627463848753	0.0379720654722133	0.0379638888529984	0.0379656894062224	0.037342708670651	0.0371596253699463	0.0365927575722095	0.0364839288073912	0.036292275280359	0.0362614992235669	0.0363928202693335	0.0356508583664727	0.0365871025614905	0.0356956450280274	0.0359535396939351
TCG	0.0432222527288113	0.0442358450913089	0.043072635927581	0.0444717785666278	0.0443142564461686	0.0449412847855556	0.043726183377142	0.0449811085619284	0.0447152299748756	0.0443419152408056	0.0440690287230244	0.0447611840442446	0.0443442546109717	0.0446268554043412	0.0447723381465969	0.0451973736239694	0.0449530047521456	0.0456392168039043	0.044235801292972	0.0453836195281948	0.0454030614022116	0.0457546392355202	0.046181136969292	0.046572586220168	0.0462926160072503	0.0465146769627278	0.0463268054932034	0.0468721261579441	0.0464730697282688	0.0468566114723018	0.04697072443798	0.0470046025444003	0.0473747693658778	0.0474557558906047	0.0470615607427626	0.047701603086226	0.0478637488417359	0.0484021000019205	0.0481992638956241	0.0482976091785465	0.0478521096837535	0.0479343630158995	0.04721963371648	0.047608995341775	0.048643452244682	0.0477948968991185	0.0470855587501755	0.0478695660718382	0.0588115375233553	0.0542037526134414	0.0466730429826917	0.0393592582629985	0.0452818117752951	0.0464261658652277	0.0418218990098724	0.0455762705059232	0.0438159435218496	0.0456780903788129	0.0451786065646565	0.0439526920371589	0.0437141326319232	0.043710669385329	0.0442536678138814	0.0435912555133703	0.0435616003027702	0.0436961108505819	0.0434352111470172	0.0433126455357815	0.0432974535841214	0.0423008394066755	0.0419875279647468	0.0415886821374527	0.0417723435669225	0.0419385876978659	0.0411722549784155	0.0417013963342894	0.0408878227506328	0.04051573108994	0.0402784892600146	0.0406418996965426	0.0399851845237962	0.0393693558813538	0.0398409392343567	0.0397848978085854	0.0397154083360822	0.0393826764746754	0.0394909681388506	0.0393559253130706	0.0387205855329458	0.0386407295340292	0.0390855608293998	0.038506250307235	0.0386904436047619	0.0378378692148269	0.0379430879174289	0.0378038266956842	0.0379411997647197	0.0375930298249935	0.0368100619679389	0.0368784904428424	0.0365381343699194
TCT	0.0440754134156136	0.0442551022873394	0.043513631836221	0.0437229212227048	0.0439715757405325	0.0441274477884186	0.0439890375852927	0.0441365736681653	0.0441073812735613	0.0439732146087222	0.0442031875357536	0.0440164987025123	0.0436157557536153	0.044365687082282	0.0441253377366324	0.0446083983665236	0.0441948983797701	0.044438319126267	0.0439717447408763	0.0443530892270877	0.0446546228244872	0.0452242571437251	0.0446759238375424	0.0448537022146464	0.0442920094799415	0.0440659275253738	0.0445859446635976	0.0445689351531677	0.0442210124576894	0.0446192624305056	0.0446875631320843	0.0443323902654563	0.0444916046423906	0.0440178750323965	0.043935417147988	0.0437767566575501	0.0443251026619699	0.0445724517161851	0.0445640623646626	0.0447117236931325	0.0446230246865131	0.0434959191311879	0.0431315474897472	0.0428681942921696	0.0429062916524326	0.0423623946208198	0.0395059214338867	0.0427437917913238	0.043963639984439	0.0414716336084124	0.0422981027147899	0.0383712200429095	0.0477905503522108	0.0483098154995603	0.0401431136297757	0.0439766177144781	0.0434852994854875	0.0445649751872822	0.0435497680211765	0.0432366793533139	0.0429344655837964	0.0432404170391198	0.0436329423413961	0.0433231188207777	0.0435857380812729	0.0431293906585859	0.0431092998877372	0.0427856280262193	0.042926435368171	0.0426754460994753	0.042662625520605	0.0422544207930455	0.0419106725865705	0.042390711842739	0.0418348514714699	0.0414695630888885	0.0410523061586432	0.0418398750959968	0.0415682812644497	0.0413973119868276	0.0415896951750386	0.0409191666092603	0.0405889172635195	0.0402504415225547	0.0403038792023703	0.0398411246860947	0.039896363065235	0.0395918664682916	0.0393803047333341	0.0394175486739864	0.0389642651876514	0.0388422212683994	0.0383907421667816	0.0384328540149347	0.0382038923815791	0.0381106321865278	0.0385030593858567	0.0377690063372461	0.0381624281208385	0.0373203507097808	0.0374950308466854
TGA	0	0	0	0	0	0	0	0	0	0	0	0	0	0	0	0	0	0	0	0	0	0	0	0	0	0	0	0	0	0	0	0	0	0	0	0	0	0	0	0	0	0	0	0	0	0	0	0	0	0	0.00371047301384766	0.35405463759446	0.0741012812783231	0.0707125155571651	0.0645826196344948	0.0614010388540341	0.0555196373550194	0.0541257299070836	0.0565653972440353	0.0545346610921703	0.0592548514772992	0.0650638253404548	0.0716300431666174	0.066117668721556	0.0654039058500436	0.0647268472207441	0.0667902870151301	0.0672051432405449	0.0678596853847445	0.065833377430961	0.067442737724361	0.0664371752723794	0.0691711088406374	0.0700358230050897	0.0724001695823519	0.07101837901812	0.0671397639955354	0.0665760752715722	0.0661730595811104	0.0647149961966991	0.0678052389043985	0.0678556595247797	0.0688487165317553	0.0696734231406108	0.0684686653275692	0.064519669602507	0.0694253758907586	0.0655916507566857	0.065809220245803	0.0676236425769192	0.0675418396115806	0.0682299717165051	0.0674999241609261	0.0719664302426953	0.0678123799911737	0.0708904047275747	0.0662870691416313	0.0653533325694347	0.067005178114715	0.0672940903215677	0.0653649300279682
TGC	0.0404197554843065	0.0410560352910277	0.0411137700867377	0.0411005823865114	0.0416756369603125	0.041899449463013	0.0421648943351917	0.0415227747693982	0.0428236460837059	0.0432713398842514	0.0426727389440867	0.0430665154724682	0.043540522628967	0.0427208072961168	0.0432794414292291	0.0432339779437759	0.0426899885652511	0.0423559557778318	0.0433705560352223	0.0441009117833732	0.0439803063164418	0.0437880218755598	0.0439842398372233	0.0434777597684455	0.0439055216349465	0.0434873693991785	0.0449311896091185	0.0445956810757241	0.0450487016254311	0.0445477677050772	0.0446168335369822	0.0448338573892186	0.0449410802466655	0.0449127845254183	0.0451103353248961	0.0445600078056541	0.0447613146646952	0.0457240295794275	0.0444192755872773	0.044775061347258	0.0447192146020771	0.0448047303221241	0.0454040359121696	0.0466278729126705	0.0455801967690723	0.0455554540854756	0.0487536288958295	0.0387292944928829	0.0458031850648837	0.0314753279506744	0.0303000533505005	0.0452792613948963	0.0433259065369617	0.0419928631563751	0.0445043144708428	0.0453878568314353	0.0440601742257542	0.0457267866820995	0.044666683803956	0.0456574968127226	0.0449887942821012	0.0443455002322319	0.0444930121476933	0.0443278095638541	0.0449353017106735	0.044478757761447	0.0441755910108787	0.0438908140580993	0.0446761450335902	0.0436361050952711	0.0439223939060466	0.0432743233672958	0.0435288375900053	0.0434384204504512	0.0437736705428761	0.0440775180412024	0.0426288296890616	0.0424571623620274	0.0429277719857591	0.0434902800669906	0.0428307286875721	0.0428792879172276	0.0420178937315862	0.04265141182846	0.0413106907392745	0.0413975274639615	0.0409824295047164	0.0410379549174154	0.0407135920322185	0.0416595176795571	0.0408596966037481	0.0407627277031773	0.040924023926782	0.0403712248440513	0.0412436087565503	0.0406001543569982	0.0396853497766285	0.0396254888602248	0.0385521868612639	0.0388790921607941	0.0389115944557508
TGG	0.0427934045777733	0.0434096602081121	0.0433416509992084	0.0428255146046614	0.0437711743153365	0.0441822266080514	0.0438595694436313	0.0443767826704653	0.0440807887627427	0.0438569902638153	0.0445180453536439	0.0446670303144947	0.0445185990768041	0.0442670696639359	0.0448010326215606	0.0455148120880946	0.0451959311484262	0.0455087696112087	0.0461881420857218	0.0461916728029983	0.0459985040123476	0.0457411518305121	0.046180053357381	0.045436033038616	0.0460229981826621	0.0470342893616105	0.045890023239734	0.046200952483795	0.0467482798972593	0.0471673749333128	0.0470430813442832	0.0465743562202858	0.047477237628329	0.0480121657346599	0.048088560239278	0.0487282836941718	0.0484313902286229	0.0481868055348977	0.0479822081854693	0.0478276570093155	0.0495178902582047	0.0497044698315043	0.0508650657347997	0.0498114566711587	0.0512133426165815	0.0532991477312323	0.056152982285555	0.0631987532748175	0.0546859072822488	0.0599867005520647	0.0635212280383461	0.0685238495581843	0.0561318378411221	0.0551460563251758	0.0658778967781098	0.052709507335167	0.0491603704850447	0.0493363500942071	0.0489760887590748	0.048856168977229	0.0484615840886978	0.0485146367717499	0.0472733761782475	0.04774847128643	0.0477034735181164	0.0473282893183936	0.0470549420347941	0.045667656725956	0.0468600586421693	0.0467600365468708	0.0468967954617079	0.0472976326763008	0.0459524182571556	0.0454129960568559	0.0465351256810258	0.0457731079447788	0.0456295781662386	0.0459811230074183	0.0459937791178666	0.0456429146986263	0.0456507367665493	0.0458700031095333	0.0455531517671536	0.0452792062281624	0.045355401235474	0.0440297048776691	0.0444143916178878	0.0456808025834058	0.0449768127714933	0.0449178449495097	0.0446382389084079	0.0442283733298938	0.0439027127144898	0.0436830802960161	0.0429005006737472	0.0428255033699091	0.0436506109801566	0.0432085474237237	0.043092217307898	0.0422676756765379	0.0422824221544601
TGT	0.0398553767404059	0.040215523296945	0.0400311278217628	0.0401510280221238	0.0394637350430612	0.0404892655203549	0.0409477860212239	0.0404894245447189	0.0409742020490157	0.040923442294415	0.0407287192816481	0.0406152711716764	0.0414289551548294	0.0416149598249429	0.0418480317332287	0.0413389032291472	0.0418186110665107	0.0413211999563404	0.042285827369721	0.042791725776638	0.0418896694027415	0.0424012545206866	0.0415306506585314	0.0421989281280464	0.0426956279265099	0.0417630547600445	0.0423727759985773	0.0417254537428501	0.0419036812232536	0.0423451325563135	0.0423705682261202	0.0433818202537744	0.0424870018815934	0.0428041836515781	0.0430960892851135	0.0428917331612448	0.0438301231349955	0.0438613974147913	0.043742859042601	0.0437397043184984	0.0439079669218191	0.0432276544432249	0.043214668649061	0.0442108012035513	0.0441356901946329	0.0424784575674651	0.0494784359619067	0.048991808809896	0.0476252261555242	0.0381885891477486	0.0489925331913699	0.0512480559036392	0.0515421146218888	0.0517888765845342	0.0604748095750787	0.0444132041697251	0.043731282145593	0.0431495778055785	0.0421815269315833	0.0430222785808236	0.0429847483122092	0.0426434767291468	0.0432296870769025	0.0427827732281979	0.0426234681813086	0.042317924067352	0.0424246891224401	0.0420892550150215	0.0428624495584311	0.041856615616722	0.0416770021217614	0.0417682709102366	0.0419053987518105	0.0417105500825785	0.0409280247497109	0.0409189093854434	0.0410119445202761	0.0411324951396191	0.0414234907733866	0.0409807601993791	0.0406245503856518	0.0405379407680628	0.0403098931739476	0.0400761943950226	0.0400400857814558	0.0393329519551942	0.0396418092357997	0.0397921827965618	0.0390102689201963	0.0389082809749688	0.0389132042953548	0.0383450810754319	0.0386068598408813	0.038459260014515	0.0388731394853338	0.0378665194662591	0.037717051239426	0.0377719998872515	0.0380672496824285	0.0370782288796349	0.0378160029751776
TTA	0.0395824893948817	0.0400012617029183	0.0408015508520186	0.0397606455149997	0.0404825671908845	0.0404012237603113	0.0401899904277754	0.0401531921539208	0.0406787519047065	0.0398743322546527	0.0408310187931443	0.0401346604880388	0.0412232250654437	0.0406364236195541	0.0403426675067796	0.0404543137844302	0.0407767578492597	0.0403905041222773	0.0403860220331171	0.0408953529543081	0.0407634444347445	0.0401200574501828	0.0413882677320005	0.0408200336347922	0.040832186979978	0.0408927837184701	0.0409277928121622	0.0409044574655637	0.0410426071940297	0.0405173871851697	0.0408655364565007	0.0416127476885716	0.0416321395105037	0.0410458812498871	0.0416696376982672	0.0413550568455042	0.0415157889657647	0.0417255964084675	0.0412697822949908	0.0423845577913116	0.041591010281699	0.0421558423567958	0.042474594906249	0.0423187811668595	0.0413775513113932	0.0419669689512147	0.0431874145006169	0.0438059274396175	0.0396607031217346	0.0390269326005753	0.0405441844062899	0.0348901536777554	0.0388420805290781	0.0389272033479866	0.0273646217564615	0.0419442034125204	0.0403094466601516	0.0414671390206622	0.0416826339775474	0.0419566120175355	0.0411648027129728	0.0411451084657544	0.0406081381862773	0.0401264738837141	0.0401827902851222	0.0399030907772916	0.0402713625465293	0.0400223958970459	0.0397842811177667	0.0390267617969869	0.0395615232760943	0.0394484075043637	0.0392534787020659	0.0392393902345883	0.0390960523252526	0.0388729851909445	0.0390464924178819	0.0382221062964801	0.0383513734733922	0.0384942309034771	0.038112053554266	0.0381182867030728	0.0379919639350681	0.0380688091381665	0.0375380409044789	0.037405337210227	0.0374884077538502	0.0372792068053253	0.036853104824885	0.0370465994343285	0.0368699355292561	0.0368365156531506	0.0368988759156131	0.0364791018954838	0.0367166881194901	0.0364726146672757	0.0364710226733463	0.0361206947430857	0.03653894438589	0.0363494148986833	0.0361064307240361
TTC	0.0488632649978414	0.0481831763963575	0.0482760104293705	0.0482600900575656	0.0479950896838998	0.0486363554232494	0.0489128074839012	0.048358818044112	0.0491363309421723	0.0490355330784467	0.0491956138033723	0.0492210732499771	0.0489080345509944	0.050199647461315	0.0502460128327125	0.0494072836439675	0.0497740354278819	0.0507608003485084	0.0508464129017014	0.0504389112012131	0.0507979394164314	0.0507770386133227	0.0505890380424537	0.0505395301962863	0.0511387087247555	0.0506804019496122	0.050874447302478	0.0507808034389767	0.0514260913015582	0.0514380872513481	0.0506557466842364	0.0513662610122264	0.0505533721178364	0.0508506087371555	0.0505940179330135	0.0512121867333408	0.051683924487396	0.0512222722931606	0.0518697151613817	0.0512552173185277	0.0509962486569744	0.0520904784442126	0.0516546710383662	0.0524916218540683	0.0529882077404954	0.0535290915710497	0.0494680087059154	0.0465350311204575	0.052658363726111	0.0425601013419847	0.0489432586390327	0.0346911507178627	0.0481456182253614	0.0461303164375952	0.0401377853075918	0.0505374770820211	0.0500311632929444	0.0517596839215243	0.0503364433078492	0.0504409774717557	0.0504310443847891	0.0501523026656296	0.0496156793102228	0.0490245846146619	0.0494856042532536	0.0494287471926435	0.0494038907787483	0.0491396565403488	0.0486594624377194	0.0480163092045335	0.0475391141036385	0.0476285675948074	0.0478405060166865	0.0475520624788905	0.0471029255088373	0.0471128533746386	0.0470169397779413	0.0466598510098788	0.0465701997124329	0.0467104515902898	0.0464938592728978	0.046492288669048	0.0466725962927248	0.0457440218661579	0.0460982973310568	0.0456011358856094	0.0459013617320686	0.0450826360833418	0.0451263003081453	0.044563716445918	0.0441986177154709	0.0450596582376403	0.0443789407235541	0.0443304199942183	0.0443329155860887	0.0436550024895677	0.0431144682961626	0.043362323190359	0.0435282817378493	0.0430497157584676	0.0428403808759783
TTG	0.0433105380748897	0.0433599500716146	0.04355817827491	0.0437049893304874	0.0442904183696683	0.0436392445953072	0.0441404474373333	0.044658432753379	0.0450916936364376	0.044984900607225	0.0460652266309086	0.0454283259341072	0.0455305017724146	0.0453972885222569	0.0455304868541198	0.0454296524189358	0.0462175725680267	0.0463751703982045	0.0462037663654329	0.0462165360544805	0.0466030833673234	0.0464055609483499	0.0467003152969984	0.0474107991914381	0.0471874291807222	0.0478700090778447	0.0480988871109527	0.0480105464747238	0.0477267323136567	0.0480454490355802	0.0480373117033499	0.0484324197924571	0.0481552289840247	0.0486650794807119	0.0485418565648533	0.0488982859057737	0.0488485589793186	0.0485565522066038	0.048668094150135	0.0486520540670717	0.0495842678321971	0.0498779758066161	0.0503740733677932	0.0508498032258919	0.0503081324974913	0.0510271837800949	0.0560391588972114	0.0557317176212717	0.0517782771351354	0.0559876605289275	0.0527763400244563	0.0381211429841668	0.052202366762473	0.052375357353676	0.0482472483149044	0.0507353657846238	0.0491123434296874	0.0487993617619829	0.0485093984271314	0.0483152850715975	0.0480822387271545	0.0485591785709153	0.0476088903895866	0.0477645583335911	0.0474531253916755	0.0471431896182148	0.0469495887838713	0.0467094686960035	0.046738630943305	0.0458773997033532	0.0468719918012658	0.0469772098857374	0.046475731550673	0.046120870152731	0.0462320373144156	0.0461273219620285	0.0459456731088183	0.0460331232870478	0.0460898822753603	0.0458830074683639	0.0458027106426141	0.0458181662721559	0.0454895441284684	0.0452799974907405	0.0445592434722316	0.0443777732914981	0.044166246566258	0.0443234978103668	0.0439383264216697	0.0442957818781437	0.0439582410968469	0.0437464370215952	0.0439721905053921	0.0437415395903923	0.0442484592800066	0.0432001169806991	0.0435948269222415	0.0430348543653828	0.0428909698872176	0.0425574769634292	0.0430306819793532
TTT	0.0421360311710815	0.0421513955380105	0.042926935803116	0.0423123413465847	0.0426483236594189	0.042851452885543	0.0427367042732624	0.0427927826269506	0.0430106147461558	0.0432110387879869	0.0435805283852739	0.0438393788844355	0.0438829742010289	0.0435635982965869	0.0437707941847631	0.0439833367325302	0.0440031132909388	0.0437620418747449	0.0441874763955618	0.0447691634294067	0.044389436195472	0.0443574727428369	0.0443475374053626	0.044214237338353	0.0445594808986358	0.0450674565582021	0.044421418032448	0.044452578756941	0.0454777605846067	0.0453174390983753	0.0452800232556665	0.0450750992480966	0.045014137963142	0.04560713872699	0.0454786538945493	0.0462109688688294	0.0467699712829366	0.0458654944485262	0.0456782314426416	0.0459349102128101	0.0462730234943613	0.0463050450067267	0.0467672743832628	0.0478658379748975	0.0464987220156133	0.0477706879804412	0.0454245843942171	0.0454638722685619	0.0411513415978439	0.0352057956298598	0.053869659640592	0.0342304725998096	0.0478736791646349	0.0487907182594464	0.0391842115123082	0.0462175013086866	0.0443982529656092	0.0461937316280492	0.0453350489271083	0.0456084631102165	0.0452405993550499	0.0451217621808725	0.0451639178326858	0.0448168548793694	0.0444423529670601	0.044408640210537	0.0447056262084955	0.0447399675923391	0.0437066595347089	0.0440603297960736	0.0441085063336403	0.0438641236573971	0.043761661329652	0.0437012136237729	0.043771049316401	0.0436972887116938	0.0436757647146155	0.0433991804138111	0.0432143031921078	0.0432161752422666	0.0431480052676965	0.0430711718929647	0.0430730807454891	0.04272422698074	0.0423216575517095	0.042331570117611	0.0419136926324171	0.0419448173132103	0.0418932298132635	0.0414753441450599	0.0419405872131664	0.0418320714476924	0.0409356474561774	0.0416107065810516	0.0408892970303711	0.0408270677479031	0.0411753676855912	0.0411820719289919	0.0410588025404448	0.0406787322308939	0.0406022286572636
