Codon	1	2	3	4	5	6	7	8	9	10	11	12	13	14	15	16	17	18	19	20	21	22	23	24	25	26	27	28	29	30	31	32	33	34	35	36	37	38	39	40	41	42	43	44	45	46	47	48	49	50	51	52	53	54	55	56	57	58	59	60	61	62	63	64	65	66	67	68	69	70	71	72	73	74	75	76	77	78	79	80	81	82	83	84	85	86	87	88	89	90	91	92	93	94	95	96	97	98	99	100	101
AAA	0.0331154973408897	0.0336860271072715	0.033704532473716	0.0331326449473872	0.0333099193828501	0.0337331020796081	0.0338344228673715	0.033399645998649	0.0337406418919676	0.0337987388565536	0.0341016051390267	0.0343031011969181	0.0348883872017743	0.0352323624022542	0.0344741381617259	0.0346582313256041	0.0346819671194471	0.0349833778610449	0.0346468578881149	0.0353981297765747	0.0342125245256939	0.0350598192307723	0.0355757575665316	0.0354930686741965	0.0353589430280798	0.0352918981630696	0.0355528531493258	0.0352734123513052	0.0357849076240415	0.0362084257523844	0.0358367795982114	0.0361542536205373	0.0357795843557383	0.0363365567103142	0.0367962532533025	0.0367273504014809	0.0364506821066246	0.0365344965676627	0.0364456254745648	0.0367757563727824	0.0368180211876289	0.0376407747935014	0.0370671577999432	0.0373494299743754	0.0377923879432069	0.0381498571882066	0.0384438867047487	0.0339691458674434	0.0276764770799081	0.0332884597571196	0.0335939158832415	0.0269514141740285	0.033047573690233	0.0353851215985817	0.0361081978836222	0.0317206663305562	0.0394948324896045	0.0386939228982804	0.0384566098131073	0.0379545475700905	0.0373638222646518	0.0373659922521938	0.0377146300157069	0.0368187480392243	0.0369354986089851	0.0367500964990995	0.0366260392852314	0.0373291344694589	0.0371922898746059	0.0367557713589041	0.0363816804498433	0.0364953749276775	0.0361599138763879	0.0366505292785622	0.0360062877325981	0.0365415101226373	0.0359108675202539	0.036080519459358	0.0354095325289348	0.0357470199555401	0.0357156982357996	0.0354384350230314	0.0353010451987841	0.0354995874310639	0.0352525449735282	0.0356233220259699	0.0350875235025227	0.0352870186703089	0.0343766008815747	0.034291310586917	0.0346055769885457	0.0337597606057157	0.0342058385233364	0.0338616568615214	0.0345710394177573	0.0336140222281795	0.0341237245926788	0.0334558986481157	0.034138132443049	0.0334144808145034	0.0327925058745478
AAC	0.0392668099248662	0.0397250350945826	0.0399090133488818	0.0397525863201701	0.0403593620904551	0.0403293339034888	0.0398817673087896	0.0403995532848609	0.0407043041133286	0.0402497374967459	0.0408876393162981	0.041017471310719	0.040835825544764	0.0408254809033425	0.0407816473410458	0.0413269859955339	0.0415023736833719	0.0418541890307365	0.0416924663992534	0.0419564356790145	0.0418513506121071	0.0422966654535582	0.0420721755281025	0.0423545960851658	0.0423551109764379	0.0423285483504946	0.0424526379458662	0.0421378598944174	0.0427953168443639	0.0430108967196666	0.0426049961613444	0.0430060639592242	0.042984117631217	0.0430113037492878	0.0430278282929855	0.0437004075833881	0.0433261557927476	0.043952991076471	0.0437588542796938	0.0438873139866592	0.0442918913865433	0.0446514392600285	0.0443749098344236	0.0444133174381108	0.0449995217609613	0.0457244208401366	0.0489788426284316	0.0474185993416928	0.043316477416528	0.0437719931657396	0.0392954350285726	0.039642703934992	0.0506822166517781	0.052246700510939	0.0522409150326857	0.0384657845665531	0.046411778737511	0.0454739737819495	0.0448823793472315	0.0448052620784144	0.0450231715840775	0.0452310929356716	0.0449109969650119	0.0451146210815733	0.0452299236713792	0.0453354511031671	0.0453498668785218	0.0448035452363942	0.0443735570746806	0.0445866868530877	0.0446586965955884	0.0446161350716155	0.0448048901613662	0.0449028541195984	0.0441480684792619	0.0442795537878157	0.0445127489327151	0.0443949409312879	0.0437309052579236	0.0443352338269842	0.043576151745515	0.0436054758844461	0.043436932716246	0.0430856304662016	0.0430739659713798	0.0426877668112857	0.0425676569746467	0.0429229484402522	0.0432502177678994	0.0427877334811945	0.0423928675347535	0.0427503385239124	0.0422705405195822	0.0414433437939068	0.0416446066738185	0.0417841978279378	0.0418012269607995	0.0418600564714864	0.0415964877071185	0.0417305796498661	0.0423712539504455
AAG	0.0418852503922803	0.0422101520635203	0.0426822605833432	0.0424444803222089	0.042463805139257	0.0427861524479551	0.0432347460882493	0.0430048492050494	0.0431208467941491	0.0432500575164386	0.0439219933889527	0.0442374367442418	0.0442882498543438	0.0438035331008349	0.0444392693752344	0.0438777759697448	0.0440761346847976	0.0443602016642384	0.044803267511833	0.0449208212494571	0.044796866105303	0.0450160058561052	0.0450672985406422	0.0456141444468096	0.0455459943040942	0.0457395265818652	0.0460113778940303	0.0458842979218988	0.0457731899053887	0.0463743885194981	0.0467476428622884	0.0466930736594848	0.0464570837469679	0.046706684683523	0.0470046294909662	0.047071338492776	0.0471610136976581	0.047693847498116	0.0479563526046711	0.0485332381674076	0.0490840165547401	0.0487711198009158	0.0490394293914521	0.0487477120923446	0.0489668024831711	0.0475017205966389	0.0515835112899598	0.0430544218077049	0.0417579646803394	0.0494580318885586	0.0324255193935101	0.0550055700947156	0.0433274575544015	0.0458476800966296	0.0513043545899566	0.0415989465543956	0.0509617483027125	0.0507839227533991	0.0490463235036955	0.0499067853460151	0.0501818209469085	0.0501585699280325	0.0494818390241636	0.0496231709502276	0.049013374898308	0.0497949441987213	0.0493133887822542	0.0490898515154816	0.0493561670449328	0.0490156743888779	0.0489588319415231	0.0488757993167014	0.0484144469942833	0.0487349589759217	0.0484723037253597	0.0483744230218777	0.0483876424948549	0.0484189629740374	0.048240933763715	0.0475877961633729	0.0476945634718599	0.0476557387060152	0.0474171459411951	0.0473629401510477	0.0473258404830143	0.0469682982884198	0.0474818974559939	0.0463761149525635	0.0466234050374511	0.0465138782940789	0.0463547665748372	0.0462342700286764	0.0458675889297732	0.0457212760081186	0.0457059646557686	0.0459386047717057	0.0455843192584915	0.0455141068001364	0.0448121487411974	0.0449446057011881	0.0446192980815069
AAT	0.0333211016163034	0.0332835630995792	0.0331557468305659	0.0333151617673893	0.0338324030220395	0.0338132368537065	0.0339024868139193	0.0339556158563369	0.0339920983729522	0.0340001842893033	0.0343124432725244	0.0342317203595685	0.0339768207899367	0.0344128167431582	0.0343638411068202	0.034082836155226	0.0343816291345578	0.0345869877357897	0.0345520053787217	0.0349920205736098	0.0348763818186914	0.0347937664097193	0.0350428571165755	0.0349051311608458	0.0346907100712213	0.0348925350622708	0.0349829230519376	0.0350420687094246	0.035868204750328	0.0358774917985812	0.0353604065535378	0.0352864618255531	0.0358025240312011	0.0362993127423868	0.035853838320581	0.0359323732849766	0.0359062847461887	0.0360771896327228	0.0356528868282756	0.0358541253529935	0.0354651906396802	0.0359888624959049	0.0363190964611329	0.0358507113762256	0.0362959342883421	0.0347473888766594	0.0406172941898591	0.0350782452975624	0.0294822508820463	0.0306664973655021	0.0356379661054712	0.0320257709603677	0.0342551229558414	0.0354894236558824	0.0350069088426228	0.0304030232123362	0.0386355325820659	0.0371318230317362	0.0368217140823693	0.0368156473110224	0.036757174196626	0.0362677842790494	0.036709218677841	0.0367734823069065	0.0372645781872957	0.0375911097440243	0.0370213831060588	0.0369757103586793	0.0368616550223291	0.0372180015695815	0.0375771354197768	0.0371606781110638	0.0365637337070053	0.0372110267377512	0.0366709537428671	0.0365907391280198	0.0367001060759733	0.0363605497569497	0.0359207764044159	0.0357334071055137	0.0355536982834889	0.035683644099735	0.0353300508614462	0.0360685512851774	0.0362829720650646	0.0356729230235827	0.0354811297789777	0.0352670919517643	0.0348496478907566	0.0348529151111001	0.0348160299478764	0.0350558657832101	0.0349331067715968	0.0350832866803759	0.0349419222999823	0.0345888268210786	0.0342084065665004	0.0341719820353645	0.0340566047456307	0.0340209613372795	0.0335254822621428
ACA	0.0318450776155061	0.0314926631813311	0.0315538705349159	0.0321733124629168	0.0319935062900745	0.031992990276256	0.0320676512087272	0.0321745802867462	0.0310770636913761	0.0317963991208828	0.0320689110874489	0.0315908472005681	0.0321138627371341	0.0318400290534571	0.0317502506878086	0.0324453897292647	0.031619668059987	0.0323793128316572	0.0322009230844936	0.0323286720232127	0.0329780963318721	0.0320468852859913	0.0325824512201361	0.0328411496235862	0.033103318273495	0.033194717489543	0.0327495391368806	0.032899803638228	0.0329040975782848	0.0330232325127123	0.0326902808657356	0.0329099058897152	0.0330173117334835	0.032844278787952	0.0336132533566265	0.0339245991580227	0.0337668103813391	0.0334132791586121	0.03403768712256	0.0334617416473729	0.0331565979400016	0.0331737478172006	0.0337999056452146	0.0334709379767856	0.0336307935061701	0.0344140378248025	0.0320530244118306	0.0328878007015364	0.031979924350028	0.0306948839188183	0.0323504246137428	0.0311368171222214	0.0335385492767286	0.0362698506053537	0.0359407805096763	0.0316777012384412	0.0352144251233277	0.03442583689371	0.0334010548136082	0.0343917147171886	0.0339382399918956	0.0338548689675642	0.0338890187119234	0.0348567635472333	0.0346297034570863	0.0338985526128745	0.0338606365199321	0.0336822032347552	0.0336758224153986	0.033263827987258	0.0334358350141396	0.0341770421829379	0.033991431310325	0.0336751533072693	0.0336553357991627	0.0336333548195966	0.0336104602804666	0.0327915929747454	0.0333658472939734	0.0338528360704612	0.0329981017707603	0.033510043236218	0.0327315934063712	0.0329824250881399	0.0325859678578	0.0330407202113602	0.0324187389653017	0.032356322369888	0.0327133927828912	0.0323011380814702	0.0329368483858404	0.0324606267102381	0.0319427538015407	0.0317106513279542	0.0320555650036326	0.0317973242837678	0.0318967749282827	0.0318430408572096	0.0314536255901237	0.0321873255678758	0.0317606356309545
ACC	0.0409596474153081	0.0413744649496679	0.0419411276174694	0.0408264737026006	0.0419010450627076	0.0421404385622095	0.0418521247476893	0.0416739612989186	0.0419486475831612	0.0421175981453927	0.0417132974114039	0.0416669302581929	0.042067672335079	0.0420429979914306	0.0419540738000568	0.0426335714655095	0.0419818026636139	0.0424621688022181	0.0425165596777616	0.0433305731198053	0.04302794686461	0.0434138323750007	0.0434194963327951	0.0433892175702496	0.0435998290085989	0.0443297167741718	0.0437647213864044	0.0440581662523892	0.0434287652640368	0.0438683290799368	0.0445814515689321	0.0436863244956441	0.0443914541900942	0.0448618100490267	0.0443476051213476	0.0449670022341896	0.0448267126372759	0.0440175678394934	0.044747531681096	0.0449456513390435	0.0451061272656708	0.0449339288783448	0.0446544824940546	0.0455974880715247	0.0448579872271328	0.0469021128849705	0.044042152297602	0.0471188889911159	0.0484264481942555	0.0434650529479242	0.0396246443765224	0.0388609581287379	0.0492555311450823	0.0465542578299586	0.0452768895861027	0.0453529980211146	0.0495246910950998	0.0471499193668673	0.0473550045939559	0.0478308850239253	0.0467179779590319	0.0467580332926236	0.0459831399376086	0.0460533406063027	0.0463857600786324	0.0457482065719852	0.0462254051118422	0.0455292850700734	0.0452341060435266	0.0451858104299302	0.0451191637745931	0.0449480715354508	0.0451619739036942	0.0455124645589558	0.0447830217362567	0.0443591962876071	0.0438714578223391	0.0441399441086303	0.0445921931920402	0.0448690300554216	0.0449676779617234	0.0446561037499318	0.0443082155396695	0.0439321244643068	0.0436111434025126	0.0437986133725345	0.0435121731172623	0.0439135862608224	0.0438410333530867	0.0429374035357822	0.0436339816396898	0.0424939680610046	0.0431657744991793	0.0428833496885105	0.042765459271158	0.0425780579066481	0.0417926495827058	0.041914317811543	0.041788537285835	0.0417485171974166	0.0422402226436211
ACG	0.0345888545663324	0.0347299281705046	0.0341618313432979	0.0341700363825153	0.0348853092625073	0.03423683324416	0.0350541427594894	0.0345477000633321	0.0349629509360798	0.0351667369251455	0.0349765247379405	0.0353157289001153	0.0351784003342879	0.0350765727954441	0.0354646153723487	0.0352525955464395	0.0359270591908108	0.0363065146559905	0.035682944891679	0.0353578847927006	0.0356614715391997	0.0359031309616727	0.0357073790486854	0.0358743161247615	0.0361702774524176	0.0364619511847642	0.0363339826236606	0.0366118397733244	0.0365433826670473	0.037192941815544	0.0371692782097342	0.0371980139196088	0.0366876753567469	0.03664881018893	0.0367820993473803	0.0371794750856839	0.0374200081665913	0.03750407683364	0.0379168894522578	0.0371096158659095	0.0375352896035332	0.0373347867755242	0.0372957736302656	0.0373000821990734	0.0376230309112288	0.0362864934880899	0.0374023379100147	0.0427667251105097	0.0460824958616529	0.0458790333064849	0.0451107134820916	0.0409982832131827	0.0411008350668293	0.0413510004817484	0.0479574883156571	0.0366814300741936	0.0401662086428728	0.0397830390222302	0.0385152558036762	0.0388312038583687	0.0382074108603643	0.038946569581354	0.0382070092043227	0.0381752602640968	0.0383772897430472	0.0382210058663803	0.0376760298934188	0.0379958374934818	0.0377502516220524	0.0374077864754733	0.0367775013012011	0.036731104156868	0.0361050747224691	0.0372046710975251	0.0374508692231424	0.0374220001422998	0.037782838365982	0.0370903108460095	0.0360013837626305	0.0362689403067782	0.0363471869049296	0.036078563711836	0.0360278981445504	0.03662508507837	0.0368727993388385	0.0363923532810694	0.0360308785254291	0.0360998794712486	0.0353525152848539	0.0358492849920586	0.0351821721407256	0.035179830051459	0.0353621793549576	0.0355231085042797	0.0348222684370927	0.0346603172064378	0.0348149553224388	0.0345781136882059	0.0339355720592049	0.0345008824655931	0.0345083088807653
ACT	0.0349126120108374	0.0350900810410985	0.0343528750958041	0.0343216755238043	0.0344555975313778	0.0344654507386686	0.034381031363471	0.0342440300859536	0.0343458896534838	0.0340796768535095	0.0352430584293221	0.034892149570809	0.0355667692646837	0.035343977735946	0.0347292112269812	0.0353340127539403	0.0347578717816559	0.0347659310162751	0.0350763377249061	0.0361104899790748	0.0361686649345156	0.0360657527494516	0.035965611626576	0.0352106703394122	0.0358347087981469	0.0359774552671368	0.03652366199991	0.035928227702648	0.0358776059351435	0.0366788932703548	0.0365339295462158	0.0365504200684978	0.036430093324048	0.0369380159073598	0.0369280392386061	0.0365761792361946	0.0365870822077824	0.0372016374540005	0.0371034746120002	0.0375676304502518	0.0370749146516002	0.0366345204161597	0.0364513158325747	0.0367155647450684	0.0369628620230358	0.0358077902247469	0.039109335616688	0.0468995830058664	0.0478246186183358	0.0463658941188163	0.0425109628692902	0.0409453187521366	0.0521709522318147	0.0514415573967213	0.0487680684990824	0.0366424673664162	0.0393362250955047	0.0379720265643483	0.0376277229347097	0.0376545679139585	0.0372931784828965	0.0374503073013957	0.0382480061805576	0.0373296615105012	0.0380221076614555	0.0377443159028045	0.0370265255731718	0.0386726219822508	0.0375188337296701	0.0381702639128576	0.0375394880296299	0.0369969963501711	0.036954117110871	0.0369023610377449	0.0368859966073004	0.0373051086379148	0.0368957067224143	0.0370495154255778	0.0369948900115784	0.0363802874537145	0.03691414144801	0.0364319377173556	0.036990500838132	0.0364626495132736	0.0359244670320026	0.0361847150613348	0.0360569562274644	0.036949276761449	0.0357352818822132	0.0368204655645262	0.0354947973047848	0.0361677220174272	0.0362948329733074	0.0359772438351049	0.0357665314681615	0.0365247029860086	0.0361452240403557	0.0373073180736327	0.0352153006411186	0.0357378562669448	0.0349884285493655
AGA	0.0286168187523274	0.0289099373531786	0.0290325301594039	0.0295007185790049	0.0293082884102671	0.0292408529388497	0.0292995190878134	0.03000598717391	0.0304899823205573	0.0304407332930212	0.0299380347793094	0.0291582940164201	0.0300006424556364	0.0303348869837167	0.0302594389503473	0.0306268781556023	0.0300527101446339	0.0293403220482626	0.0309992711549873	0.0313087690155839	0.0309588463088747	0.0309033576491998	0.0308865353564428	0.0306273054895534	0.0306001260272007	0.0310030104433881	0.0311621907244511	0.0309091287084015	0.0312153111557339	0.0318691458334836	0.0312803097658806	0.0319856076647648	0.0320915417116436	0.0313081274004366	0.0323251750250737	0.032247397752994	0.0333415098991133	0.0322497767720548	0.0327429427940386	0.0322105451278436	0.0329638024838927	0.032236406357685	0.0322191351147672	0.0327796486421703	0.0332210279479039	0.0324782640867675	0.033306141048251	0.0344736902496553	0.0319511207976197	0.0356154939857257	0.0473715914245181	0.0469259029990083	0.0372284721013513	0.0388224721520959	0.0399237673658464	0.0319002948466977	0.0339241074735783	0.0338659800065901	0.0334475562382935	0.0325988579781466	0.0330707378464315	0.0327615701789996	0.0329849575447241	0.0333379101087732	0.0321517425209054	0.0324317565541455	0.0316429521696667	0.0321431073135371	0.0323446515964956	0.0315129325860537	0.0306695941313771	0.030346845776575	0.0306490562464185	0.0307354677274555	0.031712685959764	0.0311113631420993	0.0313358488445128	0.0313189384566199	0.0308762619714362	0.0303478661694696	0.0307098017773914	0.0303539680761681	0.0303849965562854	0.0298737370373582	0.0294052876274273	0.0294279162064004	0.0300833677324271	0.0295754796563104	0.0303453574833048	0.0301423054943328	0.030169261541408	0.0295329605544517	0.0292448071372539	0.029735108600032	0.02914481004482	0.0292376342391798	0.0288658253122747	0.0292167935338439	0.0297892094485917	0.0300509811965714	0.0300979520287399
AGC	0.0328245238099767	0.0330162017585871	0.0332992469336751	0.0334420374324094	0.0332058325712303	0.0335499317346888	0.033038475172042	0.0336326219603943	0.033222218964746	0.0336623587625247	0.0335479126215215	0.0334412727824167	0.0332856511186896	0.0340737956882315	0.0339635285604914	0.0340067595096011	0.0337816787257323	0.0342608558074571	0.0341057516697385	0.0340819866804015	0.0344086232866488	0.0346075833850216	0.034324244473634	0.0345110884032548	0.0346124250681987	0.0351079013560169	0.0350958625765351	0.0348817108410238	0.0354761234955144	0.0351866967837594	0.0355648667984349	0.0356081020438721	0.0353658373957222	0.0360377827245113	0.035234548431594	0.0356408071154869	0.0348628230960058	0.0353988715830788	0.0357272831967545	0.0359068950150828	0.0366230734670739	0.0367161757285644	0.0361349096882102	0.0362561551441989	0.0368383920096037	0.0376313986731176	0.0362815664068042	0.0344467313373675	0.035536044200687	0.0314558415758683	0.0314498985618634	0.0293853269210493	0.0352640934545374	0.0347686482544471	0.0353561412625269	0.0358873964694519	0.0387113739496568	0.0377452006437559	0.038177086391632	0.0371628555223516	0.0385209210694066	0.0374298469758809	0.0373097667486913	0.037313146287325	0.0372584372392434	0.0369791119085154	0.037064724887163	0.0367430693602154	0.0366802703259877	0.0370082968008948	0.03648901691867	0.0371101766756833	0.0364253245629333	0.0365205400108291	0.0359623640271423	0.0363605252973363	0.0362977391844855	0.0364547714345232	0.0356675125916116	0.0359718464539693	0.0354091384986565	0.0358701212989554	0.035205769515903	0.0349081039724995	0.0352758651386968	0.0350922703197191	0.0348540518851682	0.0351524718462336	0.0345220530335938	0.0345887418214288	0.034581349003616	0.0348563704441287	0.0350612749756953	0.0344011376313631	0.0345222280010855	0.0343203606838528	0.0340770552401087	0.0337057501837225	0.0340408378788478	0.0337554698265878	0.0335927290674492
AGG	0.0305172815288798	0.0312610428456323	0.0314895635335925	0.0316389378102412	0.0315049539601543	0.031106365317136	0.0319003708301251	0.0318395627823218	0.0317956610815253	0.033016013683886	0.0323556060088784	0.032478778575346	0.0333977579761897	0.0324141890407796	0.0328524901249865	0.0329855047001805	0.0330142922039062	0.033164018452927	0.0335126005057017	0.0332923180810896	0.033968142708639	0.0334214991182497	0.0349650814882505	0.0344202827075791	0.0342201883874361	0.033779987451209	0.0342397368807349	0.0344338671097743	0.0342172261584279	0.0340802442802021	0.0353369595941801	0.034781770334209	0.0351801178942318	0.0355264996905931	0.0358864610711237	0.0358557018942997	0.0351142903199871	0.0360050148065532	0.0353331466574893	0.0362686513492723	0.036314571285337	0.0365770837789813	0.0354255223114391	0.0368155953133797	0.0359391187950188	0.0340903956286828	0.0296010458736216	0.0328901388796069	0.0322922140069684	0.0366211669158946	0.0356714472866328	0.0453879363236636	0.0340670556692458	0.0326361003874898	0.036203054190599	0.0332610278545212	0.03854530414182	0.0374187893464449	0.0390200727348491	0.0381451402347609	0.0371421299487701	0.0376664899373395	0.0369024769075007	0.0375066690395094	0.0358741014197259	0.0362524657293216	0.0360952913143084	0.0365419036004863	0.0357870135907174	0.0364842604221774	0.0359368528924415	0.0356941691215886	0.0358288219215085	0.0355486182210064	0.0349749205075134	0.0354336566189091	0.0344963973466185	0.0349410944649956	0.0348081505223527	0.0347959004890488	0.0344516919202163	0.0354209707638258	0.0346826666647116	0.0354074758850343	0.0348130514667585	0.0345689044858208	0.034882882484399	0.0345965154253768	0.0339088549450651	0.0350836170517498	0.0364622277685419	0.0349262420588155	0.0338341494416819	0.0343368360573777	0.0341142659573133	0.032243100473881	0.0331254821647762	0.0335530845181613	0.0330308818883617	0.0338335190738803	0.0329809632697441
AGT	0.0290435222756482	0.0286553341730081	0.0289422578225622	0.0290307403487391	0.0289229202282824	0.0298239183041133	0.028838372846909	0.0297016133846203	0.0297420410976648	0.0301724170229971	0.0300346470510097	0.0297934187477634	0.0292356980767679	0.0298224445952887	0.0298194100158933	0.0294152884643972	0.0302059971704936	0.0298724417434308	0.0298725121060978	0.0300209495739873	0.0298615865607687	0.0297395194513924	0.0300425890996352	0.029842218507398	0.0296600700322178	0.0298183317672579	0.029878303125498	0.0303778556216481	0.0305489955173887	0.0302779442160135	0.0298496643856928	0.0306817612195243	0.0302348529520571	0.0302138788316886	0.030321538307661	0.0300327533944003	0.0304241927694787	0.0309963566607576	0.0310462009038151	0.0306680512304779	0.0313224049394632	0.0313650112490567	0.0313305052219831	0.0310284717371593	0.0319356696379537	0.0302304892362353	0.0343390832577179	0.0307489222103926	0.0290325288313582	0.027855601274071	0.0329045684294123	0.029314515640142	0.030649540021765	0.0294576358106164	0.0301884098355919	0.0301433425915584	0.033988108413283	0.0335763344387841	0.0331090151769418	0.0319876501400029	0.0322252028360282	0.0322397208922056	0.0314594170552081	0.0321172671256452	0.0315303272697188	0.0324279082343904	0.0318220271367527	0.0316824960302235	0.0315255150623493	0.0319824244775772	0.0318878143994436	0.0314221219870467	0.0316985534335397	0.0317236342649748	0.0309560518356655	0.0315305034047017	0.0307131052672639	0.0305756093155646	0.0307850671493454	0.0305421418764402	0.0312410340096258	0.0309676151832698	0.0308939944344775	0.0307356776129911	0.0310614579314044	0.0301937232499612	0.029738632865508	0.0299191817327164	0.030327624661133	0.0300404645306416	0.0299532813259081	0.0288087860508009	0.0296966563057771	0.0301266781726278	0.0296218422575156	0.0296890578914163	0.029958195699139	0.0290042962319806	0.029249962950645	0.0295306870941866	0.0290887645638954
ATA	0.0307940423907931	0.031486424708924	0.0317344176220882	0.0323923438707043	0.0320439538466363	0.0317652472261038	0.0314898637425204	0.0316013787551919	0.0316647787501154	0.0320473339891158	0.0326772546800816	0.0320426887939882	0.0323266729110725	0.032047905022429	0.0326679343009015	0.0320865965113689	0.0327995659286115	0.0326319444322721	0.0329992687547952	0.0324887991678412	0.0329372024883882	0.0329824140990249	0.0331664336569122	0.0329793658873511	0.0332372921111772	0.0329199826543087	0.0336546276515336	0.0337193456785924	0.0340092320179496	0.034039479395667	0.0334360456569819	0.0335966036400084	0.0343472463917084	0.0344326549269788	0.0344899939840246	0.0343724899274437	0.0345897008368291	0.0346929773721012	0.0347349347538316	0.0348601398752076	0.035020676050506	0.0351669973053883	0.0349027797993694	0.0349272658320224	0.035303558314635	0.0368335204072867	0.0357563672067139	0.0323538269506478	0.0284835982989588	0.029673502360967	0.0242396708495082	0.0379741750623463	0.0318391709048124	0.0319261946024116	0.0305076981024006	0.0309832770606702	0.0362668640612542	0.0358872189140586	0.0357901835015288	0.0358603413814334	0.0354991552993769	0.0350748663753169	0.0352687242347009	0.034878404292212	0.0345213824156115	0.0340727693625663	0.0342976770119296	0.0346089961927861	0.0343768921457184	0.0343798790667315	0.0340308969169124	0.0337613768185359	0.0337247026448603	0.0335598942998003	0.0343604427426598	0.0335609781014615	0.0339081699234902	0.0340055816951113	0.0333001794533379	0.0338150577096611	0.0338593318837791	0.0328716552491115	0.0333571363562763	0.0326202651857184	0.0329300546244074	0.0323328706471375	0.0327297869371378	0.0323335325764334	0.0330281465497894	0.0324725671136213	0.0325560124923541	0.0322060872015169	0.0316879257172832	0.0315120183757108	0.0321753479828061	0.0318197928057719	0.0315938504116543	0.0318849878641281	0.0316508509295425	0.0319106443118627	0.031765304550027
ATC	0.044341141985948	0.0438877564303578	0.0442778064323536	0.0440609376535489	0.0443295307125538	0.0446512431960449	0.0452181784390763	0.0447025136933693	0.0452577570155782	0.0451771492838577	0.0450951948445116	0.0454790673868604	0.0455057152344942	0.0454963214853568	0.0455075697658776	0.045740917918172	0.0460542420528812	0.0459852461265849	0.0458335217644898	0.0457171873465607	0.046450215216318	0.0464899808716354	0.046955765096879	0.0473328855660692	0.0472378784903884	0.0477153397957967	0.0473099182197779	0.0472003197301043	0.0478149896584256	0.047399125354239	0.0482059381471967	0.047107390155023	0.0482289050296576	0.0480999552951484	0.0479923461555245	0.0483590031249827	0.0481928939881058	0.0480933890848142	0.0486376974343557	0.0484484428987821	0.0485626478010385	0.0491163953942812	0.0502778331826967	0.0496228671117048	0.0504746651991237	0.0532678495100681	0.0536628145229229	0.0558963612172613	0.057975021567634	0.0577185049609668	0.0315442871206864	0.0521713415953101	0.0538846560059644	0.0511467943165286	0.0457982608102589	0.04552840583407	0.0515607207957317	0.0507893205362918	0.05098121164089	0.0510853295087493	0.0505036162385101	0.0500466515237081	0.0496597502087734	0.0495430777248119	0.0503346292628549	0.0494532221771846	0.0493493022261098	0.0487461358960831	0.0487308201039028	0.0486168436838295	0.0487871530196651	0.0487807004692748	0.0486770732995935	0.0490705338643139	0.0484258728106864	0.0490557306511256	0.0483217886181334	0.0478415784886651	0.0479592845228723	0.0485420531601063	0.0477005608761662	0.0479003898241274	0.0473344535630347	0.0469743426862541	0.0475038126275818	0.0465854311086885	0.046074253814884	0.04634041364641	0.0466083784926933	0.0469950864988452	0.0471043503025561	0.0470034916764978	0.0464763570540711	0.0456428653837199	0.0456400455122198	0.0457375875776631	0.0455179367893511	0.0450700598347803	0.0446143178379445	0.045630718735962	0.0453045555210501
ATG	0.0391008337844802	0.0391506603991581	0.0393965727539576	0.0399234564025727	0.0399166451414698	0.0401612786887624	0.0399115007079225	0.0402427905132957	0.0404355303027115	0.0405763188930152	0.0406979156096479	0.040584968245194	0.041090397770172	0.0411601637664296	0.0411761376955913	0.0412875771632874	0.0408977232661382	0.0416541340332768	0.0413958757735203	0.0411703383517108	0.0414572186776099	0.0413731957989522	0.0416037412982451	0.0417480093948138	0.0414570385626345	0.0418876780809961	0.0417317135507534	0.0422515130446591	0.0421846378012239	0.0416654469496034	0.0418495037238604	0.0423852212618782	0.0420558339427617	0.042196503137206	0.0427387732474585	0.042475501463997	0.0425420719527238	0.0421822008798417	0.0426205657352945	0.0429665076529997	0.0433111287171779	0.0438287767064891	0.0436902501184519	0.0444529866167935	0.0452026363707248	0.0450711327287158	0.0482760305905031	0.045526240068369	0.0457294262562005	0.0504757885116842	0.0769953968682211	0.0287216431208819	0.035993294042537	0.037173219441173	0.039486259112671	0.0342119380642095	0.0413087071334348	0.0406834260262355	0.0397525350998384	0.0400124997758865	0.0397149573002157	0.0395374178636596	0.0395593904647415	0.0397496384582397	0.0392772298420111	0.0394466927807299	0.0394328239311191	0.0395739485542788	0.0393228826178439	0.0390560995184781	0.0386792794854876	0.039236850505128	0.0384723577667987	0.0384745824108482	0.0385640575362654	0.0380443216372098	0.0384878240465832	0.0386880042934985	0.0384835468410703	0.0378600901340274	0.0381098963102498	0.038297553637421	0.0381238223807657	0.0379922161246326	0.0377164386218416	0.0376352778618778	0.0375793262772342	0.0375012091453501	0.037483994334926	0.0375982812120093	0.0372759954051953	0.0374306226805554	0.0369230487529147	0.0364358695278727	0.0369143298279735	0.0366873422395425	0.0365098135954154	0.0362762398949877	0.0368830678482306	0.0367719979729565	0.0361975629238011
ATT	0.0386649518923641	0.0389403586540859	0.0386993939800009	0.039075907060119	0.0391711683482824	0.0391875464502687	0.0393992567878711	0.0386793458820028	0.0398222123329083	0.0390043275740785	0.0398545439901804	0.0396829934822169	0.0394413768073014	0.0400109586017783	0.0400297677912944	0.0402869506206603	0.0400421109671443	0.0398314974122419	0.0402845901046929	0.0402994771618329	0.0403612620379149	0.0408813401326832	0.0410469076278166	0.0409918148101207	0.0412465938645947	0.0413336435496751	0.0416271147338032	0.0411056579627117	0.0411988100618259	0.0415010079550862	0.040934656925409	0.0412171264421421	0.0411088698938079	0.04093231641349	0.0414305280321312	0.0422288302325225	0.0417595591056525	0.0416158715995166	0.0417851122749961	0.042301065111049	0.0419665985314117	0.0421609883118303	0.0431742194928426	0.041938928339186	0.0431993928338927	0.0435221820573864	0.0456543360738686	0.0413851174968673	0.039486993040508	0.0340515350653207	0.0223640582238129	0.0416641502502398	0.0411822153872478	0.0394338898833705	0.0358359583105937	0.0368401526503852	0.0455055863637997	0.04436781747376	0.0438812002153277	0.043688513714553	0.0431990672901877	0.0430983014523999	0.0426751088512028	0.0433637040709233	0.0428427243775967	0.0425564222338512	0.0425904847606617	0.042348373651695	0.042925432124866	0.0421579153114798	0.0424684816318095	0.0418356389614933	0.0418297502399279	0.0418274014278916	0.0422959297322139	0.0418367533015054	0.042736601553859	0.0418512073725275	0.0413771241258799	0.0417996516550503	0.0413466480026542	0.0416109745876238	0.0413157651874717	0.0409456651642759	0.0404222841478731	0.040102157095084	0.0409933673869114	0.0403134197691423	0.0402367155211831	0.0407273204086709	0.0403329657838365	0.0406320401677854	0.0403645697905074	0.0393236031089617	0.0398186393369481	0.0401489225935334	0.0405406278873217	0.0391085192995871	0.0396673617692285	0.0398042284456424	0.0393545726380309
CAA	0.0312805198711462	0.0306539650120909	0.0307496402725681	0.0307043876229056	0.0308199738221136	0.0311804495938591	0.0315150619952495	0.0319622146943562	0.0320528441420339	0.0312990831218553	0.0318137623983469	0.0315697491651333	0.0312687007629875	0.0326111055183363	0.0320498030218703	0.0321006954281719	0.0326791908789337	0.0322140123521333	0.0326455329264374	0.0322291608524654	0.0323115353450443	0.0324988270304677	0.0323081429999698	0.0332278476445196	0.0323396633034763	0.0319847762748963	0.0321519277398882	0.0322323084512282	0.0325700897029116	0.0331070135200657	0.0334632662671866	0.0330562397333928	0.032644050890581	0.0321962315630163	0.0327110790939903	0.0327937917249486	0.0334268680372453	0.0325957717798507	0.0323152663516382	0.0331863089680599	0.0325212125272324	0.0330672099891658	0.0329274864949229	0.0325676374714272	0.0321169795717742	0.0330193674072789	0.0370523818631617	0.027197036806658	0.0241471204469302	0.0263752408135914	0.0275135904668634	0.0289026243174486	0.0327415338860013	0.0336136507563647	0.0332649813192069	0.0329292179462045	0.0343237931007914	0.0334509061963455	0.0336639834680222	0.0339610286912271	0.0332082926382199	0.0336806272483565	0.0346970941244416	0.0335005561195715	0.0335903033686813	0.0334718670899154	0.0337755469667022	0.0331543273587055	0.0336151510613005	0.0340524143614468	0.0335551654955788	0.0340608395587345	0.0329657731492228	0.0323202612676184	0.0325270259130612	0.0328892259791474	0.0333536320462077	0.0328715782628826	0.0320766743843006	0.0324666138897358	0.0327398556913227	0.0322789790744857	0.0327511699646022	0.0325156243782515	0.032612870539823	0.032757547720702	0.0317817567058944	0.0319973846045782	0.0317604616671486	0.0322059820630541	0.0314900822702432	0.0315173999047786	0.0318439169697073	0.0312087546239781	0.0317227236720575	0.0313605305358328	0.0309012904458098	0.0313149374030704	0.0317312175292382	0.0320982218010648	0.0322543141098976
CAC	0.0355003576471487	0.0358541826907676	0.0358852932455301	0.0358219876823038	0.036797689825073	0.0361504011150065	0.0355429123293928	0.0365524467429279	0.0365867841813048	0.0366329456306053	0.0365616868102488	0.0364238922633778	0.0374352843600569	0.0373628406781746	0.037255769035584	0.037476463589221	0.0377727552497524	0.0373397946219155	0.0372180127229793	0.0371452266327627	0.0375033182244571	0.0382685302856716	0.0377885995110221	0.0381437252337905	0.0375878696074628	0.0376637397219654	0.0383891331045941	0.0381237915464916	0.0382327096535127	0.038767003099003	0.0386182052247262	0.0389854032714567	0.0391142876075166	0.0391711071959275	0.0393756389353693	0.0390796177320129	0.0390533100993078	0.0399322340421191	0.0395806746924797	0.0390606746595393	0.0393105116539726	0.0401151883337118	0.0392134119900979	0.0395580744491481	0.0406064546298198	0.0408238446413413	0.0472284497648051	0.036109857837159	0.0341067844517262	0.034957926695446	0.0400575108957571	0.0345635458878652	0.0439460329300251	0.0420195018235406	0.0412019575898442	0.0389731791811421	0.0410727618889185	0.0407763333162963	0.0402646535752394	0.0399454547146309	0.0408262041869148	0.0406008194670783	0.040275258822669	0.0399622570736869	0.0404209533428599	0.0398220002202165	0.0399400770816614	0.0400307031472956	0.0394744418834275	0.0397196488943631	0.0402153959543552	0.0406503413984872	0.0395716619155765	0.0393390415648324	0.0396776024877757	0.0390561575574831	0.0391741839636855	0.0398143485392772	0.0390885941516813	0.0395283385381603	0.0396041431531043	0.0401334110149519	0.0385457870238459	0.0382739857656046	0.0384425883747918	0.0380476979905291	0.0380851600776563	0.0385469388395756	0.037755179290687	0.037967411443999	0.0380771424415464	0.0380745080191212	0.0382766978705919	0.0379473681000368	0.0369573034125743	0.0371294109962264	0.0368087252476442	0.0365688200798045	0.0366060932201323	0.0364679233254629	0.0370414342206587
CAG	0.0354130126398619	0.0358056046825421	0.0356641591446588	0.035884393750032	0.0362217945845426	0.0367616780947327	0.0360730343513625	0.0362605143951528	0.0365966847717685	0.0370127140508109	0.0368444220354694	0.0361920686354307	0.0367708151849543	0.037095827124776	0.0368116255469428	0.036931813423051	0.0375574230351979	0.0373526788552418	0.03761019655838	0.0374224570517102	0.037280531206984	0.037414975641261	0.0374955100107797	0.0374602152832622	0.0380232690669428	0.0375991655593928	0.0379280985809251	0.0377160301411349	0.0381828748731002	0.0380374476505432	0.0377120211408695	0.0381609503119851	0.0381851898738633	0.0384238557026589	0.0388253175031633	0.0382948270772576	0.0381401270415494	0.0383471053605298	0.0383618970260528	0.0384652605653636	0.0386132380612682	0.038574911337215	0.0386840408226341	0.0391716453431727	0.0386417839875084	0.0373004268803534	0.0413076512038194	0.0313789191336738	0.0320089495215624	0.0370422287662578	0.031364485482309	0.0320894455739551	0.0381207862961992	0.0373421462861289	0.0405786880331788	0.038373665401178	0.04032334252946	0.0406524446703546	0.0401975347791932	0.0400105156583204	0.0405159811587344	0.0406465081425567	0.0407848962073781	0.0404600419889231	0.0398015902081098	0.040103821033684	0.0398004444945131	0.0398646443690201	0.0397828632984108	0.0396156525812357	0.0401844646770974	0.0396679166618167	0.039515367415203	0.0395116422982522	0.039504069624217	0.0392152229361425	0.0393008769032712	0.0386086679162396	0.0388253421660732	0.0386553305473092	0.0391162808536168	0.0389332850539738	0.0390553295354333	0.0384551865378516	0.0381468571885394	0.038866814027581	0.0383173999766762	0.0382441073323345	0.0383337326349901	0.0382732546444285	0.0380665057713994	0.0379184535584691	0.037885977325292	0.038169019465136	0.0379513527707537	0.0377228935198757	0.0376082467758021	0.0372613337262277	0.0371438431375439	0.0370199273117068	0.0371064700808971
CAT	0.0321198273925663	0.0329972477863283	0.0325535898860821	0.0325139720846867	0.0326256043923855	0.0329792857976844	0.0328065827745826	0.0328576894747293	0.0326621844055963	0.0326116478885285	0.0328144394860259	0.0339109323431713	0.0330485206869951	0.0336700020961183	0.0334715943996624	0.0338580938083668	0.0332896025054746	0.0344388977490499	0.0339561856214765	0.0348123421062173	0.0348806814557649	0.034185247874494	0.0337414573257935	0.0344705517166417	0.0345614919085945	0.034315628100952	0.034476434499192	0.0351036730931569	0.0345234968921931	0.0349565006792226	0.035380014105645	0.0348720762995416	0.0352581974885205	0.0350264277036402	0.0362285864451491	0.0347730168744966	0.0347906272807145	0.0350021182083234	0.0347227145147081	0.0349602010395345	0.0351435547065605	0.0339155603599196	0.0344713841027827	0.0350182738478081	0.0354604551441525	0.0344639834756728	0.0402343606182121	0.0291719512567958	0.0275375453966383	0.0290763575585506	0.0451142296844311	0.0272448335096039	0.0343490296538135	0.0335524868404933	0.0328305460784333	0.0337080403488028	0.0360010104155518	0.0365608396755604	0.0358581205111926	0.0358750520128771	0.0355479756216803	0.035370036987614	0.0363599644633707	0.0354057452725588	0.0355042501102292	0.0365384380484784	0.0360920770526242	0.03607184029855	0.036296483419468	0.0360860145288651	0.0356533316095731	0.0356972543644369	0.0355149201516873	0.0360746717826183	0.0358211032054935	0.034700165287092	0.0353223683043777	0.0345406446238672	0.0345179783320477	0.03473408014942	0.0363663923597984	0.0353132827305872	0.0347445881815008	0.0356467808445664	0.0340676896111951	0.0350306510992808	0.0344106053353858	0.0341813870734864	0.0341013492062788	0.0350943245548258	0.0341127615735967	0.0332713708862576	0.0337111835040605	0.0343835911999795	0.0331001287314118	0.0335306681336182	0.0337977518191211	0.0339145354391547	0.0342001243614853	0.0332374499496121	0.0332940278663195
CCA	0.0328129297909282	0.0326804636700961	0.0334857867192129	0.0327720001599071	0.0330017082899904	0.0330994966333494	0.0323956284732602	0.0329938957943975	0.0326335734975276	0.0333544615901539	0.0330041317508561	0.0336040760339538	0.0330251526569022	0.0338714970102081	0.0333335668683102	0.0330845654744739	0.0335766320820357	0.0338738051609422	0.0334430380821688	0.0339599838906905	0.0342264142687884	0.0341552174754221	0.0343376635211602	0.0342321256597844	0.0342956895426069	0.0348536612453805	0.0350002934106595	0.0349252371852228	0.0356998582972152	0.035204486129349	0.0363566870265918	0.0365254662990612	0.035974084028956	0.0359274834827033	0.0358391445123473	0.0356296005689551	0.0361884178074118	0.0360946219255802	0.0361054082873017	0.0363431851613492	0.0360545007443137	0.0358853843497139	0.0359756647834289	0.0355911225695568	0.035944574625575	0.0363567846694521	0.0344521557344826	0.0308950085115207	0.0363009133509276	0.0409698686730876	0.0465513704134588	0.0633284802873971	0.0428720616089292	0.0381160451482741	0.0348669214569859	0.0412666184836791	0.0363247940279039	0.0367422940437986	0.0359621787803665	0.0373399700775449	0.0372779721085485	0.0379087441531618	0.0364425834033229	0.0357170789988755	0.0362396062189496	0.0360044257189063	0.0352971352762884	0.0354862233220999	0.0364312060131572	0.0362080420853324	0.0360430307406725	0.0360467945609882	0.0362329069631328	0.0348952055765081	0.0348753816283349	0.0348833065681094	0.0359058421589728	0.0355283430841659	0.035984655242705	0.0351472730690883	0.0350715928537607	0.0346872869617979	0.0343980188397489	0.034672483126125	0.034592002966069	0.0340437039230914	0.0341196415960471	0.0341534048339336	0.0344524825603737	0.0344543583843289	0.0341153033075614	0.0345109200610226	0.0338381449470557	0.0347975215467091	0.033723258080663	0.033781104728394	0.0328406426983561	0.0328192710811798	0.0331422567840451	0.0322560280530242	0.0337758658185386
CCC	0.0382669477686745	0.0390579996874627	0.0390452087338611	0.0385722768674146	0.0392668660624	0.0389405043340709	0.0390362932981878	0.0390960548262589	0.0390613793314938	0.039595034424861	0.0395796448508566	0.039837705778917	0.0398163044252511	0.0398464974601561	0.0402119086828407	0.0404386675610629	0.0407208266192667	0.040561568242898	0.0399970646767807	0.0401497072233806	0.040577516995198	0.0408668827325722	0.040553804004069	0.0414911637070524	0.0411942168965701	0.041698409631353	0.0419083932783501	0.0420487131087481	0.041720182095064	0.0415957353264187	0.0423269753153407	0.0421241002808031	0.0425425983629433	0.0426267688277464	0.0427245305574958	0.0426929011628425	0.0441370074162138	0.0428081930641853	0.0434582414188268	0.0432176321357775	0.0436005416317108	0.0439392547008154	0.0432006705703262	0.0433307300721355	0.0429470868556007	0.0456761472554611	0.0420692448781379	0.0409669235214076	0.0486604038423804	0.044811505770709	0.0546815406335649	0.0427312157601277	0.0501599565079922	0.0444869096897011	0.0399832959787354	0.0506116448773893	0.0452845207963843	0.0444742582484839	0.0453306167842067	0.04560620481422	0.0452989820896012	0.0445265637957409	0.0446096140889114	0.0445071541609861	0.0449108695716156	0.0444574413449675	0.0447099045201739	0.0440133751169389	0.0442087007802981	0.0438368073533419	0.0437092643377971	0.043771284939495	0.0438837566786248	0.0436630894643723	0.0429601232831243	0.0437961571598184	0.0425364634913138	0.0434150797081843	0.0426391447906562	0.0433376852350162	0.0425857954806825	0.0428758593423535	0.0419749285825546	0.0423954063865862	0.0417968784679215	0.041708832226615	0.0420375424225883	0.0411994485027511	0.0410749419229361	0.0413443272705722	0.0415440525300629	0.0416349692778815	0.0409793188403371	0.0410411288052767	0.0411650100336949	0.0403819548143271	0.0413162427696494	0.0405567167848355	0.0401751173324638	0.0402588981248714	0.0399238267289966
CCG	0.0339549678595199	0.0339480643146369	0.0339429825881597	0.0347081855294648	0.0346279994740018	0.0346855448336299	0.0348108155585407	0.0344342000744685	0.0355462998695285	0.0346094929094888	0.0352276537768375	0.0352469907376015	0.0358642753060587	0.0356925035897702	0.035745686221305	0.0360768530091688	0.0359885290556863	0.0362821856670833	0.036059275330332	0.0363058387206293	0.0367312827022234	0.0360062618962664	0.0363763401760415	0.0367678914121521	0.036423868381487	0.0368844091829723	0.037637060750602	0.037187501790845	0.0371283032880877	0.0377298892351843	0.0374730070732401	0.0376703513349714	0.0380813374570088	0.0383442878932377	0.0384323251948803	0.0374900608917694	0.0377541786896367	0.038357797513322	0.0383423180860527	0.0381176245193724	0.0380491021345494	0.037660661598154	0.0375710952821391	0.038051208308349	0.0378217368093657	0.0368370887688428	0.0395598263747251	0.0390332888553982	0.047703524214875	0.0570109508387038	0.0571077274485223	0.0512605881023502	0.0456644151944113	0.0389702883525375	0.0389152005093498	0.0422003325884208	0.0387834439491098	0.0387155890002766	0.0388269426658449	0.0389126033056791	0.0386544990146886	0.0394387474491192	0.0397382396492143	0.0390278636947356	0.0393232632147499	0.0390500623376283	0.0390259948729044	0.0384270844575184	0.0386124233189311	0.0388720679941709	0.038417653658363	0.0381549226533252	0.0388799028084626	0.0374631354474225	0.037328895434206	0.0378634706016519	0.0373957006436622	0.0380844300275057	0.0375940049254449	0.0373545792044381	0.0375351601358501	0.0368685656059093	0.0373146392991549	0.0367441018382588	0.0376606154539625	0.0371309919445605	0.0365384453284711	0.0361517172565231	0.0361958288404218	0.0354650949023589	0.0361284494247806	0.0356621381676157	0.0354561872220844	0.0354122090537719	0.035516280170884	0.036103946605783	0.0352701925108722	0.0351379189499449	0.0352052147136683	0.0355029165253276	0.0352695041739768
CCT	0.0324683749642301	0.0337057376092753	0.0328797804944326	0.0329943838711769	0.0342940255963499	0.0330045716120799	0.034408317774338	0.0333938311244704	0.0332742207976737	0.0338980036615356	0.0338093228132778	0.0337824002389027	0.032992671643247	0.0340935558835043	0.0339432870634608	0.0338466468998996	0.0337766635566116	0.0344383915553223	0.0343558926276439	0.0343901089749268	0.0340193131719504	0.0347113333750449	0.0350376367330069	0.0352479810409885	0.0356769601509036	0.0368775110640466	0.0354223431047983	0.0374043062690529	0.0356032209013489	0.0360467581887607	0.0367823943342602	0.0356416994190806	0.0369327061092718	0.036918292002417	0.0365916719008293	0.0373883592566089	0.0363771070914091	0.0375046159297796	0.0366362712267077	0.0364945676911549	0.0366834384284741	0.0377254364376882	0.0374535743981096	0.037530469076223	0.0366817019017464	0.0354395517295994	0.0391877988353574	0.0350645521029967	0.0431559789056605	0.0467089892034711	0.0596554144217704	0.0416529654388996	0.0500369425606518	0.0465737133951308	0.0424233170614028	0.0426595715351675	0.0391111539417627	0.0378446942377095	0.0364361143512474	0.038175020894394	0.0372900393747748	0.0369619935946207	0.0372400129128811	0.0373234664394119	0.0369858026024526	0.0375134514511564	0.0363459690016006	0.0371197943063241	0.0373093986514935	0.0366161980298279	0.0362429913819968	0.0359625313097105	0.0361589661521079	0.0370181237475361	0.0349742245651817	0.0353503885557276	0.0357725683101464	0.0360760487288241	0.0359495589753479	0.0359515106548242	0.0348883155812671	0.0356132048905719	0.0350331820441197	0.0358850750184241	0.0358787347771974	0.0358534097923031	0.0357551735509253	0.0356818405267062	0.0356153462792872	0.0360573156270004	0.0350928005603637	0.0343994533551355	0.0343520110125234	0.0342172151327138	0.0347275127253911	0.0339268243012847	0.0349418734207066	0.0353341895581273	0.0350076359658841	0.033818831933634	0.0339083938537637
CGA	0.0310803465586651	0.031057421044886	0.0319943902012693	0.0317342712007224	0.0315512968532849	0.0313842571719068	0.0315986836868183	0.0317882153731383	0.0313449412113326	0.0324102315706469	0.0323220082818291	0.0321205666326391	0.0325988210241817	0.0321002136751339	0.0319250591063025	0.0333446515084518	0.0325792113011249	0.0325022560644756	0.0327302188006153	0.0329583053345161	0.0327077278768434	0.0332874323020286	0.0331087831129666	0.0327294101536424	0.0332298037893216	0.0333978576942281	0.0336861482749523	0.034675045327917	0.0344971088860602	0.0334471447773277	0.0338408325245985	0.0342507128621598	0.0343731375009414	0.0341144487183035	0.0349450553500864	0.0341590316173696	0.0344662210548165	0.0346812615665065	0.0364475184838905	0.0347248742978671	0.0349223476930474	0.0350178566496563	0.0350416845654504	0.035811111303213	0.0349831160095684	0.035915051735731	0.0389025595393077	0.0379437094070583	0.0396200404357511	0.0391639578109061	0.0646754287648036	0.048425569151614	0.0445758325910924	0.0392144638901874	0.0412633261132549	0.0385162388211724	0.0355850624807692	0.035625277326433	0.0361250676791138	0.0360357519595036	0.0358086741606834	0.0366011444133309	0.0351485373411014	0.0353896620936096	0.0352918918321493	0.0355452902721941	0.0351363482600021	0.0351992390564641	0.0344416756672585	0.0347667544187819	0.0350968310656086	0.0346602171054975	0.0351190895697255	0.0345143696417422	0.034138934360269	0.0350591933590124	0.0347308731604667	0.0351224539465304	0.0343500750175029	0.0350674808936755	0.0342537398260566	0.0344612122634101	0.0340537997866294	0.0335551662100579	0.0346943234063751	0.0339272687386305	0.0330384152889472	0.0334657857434496	0.0341267567157868	0.0331768258567772	0.03360147153174	0.0338576082962827	0.032731122626872	0.0321735574867284	0.0328109043728599	0.0331318874168755	0.0324653212194206	0.0323763419477509	0.0326865880952617	0.0320397170486997	0.0327087499592829
CGC	0.0418327484085887	0.0417060501471445	0.0416450534772568	0.0421657283072385	0.0416760852170241	0.0424601334928695	0.0423543715177327	0.0421461699520311	0.0423127854383698	0.0424683493534569	0.0425846147966553	0.0429470333809166	0.0434249102070343	0.0433056353978289	0.0433334916269729	0.0431231604027556	0.0439438873646455	0.0439016255804899	0.0443728139112459	0.0440079171476719	0.0440641155254543	0.0443236577246429	0.0441969496379316	0.044640694202088	0.0448802660399812	0.0446667914209074	0.0445042829937028	0.0451528506860474	0.0453935582669375	0.0453822020072731	0.045214114070094	0.0461870136989124	0.0465368974191491	0.0464010667465166	0.0457436962770997	0.046490659878903	0.0465562268977579	0.046922822223899	0.0476230057546678	0.0472086540991469	0.0472969536717455	0.047658859380299	0.0476319238159501	0.0475951217972325	0.0475282696053963	0.0490872484340318	0.0491567636151609	0.047027230661924	0.0493319185564919	0.0427189804697796	0.0512427620659286	0.0516599120458995	0.0540716085907919	0.0468841420004373	0.0461443788063592	0.0511689643857653	0.0489276833954504	0.0491212704416102	0.049682045817507	0.0489213856151968	0.0487910057338505	0.0480262708537737	0.0477407186438523	0.0481235501536623	0.0476194936417504	0.0480403975830717	0.0482965012206847	0.0479454797366922	0.0474554272123909	0.0475827998949032	0.0476896126496819	0.0467203481522479	0.0470411141769825	0.0471820506951081	0.0467948698832948	0.0465681588552101	0.0461567383081902	0.0462290537095387	0.0459076064341364	0.0459694381506998	0.0462922380861178	0.0457910689058069	0.0463858707158127	0.045958540685682	0.0456054179612143	0.0453826274187463	0.0450513944976179	0.0444895014916043	0.044672164241897	0.0445879781661598	0.044125743225848	0.0443396125337361	0.044581600387149	0.0441854702462966	0.0445453882447383	0.0440211610064372	0.0436797817491575	0.0437436495706833	0.0432111477683837	0.0427822799406447	0.0432795498790095
CGG	0.0313515095917678	0.03205641208578	0.0313677958860935	0.0321281174820862	0.0324743938458594	0.0321552843182487	0.0325447333185881	0.0323789731391591	0.0325348186154924	0.0327329400848434	0.0329263155679634	0.0328695094221303	0.0331857146549963	0.033573911943468	0.0339414932061926	0.0337150489567773	0.0342137227061414	0.0338625900968023	0.0338564920918515	0.0338904562506597	0.0341875515052758	0.0342823493181044	0.0338120875087076	0.0338281907210463	0.0346549428281708	0.0344477224814367	0.0341793325209052	0.0344516960821352	0.0343679331200659	0.0339916974477668	0.03467420353996	0.0351846434355159	0.0353239327700561	0.0356409450168167	0.0362749134465658	0.0355645642870031	0.0358723251435577	0.0354266510361764	0.0362527033534998	0.0364820463466705	0.0363276003316442	0.0358339974733467	0.0368839765684033	0.0368321033131575	0.0352107559876406	0.0341963525795899	0.033081232583947	0.0337267153493105	0.0406406487651712	0.0410154440681535	0.0617990663202314	0.0499084972167936	0.040690531909361	0.0348814141730668	0.0378754490018266	0.0374489259752215	0.0357862963456864	0.0377423645239089	0.0377207959701491	0.0374818251586266	0.0379920997926287	0.037343976896238	0.0377573472411014	0.0369584211033611	0.0376087316752866	0.0368687140610808	0.0365394921476162	0.0372311194073763	0.0357576858739751	0.036252675844685	0.0362318564490516	0.0361050499256541	0.0353993190882805	0.0358038174061757	0.0360977133217803	0.0358136203380382	0.0357149982798373	0.0360720183568186	0.0354027292994445	0.035169724752146	0.0348035265133636	0.0352375768004406	0.0352783106405362	0.0351640648728373	0.0352003200263289	0.0347721161387729	0.0341647437923088	0.0339934662350748	0.033783367638287	0.0337892212210123	0.0341257496225076	0.0341954117151867	0.0326919118036252	0.0335857400108465	0.0332501763418458	0.0332653573618335	0.0334374388888272	0.033402640967509	0.0336304075787279	0.0334847826300236	0.0319788057231299
CGT	0.0434375636915486	0.0428881405748256	0.0431691456828893	0.0423267359006416	0.0426941612938199	0.0422199958228746	0.0440532610731198	0.0439853233349268	0.0443009025928245	0.0445011660591155	0.0444732164287527	0.044004165693946	0.0432603512454745	0.0434771179694323	0.0433226382096575	0.0433137373895414	0.0436107626572132	0.0430819490912952	0.0447920890440541	0.044400875422223	0.0443350013330065	0.0446321515910062	0.0442520054395512	0.0440442413085751	0.0453956606896768	0.0457339205311233	0.045167576584452	0.0458504811229867	0.0457898448733322	0.0454067331338414	0.0453359684984563	0.0460168754897287	0.0462785093595303	0.0455835222369413	0.0466609744740958	0.0463177159738365	0.0480199426106555	0.0474460623204658	0.0480737322119337	0.0474411621896641	0.0462980306970521	0.0480028623890745	0.0465313873384234	0.0473446786282427	0.0463459130421802	0.0459958112182846	0.0558384592059225	0.0512043277431974	0.0543437059137788	0.0452193829019981	0.063494253209086	0.0537698687821184	0.0572453401034397	0.0512150633031204	0.0504692123625517	0.0525872925625689	0.0482849041143221	0.0494664123342446	0.0490669285763552	0.0477947109315396	0.0474100725268992	0.0463516421345037	0.0473648779503569	0.0468818610602649	0.0481043482823083	0.0485029754344578	0.0478638266760792	0.0479015702794333	0.0468915784875032	0.0467716463158312	0.048129758178628	0.0471837259572612	0.0464402952737089	0.0474000046790399	0.0455066221995905	0.0466540125398304	0.0456552079292266	0.0453339992374231	0.0453234748393834	0.0446977027971308	0.0448681071847956	0.0445597147944306	0.0460575747954317	0.0446997472354074	0.0462591549356464	0.0460351861525302	0.045857480226501	0.0463341515098576	0.0457032401413114	0.0448650493381789	0.0441164913315986	0.0448394050121227	0.0439051768438174	0.0441839108100145	0.0455997853253003	0.0433513277564194	0.0431114383157138	0.0426152605991593	0.0426119953391418	0.0433017880574805	0.0425186835516507
CTA	0.0327785040327122	0.0327656397115521	0.0327729082059171	0.0321908614153582	0.0330931208775508	0.0330251269102497	0.0328614706988402	0.0330643074432241	0.0331247810439008	0.0331503314884435	0.0339549784244712	0.0335985279327101	0.0335611784071546	0.0345628164257255	0.0345279115462259	0.0341337241645663	0.0343076049203084	0.0345166503069224	0.0346673341046588	0.0346193126218925	0.0348682344898289	0.0349258859951542	0.0348521929931154	0.0344973693996326	0.0349307114933494	0.0353211354888946	0.0352887884268089	0.0349234380503952	0.0348388423688253	0.0346813297771158	0.0350792849984304	0.0358663617185472	0.0358570721992121	0.0352840771503812	0.0354466057637595	0.0361697894759629	0.0355798587216352	0.0355093028850008	0.0349852550995354	0.0359936419532188	0.0357373642176062	0.0353177341594113	0.0362542004949105	0.0364138235776647	0.0365138043429609	0.0378726461472896	0.0383990446292283	0.0349320114302167	0.0388190708146928	0.0404722797318594	0.0262021337352774	0.0325296064591406	0.0441455376231916	0.0402694025595795	0.0351868572815498	0.045584335974503	0.0356988662048069	0.0372619017735462	0.0382127302449056	0.0366113600220947	0.0366827212123666	0.0366396160176805	0.0358123646030294	0.0358393415178052	0.0369838947111987	0.0358529300471859	0.0357337848509246	0.0356312158254322	0.0351892457884281	0.0352175303478319	0.0360900710148765	0.0345087389390765	0.0355632375370202	0.034827689739007	0.0351980127627033	0.034518701615891	0.0340574961949797	0.034362252535045	0.0336107573851177	0.0336740549047276	0.0338894246754005	0.0334367476801733	0.0333117319751004	0.0334491041348389	0.0337976921516355	0.033602718383017	0.0331742575121505	0.0336770112966938	0.0333427057984325	0.0327518879798098	0.0329135877671794	0.0331003962530466	0.0324278790183904	0.0323941330845247	0.0326471788122396	0.0329167959661011	0.0323529996181895	0.0324633288411239	0.0324816775909252	0.03247437977412	0.0322095139023675
CTC	0.0380207432684886	0.0377459640472722	0.0374279488516675	0.0373448728921719	0.0377415539599604	0.0375149246645481	0.0378976208101206	0.0381432132041706	0.0382074426366037	0.0384573346912422	0.0382557351353207	0.0385130550923649	0.0389030824702281	0.0386436325911119	0.0391447806799535	0.0388094598125441	0.0386272037084566	0.0390049618578613	0.0398180378549069	0.0395283516014812	0.0407751020493672	0.0397066489437624	0.0400316488864174	0.040099125779821	0.0401087952240707	0.0400158891459566	0.0400843711205705	0.0400744350861538	0.0404751286699062	0.0403292219434796	0.0411647460671983	0.040534658451106	0.0405568500517831	0.0404509081083914	0.0403376217178796	0.041276596984716	0.0408212240017766	0.0418548488001797	0.041040487413946	0.0414966089579931	0.0415956763831812	0.0423180523324668	0.0425011361426363	0.0418248134744505	0.0420909868401762	0.0448942640088433	0.0468030383771987	0.0448973829289735	0.0532366861552517	0.0513795447512908	0.0336459707558965	0.0375790879578026	0.0589677273540373	0.0559437483939052	0.0494350633052519	0.0568797337662956	0.0442030132513841	0.0436797720930626	0.0458952659405705	0.0448437105429405	0.0441692535852569	0.0442223964090625	0.0429840984498643	0.0430899380287375	0.0429846558042974	0.042685183853436	0.0424093603560374	0.0423616345253745	0.0425547434159683	0.042024005905006	0.0419685184728926	0.0414845556751604	0.0418045521837618	0.040671112192435	0.0410801525512482	0.0411093606411575	0.0417202014846212	0.0411003581764506	0.0405954459878268	0.040984642285904	0.0407355665535698	0.0404043340426105	0.0401816758964484	0.0402199605537231	0.0402149760398169	0.0399389667513176	0.0396412792718133	0.039309383227147	0.0394950790153637	0.0386292335770613	0.0385209181505389	0.0384243376638135	0.0386589055535978	0.0387362122363883	0.0390942443698778	0.0390621900371744	0.039718879435016	0.0390842747970186	0.0387326969564345	0.0384707599530986	0.0377680396782354
CTG	0.0400066705013589	0.0401408863075059	0.0404680195447297	0.0403826695426353	0.0404795003088524	0.0404265349885938	0.0409658892034231	0.0411138731855198	0.0412934747693551	0.0408169673706553	0.0410769980843623	0.0408522559667761	0.0411147521083391	0.0413552304954855	0.0418801312587065	0.0415811889578576	0.0412796054843385	0.0418483011557322	0.0416696184443856	0.0420311707086105	0.0426040115130433	0.0425511747346063	0.0430082523714964	0.0430908164183647	0.0428113967196684	0.0427215005474784	0.0429243585753218	0.0430359552499567	0.042921938910406	0.0430086175979927	0.0427925699883788	0.0433874875853505	0.0431078449796566	0.0432762894100253	0.0435948492548054	0.0441774402745193	0.0438910456848042	0.0441646320357951	0.0446141711705258	0.0440153614894974	0.0440028330731256	0.0442568444939214	0.0448763973325641	0.0449320834192762	0.0449823960369641	0.0439060927266944	0.0464901823639027	0.0436538151346569	0.0554237120621887	0.0615499146206924	0.0487908035605928	0.0485110717972477	0.0640233357027977	0.0608426577256265	0.0608787124471322	0.0554421591047342	0.0459977221218966	0.0464663135576041	0.0471879616506783	0.0468250564390097	0.0460267853121506	0.0459390748286684	0.0464768308628668	0.0456366013631034	0.0447557227473617	0.0444957512649072	0.0445389777161482	0.0444930894767131	0.0442745478891635	0.0440636932180345	0.0437661586014142	0.0435576311063128	0.0436341564272262	0.043723382957925	0.0433829039234707	0.043350785584438	0.043621578277064	0.0429956047223761	0.0427381882991357	0.0424396776083948	0.0424644255522893	0.0424964889628783	0.0420694561542527	0.0427442030319885	0.042132990739253	0.0422611958122271	0.0420533479349714	0.0419130345235183	0.0416780052423284	0.0412815482571347	0.0412974467959154	0.0412123868687136	0.041072691708247	0.0411144040449686	0.0412032592208105	0.0409842231180962	0.0411498227527292	0.0409962130118711	0.0409059982326743	0.0407424669990511	0.0404817741615678
CTT	0.0350498355049402	0.0348654129544356	0.0352819620225457	0.0365559395849869	0.0359479748853873	0.0364623589670217	0.0355741021536313	0.0351913635943538	0.0356784595221876	0.0358906753384884	0.0359822730592929	0.0355976856178773	0.0354632261996479	0.0362991323814577	0.036380617871668	0.0358866742626964	0.035543146340573	0.0366684009590292	0.0365236265373074	0.0373467279736957	0.0361964910237268	0.0365816334616997	0.0366366135444005	0.0365863272135975	0.0367930972524381	0.037017584076519	0.0370373811339687	0.0367791783592614	0.0371868943872405	0.0370986298426274	0.0375687767019745	0.0383322451087796	0.036879987133949	0.0378614686070143	0.0381409684037003	0.0392859442593181	0.0387499174068505	0.0379267659191769	0.0383921369588642	0.0379710484368188	0.03899208451519	0.0381326709733287	0.0394882387813221	0.03913427451558	0.0390829169085007	0.0400966198715729	0.0432843638072749	0.0374857595015266	0.0414746151928591	0.037039804947488	0.0272951516689295	0.0313601348557336	0.0465805561605125	0.0432980249248304	0.037788841734843	0.049291541446394	0.0402630990999604	0.0410123660735693	0.0418625132064021	0.0396061467844233	0.0400929121718312	0.0391877731421288	0.039619943059009	0.0391011780678228	0.0385064700468917	0.0379664918691553	0.0374889545523374	0.0377837646527207	0.0381348605652151	0.0374948431408908	0.0376321349635079	0.0368289327035913	0.0363205956032621	0.036450498675976	0.0368948114203538	0.0363987712688748	0.0360184736349486	0.0355439732317642	0.0369166297691712	0.0376898810074493	0.0371435388972395	0.0359882774018133	0.035716522290579	0.0368072275057973	0.0364753337310269	0.0363620931947863	0.0364991349902151	0.0355602630243961	0.0355804581983734	0.0363822260331878	0.0376074300970582	0.0352420075374117	0.0355350925051182	0.0363318115541621	0.035909761160037	0.0356579668021717	0.0349266168379702	0.035279581524224	0.035141576647586	0.0359118667430135	0.0350266465586672
GAA	0.0324472156010231	0.0324035989077877	0.032599525660273	0.0326685733699554	0.032879245854503	0.0332117983257637	0.032977788744888	0.033319706587513	0.0330481705791194	0.0336658326208892	0.0331876156001812	0.0333722054381699	0.0338899796700697	0.033668914115802	0.034109424035472	0.0340516220751233	0.0339117673942714	0.0339190983250734	0.0340275772350768	0.0343551955115398	0.0340144153069431	0.0343294070926062	0.0344990482918	0.0346217042816141	0.034180626141434	0.0345483464071262	0.03456587112133	0.0344210263780203	0.0346049396946332	0.0348341922004447	0.0348213839419777	0.0348221125439072	0.03542999419416	0.0353650192464776	0.0353682278370289	0.035352044300983	0.0351770504452376	0.0353843494403594	0.0348880919844227	0.0358032281507859	0.035047458586039	0.0353003176476944	0.0356596231602667	0.0355003477754948	0.0350747062735709	0.0361968535990828	0.0342283891015563	0.0370581786629083	0.0314605205799023	0.0353724059698045	0.0323279005897918	0.0468179060805061	0.035295233140846	0.0403699826500238	0.0422658534326428	0.0397887160710543	0.0375273672919836	0.0375452722289707	0.0369463735429587	0.0363757072339339	0.0364065118133055	0.036511087024921	0.0362461182228518	0.0359824473904777	0.0364443818038484	0.0369753769111887	0.0366142238228342	0.0368188875002353	0.0359370486453532	0.0360564677849623	0.036173236574342	0.0361989860593079	0.0365584166213836	0.0360000951986007	0.03622685828475	0.0360019541150081	0.0358867683353562	0.0360525974206723	0.0365561546112607	0.0355261309026417	0.0353513832650594	0.035425929888758	0.0356371726308453	0.0355023665666941	0.0354453872080758	0.0359911079226429	0.034709034698056	0.0350676903366305	0.0353893548836479	0.035108148701346	0.0350783118767135	0.0347355702026441	0.0346051319230671	0.0349196425180336	0.0354537411288389	0.0347071028690925	0.0341002021680136	0.0342447614266606	0.0343749782129669	0.0336618343907042	0.0341071428312192
GAC	0.0400994021693306	0.0402501038455039	0.0403234416361405	0.0405223775077296	0.0402326821542938	0.040580558544958	0.0408631421450626	0.0408649686744749	0.0411331270118216	0.0413586336115442	0.0415024495084148	0.041665073225098	0.0417332091941623	0.0416695728037518	0.0416434569652701	0.0421792791683044	0.0423262604759108	0.0418403631226872	0.0420998934498605	0.0428756951965164	0.0431488914195103	0.0422674260749749	0.0428668776220134	0.0428738234148813	0.0433521826816679	0.0434598244840306	0.0432842509608678	0.0431340610153727	0.0431216562493558	0.0434581594038122	0.0436868561965451	0.0438125947724783	0.0438669014423201	0.0440048101745371	0.044542781036195	0.0437533963943765	0.0442181446704592	0.0439827974955443	0.0441632319147669	0.044440755036877	0.0445524454269	0.0448390313293213	0.0453879123622452	0.0454090050649219	0.0462775002480987	0.0474574504287135	0.0504372926798035	0.0622135879405932	0.0616304947091537	0.0566172460254874	0.0665801579475465	0.0703400011312217	0.0540696528963016	0.0585000052173188	0.0597842269905309	0.0501895116233235	0.0471854370879524	0.0469642665827996	0.0467697987017769	0.0463985990863505	0.0470970430821831	0.0466665550982635	0.0463447631884721	0.0461719586260973	0.0467437958294944	0.0467974823688814	0.0465634421752386	0.0460888157040852	0.0461053440457374	0.0467134560704118	0.0463806744943484	0.0458540159880424	0.0463357960260074	0.0456547881461973	0.0461031549849075	0.0452334751562322	0.0447261601864594	0.0453201121154125	0.0445009095395902	0.044633284230761	0.0444023158744725	0.0442596883488047	0.0441431976868994	0.0441908370777224	0.0437984524631674	0.043688467262909	0.0438448183521778	0.043704950502259	0.0433808328161965	0.0434784657345821	0.0431634991713518	0.0428364037804867	0.043148816595266	0.0429644942717671	0.0427472661965865	0.0426601756428161	0.0424911354866678	0.0424504794953111	0.0420215162972694	0.0417710496731093	0.0423155850523168
GAG	0.0394650937676395	0.0394712775771278	0.0397476160909515	0.0396452359352066	0.0395044317498054	0.0396034040097072	0.0397012340452101	0.0401844808857853	0.0400906775188367	0.0402186734204504	0.040557144631765	0.0409504083283846	0.0403425961166307	0.0407613302740815	0.0409221592988789	0.0413623855061637	0.041327234241529	0.0412511091727366	0.0413439964729484	0.0413636404924398	0.0414887613171926	0.0416934666106481	0.0416361615427134	0.0416507295341526	0.04157823188008	0.0419127291499321	0.0424014481700005	0.0427634849052608	0.0426142982894655	0.0430622939485973	0.0427214066401765	0.042753786352866	0.0426797336175636	0.0427101993413836	0.042961252041136	0.0424677867992879	0.0432519532962628	0.0433816609976483	0.0429007921108483	0.043236461370306	0.0433077368049639	0.0431079528109919	0.0436562110637667	0.044069882278891	0.043630627385027	0.042640817827775	0.0402598550084483	0.0393758974602471	0.0384034713513629	0.0421145210314541	0.0395146856299852	0.0454739997235726	0.0366225472736644	0.0412872239975841	0.0472427999177611	0.046290171263574	0.0462810289651895	0.046267327446716	0.046108969831633	0.0455090692506269	0.0452035852789923	0.0458218816698501	0.0455721655815955	0.0457582980955151	0.0454387982925183	0.0450536821953205	0.0444608468982929	0.0448636766180388	0.0449822242125161	0.0451537407307363	0.044893590925641	0.0447306090656949	0.0447069888256447	0.0443952190997072	0.0447578571624705	0.0443597167294387	0.0446160916102307	0.0439769761840759	0.0442098725790778	0.0443459161916929	0.043436856095568	0.0437536638937428	0.044033777507102	0.0438001848421692	0.0437105889846872	0.0437276096792911	0.0436755254618124	0.0432777831421581	0.04289743002826	0.0430986172880833	0.042893160003724	0.0429052848002725	0.0422252868593992	0.0422587709351106	0.0422976634245478	0.0425512728021368	0.0424447194931039	0.0423167600760594	0.0420178993053104	0.0420240054605717	0.0416889396147661
GAT	0.0365714135608544	0.036423928901052	0.0362618372084569	0.0369122779744914	0.0367912841855092	0.0365943897612369	0.037278627668686	0.0373335416588686	0.0376214347412588	0.0377906511524004	0.0373850070460578	0.0376590611653164	0.0373179564290143	0.0375989547561354	0.0378002124018753	0.0379824745332858	0.0380557896050063	0.0379883833091898	0.0383743341981275	0.0385889004060006	0.0382909957422105	0.0384681032068575	0.0387763863091322	0.0387331408161437	0.038442140170692	0.0392124086737154	0.0390512172041254	0.039117020060881	0.0389441601322762	0.0388175499244016	0.0390870045622421	0.0398138646818364	0.0393917752373662	0.0401607360672933	0.0396566309287316	0.0399278428128772	0.0403301745985842	0.0400766325700277	0.0399274899844588	0.0400852974507406	0.0398783951267965	0.0400758426344481	0.0403434146328339	0.0408285483224231	0.0410177857945888	0.0390029813714091	0.04391498316208	0.048383276313383	0.047444956526533	0.0473093066787308	0.0708666979141579	0.0595507177131372	0.0420888345893196	0.0445465807174686	0.0449774669986501	0.044380547812359	0.0426102983226594	0.0419764560146939	0.0420551960105313	0.0413424758942111	0.0414900434503364	0.0418451632212521	0.0413838689708787	0.0415161250298227	0.0418594651240892	0.0413106955635326	0.041076780166969	0.0411646226820597	0.0405493908303218	0.0410291138114244	0.0409985462005977	0.0406954336690138	0.0413091392643375	0.0409541252760016	0.0406272471164948	0.040530474306481	0.0405976881115329	0.0406908489164971	0.0403616889349651	0.0406656636769574	0.0402818821434199	0.0400348893270753	0.0405492316882818	0.0401017605157718	0.0402700662090137	0.0396371926780068	0.0402447353336773	0.040203186883368	0.0395434729978484	0.0391866472616379	0.0387750181930915	0.038991283556727	0.0390201121219688	0.0387992189273103	0.0388841000415355	0.0389126356867318	0.0389698353250559	0.0392605809777257	0.0386570281148119	0.0383542627241185	0.0382697315156655
GCA	0.033060971089597	0.032327710122005	0.033196675882354	0.0337278331948365	0.0332597997485805	0.0337773210913	0.0336982358662978	0.0334946099201007	0.0342477107980452	0.0337331059763419	0.0339043182420335	0.0344732980701596	0.0339107778205868	0.0342107245823745	0.0340063567973479	0.0341813096934994	0.0347973836003049	0.0346425874450267	0.0348518632157592	0.0346093533763317	0.0344188007399607	0.0351256463974484	0.0348677089088573	0.0343910179301827	0.0348393517057489	0.0346718711437707	0.0350511775575107	0.0351989535563423	0.0352872806565746	0.0350378854792661	0.0353641685594539	0.0357234246480584	0.0357340775720858	0.0354945157853172	0.0357460552874629	0.0359412437906512	0.0362943664850832	0.0355934340088453	0.0357169589822202	0.0352472440316476	0.035250788676172	0.0350533695206996	0.0352812714369211	0.0351252903472115	0.0347664720269565	0.0348488450855011	0.0280567825473181	0.0327112299435315	0.0312878483792253	0.0295274441817862	0.0389732157932654	0.0388075008749837	0.0305156860549515	0.0336700283378549	0.0354177095387238	0.0396142351513528	0.0371760438790705	0.0364282315793407	0.0361590162766057	0.0368733402738568	0.0362744016025438	0.0360563546907255	0.0361742686192544	0.0365455963112035	0.0377635856834693	0.035824701270043	0.0369537387723712	0.0371141529443078	0.036075991932675	0.0363043557913002	0.0353198585781855	0.0357966050647747	0.0355896901535982	0.0348237193670377	0.0351467207547842	0.0349213033158305	0.0351260900015192	0.0346223237929084	0.0349313090898784	0.0348550866043187	0.0344453493596423	0.0346027835258335	0.0352685500906405	0.0343010767010932	0.0351700817879252	0.0341066344617412	0.0336446176266766	0.0346061072931233	0.0340942922994563	0.0334256074110047	0.0334786927933081	0.0336402865652205	0.0334610990685063	0.0334882615649985	0.0333766050168505	0.0336553232671316	0.0336007406011176	0.0338283981895693	0.0339705097530362	0.032978567905006	0.0331317482077653
GCC	0.0414691887286354	0.0416508101781811	0.0417685189671703	0.0423800206434949	0.0415969188469505	0.0421345996391388	0.042323588255714	0.0426632428822189	0.0429071109295915	0.0427656177183615	0.0425855521774	0.0424578187442826	0.0430084860891467	0.0432119908912753	0.0431294716549211	0.043395998147148	0.0434021859808008	0.0433910637932838	0.0438424855263312	0.0437607936851021	0.0439346208900752	0.0442216189896704	0.043741613780481	0.0443226940041769	0.0446377769765103	0.044287352298651	0.0445172192957638	0.044369203787846	0.0447376419207723	0.0449868889293279	0.045091826782924	0.0451456450009623	0.0451243902655967	0.0448441915857046	0.0454138101042021	0.0460065943810982	0.0459882032929532	0.04603270723037	0.0455503290884382	0.0460123755905452	0.0460989781894557	0.0459108052297764	0.045416006953579	0.0459407730165792	0.0451976355948122	0.0459860447314055	0.0364910576362954	0.0458318242535546	0.0459099458790917	0.0384196678172674	0.0522886389977158	0.0416179047524275	0.0393499925977504	0.0414821944172502	0.0386143091674716	0.0515882887502362	0.048747871603805	0.0476844629201031	0.0480809139295972	0.0488108429019376	0.0485809451051999	0.0485870285522547	0.0484648847315072	0.0478152829409518	0.0479627174700823	0.0475694896631665	0.0483329869827128	0.047540049967316	0.0476787837223005	0.0468982230190276	0.0466137538646037	0.0466822678341103	0.0467168400663844	0.0461494015894581	0.0458231012011723	0.0465926593143343	0.0463162756280566	0.0454946697713847	0.0453140088158052	0.0453140549647717	0.0452848174021172	0.0452346340821047	0.0449134891599279	0.0447923406858491	0.0445197864389234	0.0450501530561987	0.0449550831043192	0.04414555813699	0.0440006124358804	0.0442013781358387	0.0440780304081945	0.0444841004189897	0.0442027179147118	0.0440435843415005	0.0435293828547917	0.0434565390388226	0.0437699837482093	0.0432431338447885	0.0431103120616405	0.0433006808132603	0.0430875461255857
GCG	0.0347447530895922	0.0347771930854323	0.0344490810150569	0.0347750383358764	0.0352266827402963	0.0349282642935493	0.034915013568658	0.0358239504999155	0.0352828318818389	0.0352530780826123	0.035574325412487	0.0349162426615212	0.0350495946816706	0.0354182990505717	0.0359729410130032	0.0361542671445231	0.0363607997655069	0.0365976378931712	0.0362213586067968	0.0363582506649384	0.0363697369174147	0.0367594323017883	0.0367703370609213	0.0363404549709159	0.0366917372402622	0.0366597349590205	0.0372187809150399	0.0376476880889802	0.0373813424844164	0.0375309154597246	0.0370694905117016	0.0372007773857883	0.0371486466960451	0.0377401306910165	0.0372895702823827	0.0379647151958767	0.0372612717383036	0.0375722388275428	0.0379635603958598	0.0371366870170057	0.03758357342569	0.0369735796315319	0.0366633660244866	0.036833973636817	0.0370218753989094	0.0342881934797643	0.0299663289158871	0.0375191582264302	0.0384612532112441	0.0376415549635451	0.0546512327761375	0.0449492514182591	0.033839319839847	0.035427427949068	0.0391916763553919	0.0408971425891924	0.0392343561629619	0.0397737041062757	0.0404534573487732	0.0398214211341805	0.0395713878455395	0.0395973222734126	0.040442378708919	0.0405338395635097	0.0397344717371388	0.0392024661092235	0.0386121603295136	0.0387028484382181	0.0385400137760495	0.0393856901584248	0.0380319998370272	0.0379003021207229	0.0382844164003107	0.0375517901513892	0.038020998754018	0.0378449247422812	0.0372813714426043	0.0371011263035513	0.0373921230712647	0.0362435822627283	0.0369837644468169	0.0365473150192675	0.0362485347454547	0.0362133037794171	0.0364824532947682	0.0363857910848398	0.0358067233896564	0.036068337333686	0.0364570179186464	0.0357975396731138	0.0358317914483722	0.0355640964104724	0.035850731300515	0.0351375361365522	0.0356314412782999	0.0354368684949737	0.0351211599707467	0.0350366697800473	0.0348687007607981	0.0342587666692643	0.0342854866697875
GCT	0.0383144299480511	0.0386029939496254	0.0386685284969273	0.0387088516984788	0.0388973785186599	0.0397271159715581	0.0405043614019266	0.0396768149019023	0.0399134770426549	0.0399591815034896	0.0397382437292742	0.0399526428865778	0.0403788285828794	0.0398587884482264	0.0397860012883705	0.0407614779645255	0.0403662494365768	0.0402935907047456	0.0409193115677107	0.0411311015857292	0.0414624730542496	0.0414331848077037	0.0410368679027334	0.0412911594514755	0.0416285112138079	0.0415322133631342	0.0415166745557136	0.0418644302920415	0.0415493421007732	0.0414387598729412	0.0415701751067388	0.0417881534314209	0.041966132163554	0.0418991261978921	0.0425857132535235	0.0427009681416786	0.0425171900489811	0.0425161960520384	0.0422530639787261	0.042399163868775	0.0422542686456202	0.0424038439701825	0.0423482152908138	0.0423015222759234	0.0419751746768757	0.0403706054149259	0.0386393594797359	0.047844174594052	0.0472265731219713	0.0432929644673369	0.0628162799728861	0.0494072782276486	0.0468954349692766	0.0514160924421389	0.0480939929586937	0.0459012857409207	0.0435365785525661	0.0431789183818297	0.0429441295108237	0.0438946959017549	0.0433517538486264	0.0431669109259866	0.0431132510613285	0.0437193515308099	0.0434617917253836	0.0437310874182781	0.0437389315491445	0.0434640977549739	0.0439098743885022	0.0430507604529878	0.0430715665854631	0.0429634184663521	0.0425243688691333	0.0426179204475768	0.0425866348408337	0.0420686623998167	0.042153841530967	0.0415377410029807	0.0408549871143999	0.0415278952722735	0.0413655296849205	0.0415562007886906	0.0420053733012538	0.0415619879737078	0.041110502729453	0.0406032522116582	0.0409660612238148	0.0403941135157815	0.041636361316236	0.0416366258588323	0.0407639450359402	0.0410192741420243	0.0411912160208632	0.0403177773916137	0.0398475892187137	0.0398619794118491	0.0401472751029871	0.0393674749981164	0.0399712171858576	0.0392686379949377	0.0393029002874853
GGA	0.0373723737971317	0.0376071317335452	0.0381900550947021	0.0377291834456155	0.0382970333679054	0.0380740972165563	0.0380619537518865	0.0383399710834159	0.0381495616461496	0.0386295398338638	0.0382670140671073	0.0383743792495096	0.0387797680785037	0.0391716637560058	0.0389970556261391	0.0392156375818553	0.0392129432465413	0.0390650285982438	0.0391895409099706	0.0390564359475701	0.0392054412722351	0.0402109345747705	0.0407223196535513	0.040256500671267	0.0403030488769413	0.040818456719692	0.0405483401993936	0.0410802675495368	0.041392576978169	0.0406965135320006	0.0413176167513893	0.0406974487511403	0.0413209232658993	0.0414467606839782	0.0411079664527948	0.0411975489982407	0.0412421843539235	0.0423405788907444	0.0424771045397273	0.0418476571649679	0.0415005666395629	0.0413161803639225	0.0411581595237199	0.041325316892171	0.0416789618147765	0.043071839028776	0.0324901121012987	0.0417391896103162	0.0452039076104667	0.0430888003878428	0.0618212602449764	0.0623459551700711	0.040882198357475	0.0446991252598335	0.0477662536356512	0.0450781469290849	0.0425685479023591	0.0434039393611767	0.0428586496519535	0.0432544357636266	0.0436644143643703	0.0427140748054864	0.0426820512883911	0.0433854955487365	0.0430242357527463	0.0434520064027092	0.0431535803166825	0.0434265686162011	0.0435496689634979	0.0429711008938725	0.041651576586349	0.0423376436890999	0.0425665229588988	0.041573217379847	0.0426251844554327	0.0422503300011476	0.0417252182307931	0.0412385539008251	0.0429128202303722	0.0418608770739562	0.0419673603275498	0.0408314257113021	0.0408842680283004	0.0412187947325524	0.0402181214285377	0.0400483448473075	0.039707289830413	0.0403110509801915	0.0402397786882809	0.040120589571127	0.0405376318714319	0.0395525955268585	0.0403926002315704	0.0407376811950346	0.0396804421331452	0.0394877079757317	0.0399971871664938	0.0399325780219957	0.0397358924265915	0.0388222662014879	0.0384676002111065
GGC	0.0419791409663167	0.0418586892330898	0.0419769579409603	0.0417971459569308	0.0419944460954015	0.0418365531895861	0.0418379754086133	0.0417687421771198	0.0422658468114058	0.0424285852512238	0.0429743969724692	0.0430523720771438	0.043219961510158	0.0435127224436921	0.0428838868008442	0.0429165225780725	0.0435871086983607	0.0435843285887987	0.0437125060645595	0.0436896357441463	0.0437144500594119	0.0441163624253926	0.0449280115001231	0.0444195290882769	0.0446337641517093	0.0447170014800462	0.0447584182228669	0.044836199756238	0.0452108986933714	0.0449825513818434	0.045506561694266	0.0445619701488835	0.0453057686599987	0.0459638989909618	0.0456334161604392	0.0460121829457198	0.0461247691881081	0.046161220748337	0.0464345940969652	0.0464419619014415	0.0467884507756358	0.0464959314158691	0.0466346911191463	0.0465395239380421	0.0475155774091362	0.047801642143744	0.0353103129551868	0.0444989201113417	0.0501558093899749	0.0423023672379518	0.0569307113518011	0.0440971862118668	0.0412728678524491	0.0437694948950271	0.0433414116825958	0.048488583462838	0.0468908030787837	0.0479198191892923	0.0486818718439785	0.0481876535535361	0.0482937907930788	0.0485260121146966	0.0485208630464237	0.0482194794810538	0.0479227943180594	0.0478381850417095	0.0479723411039828	0.0469366748849573	0.0475737040003531	0.0475737965881878	0.0473546484312994	0.0466583367698375	0.0468728560171695	0.0463656051126644	0.0471895381475321	0.0461423408880587	0.0464193460938631	0.0460775202603615	0.0465253913617469	0.0466714703482118	0.0454100430622577	0.045663938657501	0.0455073801905179	0.0452649774338481	0.0450954306776932	0.0450409764419047	0.0455666375321431	0.0458203256466712	0.0449089979441347	0.0443188102652803	0.0449420656722774	0.0443459236437641	0.0449815220722029	0.0443655088043262	0.04405873852587	0.0438321120768971	0.04373670327018	0.0434361962177316	0.0441215649053839	0.0433118935947097	0.0430140267379648
GGG	0.0318005722588205	0.0323901908296593	0.031324842245023	0.0317420764254795	0.0328227714372189	0.0328160973841579	0.0318266102625281	0.0329518997210828	0.0326380148415349	0.0329528147348427	0.0329080879545436	0.0325791455873638	0.0332851863983314	0.0331050704242285	0.0329192354509229	0.0332229188260617	0.0321032525010154	0.0343379580536011	0.0331021449930892	0.0330530530783403	0.0329423012586141	0.0328465201049585	0.033184079558335	0.0329522548343799	0.0346087236275551	0.035090953005663	0.0350900718601819	0.0338453724137217	0.033461397400898	0.0336221636253116	0.0345448920190297	0.0348943947004276	0.035702620443298	0.0348940143412116	0.0340925037496773	0.0337620283984915	0.0344446059280018	0.0346257472080068	0.0353183373018745	0.0358482787379139	0.0380346809163359	0.0352935694129901	0.0353520494607397	0.0355016430550839	0.0355842342890784	0.0347127625724953	0.0228213996137612	0.0286294368491854	0.0341168327750602	0.0320410705414416	0.0494060610790196	0.0462126358317989	0.0284349154860526	0.030773313587916	0.0344426882749448	0.0354998810863106	0.0352450693382648	0.0380268790924306	0.0370111299204821	0.0376516051344537	0.0375975151646646	0.0385794100808932	0.0383365790333618	0.039711191924953	0.0367698777556126	0.0369680804940145	0.0361983045887988	0.0365889780826759	0.0374129344143551	0.0362410654419002	0.0357299965937052	0.036478240809981	0.0359073759591084	0.0361182919528498	0.0362936619718042	0.0353471951282207	0.0360999305661384	0.0349294401434394	0.0339055223755553	0.0335099855012513	0.0337849631598494	0.0354788363395054	0.0338828090415354	0.0346789816534754	0.0354798240797408	0.0343695708081423	0.036635120769919	0.0329521195354614	0.0332038311451192	0.0336255018535991	0.0332540408194694	0.0347897787576496	0.0334017134370251	0.0332029361853972	0.0327968905955736	0.0332729551155232	0.0332393515758023	0.0339127846225802	0.0328112600841858	0.0331892004629097	0.0335575715440385
GGT	0.0407208814853412	0.04007734028696	0.0410107536260853	0.0413242313389369	0.0414322226125519	0.0406042757781411	0.041536490252779	0.0415309952865497	0.041288849132029	0.0419632844353388	0.0419980620597128	0.0416874340965665	0.0420773402076272	0.040980230945218	0.0412948835345125	0.0410967229369133	0.0409368005965876	0.0414887231923766	0.0423463616169014	0.0422463438138261	0.0433866196891977	0.0433808541366562	0.0422685912297255	0.042893277899658	0.0431277908598142	0.0429571032688319	0.0439142252747609	0.0444764445050238	0.0434604723820158	0.0440001145759257	0.0434986500749943	0.0441676169399718	0.044869192411163	0.0439182803946395	0.0434288553726347	0.0441925177897592	0.0445368269133167	0.0451515998730688	0.0444039886004671	0.0457594676272016	0.0450677597736633	0.0447423735641595	0.045079611023822	0.0464341074129738	0.0453643886849751	0.0440805800008272	0.0372309097750598	0.0412051642608898	0.0445029270933402	0.03790471823424	0.061037920010949	0.0427149699762411	0.0371740032335077	0.0401289597669692	0.0397753762364076	0.0464455338663281	0.0448874891435498	0.046662205774311	0.0468622913981885	0.0467889655563666	0.0472762453426433	0.0462698207288348	0.0467046992217507	0.0468413203365097	0.0465312779043472	0.0460487125180155	0.0464834356460816	0.0459733752067052	0.0461275541386384	0.0458927488560761	0.0444078007652757	0.0453042159641237	0.0451804966224272	0.0450517202683052	0.045535256660247	0.0448954556184127	0.0447624457120204	0.0447987261894115	0.0452905468729335	0.0438317408077833	0.0445098551778586	0.0445098434162012	0.0437357889400272	0.0443175949741839	0.0431901207463317	0.0430659229440275	0.0435570995079799	0.0443999448423943	0.0435934092269474	0.0441233335622003	0.0428160587675711	0.0435101875983295	0.0442600489744904	0.0436445309656973	0.043290347233024	0.0420313210336838	0.0431581121335431	0.0432731824803549	0.0429483161043133	0.0428913532412447	0.041814821375588
GTA	0.0348284377242767	0.0343887358761075	0.0351636481036934	0.0348991007428057	0.0347867247658404	0.0354624107371361	0.0352371684398436	0.0357512672520424	0.0355032775692989	0.0351729824613455	0.0358371955032196	0.0349617755679201	0.0351159467115634	0.0351448844071365	0.0357737772090449	0.0352698263254571	0.0350913184802114	0.0353824895251363	0.0359677634986343	0.0359836364239094	0.0359249405659736	0.0362101552785201	0.0367400359992579	0.0360447454860219	0.0358950713941067	0.0363126486940144	0.0365753287497278	0.0360152619666649	0.0365070997771589	0.0369520865690314	0.037113134249221	0.0361838344964106	0.0371792907032878	0.0365961257519975	0.0367625479984122	0.0375156409067242	0.0361800980827431	0.0365157192610832	0.0369530752790429	0.0366958753891239	0.0365232390437389	0.0372683895907712	0.0381110148333057	0.0367410195411495	0.0381925941187626	0.039584515923488	0.0391069090329168	0.0385774390853756	0.0362931440096188	0.036281593003486	0.0374263311513377	0.0417360785251158	0.0359337912743904	0.0407044071350372	0.0393087545916192	0.040944216263177	0.0390535193078779	0.0392670940873506	0.0373522768925212	0.0376738252547313	0.03736367168143	0.0367763505929312	0.0385012591916762	0.0375502686176619	0.0378285501447939	0.0384551015218515	0.0368418656706516	0.0367891066643092	0.0362046912623801	0.0367280755027383	0.0371509489531039	0.037136160198241	0.0374553401935376	0.0378206175277497	0.0376462599606616	0.0373453739103669	0.0365690843365906	0.0363749487364976	0.036874864631594	0.0359980835699015	0.0362073552783739	0.0354474122285244	0.035430343493208	0.0362547657777912	0.0370431383405222	0.0358914993860832	0.0355311233886374	0.0359772872072672	0.035414185054164	0.0348514915194797	0.0356582577293273	0.0351733005783048	0.0347149473086522	0.0346510980758447	0.0345896017540849	0.0345876856436901	0.0347248616334891	0.0343090777810077	0.0355938106518491	0.0339850758525876	0.0344924342378693
GTC	0.0415863997562372	0.0414308962600832	0.0416285805009723	0.0412444638558632	0.0418436208318263	0.041746322280446	0.0419818237807728	0.0427234629237793	0.0422662984664892	0.0422740341467241	0.0429201566409599	0.0421960975550775	0.0430492651055178	0.0428560976334051	0.0436943344836142	0.0435997624449977	0.0433330372992993	0.0431923442271412	0.0438408590428793	0.0434828795986175	0.0438548880348102	0.0458118914244379	0.0449234027099095	0.0446631819842597	0.0446488134971675	0.0454927918049933	0.0451945255629024	0.0459310742570472	0.0457003750258615	0.0460027835172446	0.0455376446474437	0.0460983950469575	0.0458705574412551	0.0462839094380353	0.0461290342249455	0.0457687384303427	0.0462593286683441	0.0455229946688471	0.0460832700034904	0.0472389027893892	0.0471783384664823	0.0473191613192434	0.0466892215390154	0.0462623307617815	0.0472968473077796	0.0497111486456808	0.0452355247444722	0.0556602809943509	0.0546137270334635	0.0484990455642633	0.0431081215405308	0.0463743823749522	0.0444501498675334	0.0476929668182621	0.0415180292330851	0.0518521895580823	0.0495889920168645	0.0490281398784182	0.0491628689257488	0.0496391445107167	0.050083027804241	0.0491150537378829	0.0487736779185541	0.049772695445762	0.0495678843926071	0.0492623728862849	0.049454653853489	0.0476971084640249	0.0480019053847443	0.0476657373541978	0.0472729867473527	0.0480546368537958	0.0472544328025155	0.0476654293790701	0.0471807554147278	0.047942585575415	0.0470288753971043	0.0464311537547432	0.0470375898689523	0.0462868063511216	0.0460988045111458	0.046340783278249	0.0468272668404893	0.0454376585491963	0.0453894131025112	0.0456859843447801	0.0451728252177552	0.0452258141745534	0.0446286253782661	0.0450376695230442	0.0451613199956914	0.0448463439235537	0.0444235685093078	0.0449870717548141	0.0440604950139909	0.0438518051467659	0.0445562793922489	0.0443449704084747	0.0444702661548632	0.0443719243739193	0.0439448401651611
GTG	0.0411676592481366	0.0413623420129412	0.0413138426635966	0.0414383686836146	0.0412444219879622	0.04140770721676	0.0413263199751313	0.0417638494049957	0.0420657761514118	0.0416811138051564	0.0418707587451046	0.0426582744252538	0.0423335989461248	0.0420771808908983	0.0422464610996453	0.0424734017284061	0.0429882752130579	0.0432461729163094	0.0424281632709503	0.0428185304403109	0.0430421506633979	0.042936346649756	0.0431997664278195	0.0431820924329188	0.0435414061529171	0.0435107066334685	0.043422423864388	0.043905996452387	0.0440783849760399	0.0440381613164236	0.0441629334756477	0.044380109831137	0.04457058979254	0.0442148871072163	0.0443772799293193	0.0444788008037382	0.044667966352901	0.0444206519856759	0.0450084727805583	0.0447139625296316	0.044791823417438	0.0447801078123403	0.0448248077381527	0.0445872276200981	0.0451325821019301	0.0441403251173342	0.044252171959569	0.0471848828177344	0.0453032500533961	0.0464254956516331	0.0412106498698476	0.0395554569203652	0.0365425158879766	0.0418826040253578	0.0465062450854854	0.0465561913709936	0.0469859462201542	0.0478749306617106	0.047007313034732	0.0473480565802236	0.0465905369256334	0.0469700271606135	0.0467718769773875	0.0467901157382654	0.0465034835296146	0.045423837963505	0.0455298802406924	0.0457551710491587	0.0451162669875053	0.0449906367500947	0.044940542567222	0.0451409179646285	0.0453058540796933	0.0441227662055414	0.0444993185125845	0.0442136470429449	0.0436652239896685	0.043788136244606	0.0445137147524106	0.0443448527834721	0.0437956412679006	0.0434216918641177	0.0435721057953153	0.0434201235581901	0.0436058844519382	0.0438016325453041	0.0434400860248159	0.0429700231825365	0.0435924879446059	0.0430166415143576	0.0423090979970001	0.0426301960406745	0.0426423894769774	0.0426800338191925	0.0418240966080893	0.0417420574539395	0.0412906428546847	0.0415519347119101	0.0417031604100515	0.041270696706223	0.0411647663191246
GTT	0.0366808983411488	0.0371477301380853	0.0364617011535749	0.0370516334069563	0.0374323328991808	0.0373802165176922	0.0373392553580452	0.0375194648303662	0.0370936490549864	0.0369506986364764	0.0372885716148337	0.0378494894200481	0.0384855355597074	0.0387011376884308	0.0393443936051786	0.0386516133440538	0.0389612773472797	0.0399367722242144	0.0396956906922404	0.0392951943786002	0.0388337529278267	0.0386530908872015	0.0388732951960527	0.0390459841722252	0.0399106957750187	0.0395794675196847	0.0392032932415379	0.0398787694628234	0.0396458676763827	0.0404993810668227	0.0406265283683298	0.0397472845705446	0.0398208608282782	0.0402536662534229	0.0402887968637336	0.0399167784588424	0.0406100146464275	0.0404052687714872	0.0411481665372128	0.0399002882060489	0.0410736452667479	0.0401706107211192	0.0401057391177439	0.0401383734514188	0.0412894466630077	0.0410640349067384	0.0444617147612741	0.0414190041837824	0.0377614172333195	0.0341021647590294	0.0345226095677095	0.038317051729759	0.0350913157188902	0.0400893849357537	0.0364776572957938	0.042835234626651	0.0421951104173181	0.0432638448375328	0.0423836894249201	0.0418391808986939	0.0418041979715182	0.0411996678958498	0.0420436884084573	0.0415625767931578	0.0406082347312533	0.0400710631845221	0.0408136929893123	0.0403592976080139	0.0399290722582454	0.040303954319083	0.0415623321478547	0.042116860611487	0.0408564078342492	0.0408707445969631	0.0404153428996649	0.0404545302212432	0.0399361819041657	0.0396063723007767	0.0397491813183546	0.0398868152724068	0.0399757569217807	0.0394865374319666	0.0390434724643247	0.0388859009888431	0.0392574997045813	0.0387706162387475	0.0387866879524649	0.0385313709257467	0.0385237867250314	0.0385758388033774	0.0376529131296423	0.0380927764546571	0.0388747311840443	0.0384368311567691	0.0382684434577318	0.0381514528171806	0.0380175341245636	0.0377905935555056	0.0375540111623843	0.0376810879033838	0.0379289135285469
TAA	0.000598963784651484	0.000579249382074985	0.000547233219023379	0.000475870590902202	0.000677510208539547	0.000608633613144311	0.000680958292077305	0.000662143483767706	0.000731803736421345	0.000852310286097689	0.0005818281978789	0.000566062043865998	0.000822455954427851	0.000692252839055249	0.000561821385429333	0.000552605201807884	0.000595992461071757	0.000925954660557052	0.00107943584510728	0.000635650317799298	0.00058377313452073	0.000776318870060405	0.00071253465908528	0.000638260703146426	0.000905089833758613	0.000753421348693573	0.000566713180171562	0.000610135079489895	0.000654685919903613	0.000819729645754229	0.000975397704121965	0.000808309834636526	0.000735581191262414	0.000807918709803481	0.00104515095439964	0.000816928457602666	0.000520637160999188	0.00061244681408317	0.00068543646802251	0.000659350173232627	0.000695996889082472	0.000501884284443445	0.000617870757538314	0.000636840142119772	0.00059671202333447	0.000621849874737216	0.00108629792676942	0.000757934242796471	0.000731568816405358	0.000504848475373899	0.00416994996878227	0.0605033443019529	0.0563806644447432	0.0618103277833672	0.074203459765406	0.0592628377210196	0.0644041040473137	0.0646201221612983	0.0702685815422211	0.0724829972200419	0.0738551226549794	0.0747866076480791	0.0722389651523209	0.0723721358360722	0.066513185077458	0.0680822555430603	0.0683403883159706	0.0675339076707277	0.070343534217568	0.0698906138967444	0.071843101011758	0.0706413634513398	0.074042618100582	0.068277594631151	0.0701412828800125	0.0734367631113619	0.0699337758243492	0.0696948234697495	0.0692340004790502	0.0737532770268092	0.0714663115043771	0.0686482116474145	0.0699764443723423	0.0738180729609403	0.0725155081790586	0.0690537634219121	0.0686963349823847	0.0670898747283703	0.0661760064775177	0.0688550471879001	0.0686978341714404	0.0685677803107817	0.0671569965600074	0.0723295722791045	0.0696548947495065	0.0751230774831991	0.0720490515048034	0.0710032819622767	0.0715656999868292	0.0690343868048436	0.068447542785723
TAC	0.0409388153686398	0.0407017232991219	0.0412460367107915	0.0414041826195746	0.0412473747625361	0.0412376440859632	0.0414805972327784	0.041879635477942	0.04192449321037	0.0423170018154756	0.0420062788672647	0.0427552248999335	0.0427109396260552	0.0428492824210417	0.043527166827651	0.0432113383857125	0.043604081379766	0.0436919837864853	0.0438007577275847	0.0441246905599157	0.044171582334919	0.0433594634784183	0.044742361858336	0.0447749213916396	0.0446587492814737	0.0441828948205325	0.0448152265541787	0.0447556860440016	0.0451127458097335	0.0449777957532746	0.0457454360060032	0.0459461139407523	0.0460460630164082	0.0460656672009773	0.0459018480844784	0.0461630230743469	0.0457600955965548	0.0466885827769338	0.0471609282347088	0.0471701166168169	0.0476735142217025	0.0481991228552908	0.048742739857642	0.0485738085323764	0.0493089572670478	0.0529840048151214	0.0548995913288199	0.0502172555181216	0.0429412432672416	0.0435808988492657	0.0372331022632139	0.0459432775908486	0.0531053361110523	0.0522423025524352	0.0494221764141818	0.0469873987074521	0.0495319757015424	0.0489881764470897	0.0477685980664064	0.0489898425762506	0.0484826269921786	0.0483753465619054	0.0481474476403379	0.0475569000469915	0.0473771350835839	0.0468177971571173	0.047773542188305	0.0480762149443483	0.0470843345296063	0.0473369839385417	0.0475392427240471	0.0474253648619413	0.0469950781435658	0.0468213221001738	0.0467965320020296	0.0457120835377461	0.045797320332297	0.0460320736712629	0.0461377824263679	0.0458522532572581	0.0454618665359243	0.0451760144954215	0.0458364032152073	0.0451912893916583	0.0454037796285443	0.0454101174910322	0.0448976996497275	0.0451866834884144	0.044824984820496	0.0441441401302363	0.0447168006293974	0.0446295449759411	0.0444212267475029	0.0437040857155508	0.0436785410722859	0.043232119416664	0.0432947420876202	0.0434598254474875	0.0436572537300961	0.0442935030337749	0.0433033951835056
TAG	0.000482341477499086	0.000294740850911535	0.00035615745629074	0.000330181570919489	0.000242698495486746	0.000304012861796009	0.000293686146345726	0.000379805455307913	0.000339914027044162	0.000343945977241959	0.000287993952579631	0.000455597635847107	0.000445430174904964	0.000471196817558023	0.000449629652600679	0.00055275189612306	0.000407199837992733	0.000522465940135645	0.000600408840689039	0.000733640599705999	0.000511892711747991	0.000533123339617384	0.000618246318347192	0.000564911532464568	0.000891058285844298	0.000560554117601752	0.000506848932078158	0.000376395388004197	0.000395011303102124	0.000638352325395209	0.000384919178671441	0.000338615489506571	0.000436541358334998	0.000438683246877176	0.00044608335779279	0.000688655308331213	0.000526062312165343	0.000519565151706862	0.000337667645207558	0.000393658648678635	0.00045441758489193	0.000458675853201516	0.000619396440028211	0.0010586101396134	0.00105995134703472	0.000822130706513016	0.000976482317814988	0.000590367332803391	0.000618405977280636	0.000705259944712192	0.00711773034965149	0.0870509744826411	0.0598681641377167	0.0668997449063452	0.0785946059753518	0.0542677103671522	0.059560839934819	0.0615346519113452	0.0574113863200266	0.0610814400265782	0.064519112404044	0.0642535033396826	0.068190521194795	0.0613281476027057	0.0618695496193389	0.0628435973704753	0.0617166928082619	0.0585693134727753	0.0649344408866076	0.0632519308998853	0.0618079955376686	0.0663749287447515	0.0619164736691709	0.0604897000573263	0.0647936807215018	0.0634047335623643	0.0673994789686307	0.0625157114441149	0.0611746589839498	0.0628721212880508	0.060381468433605	0.060483833180732	0.0626201970311962	0.0622669297420492	0.060512488470408	0.0638705148948953	0.0622471887079183	0.0607635679353778	0.0583595381624809	0.0585236554226713	0.065143055567652	0.0621685071464793	0.0655919137365861	0.0625694689575601	0.0593977882450158	0.0643496004761883	0.0588377418162147	0.05840227542802	0.0617895161400897	0.0626929185991386	0.0584853235716445
TAT	0.0349214099913849	0.0345685758748132	0.0346011589992092	0.0355865754159157	0.0350977720738339	0.0343998001916811	0.0365581468355383	0.0353268560398746	0.0351941690313105	0.0355315958755995	0.0355548379070583	0.0357854205491631	0.0357024031707408	0.036089744905099	0.0363524515331933	0.0363931096883063	0.0369769737592353	0.0366879995660705	0.0366254539429959	0.0363592551404528	0.0369536645034412	0.0367450622847509	0.0380315127906719	0.0376129117788352	0.0384427874927881	0.0377698583664109	0.0375165878200976	0.0372983280409092	0.0375344682308205	0.0380339560668606	0.0390586817482264	0.0383916952270633	0.0378383515364482	0.0387289793366934	0.0385867918305413	0.0385521351218915	0.0389003667104283	0.0395283303232031	0.0395274518809128	0.0389970949762855	0.0397846322940138	0.0399566850410212	0.0398086598330843	0.0410573775987071	0.0395209102393771	0.0396992693817151	0.0443379118730618	0.0390298036207459	0.0324016172493229	0.0340075593686037	0.0377806345061214	0.0396336294241604	0.0401877126438817	0.0395816073361915	0.0374943432212062	0.0390036967273771	0.0409943556580562	0.0404002848841457	0.0400164797248864	0.0406658429612533	0.0395795821949274	0.0401118884152025	0.0405918875292779	0.0399985764214921	0.0402961979055674	0.0400331551154743	0.0400379061958396	0.0403506837335017	0.0393994822492252	0.0399461164456628	0.0401629898242375	0.0389064535197928	0.039308971070985	0.039093946693931	0.0391682859612214	0.0390681616308042	0.0385285377944832	0.0396498677703836	0.0400980574888958	0.0387572833274563	0.0385550975612374	0.0389038128709628	0.0380458782129687	0.0387865262589121	0.0377125123209916	0.0379444128171961	0.0378982994659074	0.037523871603355	0.0372350926019537	0.0380399393495342	0.0371157134103807	0.0375223925571104	0.0361725822322489	0.0370612378890586	0.0373373838657151	0.0370042600596706	0.0365433286545952	0.0367586115264468	0.0367394817792943	0.0367037330852016	0.037053165142933
TCA	0.0299872001793232	0.030184063905989	0.0300326440432994	0.0297003732085105	0.0303597758507562	0.0308569109852161	0.0303140291584786	0.0310707690963796	0.0311346319703495	0.0314950202211962	0.0310427798122489	0.0310991897778953	0.031367851361654	0.0311185117120382	0.0313503153298376	0.0322270385050894	0.0311104124161302	0.0312609852883865	0.0314857276270031	0.0317783399993051	0.0324496041702142	0.032005684984899	0.0314175543196621	0.0324513095400442	0.032843363367283	0.0319396019267044	0.0317852675443558	0.0316446677924312	0.0325627870917449	0.0323880335499627	0.0317501002496065	0.0326235405822529	0.0317769769198071	0.0316629853399416	0.0319395382381382	0.0318209612953719	0.032453307039977	0.0323929872956777	0.033106332613137	0.0340249552356646	0.032774221590659	0.0333785047149957	0.0326678027016622	0.0324159896489961	0.0330216423402033	0.0340855111627283	0.0315737975139808	0.0364148536464094	0.0331051424019289	0.0354565661511735	0.0230342921907278	0.0426908858199845	0.0357290257099652	0.0369507102481532	0.0332763531341708	0.0366050782032478	0.03342953541357	0.0339300964202876	0.0340125470964644	0.0328086494916311	0.0336400122174162	0.0337803044935816	0.0329048546468716	0.0342933119718901	0.0333594050533945	0.0336683301617033	0.0331397308712862	0.0328844116476432	0.0335878929048495	0.0324160270724637	0.0331012111521307	0.0335407053549586	0.0327516262272088	0.0324966055624485	0.033079536843167	0.032738556426387	0.0325311401277856	0.0321370937021991	0.0327366795836247	0.0328344900419703	0.0321937129443035	0.0314897915733059	0.0321985204335144	0.0316704536484691	0.0318116544965191	0.0321925693787519	0.0313260834504927	0.0320387328187006	0.0318473146881792	0.0327299914205038	0.0321985711016218	0.0312079670412074	0.0313638057548735	0.0320577655941986	0.0309845076769685	0.0312316923662216	0.0310152089456858	0.030305244569088	0.0303611778171301	0.0302357163905165	0.0303433618202403
TCC	0.0362642349128938	0.0365732917572944	0.0364089700278799	0.0368185242597157	0.0369955185865217	0.0370583324161679	0.0364018002917128	0.0366889468286034	0.0369978834438528	0.036894930746501	0.0373899027563624	0.0375796689502296	0.0375375208086477	0.03725164081498	0.0374051849049675	0.0383546596422359	0.0385315020617163	0.038092192953259	0.0375419262712788	0.0381898651839755	0.0380032194012768	0.0383627014448081	0.0383925132903577	0.0382346140153136	0.038105703146327	0.0386813563740412	0.0386646327672901	0.0384016605397785	0.0389644544497244	0.0391803099532608	0.0388368809314315	0.0392660259176742	0.0399387174239602	0.0400902033626628	0.0396319825687607	0.0396430548303117	0.0400721526470535	0.039930354482738	0.0402594153137857	0.0402918709623013	0.0405834092694167	0.0411050553061388	0.0409834706270358	0.0420661450077448	0.0423279753263607	0.0437031045730126	0.0428259228641025	0.0484069600104264	0.0489472891370381	0.0461666451427826	0.0413991239737537	0.0496842340915508	0.050916675262862	0.045023784716228	0.0415321536654855	0.047578854260894	0.0431757389327201	0.0433698810100853	0.0420210584721086	0.0423887243403846	0.0428841716945483	0.0423335507804771	0.0421816452646054	0.0415730305807823	0.0416958215144579	0.0413475741673568	0.0413019113545758	0.041799789679405	0.0417048742784529	0.0417791887504857	0.0415088922063716	0.0410297452374596	0.0408901925140479	0.0414347392737778	0.0408975506070221	0.0408721512612469	0.0411693084759861	0.0407730437821471	0.0405773936458986	0.0404174046851135	0.0401656849998057	0.0395003542072421	0.0395336302413775	0.0397168090822788	0.0400581391622681	0.0392243000360898	0.0397730080549811	0.0394578933253672	0.0392945856645804	0.039103876223869	0.0385155719476626	0.0386834390765803	0.0380899032228189	0.0384119535714782	0.0378136604089648	0.0380491744131209	0.0372664167672601	0.0379416608984719	0.0371264546680683	0.0371421571474934	0.0369182171565277
TCG	0.0356375788193715	0.0359310536160478	0.0357970231280932	0.0356293603459225	0.0359002464047396	0.0361018507296592	0.0356598051176712	0.0359389033769651	0.0357186494559705	0.0357490966658216	0.0361832550299609	0.0368704926227418	0.0370282998036446	0.0367539027734025	0.0366886838415104	0.0366500834402647	0.0365298391371859	0.0373992248229783	0.0373696398171169	0.0373504019477339	0.0372036834528782	0.0369880197793761	0.0370290604396755	0.0374653031369126	0.0372580521250163	0.0371705078384793	0.0372361577145528	0.0377441019020342	0.0377236176972943	0.0378937278850636	0.0380946874685033	0.0383862168466899	0.0385685621184285	0.0385336537945016	0.0382758635570742	0.0378410236346288	0.0384138045034313	0.039250287248546	0.0395032722386249	0.0397566605604415	0.0395235865353909	0.0399949195911408	0.0402377551331795	0.0407243999440602	0.040733752839138	0.0404765365212871	0.0428769593105127	0.0526215569336511	0.0552338880957274	0.0634298490538644	0.0552936618770693	0.0630428373736167	0.0522040949472399	0.0468117397512349	0.0452894051467376	0.0444257007987896	0.040266475425848	0.0415427343657174	0.0412833798887299	0.041473839111241	0.0419432954510323	0.0403247229517285	0.040496576200574	0.0407158199213823	0.0397185625018695	0.0399071478718915	0.0401800922738323	0.0403812171339263	0.0406283024755535	0.0395883234827379	0.0394100069487859	0.0392519083573623	0.0391975130855528	0.0394142981915495	0.0398971458706794	0.0390183613781611	0.0385165980803027	0.0398988517083228	0.0391378724048995	0.038603206012076	0.0383720504539651	0.038314743052323	0.0385881471145659	0.0373456802901323	0.0374589888334018	0.0381756182333292	0.037680275280647	0.0373288163272497	0.037714166925691	0.0372801038174322	0.037410677838764	0.0368808185886221	0.0372761377978594	0.0373566504393502	0.0369329654170593	0.0370827874456095	0.0366940330909131	0.0368783946065435	0.0364784029321354	0.0361514495781488	0.035837065052144
TCT	0.034098527732612	0.034061905504675	0.0332523126046437	0.0342623723569805	0.0344095971469519	0.0340444390056193	0.0337137844069648	0.0339100252503964	0.033613240316366	0.0337133752973604	0.0335724974150144	0.0342880191735713	0.0350906080102956	0.0353887066942919	0.0343826086262237	0.0340547053357389	0.0349282745366067	0.0342121916503646	0.0354560629376363	0.0355356460352038	0.0351465877695911	0.0351569310630459	0.0345677414825433	0.0349609198682571	0.0345770660230131	0.0353171706366436	0.0361675135800062	0.0363609038187606	0.0363447665243648	0.036220446936454	0.0362086624818508	0.0354106936260741	0.0359326491045192	0.0360430580860605	0.0356634796141147	0.0358695607872462	0.0364545770331924	0.0365395667579924	0.0358113202258549	0.0362929754309713	0.037456840482029	0.0374582190781133	0.0374699949737006	0.0377798324671164	0.0375142860805712	0.0370682523026368	0.0415875761264758	0.0456824718699713	0.048755134084701	0.0511616120266434	0.0509802394488293	0.0562384545783658	0.0589688529851914	0.0536511425643449	0.0465543547177925	0.0427774348569559	0.0384215545186923	0.0372175405523299	0.0388378451399321	0.038391275493059	0.0379245257802615	0.037639183329195	0.0371346747669321	0.0366522819277388	0.0377043047560282	0.0379706006880516	0.0375126059705988	0.0380406821615214	0.0378777879974976	0.0375472254463067	0.0368891568502172	0.0368955829725049	0.0371611449277448	0.0380987956937171	0.0371681715047178	0.0369766158059538	0.0358595189374321	0.0364844067116929	0.0363305026657781	0.0365612345679422	0.0357152615146838	0.0360273904232781	0.0354261397432578	0.0356268665573466	0.0346720917522651	0.0350857527981749	0.035210955685077	0.0349322870957399	0.0354597456700843	0.0351213890064629	0.0352980486280425	0.0350401723944999	0.0353050103960238	0.0350322327590942	0.0348741723266037	0.035951439064	0.0355330362452921	0.0357901123701523	0.0350839163411321	0.034631441634742	0.0346435076470024
TGA	0.00360407904610161	0.00445296860271485	0.0031905364831884	0.00349585826062464	0.00379523482101817	0.00356426831238519	0.00411344454529837	0.00373747094733668	0.00292106476416504	0.00305747128591188	0.00333828251448218	0.00296092682912034	0.00359963766745098	0.00443928149469116	0.00435092433130648	0.0030439157712617	0.00473051717775495	0.0041800664428918	0.00306386014738549	0.00346030365828404	0.00428297466191862	0.00448308256001884	0.00438346403944032	0.00489535761318517	0.00467196241734161	0.00331058921861991	0.00310929150660015	0.00311245889864873	0.00292608294615088	0.00372413624878976	0.00343282235722265	0.00295453383925586	0.00350255175253938	0.002759398998289	0.00292322689329506	0.00445183745846785	0.00361010532375906	0.00362333435327614	0.003227553670034	0.00412053840360214	0.00387089753419254	0.00450103175698426	0.00494413284901594	0.0038657303192191	0.00435140892411266	0.00373396148905453	0.00419833231598636	0.00472828476945761	0.00392217123422194	0.00432177505881144	0.0102888926984093	0.077399677444969	0.0483968159083215	0.0500908638209334	0.0660016277115422	0.0513920889569295	0.0471713219646493	0.0507304933475809	0.0501380296282727	0.0489262583131404	0.0532371733951229	0.0534786136619422	0.0495293200153117	0.0461626258369481	0.0477192334160029	0.049552467410198	0.0469324617342399	0.0464801525879145	0.0463327387427503	0.0463249257216412	0.047893178558494	0.049505362944158	0.047153353495536	0.0474385320385131	0.0478358644999595	0.0439732168074425	0.0471874685637354	0.0508003253830105	0.048308567690905	0.0459415288517784	0.0471502826793883	0.0481915881046244	0.0462476625653726	0.0467930124044002	0.048553237091999	0.0455299089117316	0.0486172420782359	0.0486213959472939	0.0480987127636904	0.0473204461513014	0.0511313923367973	0.0470343490704168	0.0496186600719688	0.0478359652267405	0.0460499997934996	0.047599470089966	0.0453110056342447	0.0465617278768385	0.0444281829471663	0.0464753810924298	0.047308891770785
TGC	0.0370477619789977	0.0373838287758186	0.0380086863787573	0.0374499939448472	0.0377565969043089	0.0378637661925857	0.0384165775038134	0.0382616477810339	0.0381621615231729	0.0381724709413819	0.0379435351215461	0.0384042265556966	0.0391257192477617	0.0388407413539689	0.0387140433965263	0.0393626039090293	0.0390498917759825	0.0392574004616562	0.0397690136755712	0.0392975861997519	0.0401525827658455	0.0396537481318973	0.0400400772127025	0.040327136459321	0.040442837464554	0.0405072349284771	0.0404223967001547	0.0408905035168409	0.0402357566231421	0.0405207044694028	0.04061236554918	0.0407572219539623	0.0410520925319016	0.0415911426721356	0.0417524112301926	0.0419594973575973	0.0415189849053232	0.0412124400007614	0.041237327002223	0.0428596997795705	0.0428657424740289	0.0419973713065084	0.0429348561772757	0.0432514675621911	0.0436964149680239	0.0451990879406795	0.0437649957716865	0.0447884885943459	0.0433211103520327	0.0358064349944238	0.0320753190328642	0.0370671859942785	0.0473718062010348	0.0437347565793099	0.0450681839736665	0.052088266979231	0.0432208928530883	0.0441799312703125	0.0453534012920219	0.0439987749549583	0.0439250271792649	0.0447812739891319	0.0443290588988532	0.0440295614243543	0.0429784360926946	0.0427911065153611	0.0428360218657839	0.0420290178548479	0.0421106330983922	0.0420967418655347	0.0419015565383849	0.0422763833281336	0.0412680787387324	0.0418102888950064	0.0411289528231166	0.0415930646060882	0.0409215845169134	0.0406913925917322	0.0405985755177269	0.0401340178955199	0.0402986582477075	0.040162134160175	0.040167559770648	0.0403307681744297	0.0395153532364923	0.0396727185006529	0.0401743002020974	0.0397495142258602	0.0398910682995785	0.0395531712863195	0.0395727249926307	0.039255474369263	0.0390097922279385	0.0387504763664931	0.0384336369336537	0.0387833028949929	0.0378126799243766	0.037846167184926	0.0374433824931117	0.0378229846828715	0.037814985983336
TGG	0.0388874771880163	0.0381637649114201	0.0394426116958549	0.0389296298901438	0.0388070969559805	0.0394084058464615	0.0395127027189153	0.0395199685919976	0.0391731512058824	0.0396470695734604	0.0390362584501321	0.0396845524398497	0.0397168200037731	0.0400157679380352	0.0409079703661205	0.0410999081198351	0.0414997627372232	0.0414276420760138	0.0415873275482517	0.040950493321932	0.0413432440546882	0.0413478075903493	0.0417988646954175	0.0422679407757485	0.0421754333254983	0.0428781028161167	0.0427701867701888	0.0429308405300774	0.0424413911595664	0.0425763709060855	0.0428565705844844	0.0434466450967525	0.0436786160494134	0.0434993723202639	0.0446875689606289	0.044039470905823	0.0444348498498375	0.0454695466910667	0.0444605741389468	0.0444532749493867	0.0454149528858658	0.0462872119966181	0.0454675368041188	0.0459195665125299	0.045554321048695	0.0460172078187273	0.0422035782329251	0.0452382647891655	0.0438897240594859	0.0553524924760035	0.0528975154692856	0.0605724200154111	0.0497664729568488	0.0476507565414793	0.0516620400769281	0.0526241604045265	0.0450992620740348	0.0474647494688271	0.0458273038087704	0.0461411477812448	0.0452191926538275	0.0453688111196288	0.0439743770091755	0.0446994423456179	0.0447245617021179	0.0450499665113571	0.0446717378959766	0.0449387990664829	0.0444795456068353	0.0440981304435958	0.0443155831764694	0.0430528127900937	0.0430423463136245	0.0438302345732693	0.0430237258750066	0.0432859328772832	0.0429217655020697	0.042709493545507	0.0429272341406316	0.0420657703606321	0.0436574601461031	0.0432758641915488	0.0422689177781866	0.0427989225348852	0.0422222565886772	0.0418798762014689	0.0420013042172825	0.0434294611273714	0.042132483398991	0.0415901965925355	0.0419659770063311	0.0426843321931669	0.0421477317933633	0.0410258125032622	0.041187721690505	0.0408493159796799	0.0409100052370361	0.0405326551549888	0.0406759964490389	0.0400878329145807	0.0398774970718707
TGT	0.031372177242207	0.0308004925099202	0.0312758327500153	0.0315656035026374	0.0317719644968791	0.0321015915244938	0.0323448632322676	0.032113441196479	0.0323574260171705	0.0316386250085388	0.0322975890718619	0.0332061757982833	0.032844651334602	0.0331128397517865	0.0325398070732979	0.0331173132752257	0.0335170780392448	0.0332718156132416	0.0337718337039981	0.0340988045739261	0.0335283016980001	0.0334454459651647	0.0332657317138157	0.0339522136186477	0.0338926235915875	0.0344876934227914	0.0341463906075036	0.0342236693197119	0.0346763583991451	0.0345531197585789	0.0351515615215109	0.0342523783464602	0.0348593435134491	0.0339458633313619	0.0345437636493175	0.0343316353398318	0.0345985255672191	0.0352210471124969	0.0350790786873845	0.0351586968247634	0.0346851840958972	0.0354436331037627	0.0366657252812001	0.0358838377527182	0.0366349734104824	0.0359155887019586	0.0395103376266855	0.0415031177436815	0.039606664992276	0.0358967074178682	0.0394416237707135	0.0362244828737078	0.0445710445296397	0.0407421430029204	0.0412025948697474	0.0433130354186213	0.0353936390222508	0.0365701529875565	0.0376880363099779	0.0367046999399112	0.0367294266253583	0.0369776822491165	0.0362707887056231	0.0365725801019874	0.0365842688010075	0.0363137290676632	0.0359383678807488	0.0352299239919176	0.0358447494577538	0.0349276713817692	0.0354678185361689	0.0351754811928056	0.0344349879105362	0.0351662178286256	0.0343949671866411	0.0349035678252717	0.0337678652548253	0.034943547286725	0.034344028918375	0.0336526931608567	0.0357264729064008	0.0336862570948893	0.0335214006620708	0.0328259193730113	0.0337683881674842	0.0334238731916426	0.032829259883745	0.0326999481573268	0.0325706278547894	0.0330952593845527	0.0336432679264572	0.0327841221866658	0.032604618317933	0.0323536617364444	0.0320710426467019	0.0322807154506297	0.0313422062350647	0.0325671163440841	0.0320974100371047	0.0324171291921569	0.0317004470968549
TTA	0.0299316322388253	0.0301707892071783	0.0304760421331394	0.0303765003455313	0.030536228101373	0.0305174515578954	0.030306460803099	0.0318600487865281	0.0304865305057736	0.0311822362478925	0.0303152474002278	0.0312148221302717	0.03065241504506	0.0300958106776367	0.0324947676854295	0.0313516014781516	0.0319126710631967	0.0320761250400172	0.0320292875129151	0.0315248767130643	0.0310302922450315	0.0313774141881086	0.0317026015814239	0.0321260258697808	0.0320386167690252	0.0315013071571349	0.0320533784598333	0.0314969081251605	0.0329365113968283	0.0314913596367027	0.0316021270027242	0.0330256901289446	0.0325480859683768	0.0329233108069807	0.0327295684351304	0.0315915412124413	0.0322549806891784	0.0328484591877108	0.0319746783057134	0.0319581379628159	0.0317187798088111	0.0323193015396171	0.0328059604809058	0.0322203217488472	0.0333252133694155	0.0345451657353192	0.0330123669058924	0.0310301955439522	0.0270938931562282	0.0290209042400663	0.0174082043779077	0.0289034557992058	0.0329740823114219	0.0320366051768246	0.0269090158902444	0.0336753293623068	0.0330375856950262	0.0337276907394952	0.034187632580032	0.034585496234309	0.033377227214683	0.0334561676657494	0.0329664179423915	0.0329592620048703	0.0321992066085793	0.0327887834103091	0.0327089206008536	0.0323314299949473	0.0322147156230719	0.0322721901874181	0.0317361917894417	0.0319981352131195	0.0304748452051047	0.0313105546566455	0.0313415232793514	0.0306855417650443	0.0316154411634744	0.0314225331263069	0.0308218652535446	0.0316093949406758	0.0311297711588666	0.030769671705917	0.0310916983435511	0.0299060100533515	0.0299495372169623	0.0295495827052	0.0301736921493923	0.0312175132383116	0.0312043873208152	0.0304031235133659	0.0311195541961259	0.0302012363543824	0.030864115844591	0.0310046810972326	0.0300553680220389	0.0295453201952926	0.0307085906208698	0.0308147584165865	0.0296700779078558	0.030652168533694	0.0298034813012755
TTC	0.0428051989372788	0.0429170231465534	0.0424038627345541	0.0437340150275695	0.0430431406100058	0.0431671085234831	0.0437750918648682	0.0442162468561126	0.0440531292333216	0.0444752988903468	0.0445079174672518	0.0449347457595415	0.0444846895400955	0.0446115391308344	0.0452494965063232	0.0457535601342326	0.0457956252394564	0.0452867238031466	0.0456321625127646	0.0457621831917464	0.0460444055180404	0.0457752957616394	0.0456986892265767	0.0462282363873128	0.0471966991078604	0.0461368089334472	0.0463732610940508	0.0464556943928766	0.0467515687527413	0.0464236393506748	0.0465726034100166	0.0469864378024674	0.0474894553570723	0.0469194390946311	0.0469649638039028	0.0478370083282618	0.0481250703675225	0.0481152848997827	0.047813920459643	0.0479443593830459	0.0483819870134805	0.0497325618206806	0.0499296997234158	0.0502015290735961	0.0501000545822293	0.0525715250034285	0.0548737093693388	0.0568054525636499	0.0486406708462787	0.0477456945598364	0.0377452486053275	0.0376634271153404	0.055981636425271	0.051671857300502	0.0458111989764987	0.0511953120372109	0.0492613488728296	0.0493997685647957	0.0507669998725348	0.0498086746140907	0.0500177438194995	0.0490416945284903	0.0493591795742998	0.0483823922481523	0.048999505866976	0.0499287301506313	0.0488902967238845	0.0485425218325163	0.0483825194307211	0.0478935981203584	0.048068002414114	0.0487401437005257	0.0480571095767837	0.0478725728936797	0.0469478692394141	0.0471446901463749	0.0472190384994419	0.047532546420763	0.0467154652426309	0.0464132759276039	0.0474409715777489	0.0468394902943222	0.0464552124603945	0.0468911110886849	0.045803382613049	0.0464081388183719	0.046094542223784	0.0457770975301689	0.0462875610725024	0.0457220335670441	0.0459287771142166	0.04543729183757	0.0453637532926348	0.0458381526707113	0.0453133093052633	0.0453729171780409	0.0449602423325775	0.0443575198378202	0.0442454807293455	0.0444690811107392	0.0448582058435089
TTG	0.0354440500250872	0.0359452973626146	0.0356494941472884	0.0362866354086633	0.0364499675507094	0.0365938001640681	0.0371867541803206	0.0366329091350634	0.036399074612242	0.0369032342911724	0.0365485788313964	0.0368728979654124	0.0368772411345001	0.0370246175169337	0.0374214809046524	0.0371729472693823	0.0372563002183175	0.0374259211376482	0.0380712200945704	0.0378988313895447	0.0381561192238344	0.0380309797302974	0.0379418984623172	0.0376845337560892	0.0380565016645466	0.0380448031471649	0.0383078194234549	0.0388921704820674	0.0385832640176876	0.0392148843264471	0.0390810800071398	0.0390041274312438	0.0388668792260308	0.0400690296314531	0.0393525012481557	0.0392274045735893	0.0394511099642858	0.0390545128725217	0.0400311610795099	0.0399615964337322	0.0399623412592556	0.0389010094011079	0.0393267399000412	0.0396225054664106	0.0398724129476555	0.0388676088843491	0.0414327872113816	0.0408253539098472	0.0380768438927046	0.0432766704448468	0.0316261948405075	0.0372524032718972	0.0433458590339192	0.0408856501923712	0.0410201462507938	0.0403570131400245	0.0409862775715358	0.0409329790859774	0.0417644345025535	0.041220847634159	0.0406812930010999	0.0403089179108373	0.0399855391480359	0.0400768344040658	0.0391779738532645	0.0393477696728307	0.0391639273880428	0.0397944783523505	0.0394473136200476	0.0387312554064587	0.0393101347631597	0.0385615570354999	0.0390603639522741	0.0386495392559738	0.0385672507275774	0.0385939748884738	0.0385805878431264	0.037961900041774	0.0381465754321267	0.037639742888002	0.037631161384586	0.0386374411024656	0.0380665241138733	0.0375083925802665	0.0374580379058696	0.0367417235375639	0.0367098020760152	0.0368279294555589	0.0368656087588738	0.0370444854886998	0.0361095858090588	0.0360394950341097	0.0359236532776903	0.0359254739079122	0.0360817325567136	0.0367314156751806	0.0361546970151732	0.036110538042892	0.0362837141050367	0.0359080675161032	0.036245062258724
TTT	0.0343168222205743	0.0348338444468493	0.0346384151739288	0.0347350094838884	0.0344155498651596	0.0351865077106771	0.0352154911808233	0.0347411619105526	0.0350817182962951	0.0355826439731813	0.0349477275396663	0.0354245333590321	0.0357357788698819	0.0357181647631785	0.0359256310208204	0.0356115397568276	0.0364133807933535	0.0367082707209866	0.0363078051658583	0.0364706358305617	0.0362101394593828	0.0365052637478648	0.0367540854013519	0.0360695287475771	0.0364812587031188	0.0365970760586553	0.0369740267153599	0.0370116292436625	0.0375241301038281	0.0374204837207981	0.037310796489936	0.0377490412869796	0.0372623133067202	0.0372620452234971	0.0373355255199188	0.0382405193043916	0.0375907044594436	0.0374676530895761	0.0373406281832325	0.0378818332284771	0.0378564045921923	0.0391413587258969	0.0389840512922016	0.0388899603776175	0.0391105633332112	0.0387830512095069	0.0424966957402457	0.0378596144315593	0.0326308347017373	0.0312455671957923	0.0300106659685951	0.0274137780395475	0.0421231063901895	0.0409443562989104	0.0352364411026567	0.0402072491233734	0.039022301508058	0.0393494039019564	0.0402638307194002	0.0387275795724235	0.038891238400097	0.038550596051431	0.0383584281641313	0.0376994558505516	0.0377240684539453	0.0379652815845561	0.0383182299882363	0.0380797068094995	0.0385615027777103	0.0377912780292374	0.0375755141022165	0.037120179946138	0.0367419827129479	0.0368661319199201	0.0371460851586977	0.0365918192690637	0.03601483416407	0.0372944877977497	0.0369655909652756	0.036562584369211	0.0368470766079728	0.0362348162022668	0.0363209497526479	0.03606158423688	0.036100706920078	0.036062524361605	0.0364602386990804	0.0359924202493316	0.0358090748489403	0.0357330881159516	0.0358886560298847	0.0356855958502101	0.0352787561738596	0.0354250517954817	0.0354021728483369	0.0346402023466879	0.0351510385043922	0.0352692724655704	0.0356550984164081	0.0348135794832499	0.0355009355746583
