Codon	1	2	3	4	5	6	7	8	9	10	11	12	13	14	15	16	17	18	19	20	21	22	23	24	25	26	27	28	29	30	31	32	33	34	35	36	37	38	39	40	41	42	43	44	45	46	47	48	49	50	51	52	53	54	55	56	57	58	59	60	61	62	63	64	65	66	67	68	69	70	71	72	73	74	75	76	77	78	79	80	81	82	83	84	85	86	87	88	89	90	91	92	93	94	95	96	97	98	99	100	101
AAA	0.034179487765171	0.0346310701236388	0.0349492217259893	0.0358509902579148	0.035364778206188	0.0368637540839573	0.0351377261472589	0.036100829496966	0.0366165619929233	0.0358485373940661	0.0371384972110707	0.0368559213938777	0.0361356067494858	0.0379595433993108	0.0378682006002106	0.0382239355591225	0.0383671172192733	0.0388082678052955	0.038824968057908	0.0388447519823481	0.0400968455666948	0.040892094720879	0.0397242443077563	0.0401865792917887	0.0404998540430354	0.0408265159753859	0.040935280755431	0.0407921025844214	0.0410169837424434	0.0412598572224954	0.0415769248243875	0.041964839203579	0.0442880883143996	0.042553291232388	0.0449596754331925	0.0440685811801632	0.0444372551886417	0.0439103332021014	0.044380410472723	0.0442019178815548	0.0448218782117708	0.0459347473336044	0.0460674821719408	0.0462004807582772	0.0460240806657462	0.0462735576963934	0.047743067760186	0.0486972782625786	0.0498279934260416	0.05346569849593	0.0636811515407632	0.048185336934231	0.0503956191091569	0.0408752390309137	0.0339949516066061	0.05120822843278	0.0497097208084797	0.0386384635306995	0.0447609586135759	0.0439545534599319	0.0636300893408353	0.0519352147195821	0.0471859127925361	0.0501352080081367	0.0485610314564244	0.0481324121926622	0.0470636961660621	0.0479787186752042	0.0483336135029392	0.0485727271868321	0.0465170672887465	0.0467286811572071	0.0471725820783181	0.0469828320220791	0.0467650630464291	0.0478225353520643	0.0463781475200302	0.0459427978510734	0.0459531885504525	0.0457131713948681	0.0453395515812658	0.0455208272684306	0.0455716806580257	0.0446961337029043	0.0458587945361907	0.0458115156027124	0.0455316985106055	0.0452033083110871	0.0450425440550153	0.0461085055271915	0.0446781922417174	0.0437541513181065	0.0431725928510344	0.0428052282286055	0.0423657206795139	0.0447699916179627	0.0434705402853494	0.0426714480138871	0.0418093580352661	0.0418403561055801	0.0442875282794917
AAC	0.0367218190168654	0.0371979019019656	0.0354692980486034	0.0369814558538938	0.036938782239533	0.0386266913833481	0.0359164741918288	0.0356894727634915	0.0378719451033751	0.0378771322161436	0.0377276497719847	0.0388806640253249	0.0395132214311337	0.039705575075772	0.0380356729449879	0.0398314321917508	0.0411321135722805	0.0405305509520957	0.0399825164577858	0.0392584438041291	0.0389353088872323	0.0387757160062137	0.0400036212270371	0.0408484164690548	0.0407120713800408	0.0430181241942565	0.0409557299312484	0.040253282645363	0.0409471603916381	0.0415051840695858	0.0428906169126148	0.0442602411288751	0.0428056953704599	0.0436019204216947	0.0445159079743434	0.0445221903357116	0.0428957189644949	0.0437485960471699	0.0437025192601242	0.0439351768339257	0.0446395719292199	0.043997545680756	0.0467459294906758	0.0445069768072578	0.0463270155724917	0.0472803067209304	0.045802872555956	0.0469116446220259	0.0482036742094877	0.0491790664511007	0.0631141491485884	0.0433968515865551	0.0419039942401434	0.031048572119232	0.0299713938598812	0.0422574513416632	0.0522611785806309	0.0412184384793729	0.0464538365170107	0.0424413704129576	0.0553090223624266	0.0488661005092917	0.0447136767971651	0.050077048164852	0.0481687016356296	0.0480502573040735	0.0468003787978203	0.0469607817120318	0.0456093306111408	0.0441553570241951	0.0472308526372708	0.0471281980050127	0.0475254959962812	0.0472583949946172	0.047362952905537	0.048669996840127	0.0469428962039523	0.0461542188471625	0.0445972498843298	0.0458387332075766	0.0472245298768972	0.0440441362486729	0.0452960120125358	0.0463510345394111	0.0455017868764092	0.044331811050431	0.0440543427853008	0.0450970379565174	0.0430148941350482	0.0453779018074682	0.0434243243988247	0.044460445552439	0.0450552978199456	0.0423056239136209	0.0434082464242956	0.0433710221801403	0.041887236508589	0.0420398442834414	0.0417724303315997	0.0432943866123121	0.0438701401339534
AAG	0.0334181531346049	0.0313096183679816	0.0327666331492583	0.032249644860364	0.032675778985533	0.0335477370506308	0.0326601133765081	0.0325589485047961	0.0320335965636366	0.03360596633729	0.0357182798610301	0.0347648951834501	0.0354771911575228	0.0363675492891025	0.0355765904303936	0.0346683307133548	0.0369523021870712	0.0387425404323843	0.0379746507117057	0.0371231257733552	0.0362174588390101	0.0365140122729908	0.0373240963643381	0.0367079450027792	0.0345433176588964	0.0386314802889433	0.0365561039673359	0.0367795027453058	0.0391272775155739	0.0372526714293986	0.0384872733923427	0.0399216631969497	0.0391563266322744	0.0399748024030613	0.0402961385481675	0.0388618841528022	0.0414049181732892	0.0420528608137621	0.0387651348472579	0.0429414466520696	0.0393799908486754	0.0407804548425653	0.0410706584942874	0.0429287350005012	0.0442591149407787	0.0463408694983043	0.0437970838543653	0.0486843095210553	0.0457464337078629	0.0411905612309112	0.0641726288033254	0.0378091395795759	0.0654012145059395	0.0536281406107738	0.0415628819028642	0.0548334982874311	0.0553096765885136	0.0432025750798683	0.0436337977026774	0.042742483530134	0.0566009806978153	0.0481098148766128	0.0463281155441484	0.0479621581864636	0.0445019811575065	0.0452259282276341	0.0483029981320135	0.0454000128157694	0.0473695427820452	0.0487042797313509	0.0460770877769709	0.0425913234333077	0.0465724008116944	0.0450788951740531	0.0455733585372688	0.0417452337419758	0.0428588955839542	0.0431623899784394	0.0423806601834178	0.0441736196701121	0.0420344964373885	0.0424316414161654	0.0424797159076582	0.0414234695448411	0.0408012154020392	0.0403551238278333	0.03928472643588	0.0426659528531315	0.045077187584756	0.0413600167395854	0.041829924949552	0.0405080425857372	0.0420969841792898	0.0414783346350257	0.0393349263464498	0.0409482989728153	0.0406818492850601	0.0388701543022974	0.0382970278289185	0.0364182319452452	0.0393237933050785
AAT	0.0256790446871176	0.0270294980001352	0.0276110266093028	0.0258060039085403	0.0265597905901056	0.0259424159422745	0.0264494779794026	0.0263059285830822	0.0269585199419065	0.0273391701713191	0.0266470765550819	0.0266848183790982	0.0286664714750882	0.0266095814932556	0.0274649532886446	0.0265772942483891	0.0295393114383344	0.0285649640772515	0.0283921893060706	0.0288415023547812	0.0299116791171725	0.0287597756547752	0.0290320530872723	0.030670408309547	0.0288617728783496	0.0294924833210708	0.0298339940670384	0.0314083232516793	0.0308715836911919	0.0320585046441127	0.0316117976322148	0.0297396872322785	0.0309824275974639	0.0310476732138734	0.0309827718174872	0.0316251984984754	0.0321408037814539	0.0324858277409951	0.0332410831553459	0.0336513184618778	0.0327722479256384	0.0314435405233719	0.033785466408035	0.0328043991147624	0.0342225048952454	0.033057102928758	0.0353712624267895	0.0358457553698915	0.0386883327008518	0.0408205474762488	0.0573149556890482	0.0401117318364706	0.0250695898750471	0.022312642950112	0.0217126094692994	0.0296325043487884	0.0332938598662171	0.025898561858786	0.0290452489893625	0.0308330853854456	0.0437954740504101	0.0362703652145199	0.0335648930210674	0.0371477025185487	0.034162005134279	0.0333480913470519	0.0345480874976584	0.0339924924043816	0.0329387778724365	0.0332011159531123	0.0350124977100145	0.0337643121720717	0.0331758862607409	0.0312915881549322	0.0332450543358489	0.0345272080219495	0.0334873562999393	0.0340232927995872	0.0332534400175127	0.0303560902306425	0.0298591523018583	0.0313567930853596	0.0326558158048477	0.0321922939802434	0.0315898646538938	0.0316578776527511	0.031924629127863	0.0318843876423577	0.0316588703838758	0.0311646439262098	0.0321109619134439	0.0313383700404648	0.0309965608717438	0.0302532894411733	0.0292923969380727	0.0292229082829967	0.0292021982392661	0.0296185271404303	0.0292844992973827	0.0301630244463192	0.0303521655551767
ACA	0.0251143407627549	0.0239688541130077	0.0245192763842668	0.0242879482420674	0.0269740365191236	0.0252416424392564	0.0267119017569516	0.0274875876833473	0.0266328985908126	0.0262681211047211	0.0258613670179361	0.0260815964831365	0.0258995965314855	0.023181913397345	0.027514836454522	0.027275046721133	0.0264593555286185	0.0265229874789916	0.0257358305265184	0.0273815582704383	0.0263971495719215	0.0269659091459109	0.026732543655774	0.0274822103112099	0.0289526392050032	0.0301334022049381	0.0279082136279269	0.0292992662261363	0.0278307849251712	0.0279273983232226	0.0318087139233956	0.0303957456725516	0.0286085330122674	0.0330159945252704	0.0303044773767214	0.032391700006088	0.0309662932328222	0.0341670280991216	0.0317997629528046	0.033798981432695	0.030323732551444	0.0347457647172759	0.0338499988167219	0.0313276552942008	0.0364051867885462	0.0337230261282759	0.034161676033162	0.0338730015660544	0.0375130354910334	0.0417557194471155	0.0452692652233787	0.0375706735815369	0.0459389015041968	0.0352072080570067	0.0296827490054078	0.037987921940415	0.0384685057609962	0.0329001267180031	0.034824101276697	0.0311780541828602	0.0319153573118714	0.0319730336960261	0.0306864201283504	0.0360011645245128	0.0321162796230992	0.0314039332177579	0.0336013848584581	0.0310614965087205	0.0291806150479225	0.0312435924473974	0.0323670281265787	0.0314220906955511	0.0277814008088406	0.0277248873639078	0.0280020481105025	0.0276352425105226	0.0258233825524479	0.0284051221295293	0.0289798927063928	0.0314665252844037	0.0279108688469247	0.0281801451041547	0.0282987970470481	0.030206829663725	0.0270639648203464	0.0255534137494113	0.0267491822550783	0.0288356580738527	0.0279710023160453	0.0251029709826767	0.0243201699371494	0.0247125535582435	0.0256585165162127	0.0254073962050073	0.0259163340929721	0.0255858155046637	0.0272253091873935	0.0274900331352854	0.026879742168409	0.0225100540440587	0.0238484932321586
ACC	0.0341008710424755	0.0330037082841481	0.0337717135123411	0.034402797827368	0.0340946688565283	0.0345272125672188	0.0351750521746043	0.0366511854127383	0.0351198769241928	0.035583868390566	0.0364835708760426	0.0358009785762339	0.0357427447869495	0.0345902140024009	0.0368034249642474	0.0374820936076075	0.0377741345359312	0.0372740959344346	0.0370868700191089	0.0382949311159156	0.0359652814907389	0.0378405542767964	0.0377629769026827	0.0401311620211512	0.0381903971057825	0.0400381339648535	0.0418712871041526	0.0417012931540332	0.0404827625117902	0.0388599654726912	0.039958253754183	0.0403854023688737	0.0413257813772928	0.0403421378960536	0.0413282288862822	0.0424109233185517	0.0414443070199311	0.0429808982565182	0.0409816800995887	0.0419068253800373	0.0411849908800758	0.043929397390475	0.0438324792423693	0.0422327184337089	0.0436198983630289	0.0447705721411615	0.0436952584502948	0.0439791901563734	0.0442358545535338	0.0471072460503588	0.0502851366063438	0.0488708428409783	0.0589358746829006	0.0417805892036564	0.036959746574379	0.0363128232970348	0.0500244642187123	0.0461446590074748	0.0415359164305087	0.0403735716093135	0.0452664836524955	0.0480840854351603	0.0460395922296483	0.047448154744075	0.0473954071989757	0.0453028603599003	0.0463460595174286	0.0446661755874497	0.0448493965011683	0.0448274123429589	0.0450343018456541	0.0427584720935966	0.0439593451376726	0.0443732585434657	0.0454834138398413	0.0454435743124936	0.0450792122728716	0.0439784911495216	0.0450305056713168	0.045766950680057	0.0435763920405027	0.0439235196053699	0.0435908320064939	0.0454832870238068	0.0436834622985709	0.0422468633451019	0.0430002712254175	0.0429926966878454	0.0432767493558658	0.0433521462907262	0.042555040385199	0.042419437508669	0.0430710823680027	0.0419973738533913	0.0424641603990044	0.0428901159713906	0.0406040235376898	0.0415972259395975	0.0424413640546264	0.0421082491537418	0.0403894527380518
ACG	0.0254247766881697	0.0262326465416529	0.0267207800780385	0.0263960746322861	0.0276947614156681	0.0268711607730017	0.0283269634003689	0.0285493945830319	0.0277492003797261	0.0275580519056229	0.028152386417201	0.0292485603859267	0.0294526769825556	0.0294689210397365	0.028825896322014	0.0295891694181414	0.0301409642962854	0.0297315182939776	0.0313166058618806	0.0307990932558055	0.028972338891646	0.0297851831334346	0.030956691791939	0.0301981759740952	0.0322546987293601	0.031753427072276	0.0303230611456849	0.0312364098357315	0.0323548176729749	0.0322243493512708	0.032802068095871	0.0320379892015186	0.0319158628504234	0.032623086891626	0.0324229646447917	0.0328875705991522	0.0330970669885631	0.0336742033568571	0.0343149632967562	0.0326413349751433	0.0344425938408175	0.0326488616096003	0.0349460482837197	0.0348485199150122	0.0346301082366429	0.0353155417893157	0.0343604535462982	0.0347850122837289	0.0355976578902818	0.0323770771626464	0.0351460377956399	0.0263319488520908	0.0509636890723492	0.0375068499064049	0.0335683916397212	0.0371243175196996	0.0479327968240568	0.0417656773250394	0.0386298349046666	0.0372396211506365	0.0376899537618382	0.0386374918925156	0.0368335152807812	0.0362724764402016	0.0359547111895451	0.0351724972906195	0.0355318549305422	0.0352036777220728	0.0356847574949421	0.0368045298897816	0.0344538773029531	0.0351707678124858	0.0342165781666597	0.0356309878875241	0.0371515774519716	0.0355313931981239	0.0359890723201389	0.035529998775276	0.0345116605877898	0.0326561845501565	0.0339875440370551	0.0347056114649523	0.0342041861129801	0.0334000716039303	0.0359866614679476	0.0332650750438494	0.034219211842728	0.0331581928040341	0.0327139401976445	0.0332431470618357	0.0323868875891577	0.0302701068017108	0.0322044387334137	0.0337009057063094	0.033216523411114	0.0308764651607547	0.0333331339174313	0.0327240758787009	0.0309219525301483	0.03182006589275	0.0318269177963238
ACT	0.0364984266953983	0.0360314881004327	0.0382185860325721	0.0387869511241855	0.03781024602328	0.0380009334340972	0.0375002678066977	0.0384004363659868	0.0386822376030585	0.0418072343020507	0.0392503416546256	0.0383766001050763	0.0378978244343238	0.0437724745512938	0.0387096382894415	0.0415558567127716	0.0396369962572348	0.0443451938063736	0.0412118728802531	0.0431818533979436	0.0423774107609134	0.0449018424174369	0.0441774759019505	0.0458716307080552	0.0425693938055631	0.0431372877611188	0.0442313223299353	0.0419189756471864	0.0439785913411323	0.0428853473288573	0.043714446624961	0.0438544334151125	0.0416499791011589	0.0457990518523355	0.0456865868439593	0.0437692202523064	0.0481379475199586	0.0442723738165337	0.0490106252950573	0.0467755877745862	0.0485079208185252	0.0475599166980943	0.0455140633972423	0.0478097966622909	0.0490199531393271	0.0518440104315693	0.0500461801075627	0.0480283221580342	0.0472313863228775	0.0595206061965548	0.0715213155249755	0.0555358026227281	0.0683377911919032	0.0462912716719974	0.0494391949665692	0.045884805726771	0.0653652115410961	0.0641403681626153	0.0554279994564601	0.0445790526334279	0.0543179333483732	0.0519599335040965	0.0523682234570876	0.0517472273523332	0.0495517679065992	0.0505290272841009	0.0478103003077703	0.0480446214368483	0.0515066946666116	0.0529083795309307	0.0502024322202263	0.045737779383684	0.0475047951507097	0.0496250064006045	0.0479830409280981	0.0484755881782896	0.047661844911598	0.0472562081653693	0.0487195741340309	0.0503833168891098	0.0471866601741084	0.0489932911868398	0.0476533262781637	0.0501030163987299	0.0459940495749625	0.0455260694780796	0.0455332642143684	0.0419333020586719	0.0436303083521439	0.0432413403031214	0.0459392363291064	0.0436252355626425	0.0456475356833438	0.0450408403926851	0.0417533629131889	0.0455018144263791	0.0491001970650074	0.0441322916714719	0.0415954323280895	0.0437206008866539	0.0438428507274822
AGA	0.0189255154850419	0.0221952434532415	0.0277998717279002	0.0192329955464879	0.020232739960644	0.0215547783800515	0.0241248519405077	0.0230182854896162	0.0209386843535721	0.0179951180777537	0.0236047513717906	0.0231741434832059	0.0234246570773131	0.023406204785969	0.028148208326009	0.0237966920359873	0.0235123954265145	0.023289614087534	0.0230926568034367	0.02502256259589	0.0240896174283492	0.0270205601895193	0.0220498571136427	0.0249627847523409	0.0215246618446053	0.0244464135453552	0.0217080903182051	0.0266162320945331	0.0267099949800168	0.0267801090313491	0.0237273229641721	0.0254036792203052	0.0241040945006084	0.0245898148769062	0.0226048735208775	0.0219208321054466	0.0225703117033761	0.0221391223044014	0.0280325033810367	0.022835651838231	0.029634835895949	0.0252578148022916	0.0258208745729409	0.0299657536831205	0.0287547840818958	0.021502519677927	0.0275982724374972	0.0287062213573649	0.029667980250296	0.0237436337989872	0.0318330320818664	0.0214712643898399	0.0404834802129272	0.0319265560186698	0.0367772754651314	0.0355822228735756	0.0398097940765715	0.026660515155507	0.0326401318711989	0.0317832619867321	0.0304729630561233	0.0252618677939362	0.0288649395270854	0.0239317889049072	0.0291785554631614	0.0270115772231945	0.024675009239242	0.0264585416392136	0.0317538459652855	0.02517236330166	0.0212924941002349	0.0281747637409785	0.0250288532224634	0.0248848569029944	0.0264075191439535	0.0199638668363496	0.0247823009604238	0.0220962389743508	0.0197511919274232	0.024149166848281	0.0196836453620458	0.0183277044435297	0.0239021250453857	0.017714219059963	0.0198106165932857	0.0221226750199664	0.0242608475910339	0.02031339515062	0.0190965579228437	0.0279718823318013	0.0169319968937838	0.0193728667726915	0.0190823657285807	0.0184437606974789	0.0198827242909579	0.0190810805045046	0.0239108658670079	0.0221383030869628	0.0174766085175811	0.0185337294919898	0.0139691769656127
AGC	0.028450594711999	0.0288333873474408	0.0305861579436851	0.0288821706915079	0.0306098022576843	0.0294332333502244	0.0313429739539113	0.0323657279160456	0.030564197440104	0.0305145416645489	0.0318705988524414	0.0324274700664603	0.0310974208580717	0.0312631196069279	0.0315915649729874	0.0317805801128745	0.0326595469387065	0.0322687086391427	0.0342699125355219	0.0331509119068295	0.0334856408599263	0.0339867476888571	0.0325120395613171	0.0334799792373812	0.0332742957550871	0.0343045682074612	0.0343601591092631	0.0359547517020115	0.0363284067425696	0.0349325245646979	0.0346354764462934	0.034710674811476	0.0326777095790176	0.0350315370686245	0.0344701591335339	0.0365602056842289	0.0340130926775144	0.0350984734576826	0.0368789389128755	0.0358546482305729	0.0374776854247094	0.0402895651093817	0.0381484822908988	0.0391626256515348	0.0388515094902111	0.0376147811809282	0.0391000387139711	0.0382812774155282	0.0383704017069816	0.0347212617740581	0.0398595440165645	0.0345775666053298	0.0522914027418179	0.0530168051782496	0.0440708562821341	0.0348613113493231	0.0478357300951743	0.0415136075064512	0.0374610226955435	0.0359268312662871	0.0440747414315882	0.0409372826274299	0.0418790904177577	0.0413428566083633	0.0402193242680584	0.0427535278723831	0.0406850413788828	0.0408236936168014	0.0416352575888054	0.0417705514141821	0.0396134565264567	0.0422517514323776	0.0396061316936344	0.0429218383821593	0.0393618090391386	0.040428198196554	0.0373150887592096	0.0401059896147632	0.0400960463613878	0.0390418038311229	0.0405885808490572	0.0401294029342978	0.0402117217922968	0.0389903430984374	0.0394387819529505	0.0398959863768638	0.0376446105144051	0.0371678528212099	0.0379548256842202	0.0364609281517901	0.0383085173472668	0.0356672638071732	0.037374429023583	0.0376915845485085	0.0402095528843127	0.0339323422508814	0.0348425619134965	0.0354815306728961	0.0371739448888842	0.0383220503111409	0.0374727966121025
AGG	0.0163392845215142	0.0135716410363011	0.0185534142952221	0.0218918109677437	0.016463861361939	0.0155100274409878	0.0200723183827001	0.0179947219675303	0.0146454600449799	0.0130404455715909	0.0139597020009584	0.0152051254588507	0.0180730503724544	0.0155285795904723	0.0184526679713187	0.0171199241426776	0.0204299562507802	0.0176420496462551	0.0169319968607062	0.0192944689462591	0.0185809208204479	0.0175302575264789	0.014871356590975	0.0182755245278078	0.0167175255694183	0.0176397603399967	0.019741802237813	0.0175728394839851	0.0200960632070132	0.0212444331797856	0.0223706815977628	0.0226056918987414	0.0187172884599099	0.0186670946743364	0.0198415452077605	0.024640818017547	0.0180884922247686	0.0194623934496014	0.0199931565368856	0.0191590192099063	0.0226425348595274	0.0202538504888524	0.027839761328666	0.0302683289328171	0.0243606357794946	0.02370162838466	0.0239937214022281	0.0189425570034354	0.0223956297871268	0.0141171720111722	0.0205887899621959	0.0123127232046845	0.0351576596532005	0.0349397973524153	0.025280574746318	0.0260761692491865	0.0318222313995155	0.0251518492563742	0.0432554245879496	0.0268296562218745	0.0340428735904274	0.0214625223946411	0.031793297649735	0.0319056475591447	0.0297745139712166	0.0206964675301772	0.018893239464147	0.0180638114696247	0.024006090271522	0.0163060812703106	0.0262474437023778	0.0230185616297971	0.0255516491560803	0.0203626468481137	0.0263700288203047	0.0210843638905922	0.018435802026569	0.0179254173036468	0.0180884043460754	0.0205564251629642	0.0220487184081823	0.0165141963408361	0.0185692689010165	0.0203507810002768	0.0230435771486288	0.0216769733760203	0.0196430715415696	0.0180848024126493	0.0162462013655807	0.0197389586096057	0.0198898375126396	0.0210593445137887	0.0186580740745762	0.0222966025106535	0.0228514161370082	0.0156590305776601	0.0237274680956899	0.0200497607575793	0.0192880759567736	0.0182683243496165	0.0145508673234274
AGT	0.0248576884480904	0.0253980344597573	0.0265947027682445	0.0256650749870719	0.0238839383911475	0.0238430263354498	0.0237229063528179	0.0250327137901398	0.0252631704055017	0.0257922334497924	0.0253843577984186	0.025512130866681	0.0261144998800031	0.0272454641994362	0.0265798866274323	0.0277516405164526	0.0308523383636082	0.0267288316896045	0.0272304030541244	0.0269028830292944	0.0292101823218513	0.0284597511876743	0.0296854950745312	0.0270808282821232	0.0281552756213492	0.0288733962289601	0.0280058274146704	0.0274342299209212	0.0307564222568812	0.0281632240750321	0.0308519720295589	0.0295929968154549	0.029831108794725	0.0291847172085083	0.0293166010283142	0.0302783484388029	0.0295155003759594	0.0298659756387801	0.0320858623326118	0.0311957302444665	0.0295558993661059	0.0313991400171349	0.0326045963852932	0.0330266221166679	0.0336614456945215	0.0308204641968335	0.0311083079522203	0.0333569922473436	0.0349836424001674	0.0332876380642903	0.0401680804334255	0.0369280975085682	0.0437582648141755	0.0407997095138659	0.0375353149347964	0.032636299291725	0.0407478247389299	0.0323538963930953	0.0284818343492449	0.0293389027988726	0.0361212947828354	0.0353413558041709	0.0345752502977426	0.0327934148168808	0.0315844015068581	0.0314508329572669	0.0301712658827586	0.0336732493200437	0.0325674108220852	0.0332373316923125	0.0316385819216804	0.0329907408562802	0.0342333706872442	0.0297460291937762	0.0340056068283777	0.0293448236611937	0.0317721125504081	0.0291355182001936	0.0295845779596018	0.0280526158888611	0.0297845208224065	0.0300467394136397	0.0311666861215707	0.0289758524643988	0.029374663680254	0.0321284486755636	0.0294683018408693	0.0292125046291834	0.0281073105979755	0.0269963240745391	0.0284926504124588	0.0283502835563464	0.0277163698580508	0.0271111271379026	0.0292051326141937	0.0281736168271464	0.0273936974848013	0.0276058493165226	0.0280858520320149	0.0270412008662044	0.024913281186724
ATA	0.0191917070889174	0.0177011395799788	0.0191593746345768	0.0188902391415829	0.0193046917192146	0.0165599343820616	0.0208120654701993	0.0221584494487896	0.0187158196309997	0.0178296644537789	0.0203871328150714	0.022076799820643	0.0200991637695824	0.0180178218099325	0.0208047311037179	0.0225316964354394	0.0208042920956305	0.020897332103203	0.0211845385248555	0.0202455560022136	0.0218090307029701	0.0238792481623234	0.0243355813187492	0.0201571769178902	0.0208518360669855	0.0237472624984689	0.0205052297955627	0.0228099297809321	0.0226213907135302	0.0188377287574865	0.0212925412130125	0.020112225325362	0.0236047822858048	0.0203985152941565	0.0215280188375534	0.0243746528372267	0.0226136830579053	0.0228393276236074	0.0245453733180302	0.0232910456793887	0.0266396739114329	0.0243711252355134	0.0275551733929214	0.0273383246971198	0.0260689853748784	0.0284724358363989	0.0262295256817162	0.0281219648803557	0.0306889405488596	0.029293538097288	0.0494863016100013	0.0221323285236222	0.0258949884689021	0.0181544598403852	0.0242627186802294	0.0368349919820498	0.0290519238272151	0.0244452778487788	0.0228416030368471	0.0245167017532861	0.0290813370416078	0.0238698186742049	0.0212886793669087	0.0263867123677816	0.0233464596791183	0.021741699407292	0.0272549761953157	0.0213849072826669	0.0229468656622392	0.0208807946846972	0.0218609870044651	0.022546652459598	0.0187657246442464	0.022706445670843	0.0218319623996576	0.0236517252132479	0.0212351025102519	0.0220179617155447	0.0202836983848129	0.021696589147314	0.0245153244963402	0.0222199788090148	0.0225743454761913	0.0213894236105709	0.0210811382000295	0.0197115752928931	0.0203101885956895	0.0199766330430433	0.0173150884716902	0.0181616508402328	0.0185714706651306	0.0194501069128724	0.0170276343582108	0.0188010704520045	0.017530934765252	0.0178720993337222	0.0207964350471639	0.0181335812448548	0.0168640678648056	0.018178475419326	0.0166360788128761
ATC	0.0366924767308705	0.0373772699667548	0.0382232308028576	0.0368966914328097	0.0378242689115926	0.0381659331659639	0.0386592544661048	0.0391349676210018	0.0389309328925345	0.0394561750786453	0.0384326264151191	0.0387156828273725	0.0392885042594168	0.0400664695539412	0.0397205191975365	0.0402373496164789	0.0393173603785885	0.0401492043318959	0.0413218146669177	0.0407113961884131	0.0416417894047513	0.0422388885601315	0.0402653018904369	0.0404677542424729	0.0433231774408351	0.0425688523033378	0.0431134717885544	0.0422079376455871	0.0441498778044785	0.0441789894889922	0.0435247001399634	0.0444904079109101	0.0428619631179101	0.0428513714663485	0.044221902745804	0.0452460882056638	0.0457829907173265	0.0440557154245237	0.0445502442515227	0.0464552296504902	0.0478784617065069	0.0478889443735482	0.0469570258406032	0.0477815682136723	0.0449453600059059	0.0457592550576539	0.0481880005136515	0.049745197319047	0.0522141593338321	0.0575470877319537	0.091344439359823	0.0401185146365704	0.0541455867394776	0.0308887465105361	0.0411972859928327	0.0553047748682636	0.0561419303168803	0.0450504637630172	0.0405929234839456	0.0461177864778039	0.0593815564056576	0.0537781156494085	0.0511430976214923	0.0510015664187858	0.0494545188591718	0.0481091593205379	0.0471594960928416	0.0470738646748856	0.049998076330703	0.0485443654748064	0.0490571121033669	0.0480651426090659	0.0475496509409215	0.047555085052531	0.0474229484392193	0.0474791203465129	0.0475688587789489	0.0468006929329182	0.0473800874368577	0.0452687606171623	0.0474449311844289	0.0466389745433075	0.0485478341888322	0.0457119529312016	0.0467865627873056	0.0456742270308371	0.0460029137733858	0.0453536602838817	0.0443177453695941	0.0459231361681305	0.0447773274010353	0.0453675548323551	0.0442216298093431	0.0463736709735051	0.0439413312873051	0.0436343116913083	0.0461108830847513	0.0446506696672769	0.0448310566203609	0.0445150171846612	0.0442802364573482
ATG	0.0358038371877539	0.0347811413767244	0.0351440175073678	0.0353332398517923	0.0363766344662176	0.0357560143861812	0.0359273824678195	0.0367976345138125	0.0364621258145811	0.0377948097348154	0.036730469945698	0.0377142054106253	0.0371440881596985	0.0381162914962708	0.0383427597499051	0.0372869560811636	0.0396033884076069	0.0396044840216259	0.0385030897313568	0.0377737838504117	0.0385432165525863	0.039377351070095	0.0406456620240505	0.0385694308254393	0.0418927275489457	0.0401386229810658	0.040095629298846	0.0400581251169131	0.0405406533223265	0.0400542347487329	0.0409755309344051	0.0422721025513814	0.0421430963283115	0.0430287491899562	0.0437434975334369	0.0442167568750136	0.0440477293868567	0.0441535143197758	0.0454322645345003	0.0439499297766605	0.0432368296222965	0.0440100099464735	0.0453886414741193	0.0477526723060377	0.0471885963110192	0.0501421907302545	0.0501313460740523	0.0503138262824999	0.050755782232843	0.0507449395055409	0.0849823493523055	0.0248517312054708	0.0538485790091236	0.0358389591739155	0.0313655804842842	0.0392411304900617	0.0380805771403352	0.0342068292843874	0.0345292494032032	0.041482377879859	0.0475270255165135	0.040121896025918	0.0395146344255637	0.0428882531936826	0.0384365247854235	0.0398619241632343	0.0380683784219575	0.0384070092219682	0.0377851326782829	0.0390674011894374	0.0383298753971551	0.038057376195226	0.0375762917376527	0.036868756066186	0.0378066419091838	0.0390312528674013	0.0383692556290568	0.0362330413513348	0.0380168166759531	0.037272941715517	0.0355945575535001	0.0360714260191142	0.0369208336448537	0.0368420098520846	0.0362389594700638	0.0373626486685369	0.0369503921495172	0.0359932675355281	0.0350737936708542	0.0365440666521011	0.0374149761176193	0.0364421020397225	0.0357657659035523	0.0347527456606293	0.0353919733973977	0.0359950416490666	0.0356499603975977	0.0349497124428495	0.0350577253206921	0.0338577473488244	0.0329733421368679
ATT	0.0287439253771573	0.0300530709888356	0.0294969314202638	0.0306703147655485	0.0306571051541083	0.0311979043971702	0.0301112235227437	0.0301568221032802	0.0297431244724875	0.0314187081003249	0.031683066510669	0.0318843967997361	0.0323335690542407	0.0320471278905636	0.0314824842442714	0.0326021995289699	0.0325334612639424	0.0318761492998742	0.0335415170795981	0.0338609491865472	0.033993569706477	0.0333625092394334	0.0333541650887654	0.0339067024531137	0.0355850162386201	0.0345794760827224	0.0344069351838036	0.0344845441538721	0.036265807655983	0.0352015123297115	0.0365178594512434	0.0356213621976079	0.0359153670381358	0.0366206248485222	0.0361950890367648	0.0373049880441274	0.0360993329012424	0.0384205962787477	0.0378033411919814	0.0375496639111051	0.0379180884517353	0.0387807731280127	0.0377303781608821	0.038348393836265	0.0390129069424294	0.0399231425600008	0.0415592271898591	0.0407392801595945	0.0446091859024454	0.050806862828136	0.0619107307206457	0.0330547519533059	0.053442894547919	0.0278210596492838	0.0371880011039247	0.0428407981944521	0.0398901800367607	0.0354926468440103	0.0336406989502294	0.0382444613854276	0.0517194254644386	0.0417210766983759	0.0395971595081572	0.0409026849375218	0.0373930632966482	0.0388415678461357	0.0377863080221222	0.0387193091010105	0.0391901783281875	0.0402807968655884	0.037617180541759	0.0387255101600388	0.0380140522103624	0.0382342748921574	0.0376822705052155	0.0371045569712337	0.0386652830427807	0.0381604871694134	0.0371482825294166	0.0355039463713746	0.0359542625439017	0.0359520852332408	0.0359360261698513	0.0375307594874941	0.0370431128883583	0.0358457664807787	0.0358928756808841	0.0371673484570061	0.0364862586356108	0.0362411360029953	0.0348767526139256	0.0349115917448531	0.0363381462378736	0.0348175398879382	0.0351310319553706	0.0358735189483042	0.0355726029081131	0.0340314388333606	0.0355043931752348	0.034749842619951	0.0350956373721672
CAA	0.0274676415764681	0.0274342301898635	0.0287873936226693	0.0276345578782269	0.0292088391676385	0.0298700151104455	0.0290768860492829	0.0296581214942206	0.029854615990891	0.0292112256952147	0.0299810085364926	0.030724289130292	0.0289603517627836	0.0308488586037761	0.0291713173818939	0.0330677662781013	0.0341143566146729	0.0313565182133751	0.0318392110608369	0.0315278823658852	0.0317372232681395	0.0324067548927275	0.0312972113542344	0.0322207555231818	0.0333546703867776	0.0328325947698059	0.031708459748934	0.0331636771385055	0.0335006983457119	0.0340914068953864	0.0336047038164086	0.0336218586689151	0.0345404775314871	0.0344182483176971	0.0352828761706011	0.0355149265642315	0.0357073069963538	0.0353475071556326	0.035101245234632	0.0340387820417674	0.0370338434704382	0.0364609511382566	0.0351844886674993	0.0364285912644539	0.038400024551967	0.0385422797138687	0.0380540489064539	0.0390737427648784	0.0404509698466507	0.0400165538266234	0.0449448060191351	0.0445193623262723	0.0342249619281286	0.0249819414733801	0.0246892233267231	0.037720278124588	0.0302802450494633	0.035394340284328	0.0376517060929767	0.0411820429837011	0.0376474847408835	0.0358699568853358	0.0362343860085536	0.0352544142731149	0.0369268432975149	0.0358056691379162	0.0368328748289614	0.0381207001906544	0.0361126696843566	0.0352417497360194	0.0351190477871413	0.036279247548423	0.0358662883558608	0.0366830835145543	0.0366712883612018	0.0372651001642423	0.0363309719833132	0.0361038472023345	0.0343876666083162	0.0345973980695837	0.0348440071142253	0.0346020937725217	0.0340282971553074	0.032480081753793	0.0337411526632843	0.0338284553822297	0.0334305045506897	0.0340433658416525	0.0363239147510269	0.0329286768672297	0.0340040902987196	0.0331975612220841	0.0323813237937179	0.0338261970382415	0.0337467452520837	0.0352126791523321	0.034306796420892	0.0337933606956126	0.0330012214283521	0.0338194448880951	0.031991405822336
CAC	0.0397439664843831	0.0363666190120491	0.035069146137865	0.0356439769908215	0.0348104742816248	0.0371751988538987	0.0362218634697574	0.0362350630653203	0.0362558033486593	0.0360833944001226	0.0357176039666918	0.0352474024756322	0.037335693457508	0.0372023509640295	0.0387851133446679	0.036666032011224	0.0380145029222853	0.0363473278829127	0.0400934208969974	0.0405397385204334	0.0398125751782069	0.040945347786944	0.0446818757561451	0.0421981607597507	0.0413656333259567	0.0415057531351927	0.0424189255649659	0.041059133185312	0.0433641417970327	0.0400537858867205	0.0424631549087203	0.0439656943981824	0.0446572025992288	0.0422171190388258	0.0453424813309058	0.0421647894926312	0.0459933226641977	0.0433130884320773	0.0449951486048261	0.0453512362037807	0.0431324818738581	0.0441699780634444	0.0453547550692881	0.0467403978735652	0.0496415344967983	0.0482051142091738	0.0460055923438676	0.0446393278656672	0.0484443590796215	0.0522074891542867	0.0450835203225345	0.0820352617326641	0.0427760471783664	0.03615186750877	0.0323302601981654	0.0382814734869625	0.0456317518692089	0.04766237332685	0.0474334621096259	0.0480133003094638	0.0434340017535543	0.0491307700619827	0.0506686137964355	0.0457951162662493	0.0492131526609998	0.0488973793686448	0.0494627603686122	0.0491941809979363	0.0467276855589244	0.0487228920165827	0.0485700470392208	0.0479275973764104	0.047426295482254	0.0474644203392568	0.048191640121239	0.0465047781657327	0.0464150156906929	0.0502484466769226	0.045591825159806	0.0501778806631036	0.0462301064103946	0.0479459168617371	0.0463638967289225	0.0492090406368836	0.0439979330057875	0.043144860090675	0.0467025837604692	0.0471926817820152	0.0446025886134553	0.0443266287910514	0.0461636821713984	0.0440640772984943	0.0472516184856346	0.0443734569732794	0.0425872708735596	0.0417326826165792	0.0450432258187318	0.0440036781321548	0.0478128283323731	0.0452762893716731	0.0439982646417898
CAG	0.030785828311977	0.0312658766072794	0.0321754564625434	0.0311410521071244	0.0335021771949443	0.0331783943276372	0.0309689478401821	0.0324586644065939	0.0324801833255443	0.0328555884511921	0.0327561989315146	0.0337712260988802	0.0340181489688367	0.0341781006743596	0.0348610102564385	0.034046779587087	0.0335483957168084	0.03383665714777	0.0343535592925535	0.0353936378717871	0.0353912909951482	0.0347530747833665	0.0344242451207791	0.0353331855877767	0.0347054146351641	0.0353538283956625	0.0375900292980446	0.036715684825383	0.0375922611118654	0.0389707889053022	0.0379630593670535	0.037474240441532	0.0379337957572869	0.0380036647106317	0.0382775428853938	0.0378530533193424	0.0382772108274318	0.038899140587334	0.0407080170948805	0.0397182173054459	0.0404192574160162	0.0403466715976247	0.039560573086231	0.0401804192801709	0.040937497908959	0.0400648698612714	0.0402584107866358	0.0418320121274232	0.0414786028104322	0.0339871659606297	0.0368042630631408	0.0474369318612463	0.047967890072235	0.0466920516297577	0.0339052521119755	0.0406678111590338	0.0404069485900334	0.0455291793084664	0.0468747290699071	0.0427919433105733	0.0404040142303556	0.0422198452565605	0.0444049048754557	0.0424774011752914	0.0428951424414596	0.0436133909412995	0.0440774744319785	0.043401279742764	0.0425170701734303	0.0426652173491786	0.0409829763299874	0.041494943817471	0.0426502449987954	0.0418069798070782	0.0426379394355879	0.0414014635782118	0.0428671700480101	0.0432727173261666	0.0425277096240444	0.0420878498699759	0.0418146464207717	0.042292539529426	0.0412452984202765	0.041957425006201	0.0411602170239127	0.0398841778462075	0.0413127473037675	0.0402449517068143	0.041276489623303	0.0402472609552369	0.0398191793401822	0.0397668776359851	0.0404785882797788	0.0387685632007859	0.0414795532909779	0.0392167532797309	0.0394155535094558	0.0387587826564144	0.0384740126629057	0.0378850891840054	0.039172877345002
CAT	0.0289097860177809	0.0272809374353328	0.0280124455589045	0.0284230907510265	0.0272483665519463	0.0303543132386319	0.0288673934478687	0.0304079982528156	0.0290879201880425	0.0285710976671793	0.0289641034284598	0.029404748008291	0.0294355828695888	0.0300696166368578	0.0318790441960912	0.0305295081803764	0.0319514308281555	0.0334842965538386	0.0329880001607883	0.031882601219145	0.0319930282224458	0.0312331049278101	0.0327681180193761	0.0328706713231098	0.0330051766387501	0.0329476346554096	0.032767650929095	0.0342288907484115	0.0331870695271657	0.0346086041196367	0.0332629627038969	0.0345510151226606	0.0335358481182257	0.0348832210769061	0.0344849402872069	0.0352195270750939	0.0345140272439873	0.0346479322846394	0.036492686533155	0.0368565364889198	0.0362324800183933	0.0351742610949822	0.0386574593462583	0.0381254515387384	0.038355775137819	0.0392404684781033	0.0368465241685384	0.0390715839111397	0.0394012064516721	0.0433172015215817	0.0534993919233235	0.0690167142517359	0.0297217049284699	0.0277321928102982	0.0294340907599356	0.037327683442946	0.0315362551661761	0.0362803488167821	0.0380444668831434	0.0427593875036336	0.0417130371229345	0.0376791834674845	0.0406224718922606	0.041762347641517	0.0380225570526442	0.0386374451961526	0.0363144042944286	0.0386161677881862	0.038643945825399	0.0361588198526412	0.0363633548328531	0.0377462416436168	0.0403721287664393	0.0390775285918844	0.0381175571066917	0.0384367667693874	0.036521960797601	0.0361808862986083	0.0366907460353497	0.0363311820273537	0.0349009146585631	0.0371857806875331	0.0360675165756104	0.0368123573105114	0.0359448837455082	0.0348570748185459	0.034919555962244	0.0352216485748359	0.0347190122039961	0.0353561416135027	0.0321851736598133	0.0336290714377595	0.0337071044699899	0.0332724522167941	0.0335689437479292	0.0341620455087783	0.0334794630581517	0.0334921643417445	0.0356672853236368	0.0330353106279937	0.035182971323882
CCA	0.0296308533590031	0.0292541494671817	0.0310041588668373	0.0334557217932451	0.0318447289075571	0.0308398724187872	0.0292904193608607	0.0293533967442807	0.033841549601469	0.0304655554168975	0.0303587214393843	0.0314554363528854	0.0334175538703178	0.0339979683667179	0.0316669147016315	0.0360750581102832	0.0322639759503147	0.0318369948721459	0.0325318323428097	0.0339007421414862	0.0340512071988246	0.0362471735009052	0.0333851057914271	0.0332487706064842	0.0352025109180964	0.0354482448038675	0.0354728925087059	0.0348279328481659	0.0351493274408563	0.0353622396589554	0.0364800887739702	0.0365869627995695	0.034028663098597	0.0362093362404601	0.0365463330605715	0.0362271929802307	0.0375409299523283	0.0376782004749384	0.0360002653666152	0.036033402984021	0.0375921186253727	0.0396151818556991	0.0378975883797385	0.0364039279040543	0.0396391142312588	0.0396144264801457	0.0410745861654387	0.0408520635549148	0.0409879412088565	0.0438568330648744	0.0326983186161917	0.0582148941236678	0.0372157510634291	0.0373681360280422	0.0304950889880389	0.0372856182610353	0.0319648801135792	0.0383689731234265	0.032538128610056	0.0331097495595789	0.031413845421918	0.0375677616939903	0.0446796194632419	0.0391405856892288	0.0396489023800891	0.0409247641172705	0.0402011424410264	0.0412434410379914	0.0415302560791548	0.0386072955143948	0.0421760742249277	0.0407081717937654	0.0422914285382201	0.0409100093750595	0.0398149932395388	0.0387469242521398	0.0392408178580421	0.0414126157510216	0.0427903773510279	0.0390681197910653	0.0373687027044743	0.0384935468186104	0.040769714489019	0.0403160626357124	0.0403809052679203	0.0417357720995446	0.0407475177483357	0.0381187059483685	0.03756502711811	0.0380798078811031	0.0363506864213272	0.0384226241358995	0.0385339409671563	0.0393096677506149	0.0370518608789171	0.0365642115676904	0.0360710829601503	0.0360273659245994	0.0372490034756751	0.0368918476189145	0.0344928971305388
CCC	0.0215469397183766	0.024151725869106	0.0239053088771023	0.0249914339637997	0.0240441544223541	0.0250743892529673	0.0248821373380352	0.0252632584602267	0.0247644579990033	0.0264452352104736	0.0252703586524214	0.0231332645320163	0.0259862180792015	0.0250878795126284	0.0262103926301251	0.0234394479087383	0.0264440864837509	0.0263153288530426	0.027553462234186	0.0282095847297872	0.0264024264498311	0.0257869716894221	0.0307819127431865	0.0289028667967499	0.0287769395232902	0.0259053889435255	0.0266656049246291	0.0303029767682356	0.0284835020945545	0.0268727409145113	0.0275636154986485	0.0280470959040349	0.0281103040595015	0.0301010953203552	0.0297942153647597	0.0300612825898474	0.0303638336129793	0.0319474437762812	0.0293728375849249	0.0298080755237014	0.0324573683431861	0.0346230306730254	0.0303230985144295	0.0329155068457065	0.0303480328639712	0.0306842738126458	0.0324943500521903	0.033090850074882	0.0331727941441033	0.0316904239539371	0.0231125955816228	0.0476568711394127	0.0292629177493899	0.0315046838265679	0.0289370218858282	0.026630779524426	0.029621979450083	0.0341437675501795	0.0275406665467279	0.0278052362871832	0.0280733236100756	0.0305743781420371	0.0323334110759464	0.0297703999355179	0.0336192182898357	0.0334539381284274	0.0346542709662919	0.0322911622320744	0.0327041243856978	0.0325300919547157	0.0337900857023811	0.0308775307524262	0.0309703545854175	0.0346215216619448	0.032040717043082	0.0323993136120742	0.0339116359832426	0.0314698895193625	0.0308057634191842	0.0336480826315514	0.031001413039542	0.0312436335492863	0.0262852086940922	0.0285019411251479	0.0310738859826907	0.0270690693829015	0.0276451096571482	0.0317445841550975	0.0283962701211046	0.027391851828671	0.0307671482084134	0.0238771162562729	0.0291548764152884	0.0259264893229092	0.0258852770429283	0.0249184084868511	0.0252554361245441	0.0265556813265215	0.025458646448729	0.0259544320607583	0.0232098444906141
CCG	0.0340719045859766	0.0330872702925545	0.0337072363831076	0.0352469878239825	0.0341264898544518	0.0350729183675481	0.0343576821260578	0.0350971349285115	0.0359095639358511	0.0358388938088491	0.0366871590392095	0.036126454744735	0.036569575437739	0.0361156693335615	0.0363569713593235	0.0367076640660172	0.0375592986750658	0.0363524569202923	0.0355735134921991	0.0375149559885153	0.0377842017616156	0.0374508823896579	0.0374198674595321	0.0377500934069456	0.0370474068952427	0.0392596787276763	0.0388012879316725	0.0391009213930729	0.038578802701957	0.0393954764056728	0.0379620343118231	0.0391572104920135	0.041578669409851	0.0422823587554489	0.0407602735308862	0.040358332683801	0.0390193304207339	0.0413881113870687	0.0426204807143702	0.0412907160863303	0.0417058294965689	0.0415220764425541	0.0425744735343202	0.0432284221125239	0.0430875904717595	0.04356949659693	0.0437028313344931	0.0453561914170215	0.044978389055933	0.0396155486492501	0.0284965404685366	0.0476666635155264	0.0506793818160173	0.0619429794237263	0.0496042654416169	0.0459799114416527	0.0468892344619247	0.0530706164681917	0.0416948116861264	0.0393755057591066	0.0350629256061987	0.0406189894285448	0.0452951281108648	0.0445639616111135	0.0466616395326512	0.0452850948715089	0.0477367948407894	0.0463360381630567	0.0451032726448748	0.0448408873666164	0.0442321334933347	0.0453748773248309	0.0466821731616978	0.0472446293292199	0.043561187789639	0.0458165424752657	0.0452457701530888	0.0445803186641148	0.0442467271064389	0.0448826041108207	0.0437035992157395	0.0444009300370109	0.0440914842230677	0.0419776968552584	0.0443078497843268	0.0448158837519821	0.0449387468562306	0.0457862429993562	0.0423943867258084	0.0425771966547055	0.0446232991410101	0.0437022069418004	0.0426602459308715	0.0422006004032514	0.0440366769765284	0.0417981423919952	0.0415946767702616	0.0416307690546681	0.0421668122712193	0.0436271229971946	0.0447894140344579
CCT	0.0294222169419023	0.0295695699404211	0.0301164324235356	0.0295538812784319	0.0290406309241461	0.0305329883648442	0.0324647713592288	0.0312749324633423	0.0321241728147691	0.0323872224534626	0.0306636830424967	0.032548060316277	0.0302171019071647	0.0290042828667893	0.0302445417848751	0.0331145727166179	0.0333320889596991	0.0295749246498007	0.0337017755352213	0.0332881193533132	0.0310681461831073	0.0320207938526033	0.0321606950003029	0.03011598976551	0.0346882106831992	0.0323206768289886	0.0325493205177517	0.0339709886033603	0.0364496502578014	0.0354180505052438	0.0323498262752912	0.0332066174707676	0.0363120794640784	0.034957087081895	0.0350810326484167	0.0353771851968469	0.0390007535139639	0.0354873488630365	0.0359877642005779	0.0359439416934064	0.0381118206932429	0.0408540022010013	0.0375301008286129	0.0357529975262374	0.0397708257253043	0.0376226615059759	0.0387997717557046	0.039827826208014	0.0386561626634639	0.0432279009915772	0.0323714406804145	0.0525909165625493	0.0347347675041035	0.0386954177630476	0.0366232051381481	0.0373231622005706	0.0299635267839636	0.0418398053034718	0.0335794515622632	0.0346321697940158	0.0323807734748269	0.035666115987553	0.0408592118851659	0.0385284575593472	0.040070746056697	0.0387997414404814	0.0391987512756321	0.0391837351045921	0.0379449435218718	0.04223049626111	0.0367472526812863	0.038983514795695	0.0384723860536986	0.0385063289105151	0.0383240557522348	0.0361815679308227	0.0355062040710389	0.0354968085441007	0.0387131525761183	0.0382882495171094	0.0336914292366928	0.0374051161903093	0.0378466577106708	0.0380202404675657	0.0361612864185031	0.0343424880795589	0.0352858856350613	0.0349434571233509	0.0346257951711351	0.0361698641169395	0.0338376798797124	0.0359763728860562	0.0332073005314644	0.0300116130966256	0.0314395298719748	0.0326895321833049	0.0342844538759291	0.0363086205849502	0.0345715999730765	0.0312982468469819	0.0332929631223053
CGA	0.0201936049489233	0.0224417542306755	0.0193604793483719	0.0200043777604018	0.021750863668847	0.0239535023552449	0.0238412120567774	0.0221118886415972	0.0218274645597871	0.0218671031471972	0.0201557051541508	0.0224117327576087	0.0242858428162712	0.0235748305121037	0.0221698338778565	0.0226259565848983	0.0233768743713525	0.0217130852418509	0.0245675065551401	0.0243534510863572	0.0268840015053588	0.0233073573880572	0.0254815017596365	0.0238283346830415	0.0236901599952897	0.0253267427866817	0.0259339811674114	0.0240932171246806	0.0226255135573783	0.0265916849938702	0.0250150101381006	0.0263937955334767	0.0233837649241153	0.0262003274603966	0.0258938463468636	0.0288043507432063	0.0281310274913581	0.027998806525883	0.0306257972072545	0.0287229920223989	0.0299682863771598	0.0287689991653532	0.0281790250511272	0.0282232827121362	0.0308781748154293	0.0305664976285149	0.028463631047254	0.0328570311477614	0.0319130279631052	0.0292068624551295	0.0254917676707649	0.0318574178024992	0.0384398225932905	0.033043236711676	0.0442536709999661	0.0468186964188091	0.0316877256752775	0.0345708186407526	0.036836620992529	0.0333826147122827	0.0273129152545717	0.0280121369003761	0.0304637629647161	0.0331624094065049	0.0304509653467567	0.0292566068013664	0.0329129745271704	0.0286811979724956	0.0293619726580104	0.0268678140600386	0.0317719297836293	0.0266114274995413	0.0311154387005919	0.0270181567549207	0.0302337873037929	0.0254256483876635	0.023651161630885	0.025999502171908	0.0279141034422853	0.0270791068747528	0.0305023027050925	0.0294902492091309	0.0245058618741881	0.0271499193058326	0.0276265887239139	0.0290367179875161	0.0260495883622113	0.0254671940990039	0.026654791657545	0.025955033326161	0.0268428468311132	0.0250145990546788	0.0247290044069595	0.0259608688782266	0.0249422364451577	0.0258272402973094	0.0252599047038874	0.0258426846185626	0.0261290752251893	0.0233217174537923	0.0256994611134267
CGC	0.0301976524340734	0.0308381819152496	0.0314584885392632	0.0315904013504826	0.0326585519726004	0.0321645118209737	0.0315203535032554	0.0332531840459669	0.032707342361634	0.0333632767565245	0.0333147542719671	0.0325393631213415	0.0340042084632853	0.0348294828574192	0.0348104417240134	0.0336004292975541	0.0331286825933399	0.0342778767372725	0.0340988904938443	0.0353021446691044	0.0334309940079687	0.0358894601838025	0.0350214738332453	0.0353637615198667	0.0347623847589424	0.0352339798227217	0.035759409039908	0.0360906791504933	0.0360247556477908	0.0371384037802492	0.0376693269965583	0.0369953933896311	0.0370403096875044	0.0387445293076836	0.0381094576696683	0.0392208209435534	0.0389360289534837	0.039029627958337	0.0395057959378414	0.0378356449863603	0.0389213052266579	0.037362691268466	0.0407571355832925	0.0399743844019459	0.0413074769820489	0.040950377494709	0.0418639563341796	0.0401356893722032	0.0415369063829615	0.0369012783680408	0.032888059245851	0.0478478910211688	0.0460955221839496	0.0436343473443736	0.0370771995591129	0.0392178527580751	0.0415600816371464	0.0420806349128704	0.040870957256589	0.0382902622983692	0.0369696440549145	0.0407942452671762	0.0436701490775282	0.0417949354813504	0.0436496371545617	0.0432354112181864	0.0420554031440146	0.0445065317622536	0.044345002161751	0.042643278425115	0.0421033327861745	0.0426123178319957	0.0424105968513547	0.0414817773971886	0.0417706451593033	0.0402630848595114	0.040252373561684	0.0392803726888538	0.0413925997952959	0.0403165995665199	0.0396468767079473	0.0400142257434695	0.0410644429388381	0.0411201836752983	0.0405071424221826	0.0420483908544216	0.0392032306604305	0.0387183230361005	0.0404017366689346	0.0391978504680349	0.0406290766114584	0.0397847606931871	0.0373974967232873	0.0387834979470763	0.0378512791864744	0.0386455920463602	0.0367415881427973	0.0397210879108761	0.040125793509998	0.0374191437976602	0.0375091565476534
CGG	0.0208901986470488	0.0215448987851727	0.020868198372277	0.0208166314165005	0.0202272988904578	0.0195009684828732	0.0218177730317008	0.0226445401627347	0.0215978078389837	0.0248655868419855	0.0248933371648417	0.0232822405840028	0.0236222691925892	0.023567584544052	0.0224618377972187	0.0200917083424493	0.0220157060476679	0.0236786444648103	0.0216592074026766	0.0213797846659335	0.0243738014241807	0.022167528919522	0.02293444743603	0.0241695211425372	0.0234297749191407	0.0236459649936246	0.0238808906104976	0.0234959148116599	0.0233534320700667	0.0232680626724404	0.0223587345356266	0.0250737615506714	0.0241799069139424	0.0241751690912175	0.0234531040851313	0.0257742625590038	0.0254726407242908	0.0280779617506695	0.0287602945606673	0.0272176197202894	0.0262604327027411	0.024962393051839	0.0274555653443285	0.0270957499993511	0.0287825464173121	0.0291490546887254	0.0277260544943941	0.0293015758685796	0.0267319999689884	0.0175968220526448	0.019545913523862	0.0236079817657008	0.0387711626379764	0.0508812255982525	0.0419800111912143	0.0348677887544474	0.0321664427133045	0.0398997508509394	0.038431061505243	0.0336434289131094	0.0266567369661346	0.0265417614130297	0.0315472644139598	0.0297255242474476	0.0292759896885835	0.0325538780181404	0.032247657000911	0.0296566630633995	0.0274270440835143	0.0315055482143081	0.0288898835186829	0.0293526759747013	0.029325291797352	0.0270103320434401	0.0271162739440116	0.0293827921233257	0.026130064749801	0.0281733248853663	0.0262889119058303	0.0275090054548787	0.0262742005933365	0.0289090595883773	0.0247898609699626	0.0266052768216508	0.0241561419608833	0.0265835320003604	0.0263496627940084	0.0243673981135253	0.0241159103765619	0.0247776194950567	0.0258889693368559	0.0245148977693726	0.0260521294029052	0.0235731853683048	0.0236641841776521	0.0222991864887691	0.0221388091607209	0.026440522862111	0.0245905546838269	0.0261362572971904	0.0267267631518948
CGT	0.0357959786829907	0.0364441742601221	0.0382627430042908	0.0372388742860901	0.0376110329455841	0.0390699133481499	0.0393682412974374	0.0384674765585613	0.0392057515912924	0.0404063557390828	0.0412162973802685	0.0400897195567869	0.0415364169340516	0.0403139449754334	0.0421303612338637	0.0413207036184909	0.0420705419520288	0.0416158389732567	0.0402227892849605	0.042023692887914	0.0429902634082838	0.0413277638839971	0.0422803408157165	0.0413708498629359	0.042128188084989	0.0427734886641107	0.0436121605639482	0.0427584415785824	0.0434436523057802	0.0454056374165699	0.0439955483406016	0.0439824712881768	0.0441143879295767	0.0458945106510874	0.0467206899129577	0.0445690801627683	0.0442852904582582	0.0467687168078961	0.0459483482446739	0.0460829976627631	0.0458497157038054	0.0472491468477398	0.0493598229859661	0.0479495828487157	0.0493626784843023	0.0492182255084171	0.0493871846232745	0.0516773533287985	0.0535044440967927	0.0559692117399918	0.0470703251520546	0.0470316677468217	0.0597966378880932	0.048202667242215	0.0447258923447894	0.0591388882480025	0.0523497199250219	0.0544484760462912	0.0489447794768701	0.0520013188083142	0.0438372083844208	0.0501193055078578	0.0543680762552421	0.0511534511011618	0.0513044490483801	0.0534509228171657	0.0519096294297986	0.0504689398376415	0.0519927994069957	0.0502128983094302	0.0515582322269841	0.0508976785725469	0.0497538838756469	0.0523108513718926	0.0501830282550901	0.0510820779643249	0.0502295285000373	0.0496423308853639	0.0483370960249626	0.048704665854201	0.0497945094631749	0.0495191193933024	0.0502182699954609	0.0486360327086071	0.0488795151682523	0.0485871642386074	0.0496713155012518	0.047573858842675	0.0483146832584606	0.0466410720656755	0.0482559746237686	0.0478472544420999	0.046368156273307	0.0474013956266585	0.0492965495850455	0.0472026328664114	0.0451137781355428	0.0472632805620699	0.0467301907197067	0.045932306385299	0.046391585133208
CTA	0.023428202988267	0.0225621869235272	0.0255482513736851	0.0234826323689604	0.0287107982828248	0.0248994735553198	0.0250005281385984	0.0234710572331521	0.0254022878562871	0.0266147844148242	0.0262821994612362	0.0267159061252661	0.0248840425740818	0.0294154249715412	0.0244585938639156	0.0278629774758481	0.0258667838889256	0.0268980314005066	0.0266548270110663	0.027424910623533	0.0265624685272428	0.0272735390955561	0.0249078689037916	0.027301120499759	0.0278741886906664	0.0276117408641849	0.0292895439440747	0.03091882097742	0.0266578123457961	0.0286596452039364	0.0292669522603391	0.0296678849879852	0.0303177555864195	0.0277902872361892	0.0289747094465316	0.0345148410289765	0.0284242935404952	0.03005792302641	0.0314345161379793	0.0303364712152656	0.0316721989042464	0.029902174420421	0.0292732117946179	0.0312829760709526	0.0315871553104976	0.0357729121354151	0.0353662998459741	0.0311900198993511	0.0372022484539021	0.037101876607583	0.0327190901220205	0.0392810644904187	0.023791735478091	0.0211851309968678	0.0212593189318522	0.0326798492186848	0.0345611896130058	0.031943768763966	0.0341289861759585	0.031576539355229	0.034045581076163	0.0290176108668208	0.0339971797393675	0.03491457247182	0.0328535293903255	0.0326750455868604	0.0328829792854813	0.0353970197542651	0.0291669982678016	0.0283983166453265	0.0306661457537204	0.0301105357810802	0.0269185031622806	0.0335988460309724	0.0287181670284029	0.0300088117371215	0.0314708182356473	0.0297626355112983	0.0285578105809128	0.0316424606303872	0.0280720158111748	0.0276582888564514	0.0276274923945898	0.0289216356453204	0.0288277123569539	0.0302744281097127	0.0251853802285725	0.0242861096738579	0.0288543790203501	0.0288190422839252	0.0291574924741243	0.0295404101229802	0.0274670179915482	0.0293885913152971	0.0273578317442103	0.0271712080278379	0.0263415951132698	0.0287806271292822	0.0255447982681291	0.0280353572249495	0.0276158998077071
CTC	0.0309839901623209	0.0291131888435357	0.0309309618820491	0.0306692015626507	0.0300540163923333	0.0318228801281428	0.0296056501411679	0.0314237967874769	0.0292250340987109	0.0315321442901266	0.0300963329734413	0.031406051819728	0.0315968177213667	0.0327079175214182	0.0297124130749163	0.0330840541827383	0.0330127806014331	0.0359343023789924	0.0343986634514446	0.0335763989152218	0.0346575693639983	0.0324137596703073	0.0323330189154454	0.0342629070316708	0.0338129589353571	0.0319884791435432	0.0331317881691321	0.0335592126672884	0.0359299099532937	0.0357685961595194	0.0357409496667709	0.0369159427457712	0.03669609756097	0.0351084084250508	0.0369707891159328	0.0340494981722445	0.0366800811366063	0.0365553487877817	0.0352485341755614	0.0367657179695031	0.0360244249204965	0.0354997681527381	0.0379087421099626	0.0378211267924381	0.0380000053919682	0.0379032106037102	0.0383306667643071	0.0381114634894651	0.0370315923321691	0.0445438445156235	0.0400496138529772	0.0618034191179576	0.0331469236727449	0.0295154505561103	0.0261460558509254	0.0337215679147117	0.0418875968336013	0.0444613017842592	0.0404862016011383	0.036685588486253	0.0368695839346428	0.039227857449708	0.0405644923457027	0.0411819910936416	0.0394325493344872	0.0383730240751096	0.037599973564655	0.0366937949088271	0.0368504692704973	0.0368211313412798	0.0363797160641776	0.0363376945519646	0.0356789837326197	0.0376142442304165	0.0367535580402182	0.037255088717283	0.0392689133460291	0.0344182561355593	0.0329510528868068	0.0343935372527809	0.0342085923978761	0.0335289730655794	0.0338859935754919	0.035047775179551	0.0365043714062789	0.0347770923085941	0.0346548070441939	0.034198241807047	0.0319774277276305	0.0353773697682771	0.0338214186448675	0.033123480459084	0.0327679302394409	0.0346163977581042	0.0337614568224999	0.0335418463165061	0.0311051372607013	0.0318451059640713	0.032570662146069	0.0316029567736501	0.0351618593948049
CTG	0.034522281039673	0.03467753213727	0.0346501032583528	0.0359959953388807	0.0353506982269157	0.0357652617829864	0.0353929592133492	0.0355944194256267	0.0363222373863161	0.0354448938398424	0.0362848984217154	0.0368290154845226	0.0369935579616059	0.0376489451819694	0.0377724845216293	0.0383469580109337	0.0380284477472409	0.0383794252090817	0.0389295267166118	0.0388092134574235	0.0390910214216288	0.0397888720328392	0.0391976194992195	0.0391897231966648	0.0394463241172444	0.0397560284584712	0.0396832517394579	0.0395490846579573	0.0392618402626266	0.0401666172012864	0.0409606715264067	0.0415257278380447	0.0410211671667521	0.0423105069060797	0.0417425585871596	0.0422631571948095	0.0429280042817344	0.0423052918392981	0.0428280677888552	0.0435122009659554	0.0442267045788696	0.0430495521199336	0.0435113922371969	0.0441594602628563	0.0443200959714532	0.043820245269639	0.0457175619941229	0.0447479405473122	0.0429387867347136	0.0427607409519414	0.035342976451237	0.0469462164595306	0.0506639174050645	0.0541367939488401	0.0449731672525679	0.0485427840257508	0.0465078044245599	0.0547875290427937	0.0554081913359604	0.0503234407854286	0.0421850219839527	0.0452473255339759	0.0459223779358629	0.0439407844609262	0.0473055873281194	0.0460529842796088	0.0466681828939882	0.0456260399614856	0.0455290530931767	0.0445779725725169	0.0458239031384415	0.0458894457232571	0.0448748887682927	0.0454687738837604	0.0448267405643079	0.0442095859319498	0.0448918825110802	0.0453483898799845	0.0453241579625095	0.0446630232430718	0.0443561320740383	0.043283979515769	0.0443248595646884	0.0434472466604469	0.0427221032684312	0.043590255317266	0.0428749850484241	0.0433197730797205	0.0429138686241268	0.0426836775348585	0.0416054892108793	0.0422492444922672	0.0421817661492405	0.0423879545980986	0.0413293088432717	0.0420196286907997	0.0414031597066663	0.0416844672801403	0.0416023454154181	0.0414343654093058	0.0402282668843644
CTT	0.0267255573068379	0.0273152028460016	0.0286681258730692	0.0274920891592873	0.0268044154404406	0.0276030861769308	0.0280736341587315	0.029225429761377	0.0293894626847572	0.0295880289444395	0.0296171966414055	0.029011300447723	0.0281102798383427	0.0286563918216832	0.0280393849038377	0.0291262080470541	0.0289777929740238	0.0315208162616735	0.0305930328614165	0.0325971902761984	0.0318639802193564	0.030432670711538	0.0331635844266189	0.0307725507863466	0.0319490964674233	0.0325152158409642	0.0318693507252618	0.0341128622666634	0.0335292249231857	0.0330281478038287	0.0331080748263052	0.0339290131419098	0.0355020873608412	0.0344958844349079	0.0351916298014552	0.032883524345007	0.0355460408164051	0.0366116866424877	0.0341202675569149	0.0399263519440761	0.0372280966914197	0.0367018391148791	0.037918564322522	0.0366087786697688	0.0383676633478027	0.0368887396029072	0.0364010358756521	0.0369623761428706	0.0362282474256616	0.0481993937171466	0.034219273791314	0.0447272049390647	0.0319471519399219	0.0282046062242757	0.0288148173759421	0.0346552176730814	0.0311334129790334	0.036105339030901	0.0388059965585711	0.0387850239697607	0.0382346660155129	0.0380702109806845	0.0360001921067734	0.0380886166942963	0.0359256022763496	0.0347233815926245	0.0377944784107875	0.0367135945102871	0.0350395559500158	0.0323569311228808	0.035036311011816	0.0385242645337997	0.0339551881209191	0.033522926749113	0.0350073805372886	0.0340001449222219	0.0327544522600069	0.0346493593111143	0.0307744926668063	0.0323478749777351	0.0322002136580338	0.0309723891792035	0.0315838960341369	0.0317875878318551	0.0313005542804238	0.0319151235672132	0.0320496327005476	0.031236155094897	0.0304796114009519	0.0344536592723526	0.0307499321106294	0.0314366666735524	0.0298679105961568	0.0309666650170057	0.031559848852324	0.0307064603397381	0.0303893410759961	0.0286612976796326	0.0325746153453151	0.0279343985590871	0.0289734760438487
GAA	0.0359798404945001	0.0357425025359948	0.0352432303905347	0.0346304485867707	0.0362222936806229	0.0372938961000526	0.0370954459015814	0.0366864131091351	0.0372173591156288	0.0359703095008376	0.0360475713149614	0.0370207756008912	0.0374693861053985	0.0374983154491954	0.0380496426411762	0.0391866789140217	0.0380076179067119	0.0388674506927358	0.0393415900687011	0.0386077732196261	0.0398901343290478	0.0385431656927821	0.0399420768149217	0.039615192055388	0.0384648791097409	0.0398648313689307	0.0410593543285145	0.0421906265298592	0.0421221391865343	0.0428123511881438	0.0436762293046369	0.0428571100539735	0.0435881127204432	0.0426835414370714	0.0440246113459636	0.043163296259077	0.0441369534552306	0.0443580572557875	0.0437110613468789	0.0445921168369723	0.0446297105774981	0.0447943584778597	0.045317845185477	0.0457583616591132	0.0457417987572477	0.0448164801812792	0.0469632307490397	0.0459815146707065	0.0484479021074542	0.0475752141535817	0.0461883089049408	0.0490108406563818	0.0420116879485342	0.0415370603612145	0.0512028964763106	0.0570657884305016	0.0449026174838397	0.0463106027738885	0.0567748545408145	0.0595649229412909	0.0506691629523037	0.0481317405530602	0.0480646916435463	0.0489525917232612	0.0479656597086766	0.0470829894270705	0.0479760132887728	0.0487286036073928	0.047245772560086	0.0489999169632981	0.0487698779741016	0.0477974871582405	0.0479005349235517	0.047188357362668	0.046585760489088	0.0468652151959745	0.0474191234696566	0.0456654500924609	0.0451831168521795	0.0453811532928299	0.0465860924096869	0.0456516954390142	0.0455234987774808	0.0465181391110234	0.0454008946071138	0.0465931432703422	0.0451778646856411	0.0455849474141742	0.0462721464634506	0.045271869472998	0.0454730701768193	0.0458343776725628	0.0461166712224445	0.0449584118576089	0.0446189794526222	0.0445074060421688	0.0436184739224386	0.0434548145392707	0.0439150824970136	0.0428086757671884	0.0423894541654183
GAC	0.0381765963474449	0.0370199860733622	0.0373437206125309	0.0364230727265117	0.0367857210933028	0.0357838120267092	0.0377953116875976	0.0389778923110549	0.038532080863174	0.0383341541074003	0.0397919087916547	0.0388506135103661	0.0375149654036363	0.0392280216095309	0.0398676803251805	0.0395937668631884	0.0411108389678959	0.0398955418545558	0.0392982751933605	0.0402836100138863	0.0418453707946151	0.0400111557530174	0.041699707882258	0.0415380889288102	0.0419211885515563	0.0413516112108382	0.0423666425033467	0.0431906706143162	0.0426972465216554	0.0441556595889919	0.0419446968586792	0.0444534436246972	0.0426813458374236	0.0440203296480485	0.0439390472662675	0.0445629723770699	0.0456193982861705	0.0446118660211739	0.046122729282875	0.0452505926157642	0.0462401464728212	0.0455703177064519	0.0458092600163797	0.0472993239970553	0.0494788484768087	0.0505652924284164	0.0487569610298079	0.0484441153109808	0.0461522719771467	0.046298575182341	0.0429570591888927	0.0575927401887725	0.0370707061188432	0.0421745300904037	0.0644446649274926	0.05312494213347	0.0630518377050024	0.0680751935925926	0.0727082474434929	0.057480895695853	0.0437050495806182	0.0501647758956395	0.0488530100430149	0.0494901777446926	0.0515280839645414	0.0497759801240646	0.049401612561135	0.0508372744637596	0.0489366970640611	0.0490857622279928	0.0499303920108035	0.0524588674891821	0.0475868187903418	0.0501952960957287	0.0494152967805001	0.049846479465262	0.0482538507020789	0.0477192996764259	0.0485822230770827	0.0480382101921835	0.047143346905622	0.046658205130254	0.0469283358080932	0.0469873750034538	0.0452301326379442	0.0474947364832972	0.0476405442621238	0.0454480546968645	0.0486511690889149	0.0466556866628156	0.048135261912944	0.0473365009694163	0.0448900502215207	0.0456484076152655	0.0457200021133645	0.0465890565456344	0.044344565998496	0.0458803620971668	0.0456992724528719	0.046037834795039	0.0462750731586735
GAG	0.0278758821111683	0.0301458335190628	0.0304582944124406	0.0302813596378161	0.0290379659730866	0.0321608299566629	0.0303038055503836	0.0305648629663255	0.0312046219277298	0.030369832403032	0.0305326849563933	0.0332053829209488	0.0334568957437346	0.031868717810389	0.0325066091854783	0.0335915879353255	0.0329822198924787	0.0324549508015599	0.0327305716967357	0.0325175514660389	0.0337329550966146	0.0342160027230461	0.0355010935034701	0.033896180544632	0.0353638441056211	0.0347622932858494	0.0354226322472686	0.0355371597021595	0.0359509894887909	0.036337620803771	0.0371652218742966	0.0373761744940161	0.038167562585486	0.0358554217298835	0.0362802422518488	0.0371612032520466	0.0360741191993078	0.0383848236617857	0.0390421485170634	0.0397739177799281	0.0381888683541199	0.0404211622408693	0.0375248660750162	0.0382973973953728	0.039665674997321	0.0399157859650057	0.0406032307605661	0.0404396361885206	0.0386668949674168	0.032789440584702	0.0315872556598065	0.0335177775447303	0.0432894825266774	0.0506312365711634	0.0581937186383099	0.0502165585627349	0.0453265352648496	0.0408496302931912	0.0516519151149657	0.0520795279856774	0.0415236003243127	0.0429643755629872	0.0438897398221957	0.0429524374366727	0.0431240196090683	0.0425616510701253	0.0448413872012603	0.0419880501138958	0.0407248213744104	0.0415180067867758	0.0432829986163008	0.0431556322817613	0.0432481477961227	0.0398332063112426	0.0421558136649549	0.0420981350351446	0.0397305369255936	0.0417615907208087	0.0421500460979717	0.0414338563142529	0.0415826952784091	0.0418785602808377	0.0383513828147174	0.040397476956357	0.0411693919080915	0.0413919287214676	0.0417840157084946	0.0396040389019852	0.0397097630655914	0.0394129537746762	0.0385929949801647	0.0407028231732072	0.0373489965228502	0.0406454792790278	0.0384642741481859	0.0388132141232069	0.0395417619962937	0.0372814077169606	0.0374353660155977	0.0383154394028504	0.0364973107193902
GAT	0.0306434823864731	0.0310872693655108	0.0294143053313132	0.0310895038858057	0.0316835111618017	0.0304756096794163	0.0328647945640975	0.031909120267851	0.0326282025419891	0.0345036319675911	0.0321519740642992	0.0328542223319211	0.0316135863961795	0.0337803733263224	0.0340678902521085	0.0336659688781424	0.0337998746062707	0.0333493013763267	0.0328525591827183	0.0350072843832879	0.034040388521135	0.0343884926117614	0.0351167703919793	0.0356415401837317	0.0362417503852638	0.0358028752183337	0.0348258028804814	0.0356292336494535	0.0348098630806912	0.0357046065816152	0.0380536487946131	0.0364290354406791	0.0372649983291002	0.0366696161082045	0.0376100022198261	0.0377770699702359	0.0383331088636598	0.0376657699050779	0.0380313641966789	0.0386227656802419	0.0399928503031059	0.0392118950147821	0.0392717879807297	0.0389020818190778	0.0401701131219352	0.0407333615918982	0.040409814712858	0.0413730225500466	0.0444352444859578	0.0459718794524814	0.0503918003099106	0.0537038213813858	0.0259134365736212	0.0311415610260798	0.0689982424042875	0.0662203728695019	0.0484005859646682	0.0450612905122939	0.0539912060514059	0.0530730693985183	0.0414046545910873	0.0417505697062913	0.0407589254782619	0.0424242023791709	0.041527944041578	0.0431993341134374	0.0422000935405101	0.0418506855584854	0.0407130902656322	0.0419875364435334	0.0396576615797197	0.0394092250715007	0.0401454174451827	0.0413791713206028	0.0423694461515373	0.0409623171871362	0.0403478090768642	0.0413297252960235	0.0412216123513215	0.040141677884281	0.0410811375742343	0.0392349385063068	0.0394016728377626	0.0406164876706677	0.0390549195505004	0.0394270667540709	0.0399678720554808	0.0399565720038224	0.0392671079923992	0.0387234143063103	0.0389323599038142	0.0407358636946515	0.0384477610096994	0.0390843658487035	0.0393196486210718	0.0405695287990651	0.0396255165211343	0.0389616809018193	0.037637376738023	0.0369602176652505	0.0367517531115238
GCA	0.0313871499801128	0.0340320872601756	0.0338836760625695	0.033138675345559	0.0312877771562146	0.0340211326280889	0.0336130278617065	0.0338145249102012	0.0353623118174698	0.0349595975675401	0.0356520731541623	0.0354918630936192	0.0344041938144422	0.0338573914976609	0.0341882805372225	0.0348394019003233	0.0352913818415342	0.034994613604192	0.0351260927159206	0.0349768527099547	0.0355487036161461	0.0371246764866666	0.0369616447876572	0.0388225337848421	0.0374784053523462	0.0378660379191385	0.0394826793209737	0.0374390998867557	0.0369335485734522	0.0388550993140915	0.038344381883813	0.0392135301388861	0.0388389732393633	0.0407902868786582	0.0388514755914566	0.0389286559298331	0.0409014501133084	0.0405830774964695	0.0403721659115384	0.0394135364360081	0.0411999850107302	0.0425082368191335	0.0425229003182167	0.0427949461442601	0.0400298314801131	0.0424043292133416	0.042765682185786	0.0429101031022872	0.0442562761864141	0.0450772880246166	0.0283730779032397	0.0547258987932024	0.04465991901053	0.0567290501901131	0.0500761685096974	0.0470462885421368	0.0453962678336953	0.0465535113938949	0.0461724768594404	0.0493589112206607	0.0433412332842167	0.0474362787524281	0.0482388523168289	0.0454405136514214	0.0436354479317261	0.0456952086292277	0.0466074766597084	0.0467429972093431	0.0445282010361272	0.0440679748692758	0.0452425576745388	0.0445270166434179	0.0455247546782779	0.0453553483328003	0.0445802356317176	0.0420401536758506	0.0430838706925524	0.0422358747418377	0.0413930958230738	0.0424538235564168	0.0423863734729146	0.0414704513174331	0.0412253734495835	0.0418026922373802	0.0421949213236884	0.0400300163064081	0.0400868103244516	0.0417277977421981	0.0408695566491717	0.0412814805915129	0.0392769079272792	0.0394616962886363	0.0401701072680212	0.0417850226666763	0.0401448546651909	0.0369791249709227	0.0382580845799878	0.0380713928091967	0.0377244628670598	0.0393601870196996	0.0380612980069785
GCC	0.0284510544698153	0.0284683640639512	0.0286329196163441	0.0308775908376413	0.028724779887347	0.0292427751274383	0.0300276470540506	0.0295641086172127	0.0304696971737683	0.0297151854020684	0.0303424493052863	0.030821094238778	0.0308813988374927	0.0298112464099944	0.0297687818863898	0.0302109815394586	0.0305421341767153	0.0319413937289192	0.0310591554512174	0.031426920432791	0.0326235162634434	0.0327229398669543	0.03277668313894	0.0332370406958	0.0330286910793752	0.0332768379987611	0.0328683466962532	0.0330249831334248	0.032366954563601	0.0327547329078647	0.0333482119729759	0.0345667329194507	0.0330751725873589	0.0352295427889148	0.0344929157377475	0.0340971835101505	0.0349778229877886	0.0370278865253192	0.0370500201189625	0.0366997993132687	0.0355942741363226	0.0361868352059047	0.0374409179042283	0.0362516888186915	0.0350210501676112	0.0364607781206386	0.0369031317648547	0.0371076248618268	0.0369103531285108	0.0347692260835021	0.0238834669050929	0.0550260149282119	0.037442596448712	0.0491450275510951	0.044231831675823	0.0305289848416774	0.0422308890772715	0.0380602674411889	0.0349629603983162	0.0350870774869768	0.0347788477652475	0.0407411328032124	0.0420847494626332	0.0387479652580905	0.0411815107737125	0.0420113141147643	0.0425510132975274	0.0398698265068013	0.0398649933613503	0.0398367466332	0.0407560308687401	0.0385780667573394	0.038870982472005	0.0383713411310131	0.0373277791742965	0.0375346193170353	0.0374112271683581	0.0376693473426888	0.037447298217564	0.0371213391339906	0.0386718391188097	0.0365780818422529	0.0374018806598498	0.0364535138286495	0.0369722209556751	0.0366559866588872	0.0358519568698481	0.0358754719744963	0.0351476962760056	0.0342985260561739	0.0350248989299494	0.03501300707058	0.0364475862532336	0.0351777138850675	0.0358972191912157	0.0351670865522732	0.0336897343458111	0.0356793543080887	0.0342036382112019	0.0346471458971778	0.0335683477899998
GCG	0.0325857553541084	0.0330468273902529	0.0325226092353339	0.0331518886040738	0.0322162511530555	0.0325957109377418	0.032901515932774	0.0329624064453754	0.0335001137044268	0.0331873374845722	0.0338621783099288	0.0320622981945971	0.0338669755867043	0.0342181559645992	0.0343784032900226	0.0335260390288612	0.0340827674781242	0.0351377608911687	0.0359019921442626	0.0352399833539094	0.0364967495536438	0.0355573524407402	0.0356575441947468	0.0364449899555244	0.0360125653612207	0.0362753255536687	0.0371194730081276	0.0362920626128403	0.0359177714563423	0.0357385536356539	0.0362310351925032	0.0367621596443495	0.0377495884731472	0.0372998055964105	0.037591325404818	0.0379365079458911	0.0380592648116239	0.0373954565229252	0.0380106747168981	0.039906573302547	0.0386486018699935	0.039241441803136	0.0404772607682264	0.0406146040475385	0.0404675870918334	0.040181825447773	0.0391191993401372	0.04218612249337	0.0386739700000729	0.0341886166250991	0.0216775895419619	0.0405245641686988	0.0466879199325636	0.0669176416092635	0.0605795543619988	0.043203487649466	0.0454478998271939	0.0465775445591461	0.0454240852512355	0.0439731972330059	0.0373743249145373	0.043181275425441	0.0443222693157228	0.0421907877782654	0.0427460455922159	0.0450918114245221	0.0434660696788798	0.0431526847346144	0.0438200644636261	0.0445654216685585	0.0434625295806697	0.0425128480365603	0.0429502466718984	0.0422448853519014	0.0419614261140389	0.0420648219978879	0.0417304586010688	0.0418134159346876	0.0413849802012598	0.0406194128105823	0.0419495340109419	0.0412834203837974	0.0413666327442923	0.0411095988564839	0.039706405769951	0.0391550966446646	0.0394452107811943	0.039245758251079	0.0410228636367588	0.0399974246413122	0.0389882884086866	0.0389514593359421	0.0405439765959969	0.0398256182780258	0.0398565836111708	0.0402754135707685	0.0396086550750656	0.0386745045098902	0.0385929157983753	0.0401335705884944	0.0387828469688506
GCT	0.0390947628251737	0.0370214906834353	0.0378892506975717	0.0384263413982586	0.0388737877526261	0.0389040708174494	0.0385173388921071	0.0393544477646945	0.040907747705833	0.040876797544729	0.0400546942553134	0.0391363300225648	0.0406988345623879	0.040947020271382	0.0405013836615618	0.0410850862244115	0.0422380600389939	0.0430227330527586	0.0408161724278193	0.0424703379464742	0.0396320675526599	0.043547661497111	0.0440853091994891	0.0454847442009711	0.0430459181306767	0.043850634325031	0.0458085431842561	0.0455935243550742	0.0453288655408478	0.0442812465307245	0.0443612766776245	0.0448407446702217	0.0479392231799613	0.0452365861313967	0.0457075495017166	0.0480188700861711	0.0456993911593689	0.0498905857274221	0.0470763097428483	0.0467044139682828	0.0474408939366785	0.0480064561134388	0.0513555623515763	0.0503967551657973	0.0508636264058233	0.0513866247545763	0.0491270064695363	0.0518867853066553	0.0483733997287402	0.0560868817221277	0.0364525093491958	0.0692055533694106	0.0477453882116963	0.0626741116548974	0.0602670167247765	0.0462374563250303	0.0526566037545016	0.0570832265247882	0.055305849614845	0.0530492012660165	0.0507927586617532	0.0566472156596472	0.0590451492644159	0.0550271444311741	0.0533493447611572	0.0564059004947903	0.0558572132603796	0.0546629612715054	0.0543773176534782	0.0530649883994088	0.0547851700103503	0.053056048899104	0.0498717500514679	0.0510933364802313	0.0519838633313236	0.0518750322083278	0.050704847946096	0.0528216731881852	0.0512116141444015	0.0513596074126272	0.0491113374748769	0.049998516482546	0.0492363537652438	0.0495744345619421	0.0501895680621341	0.0507411721481745	0.0498096592670849	0.0509363058699451	0.0501933815380839	0.0500865728612358	0.0496772575027425	0.0470115223648932	0.0474713414000177	0.0486812945106017	0.0485108650595598	0.0449273831142799	0.0487886672575943	0.045982920758715	0.0451200563997199	0.0454232431841095	0.0442357454615658
GGA	0.0221935512569174	0.0231246720109012	0.0235484328095229	0.0224754250289952	0.0223090838161849	0.0226115017762425	0.0241906102749445	0.0225771079318528	0.0229251588395439	0.0235627158513013	0.0249597983893695	0.0242140805029852	0.024078491948355	0.0235413379202872	0.0238895231647376	0.0232976100368395	0.0241009938076293	0.0244913251886084	0.0266290281251573	0.0241778477293399	0.0232571703965079	0.0266729040682458	0.0251148613256612	0.0258029217245382	0.0260673605439141	0.0274987021572155	0.0245206206164095	0.0265681465929432	0.0293680662569768	0.0271179318314443	0.0253585811682013	0.0273877644061022	0.0280757050251096	0.0300670867377313	0.0293396813961735	0.0299391343123103	0.0292309494131006	0.0279808576873633	0.0283956105352702	0.0278161689371574	0.0271418156818006	0.0284646856531422	0.0294162883063069	0.0287392895475711	0.0294157726590566	0.0318443354714432	0.0308658305190858	0.033447435243987	0.0333020210431765	0.0291892284448274	0.0201604027271173	0.0290236314916399	0.0355501625907703	0.0478069832034324	0.0648708113783168	0.036239806055478	0.0301740091319915	0.0373197484813984	0.037382153453728	0.039095544686192	0.0293193802731168	0.0334446475980547	0.0316407713859042	0.0299653908642987	0.0353180133972306	0.0321297633017302	0.0340973349943021	0.0308332286445881	0.0321180707360973	0.0314569123734447	0.0319726962963182	0.0313520252453463	0.0283592130798585	0.0300022076872233	0.0313351684755528	0.02923476459305	0.0336250169727581	0.0317389361527864	0.029611064915699	0.0303707470340332	0.0298873642392211	0.0306289374300875	0.0291393752723773	0.0268911032726656	0.0282603339657994	0.0299589813805291	0.0260385293580604	0.028869801283166	0.0272403921679411	0.0257064164504519	0.0274393172281226	0.0277421548555241	0.0277819536123493	0.0260346562655264	0.0240424539678845	0.0267034051782731	0.0260380110751482	0.0259286928728494	0.0274060401603957	0.0245256322093766	0.0252121195647488
GGC	0.0341849313237286	0.0352355871228686	0.0348809105703238	0.0349893032113947	0.0346346262212753	0.0339099755452958	0.0355815953041629	0.035619636436249	0.0354943115396561	0.0351264243541323	0.0355269792905051	0.0362401331857988	0.0370647394062141	0.0362391728750103	0.0372061987092781	0.03562108618701	0.0376399558481682	0.0371582594212053	0.0377265486737107	0.0392757397826912	0.0384911900891361	0.0390627114533238	0.0381029307696866	0.0388612643205185	0.0386780947932357	0.0390280332088419	0.0393304861838298	0.0394182425766354	0.0411060819240001	0.0392196008118912	0.0408411884719313	0.0408428909778625	0.0409109774396196	0.0404170471443733	0.0402467540263293	0.0400933760023843	0.0411618791984832	0.0422183362125488	0.0428679858871296	0.043857168873593	0.0416836193793865	0.0433078968926824	0.0418776023976581	0.0442505554501967	0.0429813152864927	0.0439896979893065	0.0434374858629176	0.0447563377653283	0.0432380402050679	0.0358122340654542	0.0223893889109265	0.0425133876727385	0.0443248277364326	0.072501385739024	0.0615339144178674	0.033989996748541	0.0437983176277702	0.0532921506737101	0.0524175107853151	0.0438140749531538	0.0389632835681452	0.0442934542755776	0.0463811344934492	0.0453556585908785	0.0478271161407747	0.0463424174635826	0.0446548179404618	0.0452552438316666	0.0454644074070143	0.0456999976043739	0.0481478926273802	0.0481167626530231	0.0477754177482265	0.0457666937658187	0.0453137375236825	0.0457314833650322	0.0453977716105845	0.0454597618823288	0.0459836071994436	0.0440291981880682	0.0451232019508736	0.0450745746856097	0.0437905422633663	0.0422821286681471	0.0457602293864698	0.0445895149258415	0.0456166714707023	0.0438627198448197	0.0430497284798288	0.0450199163847304	0.0442569396814172	0.0443304989656382	0.0427647630499453	0.0426701920254311	0.0411677716382416	0.0415867639587454	0.0434259847869413	0.04188744610472	0.0418956029229374	0.0420592846029495	0.0408818365484695
GGG	0.0256375673301073	0.0235208624766916	0.0254119008878144	0.0239347436588198	0.023947407670411	0.0243904283573673	0.0240142631105383	0.0230669302071084	0.0256278132719022	0.0261518187185435	0.0270068616560087	0.0262824418753145	0.0280224705397107	0.0265240053431654	0.0266509306619064	0.028364493037688	0.0270080990394195	0.0266913268958721	0.0285235208417443	0.0254854835193974	0.0272680654599715	0.0282397305660876	0.0269636899708197	0.0278040224526058	0.0291662111505562	0.0284992324601879	0.0306147701431112	0.0310057340179462	0.0293809271588795	0.0280670124859838	0.0293123535348737	0.0279639109628019	0.0288422688263036	0.0300661995476592	0.0297852121851287	0.032273862977353	0.0309371017505226	0.0306554540343551	0.03156544064935	0.0327451269101478	0.0315718464579419	0.0332174968704364	0.0318507342548916	0.031263143605273	0.0321358980237285	0.0330049357498985	0.0322708891146587	0.0344941100762556	0.0335446261421763	0.023834922562343	0.0162709885144414	0.0264416208628364	0.0369385837529163	0.0552187665668987	0.0600045455262434	0.0303938700481108	0.0313222341655034	0.0395912772645415	0.0408622054334791	0.036522789946983	0.0290880712124844	0.033665814720635	0.0346101035123018	0.0334571567435767	0.0351911218318089	0.0377730706138159	0.0334551911012701	0.0353257719330088	0.0330271219890782	0.0344169655144887	0.0344898412635662	0.0340892926153975	0.0342720200836573	0.0332562816280837	0.0326660794740921	0.0325780229247251	0.036237156449888	0.0319685127395411	0.0329194193013137	0.0333328189381823	0.0315746843005779	0.0347337693765309	0.0323931572099951	0.0327019552084501	0.0312431551794848	0.0320003743242446	0.0289982220925182	0.0334951090380419	0.0309895620901368	0.0308518627997778	0.0325090537312164	0.0310829679347625	0.0308409169983617	0.0313670034296081	0.0293520900608467	0.0299276417227178	0.0303860185697301	0.0284287451565184	0.0316935057830408	0.0311058937948044	0.0276261352014266
GGT	0.0382178677955994	0.037294698716726	0.0380880127940787	0.0388209749319656	0.039938250085557	0.0381032813611316	0.0393462219336155	0.0395468074382866	0.039250878094909	0.0405325350670594	0.0410763369765183	0.0409259193092499	0.0420045261088188	0.0414367414316129	0.0423390407877117	0.0420701528900461	0.0423263795321576	0.041245089298993	0.0416581933932859	0.0426339470824358	0.0434262677328049	0.0426712416518979	0.0438235601660023	0.0434422674983021	0.045111739605002	0.0445308524465805	0.0454269986948271	0.044869191948509	0.0462407060000057	0.0460724355237978	0.0442234159005595	0.0458832279288696	0.0449290481734261	0.0442634472279808	0.0453920833541545	0.046777821764465	0.0463897524604295	0.0446040061902089	0.047484019411087	0.0470368731378737	0.0498069584028924	0.0503819302331785	0.0476798601282256	0.0490370560367479	0.047147268743468	0.0501679690827757	0.0484859511100715	0.0512245988000051	0.0480132486183958	0.0474796112625987	0.0273071442606254	0.0419250068234293	0.0520266334765999	0.0679613810638299	0.0741063540349534	0.048885470876338	0.0416845134161442	0.0514482811839934	0.048548506564899	0.0523669687247424	0.0443347915062289	0.0523251010129413	0.0556531567684136	0.051660065697337	0.0530180254732649	0.0531479825062002	0.0521269174329164	0.0522259169434367	0.0508387727624169	0.0528865970033059	0.050285994713569	0.0514515237768985	0.0513614770606425	0.0502980906886634	0.048915423720589	0.0490072825582951	0.0495455871880699	0.0499512045675462	0.0489976916588523	0.0509191142451319	0.0516506734580748	0.0511641687840512	0.0484106508299929	0.048523938711861	0.0508200957110194	0.0489285469619328	0.0499326160898633	0.0496891521444478	0.0483239100227984	0.0477732712188229	0.0488639621903225	0.0470459080125407	0.0492576066011487	0.0477594016757154	0.0486372118872154	0.0469710110625843	0.0463242969476947	0.0483840243433989	0.0469585198065884	0.0465386831481129	0.0490700988876879
GTA	0.0359517250767311	0.0374866150794271	0.0370485158255367	0.0388272270295638	0.0386567686337973	0.0359159082910929	0.0371105170084188	0.0374995002822398	0.0368961923463687	0.038126880476684	0.0407932309929544	0.0393528149748122	0.0386851224113022	0.0414620807579515	0.0395152570179393	0.0354515965082645	0.0374346542031577	0.040602318098384	0.0386720455138629	0.0402874335442062	0.0425450007174525	0.0431681751353135	0.0448914119685159	0.0414201263465855	0.0441789333523242	0.0435773729293119	0.0415503506121159	0.0444942419714626	0.0411987035670668	0.0425689797379774	0.0449573899303193	0.0424951365295298	0.0450489131853145	0.0444393753771727	0.0430259316505094	0.0437983504556638	0.0470903687248565	0.044317686088772	0.0467423942405335	0.0469363717794989	0.0455224832403374	0.0461867698678222	0.046176748832127	0.0481851973904997	0.0472231495416863	0.0476566391093396	0.0510117725487671	0.0507637571972298	0.0509124461766234	0.0525069089407325	0.0479965601427267	0.0556468613077388	0.0378316580069821	0.0445420914081964	0.0637810990223785	0.0615244625982441	0.0568955733447322	0.0563466210209383	0.0537889657726882	0.0578354841674924	0.048190349960057	0.0509687853886821	0.0513566877701655	0.0519981032959207	0.0513233770522974	0.0494457181925668	0.0467696555791334	0.0497968341102783	0.0492048078013715	0.0497260668050665	0.0501720531678909	0.0482863408664153	0.0498259974995511	0.0478555535847892	0.0476180363032672	0.048972669371576	0.0476823554938025	0.0507018230484907	0.0470363103513358	0.0448458971169603	0.0459844563488322	0.0487788295086216	0.0449897086644168	0.0486841577148274	0.0443673164486369	0.0420812801051147	0.0460874983373834	0.0444491476347669	0.0481986511748252	0.0434302384474573	0.0442975261072565	0.0447557929450687	0.0430554134913131	0.043733141763346	0.042597381254958	0.0431029823097205	0.0449713788384525	0.0428076202369773	0.0409837931764054	0.043783732135524	0.0418966606542779
GTC	0.0314665778434006	0.0304407377130174	0.0301905379338922	0.0303481027780525	0.0317053582241222	0.0308543901883161	0.0322672365614108	0.0310678432091238	0.0315737947952481	0.0304294637548068	0.0322992753724725	0.0314064710082327	0.0316407828561379	0.0322191125914029	0.0326023603518892	0.032188645777729	0.0328436513313359	0.0328334508190328	0.0342906194103854	0.0327829386007814	0.0347469139585717	0.0339812545401798	0.0349052035138771	0.0341530591005122	0.0370388297095557	0.035018560372429	0.0357778393144063	0.0352395861863711	0.036453825917666	0.0357290934344788	0.0364806517282041	0.0357982781501046	0.0353066553058807	0.0384031424979195	0.0365479999456792	0.0381354378200063	0.040375063845193	0.0393530260201662	0.0386203649961274	0.0380420390329841	0.0389036477277229	0.0394850442861118	0.0407094619531598	0.0409576049233137	0.0400634993928968	0.0388631285040057	0.041939043377696	0.0397658502727607	0.0415607547695157	0.0420219196284947	0.0422864399210915	0.0493059709066887	0.0355757888372598	0.0407115402142744	0.0442092470145179	0.0435109151921102	0.0496622417454719	0.0454871317437222	0.0415907212945131	0.0447787765016112	0.0395346485433697	0.0459985472833181	0.0418391110618528	0.0404404424420046	0.0424787847843905	0.0397642296963305	0.0427992001758404	0.0428644969743767	0.0420227088111877	0.0426903683296817	0.038252905806781	0.0418646688315905	0.0405691212711786	0.0405685445145783	0.0390590255935657	0.039092107956497	0.040333919304628	0.0411919319629624	0.0393879086687446	0.0397183590482866	0.0397699247013794	0.040249327289104	0.0398773215077001	0.0373169261220899	0.0395683388273161	0.0383723389641783	0.0379675047855323	0.0363556101928025	0.0373361548751946	0.0365704561018483	0.0373362945315759	0.0369369655664842	0.0374394642066191	0.0378534055586344	0.0364519344271777	0.0361863933918593	0.0370374718028706	0.036205927344574	0.0367439439174669	0.035854403698519	0.0356293059005514
GTG	0.0301099441269351	0.0315123612107248	0.0308517735382495	0.0307029304142076	0.0299945462685353	0.0308227085744206	0.031945163216361	0.0317683602303151	0.0312537976280293	0.0320100466639863	0.0314580155384485	0.031917431817055	0.0320131356345864	0.0318505265714195	0.0334306362097624	0.0341496755196094	0.0316810789182453	0.0326864606977879	0.0332668125321369	0.0336774271624438	0.0336289564978567	0.0330065915228022	0.0346029912991768	0.034945295612984	0.0352092484499573	0.0348139700659165	0.034233402449732	0.0353354520315113	0.0346743078417381	0.035268278949277	0.035308369788445	0.0356643769776886	0.0373249009052996	0.0365432977115014	0.0375360316877171	0.0378776404419886	0.0371492624866829	0.037016750718223	0.0373471838039216	0.0382448054332986	0.0376451883258975	0.0374019778030084	0.0386335034998978	0.0383135545824871	0.0393667842186406	0.0386506802219296	0.0408528536073449	0.0387092539422026	0.0399370333590379	0.0362268464951389	0.0321536701405528	0.0321981577357537	0.0383547634639295	0.0551762640893743	0.0650404696067891	0.0465437442086914	0.0381095741099228	0.0394693045330264	0.0432895957963507	0.0480724785874994	0.0379609397352095	0.0404073201153077	0.039490679749757	0.040163486978569	0.0402579101399836	0.0400901810903063	0.040132303788231	0.0412915103972696	0.0432255823357483	0.0409246370027303	0.0407455834438572	0.0408076957450927	0.0405903433062821	0.0405659290778702	0.0404356894482405	0.0403083786265354	0.0391886433936938	0.039800546133053	0.0401991251567782	0.0394514097041574	0.0398159767557702	0.0395026104394845	0.0394266961331088	0.0388699841673448	0.0394906214365849	0.0403954931560772	0.0399189291416112	0.0385604307297294	0.0389039981767314	0.0390439978110136	0.0373877197925859	0.038738654206948	0.0383694682468046	0.0379130525791224	0.037809829942574	0.0375757262348851	0.0363637662448343	0.0376362220260558	0.0380591118323193	0.0371489876449308	0.0384587811273337
GTT	0.0374931450386253	0.0389693229549471	0.036917297122628	0.0368404158378192	0.0391295241360417	0.0389128808353453	0.0400493476012224	0.0393454338995437	0.0404765553345431	0.0400768094798732	0.0396626098757518	0.0422085807792415	0.0415358877216395	0.0406030809689248	0.0412982960656089	0.0408694312229454	0.0411268856493403	0.0432372169243037	0.0422619005893546	0.0430527902260591	0.0426670900850846	0.045220801277776	0.0419449789354415	0.0426054459117995	0.0437796110638979	0.0454454113374034	0.0451226282908403	0.0435329164297446	0.0459427856920758	0.0449547574027423	0.0467778507341394	0.0441336511810095	0.0481776417710345	0.045517503685277	0.0440982525064812	0.0464011468229031	0.0476287119655064	0.0466252477255373	0.0466636161272284	0.0455285298245088	0.0477452182666944	0.0468721351007069	0.0479508000566558	0.0489946716726061	0.0489528438378237	0.0502996948065652	0.0519759327829498	0.0511436361124046	0.0528245256807585	0.0609352004698662	0.0410240039480688	0.0532294920113473	0.0416612104033666	0.0467078381817292	0.0585367150140051	0.0538581084835274	0.0506170086739886	0.0543299308390771	0.0550114044926238	0.0601471331716327	0.0533215687663112	0.0558050363537397	0.0532566589805445	0.0508532831973835	0.0516390020958756	0.049998836755487	0.0488673938137699	0.048647124753153	0.0508532347526295	0.0501628971833141	0.0494948621546343	0.0521920320249965	0.0510700818893409	0.0491113673187846	0.0498156861113007	0.0517942827685162	0.0507707823451741	0.0480694781767171	0.0494984808372066	0.0503837223470559	0.0486047137930378	0.0487795062516866	0.0488921100551437	0.0494236975846011	0.0486693315470688	0.0485886986408275	0.0463087044593005	0.0473968075541002	0.0468104370236939	0.046833200327716	0.0477955829751206	0.0465017260518008	0.0458656745022885	0.046273021393693	0.0469496776078889	0.0450703079102116	0.0470899956561578	0.0475483082942094	0.0432305260460444	0.0455520617835114	0.0462294889445667
TAA	0	0	0	0	0	0	0	0	0	0	0	0	0	0	0	0	0	0	0	0	0	0	0	0	0	0	0	0	0	0	0	0	0	0	0	0	0	0	0	0	0	0	0	0	0	0	0	0	0	0	0	0	0	0	0	0	0.000262093982021405	0.00938784289059847	0.0203985265221271	0.0209659435693493	0.0237651324744741	0.0333682896361123	0.0461068339398708	0.0537532006598938	0.0526302387889266	0.0492643520210792	0.0530063474011497	0.055953155588918	0.0486261633636895	0.0537001206198917	0.0532532103879851	0.0525802490339319	0.0521674698260968	0.0535851874252112	0.0536318460161527	0.0518622367035632	0.054143747189138	0.0540803244200884	0.0580845904608271	0.0588169515233966	0.0552130804259813	0.0476588270841207	0.0557239938983749	0.0530274450574295	0.0569592143762993	0.0561980732614674	0.0535826333596084	0.0481449664313669	0.053356950554028	0.0472871196000484	0.0528845510392099	0.0550051430810149	0.0529850281047841	0.043567461399788	0.0512845681523885	0.0603790100635808	0.0536830520866473	0.05041944494874	0.0497703204005011	0.0615678492291816	0.0594184100958469
TAC	0.0343698433785524	0.0358443475530581	0.0345309607285369	0.035008806641212	0.0370446379361141	0.0344935123838718	0.034681760675061	0.0367384383347951	0.0357888217530992	0.0373224482076411	0.0367682278777762	0.0364969125503563	0.0375102326355263	0.038891831812296	0.0386049363947508	0.0387752875762385	0.0382852084644459	0.0378822437890009	0.0393223580691913	0.0392555503491179	0.041268868757966	0.0409961667104145	0.0396192858783886	0.0393824731264298	0.0409589443922808	0.0398595248615184	0.0395189145492559	0.040296430220369	0.039934322663103	0.0441966150383832	0.0413927983494735	0.0435609035973986	0.0421259786710792	0.042118277690657	0.0440155098782486	0.041937615782894	0.0425216047547579	0.0424085817322682	0.0420386387930361	0.0451086563733907	0.0438210047104867	0.0450485544936697	0.0459535362379483	0.0471422403323599	0.0446682582279897	0.0488453143770418	0.0474774054020411	0.046394451117832	0.0479399675276091	0.0493032989434837	0.0653611981416983	0.0602386927672812	0.0423489441864723	0.0322985854339225	0.0306384397438307	0.0394380038762366	0.0531146131086768	0.0452886711952868	0.0434072276403813	0.0447959199028521	0.051314727194285	0.0482254094412899	0.0450981779419164	0.0490337401178996	0.045420888362273	0.0471664344737972	0.0473910285723871	0.0473352279568662	0.0486237975310121	0.0473982174814119	0.0476036328843126	0.0462739703165478	0.0460352942944939	0.0439410416358366	0.0439828026980522	0.045729535104443	0.0471636866312074	0.0467249741464371	0.0459347816847853	0.0458933690913712	0.0448734361973807	0.0472490446420293	0.0458292264018914	0.0459570166403265	0.0428591877613699	0.0429529647418426	0.0431051877244294	0.0446356051485706	0.0451005389278642	0.0437792827465367	0.0440566637430056	0.0439509523149032	0.0438321179558363	0.0435621399103887	0.0445029814095659	0.0451964160161598	0.0434131777596867	0.0444988186798658	0.0441179324292143	0.0404855824345326	0.0408574721698446
TAG	0	0	0	0	0	0	0	0	0	0	0	0	0	0	0	0	0	0	0	0	0	0	0	0	0	0	0	0	0	0	0	0	0	0	0	0	0	0	0	0	0	0	0	0	0	0	0	0	0	0	0	0	0	0	0	0	0.00101713593644851	0.0113762086628445	0.0145694905220938	0.0496530794728639	0.0206004487621489	0.0274954109443943	0.0334436568542386	0.0383771929945696	0.0496601451585476	0.0495825566114285	0.0391146537588483	0.0395941973239654	0.0352039428127293	0.0355443968961172	0.0354937954288726	0.0464099336680555	0.0388664940667974	0.0390538632670274	0.0337444369684254	0.0370611359512989	0.0398097356505651	0.0495961410350555	0.0637107822358867	0.0363886921651691	0.0320575524108213	0.0271106300867615	0.0377222640213432	0.0348053223747174	0.0418958989908489	0.0689248140856227	0.0428873680622305	0.0414420443251499	0.0361522967589921	0.0580391805958372	0.0435313398779857	0.0380907787396646	0.0250305068325766	0.0374401416042481	0.0389094077207963	0.0272026438185447	0.0299614618600938	0.0320756686062532	0.0290530151431926	0.0393130750063442	0.032225570640001
TAT	0.0282612436112759	0.027968536938302	0.0274254061774961	0.0283880419954883	0.028773170474586	0.0296397159775009	0.0286648034022282	0.0294870010924919	0.0284742559961209	0.0313648540975584	0.0302032746065305	0.0315901952180173	0.0293087103396734	0.0290631901760626	0.0314486662017362	0.0304463266927771	0.0290834388869222	0.0299341361710345	0.0303551083569349	0.0307824605953142	0.0319409801330314	0.0313251754390397	0.0295640229737222	0.0304822473042208	0.0319923928277263	0.0321791621971575	0.0308556202188989	0.0325014845490095	0.0320466887773656	0.0338381275563878	0.0321384250581863	0.0324922898896919	0.0337327362872204	0.0337008018071935	0.0336107769879976	0.03409821694573	0.0348730096200899	0.0358805361436011	0.0353877865505168	0.0365505856779394	0.0365924869793202	0.0362399091156192	0.0373390161921642	0.0342383744676599	0.0370099567504808	0.035912414201305	0.0373230022772226	0.0381019658997727	0.0394296532455247	0.0428507812516961	0.0634930810048914	0.0484148716756954	0.0298610038676015	0.0247570246213993	0.0287792992955729	0.0403206374055054	0.0362165342930857	0.0328050051436521	0.0323256843987755	0.0362715681134996	0.0450074395235607	0.039668742100446	0.0351275883047851	0.0379965081472739	0.037707184720775	0.0371647254510942	0.0400648398647215	0.0364945954268609	0.0381142424328965	0.0371363094136604	0.0364174013150347	0.0373378336080528	0.0366796747653074	0.0351074381147618	0.035913130729653	0.0367877301855044	0.0374342547759574	0.0357663544626809	0.0360669049546915	0.0376871887207337	0.0365572008240819	0.034733083654039	0.0358501907522859	0.0351195855308111	0.0334873755208789	0.0336048072181323	0.0360273772963993	0.0348569137902026	0.0332892210530588	0.034355917171979	0.0344827969288218	0.034123161684195	0.0340516589083098	0.0363940675503078	0.0350025918606012	0.0337696530885002	0.0342804610824588	0.0324932868272446	0.0319797045748476	0.0337961992271854	0.0320770645222615
TCA	0.0241651483599032	0.0247102985259553	0.0242535744917219	0.0247617066878429	0.0240740140228317	0.0255836061738284	0.0269018741328322	0.0239782883829452	0.0245568496802334	0.0264586668865603	0.0263821659078041	0.026900423646843	0.0252710491848949	0.0264909294191945	0.0273871635542904	0.0281104608505948	0.0274880043443166	0.0260531961309512	0.0286769625070624	0.0304439981013243	0.025930621488582	0.0286995143025095	0.0289611790443503	0.0283800606550876	0.0261895441109851	0.0260933803331758	0.0262497791491781	0.0298397633752994	0.0301219919478619	0.0322894706780981	0.0297966096137467	0.0299687967338237	0.0303398377036821	0.0311456085521434	0.0299282407710315	0.029989215132295	0.029173840422737	0.03436161060587	0.0313254803263769	0.0307640052377339	0.0322847749296093	0.0309431314954074	0.0333504831675677	0.0317911523929412	0.0350732264801224	0.0347280118072416	0.0348019979334866	0.0345831401135156	0.0340909934430421	0.0389514105530765	0.053352848800014	0.0426837887638503	0.0448065739600709	0.042877540547088	0.0308272734646265	0.037600916792017	0.034495009909417	0.0366642669983586	0.0302177868145375	0.0341104814499714	0.0368834926000531	0.0329225825551558	0.0335963297409541	0.0322646594749818	0.0353098066957066	0.0355269891037525	0.0307725549183895	0.0310537918276067	0.035942645239144	0.0297439057148105	0.029844653797687	0.0292782527740808	0.0314383605077788	0.0291200390421954	0.0312176506067859	0.0293831131788438	0.0309174334719415	0.0307722402999475	0.0298311147468064	0.0309667913737641	0.0333308250194619	0.0303461950462726	0.0296452527131658	0.0278835439663393	0.0327657459953324	0.0290226257423476	0.0271421820641569	0.0310245913944333	0.0282314412172751	0.0296633282000347	0.0284683106358191	0.0262325035624161	0.0281319826038423	0.0275173171116124	0.0309231373370565	0.0286635229853985	0.0265127622019617	0.0267869328016134	0.0263347933163801	0.0269978444376943	0.0293584285404961
TCC	0.037560927954163	0.0353177221064647	0.0348738234618324	0.0368142048742944	0.0361654179695442	0.0366483814953503	0.0387642927337779	0.0375151284910813	0.0385755425737341	0.0362054187630044	0.0384741062214679	0.0379779419413867	0.0372970035992017	0.0384484090182165	0.0381362727899468	0.0371877180488161	0.0388967843583099	0.0404564201476681	0.0423566267821525	0.0398332501704023	0.0400278983331648	0.0394261064167472	0.0418444946396351	0.0413733354096898	0.0383341435980596	0.039409448008904	0.0411226256045805	0.040978665779754	0.0378550355987741	0.0407350089107935	0.0428685767368731	0.0389711059667994	0.0406028731131496	0.0398702610314916	0.0441963144609694	0.0420869222431969	0.0415437652669217	0.0434104153386897	0.0438348666478493	0.0430630708583843	0.044259377411623	0.0482565690280745	0.0432607156374401	0.0460631132086994	0.0474210999369736	0.0455019679773753	0.0483614230741056	0.0468222469887057	0.0444145952437664	0.0474670017365803	0.0564293657049455	0.0556813422493068	0.0519680258750705	0.052305498952089	0.0383359679597526	0.0373897229374608	0.0527080471215637	0.0509678017481583	0.0396143363945171	0.0418419547374893	0.0464330396129876	0.0515295753277474	0.0468945766980511	0.048489520854582	0.048215226452929	0.0469304139985206	0.0477014033725857	0.0460493235550831	0.0469919835295483	0.0479210530496751	0.0463198584930875	0.0491380225884189	0.042802413423771	0.0472304150961854	0.0472850938014731	0.0442088895361937	0.0469624355903681	0.0445393605149723	0.0467882818939705	0.0461440432315161	0.0420815543277133	0.0473541066130764	0.0435174349132516	0.0430968179292359	0.0452388794185721	0.044531559508301	0.0453953533118353	0.0422358706931249	0.0426139412817194	0.0424236196238259	0.0419399026376332	0.0442564186862476	0.0408454778169809	0.0399973592388142	0.0411454434134623	0.0432219414021032	0.044046858163585	0.0452151519272478	0.0428254866041845	0.0410745875478758	0.0429501647610583
TCG	0.0262939498592621	0.0275047920538668	0.0282309639941383	0.0298795280492185	0.0277430560011716	0.0267640321086257	0.0282133943270421	0.0273521316787909	0.02684584595512	0.0274826112260955	0.0267904480444601	0.0259960416763916	0.0278465824546272	0.0286437859515455	0.0293542062653102	0.029128549805076	0.0305457378846332	0.0321165199391913	0.0287117756391756	0.0287382268579204	0.0300112313936881	0.0307160946175493	0.0292732101034881	0.0288117475790173	0.0297606708011212	0.0294754514688682	0.032312523011808	0.0307335548291156	0.0321417852912406	0.0321530955602242	0.0281874901684303	0.0316673043167131	0.031830126510025	0.0314348695158307	0.0305060287256028	0.0332453119402015	0.0314722103319407	0.0343868474033375	0.0313003356497015	0.0316678420744534	0.0329713374997272	0.0322511342169852	0.0324837966196702	0.0327665686038886	0.0346986299284354	0.0335955139753322	0.0382529143277423	0.0363383789362839	0.0345136855983188	0.0322430093876869	0.038797211747487	0.0305670477808797	0.0421798057204002	0.0571598552707239	0.0401283584049193	0.0408725765206791	0.049042839423218	0.0458607269650381	0.0348226273006028	0.032288371065835	0.0358010945701427	0.0363800815580253	0.03599872567572	0.0354882005350457	0.0355978155240571	0.0361968173708088	0.0359968714358155	0.0352002054479165	0.0355027251894658	0.0338660731384766	0.0360389338574282	0.0326424462250975	0.0361334737423971	0.0358833034182433	0.036491784586141	0.0348950848117754	0.033972418344731	0.0336741857694579	0.0348400395720986	0.0339145303048909	0.0321512997718297	0.0355188364508068	0.0315974504568297	0.0325346909872085	0.0357243665854069	0.0308279541772267	0.0314944411755256	0.0312801199652405	0.0308072815827989	0.0319416535306621	0.0296941752682898	0.0316116168501362	0.0302326397872631	0.0327194779238521	0.0308915331603881	0.0303127183661024	0.0332627342890204	0.0298230468449693	0.0318823842737778	0.031801508832698	0.0316996057256834
TCT	0.0371047551274713	0.0378501546034689	0.0410884282530558	0.0380966881400707	0.0380573311727814	0.038593171727883	0.0379049781731687	0.0390712291949514	0.0400300727993603	0.0403222488898102	0.0422510673590703	0.0400299854558592	0.043751646094149	0.0425796926291047	0.0402263863339689	0.0420038969217391	0.0389604461086929	0.0448767615886187	0.0430134884951441	0.0428357589363698	0.0414623661413022	0.0405716135740353	0.0433038778101741	0.0439718743731359	0.0438150674759638	0.0434779230439836	0.0455256428511967	0.0434962935983719	0.0427675201592952	0.0448756262252677	0.0467009364493242	0.0454186386464277	0.0441809924775541	0.0458459049922029	0.0441361793256506	0.0437003606979887	0.0458908349401755	0.0447767276737233	0.0472327740046604	0.0476856873630939	0.0459965750273938	0.0451283155198273	0.0464025279348344	0.0468576747408878	0.0505719086434502	0.0476961344057518	0.049772988092039	0.0497401352941707	0.0513578196460118	0.058670581018021	0.0756236525967941	0.0548434809156582	0.0549969721221471	0.0584844905883282	0.0515922063789302	0.0547957368259233	0.0596569057615217	0.0556752179644182	0.046755099691723	0.0503190361704794	0.0557612052818556	0.0509402490375353	0.0561670000513387	0.0539230974645968	0.0530246798242452	0.0497608157286972	0.051555941527835	0.0516317374183131	0.0515132449248135	0.0512982245039222	0.0529590466262347	0.0496744570460098	0.0499987582361344	0.0534098148295628	0.0494456632756145	0.0472001579921597	0.0460647171653461	0.0453420408866051	0.0501167456269276	0.0491751165013861	0.0481200569295763	0.0478513751054538	0.0478181066577036	0.0471029898693639	0.0418501168595014	0.0450481356596265	0.0435304514423923	0.0465116984101437	0.0460748978125717	0.0463363079846428	0.0475763186423907	0.0454119843146707	0.0459309369239461	0.0461178013238279	0.0454728452346228	0.0460227680432058	0.0437571176098769	0.0438164552776393	0.0399958499102686	0.0433085574230342	0.0428272710587276
TGA	0	0	0	0	0	0	0	0	0	0	0	0	0	0	0	0	0	0	0	0	0	0	0	0	0	0	0	0	0	0	0	0	0	0	0	0	0	0	0	0	0	0	0	0	0	0	0	0	0	0	0	0	0	0	0	0	0.00111370542754033	0.0133006565135049	0.0126609125266076	0.0220797107808767	0.0196175271867867	0.023636420927439	0.0300422525267639	0.0389051804444793	0.0459544580140009	0.0378558403241973	0.0395213430393515	0.0334975297186748	0.0345991167103756	0.0376756900635964	0.035007776049497	0.0378119846829708	0.0296343195970939	0.0343617825288889	0.0356394210908452	0.0345596479827626	0.0426343426116357	0.04236995710127	0.0344849629979944	0.0416744821664374	0.0368351204777756	0.0342365651227954	0.040090750473327	0.0373200716759827	0.0368085105047606	0.0349381699530685	0.0446553070301013	0.0386947707786585	0.0432862045580269	0.0461910580502892	0.0317458264765218	0.0357776962127086	0.03450514770161	0.0304744894087242	0.0321032933495959	0.0332241579373679	0.0376487805760232	0.0368528210533428	0.036840374824303	0.0367524351902201	0.0393749792129034
TGC	0.0288190371416527	0.0266421069843846	0.0287309205786383	0.0325766229484606	0.0318831546057805	0.028469287592881	0.0303459892895197	0.0323796654671633	0.0299537516663368	0.0284866336904329	0.0302388565060526	0.0331027168034717	0.0309284959939172	0.0316075690413643	0.0290630086251608	0.0359642021290025	0.0341050386599508	0.0322747962257371	0.0318984798853568	0.0311227252053956	0.0327552838677148	0.0306236039994867	0.0331019595375875	0.0319234552031282	0.0306380680146194	0.0327824159491421	0.0374285830678283	0.0354419229220993	0.0345434966352806	0.0366737284955945	0.0351701775192295	0.035311972047157	0.0342121099225174	0.0352864302632048	0.0349089053039182	0.0375756513125804	0.0348140099872327	0.0373619700034479	0.0363790674033933	0.0375397613525362	0.0376676045008289	0.0361608046274363	0.0386563673119623	0.0393990510641107	0.0369723502744783	0.0416496571713305	0.0408719370305464	0.0378093481787058	0.0383347978839603	0.0339654364491085	0.0477966204639078	0.0368498564432134	0.0448103640656861	0.0469616113189314	0.0386791767244468	0.0369379484147733	0.0404521665940048	0.0394367215518391	0.0399574439661467	0.0403404713022681	0.0433063395665162	0.0418790304628345	0.0421116776559724	0.0409534170285609	0.0435379105382264	0.0423209859852697	0.0400458710156686	0.0394063990742112	0.0426866639728208	0.040281759877905	0.0403616648971938	0.0367878734287857	0.0397421799409881	0.0377752639656645	0.0424375037217242	0.0399763043445543	0.0347903940616267	0.0385697488378136	0.0398085596815212	0.0402930651700653	0.0389518692437051	0.040632683125933	0.0424532451732627	0.039324344368733	0.0390646906851725	0.0377853387571982	0.0376285692219297	0.0392145333463281	0.0384360334762846	0.0379556781415794	0.0376625428950512	0.037634261822891	0.0389512037703265	0.0392707412324782	0.0389783815561007	0.0386533255845292	0.0354522786803394	0.037977332067451	0.0398422318063576	0.0361298339707784	0.0329106543046452
TGG	0.0280409967359105	0.0286593893470591	0.0269850124741807	0.0265897242904529	0.0285859898591324	0.0269896229419757	0.0286929204638652	0.0292366751152206	0.0278764587797208	0.0295315386051259	0.0288919876042729	0.0291198776635294	0.03020130114644	0.0291509916526757	0.0296862021867227	0.0288353895022266	0.029638401675434	0.0298427678842818	0.0295852787169148	0.030921537402092	0.0311021920923596	0.0322652713015445	0.0322936965390881	0.0326430766072622	0.0306529296170123	0.030245737276463	0.0327855016906086	0.0324779529555978	0.0319860139351379	0.0324044970058317	0.0353726516629971	0.0341111827566819	0.0326129570876417	0.0333188191849017	0.0357781694275251	0.0345625885824657	0.034058978157282	0.0345406575314664	0.0341180728255545	0.033943189969291	0.035419344142705	0.0358442007167989	0.0370344333943252	0.0358626399852038	0.0345146946686253	0.0356649499075428	0.0363479810512737	0.036965527055508	0.0350328276139672	0.0279689960115186	0.0317819576454464	0.0230165942714525	0.0511871722108553	0.0597930316334381	0.0554071526770011	0.0439199414366376	0.0404924544543723	0.0475744710771249	0.0444518357268861	0.0396596319420738	0.0374504490979775	0.0382476684000517	0.0373580150743551	0.0383841167567829	0.0374237654885647	0.0387882414263683	0.0376072026815937	0.0393020572013815	0.0369154466214325	0.0360669971612953	0.037569168975061	0.0368543113534767	0.0383068407746666	0.036030691103696	0.0369137190142004	0.0360900606829776	0.0367324666902235	0.0359026180115603	0.0361082757194603	0.0365730234561234	0.0382377782195984	0.0350555998436856	0.0369692691181035	0.0360777325238113	0.034029719557044	0.03681497274117	0.0333331806571499	0.0351126426010277	0.035539195639436	0.0349577749641414	0.0346665725827202	0.0360069588528467	0.0336899342731278	0.0333807179392202	0.0320729771536776	0.0345241381103534	0.0320668392622024	0.0342844139273401	0.0348591605591065	0.0353607044759871	0.0353335091697264
TGT	0.0295889975579301	0.0309442254196548	0.0303779071803861	0.0270673244999372	0.0306417357638573	0.0291882915035977	0.0305326901526881	0.0283845805430488	0.0292060712635747	0.0275153944415523	0.0299265850600594	0.0300026215791301	0.0326070447930409	0.0299193710760249	0.0305736795738634	0.0298343343466319	0.0287110103192264	0.0299646884817644	0.0311758689929945	0.0294061633414392	0.0287406829680711	0.0304511303185894	0.0308002992366829	0.0298657175197995	0.0315233981759295	0.0311173663538474	0.0310649512090614	0.0346039506254916	0.0333483033624018	0.0327358911781293	0.0342721383832351	0.0332456250501397	0.0339559796600628	0.0347636708528005	0.0349726783015016	0.0352282658254308	0.034481725208787	0.033425439191533	0.0341126987753331	0.0374769025024769	0.0372152230188153	0.0347775968170118	0.0365643308383802	0.0391600569799931	0.0400869716357578	0.0345473468863447	0.0321974973321682	0.0367704706290227	0.0386489141242274	0.0401514325874793	0.0447698317367716	0.034006095770125	0.0461665441447055	0.0426676594032448	0.0413742599131634	0.0537728495723856	0.042114670036194	0.0391454083600156	0.0399125150427826	0.0407525179346131	0.0441229850134639	0.0424355851547898	0.0420501643076365	0.0404437257205622	0.0397212542157478	0.035700263947067	0.0381924950631647	0.0412400164620993	0.0382900061353926	0.0392760302316438	0.040148873375376	0.034794635827289	0.0390347899989654	0.0364463295241719	0.0353594817265359	0.036000823372282	0.0370328097860519	0.0400797778607706	0.033835863696148	0.0348165060745195	0.035030144455828	0.0394413779379892	0.0330717346065533	0.0339300016702033	0.0335436296280394	0.0366614246478822	0.0344702185270857	0.0351733359806342	0.0316158342347666	0.0297022462660416	0.0326068387323535	0.0313581242045761	0.0347262485586513	0.032684314117316	0.0338951850140242	0.0332761850569607	0.0308758613225946	0.0329351166182283	0.032857555624167	0.0339630311335821	0.0310353178071439
TTA	0.0264440983771125	0.0248932841246726	0.0263547142898367	0.0252526023891673	0.0248612396302406	0.0254926159334277	0.0254257278458234	0.0250817870456723	0.0261565148832159	0.0277765443181464	0.026076691751602	0.0265027811121067	0.0253606018699068	0.0263774934414618	0.028284375669954	0.0289320572030237	0.0277143614887153	0.0268383796105265	0.0285400999224433	0.0282139031583401	0.0267512803562359	0.0284586275608818	0.0268390253663148	0.029036395449785	0.0295799263475823	0.0290027572632719	0.0293582881657743	0.0285970493242187	0.0300131472513574	0.0326360029000045	0.0326222406767306	0.0322037284298939	0.0305079380533298	0.0306533887873117	0.031329982961254	0.0313197383123117	0.0315832091862977	0.0309730613956128	0.0315375343163829	0.0312828948668575	0.0333451445312594	0.0336233946797551	0.032193872605902	0.0323468573228886	0.0325580126736898	0.0366361083068497	0.0353731139531133	0.0347108857930923	0.0376050506676343	0.0414166594999401	0.0438399662415185	0.0306163031973208	0.0291806820384164	0.0222691608169852	0.0225672733255392	0.0421943852194515	0.0314285378757899	0.0300251327790627	0.028368632898375	0.0348998621876023	0.0413319123143878	0.0328083986796934	0.0313651352263815	0.0325466744271321	0.0321604530174333	0.032002430694654	0.0330684643931488	0.0317109376311969	0.0337529988459043	0.0306078486552713	0.0298937340255316	0.0298777190122378	0.0294543876902761	0.0309236824422982	0.029667726880174	0.0288274295631344	0.0292257436643829	0.0288242277906183	0.0313243465771218	0.0290893233602494	0.0290521815534403	0.0284412298017709	0.028551074341195	0.0284358176274389	0.0286125237447584	0.0285507444870185	0.0281842561581024	0.0282214714456848	0.0278351954721446	0.0278724532538421	0.0283059318672816	0.027795048589195	0.0275150860549973	0.0290809769997271	0.0296941822832084	0.0288850505647865	0.0280736216658746	0.0270186583514044	0.0279519730587864	0.0276456551915493	0.0261727900186276
TTC	0.034922345179451	0.0372592668872622	0.0367776209565905	0.0363924261536743	0.0387933176230988	0.0389165596230082	0.0399791064207758	0.0388888238360022	0.0381501211658339	0.0386118187486224	0.0383838714616846	0.0393322986664426	0.0391924539145293	0.0390093106061681	0.0402580498139961	0.0404943113771922	0.041535492624964	0.0404985450400196	0.0422181690517859	0.0407827111005138	0.0401986704186009	0.0407538537495075	0.0435984010024924	0.0432883521895411	0.0439391561732944	0.0427102546692764	0.04255528570012	0.0442419388559579	0.0431787803618908	0.0438239361524519	0.041967232191383	0.0448137609645626	0.0443315874574545	0.0450968490272397	0.0453493461160963	0.0441860769598009	0.0457175520746526	0.0467643279531415	0.0443530003890221	0.0468222705765353	0.0479222996248352	0.047119216699598	0.0460328779808515	0.0490537158695158	0.0493362080468317	0.0487647331776754	0.0469829390927532	0.0482904841608097	0.0485891388290791	0.0567075937071565	0.0592543651856011	0.0393540396512018	0.0436048388905294	0.0350675215373484	0.0311579055068475	0.0424812672675623	0.0472900193712057	0.0464984970641624	0.0470034348206834	0.0453140536248779	0.0568200060546868	0.0525604956308672	0.0512428926221084	0.0509334719227739	0.0509939569553722	0.0487513467143141	0.0497723350611814	0.048001272304643	0.0467691617884083	0.0476962456219699	0.0484148732465199	0.0475359912560948	0.0472189175920728	0.047268182102659	0.0474001626561735	0.0476054931803224	0.0470275300814317	0.050140442244502	0.0496190043166109	0.0491567416426551	0.0494722816762563	0.0475974755782323	0.0469146408586708	0.0462657281042751	0.0481560661554531	0.0464606444423092	0.0489500275003964	0.0443045530535445	0.04567792317365	0.0458273145761257	0.0457757529177877	0.0461125728994458	0.0463542971072687	0.0448027893082432	0.0456674088301373	0.0440632547760235	0.0465467459529533	0.0458221391321847	0.0439442432469881	0.0453547661771124	0.0436259144059708
TTG	0.0254664844927567	0.0265415194725048	0.0276427042278084	0.0272783538615996	0.027569376842561	0.0279499520675585	0.0288981802774281	0.0275526938501253	0.0275735400824318	0.0281876562235601	0.0283105990938791	0.0287659762000635	0.0296796764933948	0.029469012600512	0.0293456972699151	0.0299278099483285	0.0280415636176354	0.0303657424664122	0.0282724391249064	0.0306780467249172	0.0317592339532976	0.0290314711667942	0.031309340865698	0.0316790728535514	0.0298507429812352	0.0322410631946072	0.0322166997388323	0.0335973042409585	0.0339311521393893	0.0318396844283196	0.0317286939337701	0.0331761935182111	0.0327635191768933	0.0333678622827502	0.0328347802568512	0.0332717771002111	0.0339667462206972	0.0335822705729985	0.0345536439981701	0.0354746560533944	0.0340857182762027	0.0349398110689601	0.0328344802482	0.0344562149446946	0.0352204648245787	0.0372075334134184	0.0374029929502022	0.0345060394302273	0.0373464606810817	0.0386970972135405	0.0396394403905	0.0272629977255044	0.0400268831654123	0.0344196715737529	0.0302284136066272	0.0391173503371562	0.0357439666293314	0.0340118158757342	0.0326756574443083	0.0359084539782896	0.0486263863569058	0.039348399545567	0.0355523124279237	0.0382133405013989	0.0349716681403901	0.0354840864797776	0.0356467244757195	0.0354449965139399	0.0364970721444086	0.0344180570415634	0.0330906814271548	0.033767373311602	0.0353913367866164	0.0346923580705753	0.0341965594167695	0.0347736329646629	0.03487587061954	0.0343216066304514	0.0346591520324997	0.0339171738029253	0.032926722455967	0.0322073994331187	0.034895953781069	0.0323356678851914	0.030589506102561	0.0305479505269	0.0320913990361385	0.0325379831724229	0.031423232208968	0.0322446334894163	0.031574331183859	0.0313988237543368	0.0307840602417643	0.0311256068343965	0.0301521344109729	0.0321111292104785	0.0319762319121457	0.0295988565970268	0.0314295819731877	0.029154182054476	0.0307583977143671
TTT	0.0270306338556682	0.0272160155206029	0.0281069156996854	0.029405509272759	0.0294192854730052	0.0291302570920557	0.0293806967779236	0.0288415490043824	0.0297401558507584	0.0284810562001508	0.0298750101349251	0.0307923028419415	0.0302864156542294	0.0307983289278143	0.0297015160811078	0.0293575816772329	0.03061834946969	0.0307832203054697	0.0331672878377037	0.0304571625497228	0.0306506407913667	0.031270967189499	0.0314409658192907	0.0333889858154544	0.033202652680579	0.0330201173291771	0.0315791501302287	0.0332696495571508	0.0335050253232793	0.0333493708458748	0.0330760610565267	0.0326806155196417	0.033911416145064	0.0343095160045943	0.0338574988669316	0.0343881313050848	0.0358731892286396	0.0345868083379751	0.0346362237339223	0.0355154869458158	0.0355861587871504	0.0358499537931968	0.0347340511198915	0.0366276514571622	0.0364444493895091	0.0359315174205231	0.0376397797710764	0.0382503010070216	0.0418090183619884	0.0489191272541599	0.0371412485466326	0.0278804844823457	0.0331734444039302	0.0258189356812002	0.0243064732499783	0.0351828999925177	0.0304183115505425	0.031068632429701	0.0333295063369042	0.0377714201897247	0.0458292697994801	0.0397794678315229	0.0376626571855673	0.0390527664407533	0.0388992009021002	0.0363911269632007	0.0349952861171545	0.0372241313303223	0.0359812409099229	0.0350566702376341	0.0368338436049672	0.0350129390357224	0.0362811640528612	0.0355643717342175	0.0363931014309872	0.0356876938748706	0.0348427973652592	0.0338365152235103	0.0331179563691717	0.0355524011517506	0.0345441020192516	0.033647761300642	0.0352736189624154	0.0345876926098453	0.0341581263389342	0.034830344360146	0.0330719473584382	0.0333384977544265	0.03370051464312	0.033489359659665	0.0330587284794531	0.0338526489215175	0.0333676841420275	0.0319579720599103	0.0312755599011977	0.0319917971339799	0.0331205374885804	0.0328563677391098	0.0327579656753111	0.0327774799143399	0.031686943602933
