Codon	1	2	3	4	5	6	7	8	9	10	11	12	13	14	15	16	17	18	19	20	21	22	23	24	25	26	27	28	29	30	31	32	33	34	35	36	37	38	39	40	41	42	43	44	45	46	47	48	49	50	51	52	53	54	55	56	57	58	59	60	61	62	63	64	65	66	67	68	69	70	71	72	73	74	75	76	77	78	79	80	81	82	83	84	85	86	87	88	89	90	91	92	93	94	95	96	97	98	99	100	101
AAA	0.0309096894243438	0.0302456658748756	0.0301837520584866	0.0304226793756302	0.0309286723343015	0.0316873262768623	0.0307964022870642	0.0316299257965956	0.0314346868662983	0.031317485617626	0.0317055814446747	0.0315293216747863	0.0317382865029185	0.032069638391148	0.0316986669586906	0.0319249839869673	0.0320077100596909	0.0319562741494694	0.0317910106902557	0.032814056105341	0.0322480868310505	0.0323618994710289	0.0327550158568123	0.0324338636912346	0.0322885118108589	0.0329077037436954	0.0326963151664846	0.0333002568460751	0.0338828509419877	0.0331683880109332	0.0338356303845017	0.0337740346866985	0.0340110212337697	0.0347988881772189	0.0337663248756642	0.0341789786701956	0.0342312248072358	0.0343417779826514	0.0346509781154835	0.0343237495434936	0.0345837654793188	0.0347828215391841	0.0343596903180082	0.0343289748755508	0.0350940802513523	0.0358071403157931	0.0364148402389484	0.0374883436235582	0.0281647369653144	0.0355905555991762	0.0321013878444547	0.0396952194337244	0.0364033065345267	0.0285323990965753	0.0402083729811531	0.0357313607656595	0.0345551589224001	0.0353954861707273	0.0360796461764119	0.0342016095094151	0.0350488948660375	0.035479527870316	0.0348728632027164	0.0342210655338674	0.0346721486365947	0.0339182631139995	0.0337961250072569	0.0340631088350456	0.0335004654985563	0.0338322868493915	0.033768005800692	0.0335304950973642	0.034557356323566	0.0343815579935206	0.034030415664321	0.035040355304774	0.0333301124014586	0.0342624666512743	0.0332725884291544	0.0333564154776068	0.0332846801583268	0.0330512302573295	0.0332603811898789	0.0332746835654179	0.0330924483204201	0.0328390792558241	0.0330533501662399	0.033039188555806	0.0325788528214829	0.032097146917511	0.0323879708253444	0.0330484457325805	0.0335877051611443	0.0324796640495636	0.0323262689668495	0.0317427317492023	0.0320097500259398	0.0322324470278606	0.0317820692324338	0.0326269259144918	0.0313968729841406
AAC	0.0342594541957638	0.0343121171839505	0.0355922818982237	0.0345587754885219	0.0340751959840433	0.0346478720099971	0.0346222509409857	0.0350550672087009	0.0354073840909159	0.0350199264299464	0.0353602214954181	0.0354292760002717	0.0356077464959385	0.035892279962939	0.0357906879200845	0.0358062047333013	0.0366516203806834	0.0366391831906519	0.0359519186696911	0.0371441555154712	0.0360532418560157	0.0368469156937273	0.0367557769378793	0.0384713813751194	0.0370605005704716	0.0373153541292335	0.0376900111352467	0.0380848778377085	0.0380494808423352	0.0381898626336252	0.0374957705383961	0.0383084027432907	0.0377580275566983	0.0381430586867395	0.0385920302466348	0.0379158220778195	0.0378310402617362	0.0378256729768358	0.0393979457961212	0.0385284170086471	0.0388115123239932	0.0386909500584414	0.0390622392544313	0.0396843607120833	0.0406551312403781	0.0433313901439204	0.0434092361841215	0.0342738423587576	0.0328656914437689	0.0355554403735538	0.0370531167598507	0.0302245939597686	0.0360341172914912	0.0385068394353367	0.0315046269307389	0.0320674728336786	0.0375168808805101	0.0380269081668306	0.0376123450492757	0.037755069805235	0.0376964315097842	0.0383711358900886	0.0380522398559633	0.0376625935316651	0.0378025547414785	0.0377591112439903	0.0373906566490077	0.037130800304983	0.0375618547277651	0.0382455456011894	0.0377079526310436	0.0372104862175378	0.0373033147319963	0.037669114194063	0.0374557501337663	0.0383121550655161	0.0366086515129194	0.0362698642209451	0.0365904060561418	0.0374225044405153	0.0361254308151546	0.0364675465595999	0.0358261203095467	0.0366653076456401	0.0360068559011682	0.0362960892924657	0.0350058546325524	0.0354093073362437	0.0359529419368527	0.0352889957142287	0.035848915761712	0.0351361595961427	0.0350902778654879	0.0347851308985972	0.034726327336706	0.0354261115979941	0.0353997104560049	0.0354492390268183	0.0347362043575771	0.0338882856589554	0.0344716594539158
AAG	0.0353069062738229	0.0350294207181418	0.03442766646351	0.0347935744136145	0.0350076148828311	0.0354220170682963	0.0350276341146209	0.0365028153152083	0.0351171138065217	0.0350646807488962	0.0357148390317644	0.0361430485727129	0.0361587330989879	0.035981611372576	0.0362474302793208	0.0363820574102742	0.0363122010669648	0.0366541311786766	0.0370057704215616	0.0381598896422485	0.0365971995009228	0.0374865021169878	0.037345284578478	0.0377205831339844	0.0380521166185156	0.0377019305670238	0.0379734428896837	0.038314074639166	0.039128334089679	0.0383483951787161	0.0381315988211719	0.0388374207099219	0.0391480671551171	0.0385943145139323	0.0388780338465393	0.0392438200529731	0.0393486006215298	0.039195928531442	0.0391537460701911	0.0403237711883313	0.0411428721304855	0.0405158521409018	0.0402701622512052	0.0407070461723165	0.0412039915592715	0.0402009950741275	0.0576225066537322	0.0388770957478469	0.0392978727347066	0.0417014113090094	0.0403408853179514	0.0385313199962048	0.0429491128225186	0.0354339200568918	0.0575820561154513	0.0641231535866299	0.0388007490724367	0.0404724027582183	0.0413982104610739	0.0403810564514308	0.03981062896177	0.0406521470678411	0.0394454655398419	0.0392254836741248	0.0391801288738767	0.039607173997579	0.0392573960692901	0.0386304393296422	0.0387494347317069	0.038987063601182	0.0389806931589736	0.0387392677696502	0.0385237973978555	0.0388754408385871	0.0385274944511198	0.0382961913695561	0.0375662890419111	0.0380149538267922	0.037883235295261	0.0379573651864269	0.0372265450447132	0.0365096926622822	0.0370841826719113	0.037688743116887	0.037432170549915	0.0371425586241367	0.0372281387190144	0.0366958461144851	0.0364965644264835	0.0361390951301876	0.0360137225095599	0.0363904158560274	0.0367714816558296	0.0354576951596226	0.035926425363611	0.0354790572967777	0.0351628532662302	0.0355417927186326	0.0352080620241638	0.0357567677565255	0.0355669580344034
AAT	0.0307939881467263	0.0312119180682321	0.031216274371893	0.0318916766574194	0.0322119745779402	0.031430813434061	0.0311550445099764	0.0318621136429241	0.031545423397267	0.0316222842070042	0.0313795238051586	0.0319381827381141	0.0325372335088654	0.0318671550905937	0.0318360196090074	0.0326188390861033	0.0323142968958686	0.033093731656126	0.032141365735164	0.0328513654027418	0.0323986357196332	0.0329809305349703	0.0323845087104964	0.0327397059185157	0.0329846526353786	0.0328441154649839	0.0326303915160398	0.0332667602976939	0.0331967142517831	0.0337077105997383	0.0334498739887466	0.0338777488651717	0.0344994605025201	0.0345769219158525	0.0343067587224231	0.0341493516139336	0.0348487560868751	0.0364839517197843	0.0349732363049919	0.035002616774043	0.0350876059821338	0.0347492875489196	0.0345074728184623	0.0346897805628746	0.03519807703603	0.0327199897810317	0.0421616612831822	0.033445541851458	0.0270450948770793	0.031189045310662	0.0356674182413627	0.02676816411707	0.0300105752276595	0.0316087256582281	0.0294956210456929	0.0335478778665099	0.0321328143591297	0.0336869899303484	0.0341225814027004	0.0336652651052636	0.0337014352386384	0.0348516983566486	0.0338663874310472	0.0340346650642709	0.0335765513218501	0.0333892437634523	0.0334028929492788	0.0334124810691394	0.0341638883771767	0.0338553187500955	0.0334032282171053	0.0335169963948977	0.033617391637335	0.0334114042866572	0.0333841136965713	0.0338671399798578	0.0333509930516381	0.0335312796099645	0.0335369873221525	0.0342827489857912	0.0332417812225893	0.0338037260978163	0.0333223927780252	0.0325476710155488	0.033220590116641	0.0332366066465153	0.0336137877269002	0.0327904159971132	0.0334581014545451	0.0329672527818	0.0326861923181276	0.0335050417246617	0.0335525553743191	0.0322808513872314	0.032517417616927	0.0320508944921054	0.0321742393486598	0.0324277487267153	0.0321935145256698	0.0314151769539849	0.0317066170175556
ACA	0.0307770052891186	0.0307550371427281	0.03141512836158	0.0304706545158499	0.0305038343777044	0.0311943794486551	0.031818590631699	0.0302731743191632	0.030378085248661	0.030955036051803	0.0316343595392136	0.0310810156492219	0.0313800546715603	0.0317866645510807	0.0315909645688862	0.0314588681467508	0.0313505900741743	0.0320852910893509	0.0317026421098176	0.0324988299541818	0.0318898999322408	0.0321019887853905	0.0319665373987045	0.0315988755507609	0.0321933356669809	0.0338175329317193	0.0323807044984949	0.0327669500112784	0.0323504952466146	0.0325858872674826	0.0328305598692584	0.0332673072970213	0.0331306239782783	0.0331740443330226	0.0331481391716307	0.0333277066379586	0.0339807202831383	0.0335367864988594	0.0340672253710491	0.0334519379798704	0.0339732810004876	0.0338372570096573	0.034175509858064	0.0340868322213643	0.0352760599294695	0.0337083168396284	0.036762572974331	0.0379207250003451	0.038298127121287	0.0349698707377386	0.0336480472388777	0.0312160999176301	0.0342644438799787	0.033457351902571	0.0358880501358834	0.0304768268440067	0.0336047310554815	0.0338152370748145	0.0335044870848722	0.0336422788408932	0.03375740734473	0.0335481569578698	0.0337906460207857	0.0333461928174131	0.0333928131621739	0.0332319807071983	0.0334756635004144	0.0331952470177959	0.0336588684779566	0.0339619626407115	0.0342178388695576	0.0331794781807638	0.0331192621137648	0.0328442126032909	0.0327628158109508	0.0329009749858464	0.033298358090728	0.0325012070729156	0.0321718548995048	0.0336255773381263	0.0332678030231185	0.0331304130062393	0.032465829651347	0.0325921046387959	0.0323795095328568	0.0328864522536656	0.0326902082499959	0.0322598286647227	0.0326514912144636	0.0321612897599753	0.0321774344293677	0.0321980017817084	0.0331305960889043	0.031955907931977	0.0314876584959944	0.0315710617747513	0.031616074841567	0.0322365671706676	0.0315481639457635	0.0319015248776909	0.0313120706049032
ACC	0.0336815630896088	0.033497075048931	0.03412583822168	0.0339272645573167	0.0347104871470945	0.0346742382504203	0.0350539223330327	0.0347883863109422	0.0340292021760233	0.0358188077127492	0.0361545453998459	0.035326569561591	0.0356928592433261	0.0351115108160004	0.0349875175197222	0.0355296557395555	0.0356908009510555	0.0364593488695994	0.0365834986742005	0.0373075497275479	0.036917263573683	0.0353223585501378	0.0368889239903424	0.0362940233288379	0.0368438564593827	0.0359188445424716	0.0361708656643946	0.0369809600516757	0.0362661025226868	0.0361808189820127	0.0372033107285552	0.0375072208354185	0.0374327968830791	0.0381624223018671	0.0374329672976845	0.0375942549973375	0.0368629039687013	0.0383998247324825	0.0378349507424233	0.0379371723327507	0.0377861170342739	0.0375582242586349	0.038558797828731	0.0386267856734198	0.039343224438314	0.0421632073491242	0.0398262690374434	0.0342549299328419	0.0366932872376113	0.0364401042216674	0.0350613335987254	0.0318085914629959	0.0330918272493145	0.042371361595466	0.0226130280611768	0.0273810838121412	0.0369744369016461	0.0380141667126654	0.0370917585716748	0.038084809016481	0.037490810877995	0.0362078369547188	0.0365387299846186	0.0362418049375188	0.0378117655032817	0.0370394861404309	0.0380179400129844	0.0366144782384334	0.0368195353233194	0.0366629566376405	0.0366822251047	0.0362427300115418	0.0359745093594961	0.0360790639039335	0.0355097161678503	0.0353131936484194	0.0369035316771432	0.035231825044125	0.0355830383726687	0.0354526769630972	0.0354158008362471	0.035525551161475	0.035489890497307	0.0348647821143174	0.0348812174877555	0.0346046817129359	0.0346459436791018	0.0345300504196777	0.0340344400323798	0.0339514392271307	0.0349309893152184	0.0339168054406173	0.0344322628304563	0.0348663874614012	0.0335389958751817	0.0336430314825756	0.0339502704614774	0.0337342276720212	0.0338613006215252	0.033812302541447	0.034217501730167
ACG	0.0332276481741883	0.0328603415970481	0.0332751630548948	0.0334536982432731	0.0335145546876316	0.0320204746112856	0.0331837699097905	0.0345020970043486	0.0351813948620577	0.0340037029299098	0.0345163771132051	0.0342234072654564	0.0337434202930326	0.0349549298612998	0.0361458895427627	0.0347663418640575	0.0341838650277883	0.0337301143201544	0.0354102480381057	0.0348470133632989	0.0355849126430546	0.0353834829973178	0.0367583382628373	0.0353519264540783	0.0343402337038808	0.0342975006874214	0.0348948940723552	0.0349340032902328	0.0345062558842165	0.0355289733294203	0.0355524682299032	0.0355961598704477	0.0353379406696126	0.0353563425922239	0.0357944322991893	0.0351145378655162	0.0360354906580251	0.0374941608504151	0.0366673346037528	0.0363519926296151	0.0356458359085677	0.0369619944972934	0.0363148091811494	0.0371685630611046	0.0360066025656688	0.0336304975397287	0.0463883863327823	0.0520680291204336	0.0491377939531059	0.041652053127967	0.0490037910707482	0.0529969331990533	0.0470054089321534	0.0377462570104452	0.0442169538984161	0.0716143727477782	0.0342558622112002	0.0380158361931136	0.0375715115581787	0.0379839168885271	0.035631227635194	0.037255065867971	0.037012322026956	0.0355810586373597	0.0356987428424481	0.0368622042024167	0.0359837382713341	0.0349166593420896	0.0343406059722665	0.0339078811000648	0.0351551542486896	0.0351361263024805	0.0343154658397904	0.0341288273947574	0.0344972473521133	0.0365288092643631	0.0344729808247545	0.0330187703856624	0.0329093768566986	0.0335284755238458	0.0339940920342155	0.033606793608347	0.0338993435329445	0.0332063146825379	0.0336124675046552	0.0322195072331725	0.0317231394331813	0.0325807943367634	0.0331958906876005	0.032897189474316	0.0316182835367953	0.0320891002895405	0.0319414425767739	0.0325915040112054	0.0318789001228372	0.0312013218114715	0.0325349218922334	0.0325664879993509	0.0313887014118384	0.0307698438608363	0.0316783877840286
ACT	0.0300609978113947	0.0303335276425544	0.0304991921115641	0.0304267333525228	0.030945901578699	0.0314025702960417	0.0305433268055624	0.0308167194520225	0.0311760395210498	0.0309595008216289	0.030953798446349	0.0316303097809631	0.0309733738059749	0.0317700331290894	0.032463976360663	0.0316871774038975	0.0313340626930468	0.0312537075813157	0.0313194466636581	0.0328351714574958	0.0315720366057926	0.0319687857679216	0.0327647804151996	0.0328380963834568	0.0327305796602263	0.0325133442938371	0.0319922223789115	0.0323164920412203	0.0326405836802825	0.0325916245683718	0.0332729674410359	0.0325539862921711	0.0332084868844968	0.0336920212588359	0.0334035994332895	0.032993839839785	0.0339420593640091	0.0328575303720417	0.0328309608166586	0.0331830173341839	0.033923538975993	0.0333651250727465	0.0342993612532181	0.0331085269731745	0.0339702497505842	0.0310869583942226	0.0435420867063324	0.0413897816442257	0.0397528075574399	0.0383220827900447	0.042249817556292	0.0390798996952973	0.0371359490041074	0.0398523629715104	0.0272015932078379	0.0417310592702645	0.0330846793441376	0.0329710180649508	0.0330736855249713	0.0326430641807164	0.0326818297266679	0.0319016896705388	0.0323506754445408	0.034305341941264	0.033096434359212	0.0327488522156146	0.0331589733041026	0.0327305298994889	0.0331939476917565	0.0322201507025954	0.0327252381774037	0.0325343011542721	0.0331346174969394	0.0320420672580862	0.0328091867041149	0.0328464006099067	0.0320161828243119	0.0321602417900245	0.0311548732055902	0.0322082627629081	0.0318358496570205	0.0324701573408141	0.0317448648449705	0.0315293738773051	0.0314216269504783	0.0319729851922804	0.0315531771114999	0.0313918114492384	0.0309778511801603	0.0309551126726775	0.0309669586712266	0.0305518206567343	0.0315220517754045	0.0311703615705785	0.031223933826415	0.0314144672798587	0.0302503193322061	0.0304694748213365	0.0310940177630828	0.0324686941676989	0.0312655254987799
AGA	0.0290279661346044	0.0288041443960609	0.0295466831860789	0.0287003400130078	0.0290019247478644	0.0288986074234972	0.0290274268486175	0.029574288803516	0.0299743446220132	0.0299256435859798	0.0299497566170682	0.0308162204372142	0.030359885735062	0.0305535410714529	0.029208355551146	0.030491404621454	0.0307129536159464	0.0305024145057525	0.0314427231650292	0.0309901124481493	0.0306802256119293	0.0310209629459275	0.0316937135261049	0.031012712139195	0.0317410276791555	0.0318619652586091	0.0318462716225767	0.0324064086873221	0.0323996671553326	0.0311496473648915	0.0310296766157307	0.032104967163439	0.0326915927009911	0.032584085628735	0.0326174697090083	0.032807254848404	0.0329602386276541	0.0333783935703503	0.032852633502925	0.0326361337298118	0.0338769712377103	0.0337380774240193	0.0338746647094112	0.0339144751012264	0.0334383949976089	0.0339230512443165	0.0454439951009632	0.0411123843415645	0.035373066627607	0.0374241148175419	0.0401633477997939	0.0402283511892024	0.0415826374358446	0.0402352939898447	0.048179890721442	0.0432371628840847	0.0335413035483618	0.0332150250683064	0.033492933499183	0.0340459596106753	0.0330227104494583	0.0333133004934568	0.0326195826523214	0.0330860305097008	0.0326402414510473	0.0320869781811017	0.0321057119552407	0.0324809529915111	0.0326693577218372	0.0327300074466582	0.0324595869050722	0.0329431730861652	0.0321978286483857	0.0325973753168799	0.0320279550376707	0.031944969261676	0.0329088469757078	0.0323402682695669	0.0323919678848289	0.0320010854553008	0.0314384773927105	0.0313307126305646	0.0309965685453594	0.0313028845781448	0.0313993604786719	0.031210837013052	0.0305445198225278	0.0315324499582167	0.0310310938345298	0.0308651659499068	0.0311040154494547	0.0309485780834421	0.0308436848564287	0.0306046054349084	0.0306261713142138	0.0307485785159161	0.0307410824644803	0.0314941405605991	0.030477663392032	0.0308816714585708	0.0310794515936431
AGC	0.0295719285928214	0.0298189404036992	0.0314077382748984	0.0307819230804744	0.030302004381075	0.0297506408959133	0.0305636414883088	0.0308064561176393	0.0307151208136776	0.0310923655698354	0.0314950011403719	0.030535418475497	0.0306230740409307	0.0308708800715192	0.0313206306746396	0.0310237329229373	0.0307386725196141	0.0310936831490351	0.0312360771490979	0.0318368543877545	0.0321434408283364	0.0319926710494578	0.031847084219979	0.0319029604162707	0.0311946645663115	0.0312899729358903	0.0317856760018877	0.0317693945995065	0.0316742964140442	0.0332808002583241	0.0327049932229769	0.0324764839924553	0.0329117828083577	0.0331111480295651	0.0327670699701129	0.0327603618929307	0.0330512313064295	0.0337983832707743	0.0330052791671664	0.0327286916581366	0.0328407885257095	0.0330187558205048	0.0333134993509491	0.0339714904268179	0.0342669472662195	0.0361227585162555	0.0401728262526746	0.0333254670612157	0.03428148517487	0.0298319810355274	0.0305096357369443	0.0247145366184899	0.0278041405019586	0.0378005180640564	0.0257274945971607	0.0338444376625797	0.0317330399912271	0.0320123002037231	0.0321798563195043	0.0322602289925081	0.0319305339603027	0.0322237241148393	0.0320252767158529	0.0320520723305433	0.0325149747888757	0.0319416574894233	0.0323747444210269	0.0318431843622495	0.031754073022531	0.0318661407823426	0.0314055670378405	0.0317418163122653	0.0323348848298425	0.0310948271836689	0.0317162862713574	0.0318294358614943	0.0309850499091763	0.0306222451746729	0.030763651954137	0.0305520031827314	0.0305959277300655	0.0303282658150697	0.0307305490579272	0.030417534442597	0.0300557321591897	0.0300612795524752	0.0300322608718099	0.0302970175037106	0.029894018826831	0.0300461854250589	0.0294172809636485	0.0297200512630556	0.02912442237836	0.0292218150908986	0.0294412898504136	0.0291549837530681	0.0295419719479306	0.0292907774241492	0.0290548164726013	0.029024632974008	0.0285560181100059
AGG	0.0286630630545667	0.0295631569774431	0.0282168042590988	0.0288872104760448	0.0295546485269394	0.0295233139384828	0.0289119864019474	0.0302111918386149	0.0300637977082979	0.0299125050085035	0.0309996867690739	0.0304148504620225	0.0304921116598126	0.0317215473598837	0.0303000281645766	0.0310230488318175	0.0314895478099132	0.0310557451307144	0.0309966235941136	0.0316202026150856	0.0318510931059156	0.0311720773111666	0.0311748500402296	0.0311485089300231	0.030556236664133	0.031241009369087	0.0313116537931321	0.0319573759969455	0.0322613134201881	0.0321565093075906	0.0321763747963179	0.0321989782728563	0.0327822992930456	0.0327230989133502	0.0324840772623488	0.0329347894099065	0.0326284799783632	0.032565167324835	0.0333079344093687	0.0332078727002628	0.0334025567882113	0.0341042110595744	0.0337727577630109	0.0333179268052207	0.0340545869425102	0.0336570172664561	0.0402735088645838	0.0395987247611587	0.0314533047496238	0.0321404034549724	0.0423200869939998	0.0324003896693908	0.0314727747723803	0.0246174836201257	0.0450825938930218	0.0629898187630036	0.0318304239698566	0.0324603437642873	0.0333808469836744	0.0333474978274884	0.0327516830299909	0.0336534548043935	0.0335974350878222	0.0332084051824696	0.0321306395913575	0.0327193177221666	0.0321705774162079	0.032383381621454	0.0313893260029386	0.0318648782899191	0.0320855913488335	0.0318755043482016	0.0316369117001574	0.031418338379611	0.0317702957111303	0.0312562142833477	0.0318923233457829	0.0317509809286949	0.0317466615556537	0.0314500890520751	0.0311828528453264	0.0307687098063979	0.0306267052309516	0.0317665845185232	0.0302057887577286	0.0309710975849646	0.0308185243791643	0.030202603731639	0.0300224610723503	0.030590774249432	0.0304338546504955	0.0296816715156956	0.0294211435940102	0.0298648517447668	0.0294442093223971	0.0294975424493601	0.0309038390061982	0.0297836632095695	0.0293647610682718	0.0296342657455275	0.0293889409667615
AGT	0.0284304846616189	0.0282205060455634	0.0290393641294396	0.0290184759160746	0.0284833010212514	0.0287617751857938	0.0280260401980107	0.0290759634137458	0.029104872746843	0.0286923842419563	0.0289737054645796	0.0298578691994817	0.0291856855828372	0.0287979208219136	0.029405284035932	0.0296152912197049	0.0294905247799278	0.0300662889205887	0.0303935948904438	0.0291753093838622	0.0288771079429282	0.0292096515894811	0.0295003294679163	0.0296987079719739	0.0306011415565879	0.0308911249972716	0.0298424867776277	0.0303659380005365	0.0312215408232349	0.0297118592268381	0.0299010312040189	0.0306790966633348	0.0305285226939303	0.0311996123220368	0.0302080644998591	0.0302830094375239	0.0312880565030803	0.0310662967296128	0.0306056977828656	0.0309472220164514	0.0312605292100115	0.0312325654363202	0.0303640216655131	0.0312765637604767	0.0315544523348943	0.029634730263724	0.0430000378002771	0.0322184306080658	0.0326228368569833	0.0281377923669264	0.0339759081491725	0.0280754860848203	0.0284151809604866	0.0306786882353469	0.0331862363660445	0.0343644745179577	0.0287689408380372	0.031725052050588	0.0315027532802552	0.0303542262520592	0.0304419184036708	0.0301507678177471	0.0300659810742505	0.0304649279072457	0.0311070014355456	0.02983604023454	0.0311090048178453	0.0305173264501716	0.0303572789177893	0.0306295573406786	0.030293544052934	0.0297876072757373	0.0305470181314728	0.0309817183415455	0.0314302646314807	0.0300912697023381	0.0300606767333659	0.0299516456500657	0.028942356728864	0.0295194593965881	0.0294904217020766	0.0303187461781422	0.0300367785836257	0.0298870996413157	0.0294850366703798	0.0290348781927953	0.029303518701559	0.0299961614554947	0.0292166226880524	0.0295855578321798	0.0295555005481517	0.0292302693316537	0.0289536122190083	0.0290102440600306	0.028165441061139	0.0293104899053274	0.0290051947616365	0.0290697286373443	0.0285731548356966	0.0287735793609299	0.0287051624119904
ATA	0.0297803861518241	0.0303337482250571	0.0299194359922833	0.0298554761748538	0.028760655221637	0.0299940211494155	0.0302042512850918	0.0300479911051698	0.0304255629625136	0.0299802961169529	0.0299137883052831	0.0304020923554307	0.0305715715569831	0.0314178391613686	0.0305606070335686	0.0297657952295034	0.0306825617221815	0.0314862647612661	0.0305455182256034	0.0316108422177902	0.0312437137026251	0.0309879155504393	0.0308749647551797	0.0313485010362304	0.0326553990181145	0.0321977045273427	0.0316031391353196	0.0312064530180197	0.0324478980740904	0.0324076837219728	0.0325624078418398	0.0321865370579786	0.0314591861261758	0.0316616924000634	0.0314122124341166	0.0315944741618695	0.0313863620202246	0.0323156437363434	0.0316241295837634	0.0331820311535946	0.032288870997234	0.0323975512023799	0.0331528406685473	0.0334177236739085	0.0338400799401622	0.0333698819674586	0.0311735490661637	0.0289715452663847	0.026224679124255	0.0307680021040465	0.0330520911537335	0.0418836422337953	0.0317645281232961	0.0283166613602636	0.0330450483500666	0.0292070418646389	0.0300051507630768	0.0329414729190498	0.032456619630483	0.0316572583678762	0.0336877747887529	0.0329224182001286	0.0329725662328767	0.0323880479861189	0.0323845544871371	0.0328842952539104	0.031778150201364	0.0310726822702367	0.0319806485166729	0.0327456411356515	0.0326016842074848	0.0326150755357403	0.0335157739494717	0.0315401418461133	0.0312152119701592	0.0308006259204949	0.0317835370507682	0.0313575234164155	0.0313290650448736	0.0310057174863023	0.0320237745086956	0.0310264897802209	0.0324956119074514	0.0314342474671698	0.0315309627372251	0.0315505438061827	0.0316967589669554	0.0313306068540835	0.0314375784243761	0.0300432663791438	0.0316679197949378	0.0308646789967145	0.0305235381639862	0.0305907300646284	0.0299821918216167	0.0309606620264471	0.0307362082097626	0.0290968958315158	0.0311707758476441	0.0304821853905096	0.0308009164961275
ATC	0.0365812340821266	0.036183818225874	0.0360230860855628	0.0366407097514697	0.0368349073383556	0.0366696019990597	0.0368284463070582	0.0369944152681225	0.0387655894111808	0.0369928121962219	0.0379098647368767	0.0373167989848656	0.0372054278142061	0.0371928649179135	0.0374409259705638	0.0379980491645685	0.0387022457435101	0.0382795539938127	0.0387484125116925	0.0384325740024699	0.0386205405689534	0.0389969792169361	0.0392940496038364	0.0389001734716064	0.0392717172387256	0.0393669249538097	0.0403436251102605	0.0398435617556064	0.0394245041749868	0.0400298752524822	0.0394819112689657	0.040306551266174	0.0407086340544516	0.0401980246085323	0.0402779684660009	0.0413965320519839	0.0416891409816746	0.0405206431255846	0.0414182138865886	0.0419435473609633	0.0407923835491354	0.0413655455183183	0.0421854718412187	0.0423898627176807	0.0424137448913653	0.0449267422223322	0.0480325225861514	0.0586300990205874	0.0432551964965205	0.0458604135385163	0.0409259641396496	0.038889410350764	0.0387989033858197	0.0439402184415533	0.0275420713413517	0.0282569517717395	0.0359497326382906	0.0420559403841883	0.0404483728755158	0.0402651313586211	0.0395784320917775	0.0397810036639609	0.0419583778697564	0.0411980774396159	0.0403215982577872	0.0399514969758091	0.0408203118394972	0.0406730512298107	0.0402987965415358	0.0400626439879737	0.0395491933352055	0.0390965135426702	0.0399514225421325	0.0399854590144034	0.0397860148982031	0.0393251787250684	0.0391158218498632	0.0392201887252992	0.0383327120565959	0.039675745682553	0.0394004809790786	0.0391294284074806	0.0389965362162543	0.0385086360733329	0.0398028469330069	0.0379395109319512	0.0366247968722834	0.0383228233616803	0.0377307294442467	0.0379445929788618	0.0386808608447798	0.0384476424387755	0.0382216380279837	0.037702041695587	0.0378429104972918	0.0378931623813007	0.0375548557843973	0.0380857041012142	0.0385278854443462	0.0370873134401934	0.0368251108842068
ATG	0.0351659004655881	0.0352832694842979	0.0359592161154338	0.0361575394591513	0.0347596149413999	0.0356487788275515	0.0356506990263121	0.0358301396341147	0.0357044722743783	0.03575954730417	0.0358798582512176	0.0359548039382374	0.0364778968279369	0.0364729660456743	0.0362912860981069	0.0368323901314806	0.0377141479397701	0.0369239210585321	0.0370498261109606	0.0366455556944899	0.038337909637484	0.0373348457246654	0.037089228558663	0.0376663791393848	0.0376160412439492	0.0382826159070913	0.0374569887679313	0.0372468888038493	0.0374492467700685	0.0377106592807043	0.0380929782863734	0.0384966796482517	0.0383592462214444	0.0376531280754648	0.0386526187609532	0.0386467552001653	0.0381929484446915	0.037988802660027	0.0387444963403776	0.0381000984915722	0.0390313094834692	0.0381422165864415	0.037956158324399	0.0389695636272513	0.0379672471953683	0.0375461993843935	0.0500510043692584	0.0428017407766636	0.0373774953243148	0.0388501790809191	0.0559467783265116	0.0339975158493105	0.0356917098914929	0.0292621114706664	0.0387356384115706	0.0660136151700005	0.0322291433805416	0.034262114307729	0.0336925095667798	0.0343464461145445	0.0342652632127564	0.034045753250762	0.0334822854109776	0.032848193060636	0.0351588962225665	0.0338718879167551	0.0333373548185839	0.0336561267931577	0.0335973642623558	0.0334884463449351	0.0328098558908203	0.0335241989060818	0.0340076587174193	0.0328618646694122	0.0335978265821117	0.0330197355312102	0.0332436197369816	0.032948862279295	0.0321789396670751	0.0329217760507043	0.0335939775187702	0.0327701984781811	0.0333823397319325	0.0325933273801415	0.0325880860519955	0.0325459141628876	0.0327444601151944	0.0316841694409906	0.0321341273105423	0.0318099529392442	0.0315818431061541	0.032860279826193	0.0321278886953397	0.0314347823996682	0.031521965827686	0.0313854616855029	0.0315366652466185	0.0314492107838038	0.0322463865122085	0.031524258003128	0.0313970455498429
ATT	0.0332079503651048	0.0337235122617167	0.0334061069127662	0.0336950885032511	0.0337089637700318	0.0331305635074737	0.0336506563735631	0.033555177556522	0.0343461330443692	0.0335391588494968	0.0338678314461787	0.0335934880175578	0.0339497008646336	0.0344121536197147	0.0347852770835033	0.0349877256043621	0.0346038112894318	0.0337083722553774	0.0339506716619706	0.0348453212589453	0.0350510032020269	0.0343793744947924	0.035887063396779	0.0352879642074309	0.035504662039445	0.0354781069350306	0.036170778689652	0.0350785985634965	0.0359675884661903	0.0362208218238604	0.0358518173306695	0.0368903876872004	0.0358078211473643	0.0358194215057484	0.0356148412653781	0.0376933947927934	0.0368035963489989	0.0368547018973366	0.0370997293963744	0.0370166876962685	0.037235716282732	0.0372931717399859	0.0380886584033817	0.0373305858141399	0.03784273561121	0.0352311864544674	0.0407827633747066	0.0339109112278132	0.0296417463914543	0.034802805635441	0.0374090403665968	0.0276617377074011	0.0319092607338498	0.0346623124672261	0.0265445114031369	0.0399532160875832	0.0334925583244417	0.0375676164166829	0.0364838835232315	0.036846545916281	0.0364028163161263	0.0369103623053649	0.0359942368113718	0.03567332483073	0.0355904231920791	0.0352644672940495	0.0359042109452646	0.0360464362453515	0.0353723563414955	0.0356473778493486	0.0363448198432246	0.0355065974289262	0.035592429015764	0.0352816077890579	0.0355840715076226	0.0355830427977905	0.0355880939435183	0.0360983043416395	0.0355061302774956	0.0356165992103789	0.0349747725893566	0.0352262849168906	0.0348192721636724	0.0354158103665684	0.0350112027135357	0.0348417269550307	0.0347214862329304	0.0348780316413325	0.0354660038702264	0.0349919728972192	0.0352171581477888	0.0351509527844734	0.0348436140968725	0.0347294801959753	0.0355005847786614	0.0343392275308131	0.0337537610243076	0.0337614475135406	0.0350078648100398	0.0336555325501602	0.0342936763522262
CAA	0.028230626632152	0.0286148329923238	0.0282874567825237	0.0282695583388223	0.0283569264307304	0.0281149758070331	0.0282097571964433	0.0295260544866282	0.0294424513545067	0.0298926782774457	0.0289726917371826	0.0290473300649547	0.0295272403987018	0.0288254343620931	0.0297828816374058	0.0295149788642079	0.0303001372387291	0.0296738297363724	0.0302244261728994	0.0294609528768064	0.0295836176810539	0.0304882639119826	0.0298907951809761	0.0298857155346545	0.0303598806206829	0.0303849717008665	0.0305714048671869	0.0308242258400088	0.031099534367891	0.0299084982849009	0.0307829000493997	0.0311340870897817	0.0312835370713258	0.0309050157447785	0.0309100937278512	0.0310866122625935	0.0315601645953025	0.0310189676354415	0.0312975811601197	0.0313820772108427	0.0318183350471372	0.0323776117667583	0.0321889630884316	0.0319618700577027	0.0318537521909475	0.0312985038016305	0.0320350250800329	0.0229341684248061	0.0323189391567248	0.0328362159290669	0.0293970203597095	0.0273879113818159	0.0303775146532215	0.0273192478863177	0.0436600533952356	0.0206218814071285	0.0270517367346422	0.0311755613478673	0.0309359780662532	0.031067583028411	0.0315039649998637	0.0312551469926857	0.0316287756485811	0.0312518459515849	0.0314776137594606	0.0313407605072834	0.0312533102325059	0.0317519281087065	0.030622079262929	0.0306900239033027	0.0296646531781329	0.030204069299814	0.0304985129167468	0.0312017087162061	0.0309665536491209	0.0321297453263756	0.0306755106668054	0.0299596408855105	0.029614181382296	0.0304381616305864	0.0301892773735153	0.0304952883522062	0.0304936068796537	0.0301419099481232	0.0303444387576025	0.0317671232201058	0.0304877839578756	0.0308120823566146	0.0307577362121886	0.0300529555941363	0.029616802541033	0.0295983539930551	0.0301099357678751	0.0297850857433231	0.029516757069402	0.0287538478923383	0.0298845821615431	0.0299324503607808	0.0290015597373605	0.0284680130384082	0.0284977286132356
CAC	0.0305431181358072	0.0302854755066352	0.0297839501892795	0.0314038121984892	0.0307871624532937	0.0308272422781329	0.0313588380206852	0.0301183134193137	0.0306653974951541	0.0310251500911566	0.030692911934531	0.0305251776736201	0.0318085188313127	0.0323155374671824	0.0323278315309419	0.0320516441699057	0.0321501800474187	0.0329563415222905	0.0321519286893815	0.0314671619156999	0.0332677081090739	0.0337358471758686	0.031922621704498	0.032537092796939	0.0331986977265228	0.0316150172044843	0.0322629534194072	0.0335024364316187	0.032463664389322	0.0331989561001807	0.0326683398657472	0.0329675337718074	0.0328595913825762	0.0323088612283122	0.0342878875228005	0.0336420237310226	0.0344561855129482	0.033779513409272	0.0344488486355276	0.0337515595429206	0.0339787243025038	0.0342410688673163	0.0347748707517563	0.0341603995337842	0.0345261804868664	0.0393710569772583	0.0312431013478229	0.028034505698465	0.0323083393401462	0.0329466572616051	0.037057002652397	0.0272986606847319	0.0322111362813038	0.0322764837563168	0.0307077648390947	0.0160579897370501	0.0304205049678753	0.0330140826294672	0.0330446164048575	0.032661821124888	0.0332977569469021	0.0335685840742495	0.0333712337125338	0.0342813725802139	0.0333720150674484	0.0330770617911415	0.0335191914626246	0.0334653705879936	0.0327978285478353	0.0335519504391047	0.0345128510981779	0.033140916653068	0.0322289186540315	0.0334422841215224	0.0331377700778772	0.0325333462175032	0.0330081726281884	0.0321393478195266	0.0327297481175258	0.0315825069811645	0.0333905559359025	0.0324087269968181	0.0318258098975266	0.0317434970517176	0.0315988125916706	0.0316716442979159	0.0312305759702574	0.0319368237931412	0.0313736713793197	0.0320139135785343	0.0308701128130005	0.0309931119755642	0.0308906501026873	0.0310300367165182	0.0319696754044564	0.0305967342386895	0.0309957253323009	0.0308741128083193	0.0306048944792761	0.0306176802445702	0.0312496202523453
CAG	0.0309011907192039	0.031284804861892	0.0309882245806477	0.0311284618564109	0.0317804752573481	0.0314040602444649	0.0316123666582565	0.031730760662113	0.0319922605526928	0.0327143917472831	0.032230422621202	0.0318585810044362	0.0318695944285642	0.0319361772088411	0.032422942750178	0.0322421932301338	0.0329646960425494	0.0328544213575966	0.0327839864911881	0.0333341113478485	0.0337214105343505	0.0332630908615528	0.0328388510063099	0.0333139762097924	0.0332484638824095	0.0341174455251912	0.0335730736838703	0.0334502893041404	0.0336804825553187	0.0337848830437951	0.0343953343359914	0.0341735666447943	0.0335888396130994	0.0343105552443072	0.034924144610646	0.0340862776367018	0.0344373087465099	0.0344478072929912	0.0346626497774263	0.0348920351823867	0.0359688121999538	0.0353629307033875	0.0355562368520893	0.0355951793478841	0.0349275263463014	0.034130022095253	0.0390296329524325	0.0276167343058317	0.0378593218363027	0.0357119450845868	0.0353150992874883	0.0316031922715119	0.0376605027820237	0.0300886322658759	0.0534779212424359	0.0280934913472152	0.029942957274312	0.03520827792695	0.0349109412730187	0.0352091934009989	0.0343380528181684	0.0348319425611798	0.0346556954180164	0.0344407560014504	0.0340384522950201	0.0341101316278386	0.0341646155547915	0.0344223646571473	0.0340831113591676	0.034001033860922	0.0340939036816494	0.0337143737025321	0.0335180851992905	0.0336404473401503	0.0337181269219321	0.033739887671578	0.0330370312338347	0.0332709974767018	0.0331737376244709	0.0324802317440279	0.032625741836052	0.0331062193327441	0.0328199863178524	0.0324829270604397	0.0326819705130094	0.0325627745796573	0.032409963799369	0.0323601662629015	0.0322387344951608	0.0321652473245268	0.0320543391398162	0.0320552023613728	0.0322210927580405	0.0317575857206828	0.0321698504371138	0.0321063335035584	0.0316124667351479	0.03152057102881	0.0317238444889321	0.031338738639509	0.0313941070972372
CAT	0.0293472974153754	0.0286740525558168	0.0289931639528238	0.0285444954868045	0.0281261243818495	0.0284411130095306	0.0298012576271227	0.0294590594743382	0.0283988981657684	0.0289497176006474	0.028884187582788	0.0294905815851478	0.029069268604223	0.0295180862577151	0.0295926684901635	0.0304730113981518	0.0309788507824985	0.0305734919431561	0.0309083826522075	0.030468864699436	0.0310531074696697	0.0306092628493496	0.0299545579500421	0.0297101569152353	0.0303781770421763	0.0292901341754903	0.0302712098058608	0.0300792584794063	0.0292954528881558	0.0306986731556103	0.030522438761614	0.0307503778678139	0.029935288890249	0.030824527281125	0.0311576766592613	0.0312128240396629	0.0315018182810786	0.0309121825647699	0.0316444149025237	0.0318069099657127	0.03142046277656	0.0318338469784021	0.0322326522483839	0.0328657855882168	0.0332981970495898	0.0312201888739241	0.0340586132464662	0.0265751226121416	0.0357610989189573	0.0340497177276485	0.0400927754801975	0.0293668284970496	0.0302813724519616	0.0321163931592198	0.03102591411914	0.0164359675057891	0.0275825843496056	0.031769998558919	0.0306567242352679	0.0301885818129997	0.0306254595275237	0.030655402854001	0.0312820403769421	0.0312718290752383	0.0308152953169641	0.0304109586590549	0.0311223114148906	0.0315464524863221	0.0299990613674548	0.0319700390836608	0.0320525247388972	0.0316699037630404	0.0314561039553003	0.0311294877491047	0.0307448867709846	0.0312733234075548	0.0310715885632242	0.0305353554947436	0.0307483868769499	0.0304284310966956	0.0318547916936429	0.0305979229147639	0.0299260162291817	0.0303380195706055	0.0298680884569625	0.0298910900787848	0.030151272818488	0.02925610759629	0.0293049857800403	0.0293767588098613	0.0294801585530397	0.0298541736583155	0.0295773581947843	0.0297545296156074	0.0306031816990122	0.0294702379519192	0.0294864967473294	0.0298201009106923	0.0299596234076873	0.0304796243979777	0.0296287940999922
CCA	0.02963587993992	0.0300532746182541	0.0295978513990652	0.0299829596195522	0.0304739623991709	0.028971778379848	0.0302001300185713	0.0302999100531974	0.0296559308812252	0.029610647247856	0.0306267160269977	0.0309863940501693	0.0305311124877283	0.0307154027981136	0.0309002849236465	0.0315357075909312	0.0312836822953833	0.0301682814813703	0.0318488484452704	0.0316202045121643	0.0310954496719309	0.0309468288088736	0.0321354847063354	0.0310157078839061	0.0315058572210346	0.031403500413656	0.031288515079293	0.0322815666358329	0.0324047401401469	0.031387313845861	0.0318918809097488	0.0326555719958073	0.0320921018975918	0.0324875976662092	0.0334475642742474	0.0322428635271757	0.0329113368719705	0.0334691060243635	0.0329962147540529	0.0328045124657958	0.0329890306724978	0.0336641243436121	0.0328847195624332	0.0328852459856396	0.0325871759170058	0.0323765691211547	0.0352964860433719	0.0218153368971888	0.0410325069027811	0.0441705885630731	0.0388931329502221	0.0431609882263173	0.0360879932333186	0.0281185638951528	0.0318431444130006	0.0200643462341908	0.0309832183376649	0.0326103977503475	0.0321038766755546	0.0317404122649598	0.0329235355380381	0.0338435497074916	0.0327835701625984	0.0327447529701147	0.0325602466828517	0.0317937596792802	0.0326308501147338	0.0320393621898786	0.0321250416717361	0.0325775100253228	0.0325591581116322	0.0319566303399099	0.0325635892169838	0.0332880966217557	0.0320135207437114	0.0318877888204706	0.0322270272440927	0.0314380211181289	0.0317514695510249	0.0316594665340426	0.0319642794339496	0.0320651531252217	0.0318249421604267	0.031926474887482	0.0314559398417411	0.0322206699909749	0.0305797848706617	0.031040766807278	0.031326938241112	0.0306157770028045	0.0313427561387314	0.0313868125169539	0.0302270523536162	0.0310755025164464	0.0319379042073366	0.0306219889641585	0.0306674006256088	0.0305262729197194	0.0307163006289638	0.0306501631120229	0.0306288897785127
CCC	0.0316334703866444	0.030876848017316	0.0313129709992694	0.0318113298021988	0.0318505213868367	0.0321176681086725	0.031924397653934	0.0322570916688699	0.0315167614622111	0.0327406793650329	0.0318301928085985	0.032053938453725	0.0324927073655875	0.032554102677295	0.0326173583066358	0.0331103406506063	0.0329696674960098	0.0321444973444485	0.0341867426214193	0.0335553207683428	0.0333755229333219	0.033521863382909	0.0332338906904342	0.033277794411482	0.0343508915733771	0.0339473844743071	0.0334192587486831	0.0362900985766926	0.0346116589409675	0.0335503926109475	0.0342829182815285	0.0342161677405256	0.0336065056418555	0.0347406871763857	0.034217890927426	0.0339378143936609	0.0341863178438251	0.0344229878529171	0.0340004900448616	0.0342577937685863	0.0347966082852942	0.0339478657074061	0.0345808669039117	0.0340112294638368	0.0340652700437043	0.0383223069874763	0.0240977620116368	0.0197367501654184	0.0359900108158824	0.0346473173249243	0.0361937939322293	0.036681342159468	0.0288371010396308	0.0308040822859032	0.0194284606026571	0.0170741927137213	0.0348790262084216	0.0353100526522167	0.0332353920302448	0.0336681434334251	0.0366185205202507	0.0345709347551527	0.0347630558643735	0.0346597004057626	0.0333312605092644	0.0340090774836553	0.0342391857912087	0.0333466943178696	0.0332175265109479	0.0331833630060633	0.0332481868462097	0.0335292260629535	0.0331184567334048	0.033196734071889	0.0341429040122326	0.0330491815239573	0.0326441590971434	0.0317360310480867	0.0327971753520217	0.0323674491521324	0.0316970104433491	0.0323136496075945	0.0330267641358471	0.0320285652891393	0.0316233068398677	0.0331690784670117	0.0313774682589434	0.031649098260173	0.0313512308727835	0.0316247929735468	0.0318116454778532	0.0322856091111209	0.030690966867486	0.0312899194499937	0.0310327316468306	0.0301079735939185	0.0312717436099613	0.0307985369265662	0.0306892700746932	0.0306530082515998	0.0299828392786396
CCG	0.0320645385265286	0.0330517339769784	0.0318382551852556	0.0324432765186915	0.0326557533807002	0.0330721486558931	0.0337338394005798	0.032974992661074	0.0333901186812159	0.0330993677322847	0.0321850840192373	0.0328145740290503	0.0326212978975005	0.0329581031227642	0.033025880404135	0.032836997346409	0.0336519718669248	0.0332155393505709	0.0334520231144799	0.0332323128100025	0.0348759145509208	0.0340928211259173	0.0338350369734588	0.0332111616533272	0.0344335429553421	0.0341888631883616	0.0342033581692003	0.0342955538195903	0.034563366513906	0.0334580489142471	0.0353248801120906	0.035090979454892	0.0338931927480025	0.0341312293314764	0.0341015854872903	0.0347036678735528	0.0339126275557097	0.0348286968974359	0.0351089703581055	0.034474843587748	0.0345151657823152	0.0336823504004798	0.033475525843312	0.0343165189940608	0.0331767744422728	0.0314290847065038	0.036271064450259	0.0258731534672085	0.0441040462005385	0.0464312260816093	0.041218202835857	0.0566654711196969	0.0435843165478631	0.0332947721706183	0.0384734759161436	0.0344563606492651	0.0322150096180615	0.0348630208376407	0.0330528268439471	0.0332009743494318	0.0340011449324467	0.0342920760024476	0.0344567470042961	0.0337677369625502	0.0325536277127389	0.0320227482799409	0.0316242787370464	0.0325610830654234	0.0315823917792189	0.0316233137764145	0.0319704509102865	0.0307728933161138	0.0312286815445689	0.0324128973346843	0.0300442663197971	0.0298108726553908	0.0298777609129597	0.0301261265037529	0.0303703999438942	0.0303267857252549	0.0298398068054271	0.0289427648710788	0.0295714371870634	0.0283700251769577	0.028583135428095	0.0290374934641627	0.0281780616665291	0.0275951792111839	0.0280884529383171	0.0271683619509949	0.0279077556460785	0.027841884525207	0.0272495499500411	0.0273802064268781	0.0273664853255732	0.0267344747559045	0.026623111765227	0.0269707459289373	0.0267583999871961	0.0267285466215042	0.0266107027919291
CCT	0.0303547558248596	0.0323232047637525	0.0309167218782155	0.0308075147393165	0.0328680480308683	0.0317249928313836	0.0318842814205041	0.0317408136379172	0.0306628843779643	0.0314537524726259	0.0322109203342452	0.0313513358648705	0.0320308315764506	0.0327120741251689	0.0312880839419358	0.0330622978425466	0.0327527815393805	0.0311291662896306	0.0325018327209528	0.0327071033564411	0.0325052501121558	0.0322953854569361	0.0332387296132153	0.0321447208802533	0.032358590478612	0.0331655306535744	0.0325822031473567	0.0336204740811549	0.0337979543114695	0.0329720471798437	0.0330245467689362	0.0342580412364239	0.0323433063530683	0.0333314242624293	0.0350989400068029	0.0321083658008294	0.0326314372907089	0.0341892153674212	0.033673558611464	0.0335841857358008	0.0338087486069615	0.0339443343107627	0.0341136630724338	0.0339231862733786	0.0325308445458313	0.0315937423731919	0.0367217008826658	0.0221314396180631	0.0436558207071657	0.0427966741568076	0.0485454256957754	0.0495970362300504	0.0394517347468295	0.0346685027330826	0.0231455192713785	0.0233359489284996	0.0324007533678722	0.0339174242208325	0.0335032110105879	0.0334756023392248	0.0351615276204141	0.0351733256682708	0.033241036887791	0.0335794141467026	0.0334383155270101	0.0349749658623786	0.0341432721850733	0.0348216648986704	0.0328709635260302	0.0330381557301907	0.0336404014916742	0.0326130281877438	0.033428633491544	0.0337170721751209	0.0329262567649843	0.032684721907365	0.0340459163976816	0.0319213450079887	0.0329286549708254	0.0338479488600496	0.0320839916291906	0.0334756712737376	0.0335183660335533	0.0325163276561758	0.0329415450118957	0.0339209257253525	0.0318125421922145	0.0325869286813648	0.0320525380459996	0.0316345990054806	0.0318894257568687	0.0327416300621625	0.0324156017019549	0.0321106110151732	0.032848479215806	0.0311088212212398	0.0309473266711159	0.0324048822775201	0.0312061364259695	0.031302525073318	0.0317258163287978
CGA	0.0326339366868624	0.033691572460149	0.0322814831488676	0.0327498102914262	0.0339856822890415	0.0340431672088742	0.0338763947412478	0.0334403300814843	0.0341002818339443	0.0341520225006594	0.035284172628698	0.0347719984143426	0.0355686298239573	0.0364991609162516	0.0360961804976576	0.0351550609117829	0.0363337585585429	0.0343476120684471	0.0360768127435527	0.0369949904084913	0.0361422352958043	0.0351455829724476	0.0366454825254902	0.0367931074766226	0.0362609714017769	0.0359095408768978	0.0358297701451764	0.0359995292643301	0.0370251712218228	0.0372309020780112	0.0366841717757576	0.0365749037725452	0.0367217777694846	0.0362624722963588	0.0378871159601027	0.0368464088040616	0.0370457254882714	0.0375382197582226	0.0378265079493716	0.0373444889850205	0.0383048378627209	0.0390293678120379	0.0380331883173782	0.0385884648858374	0.0384083016197394	0.0386743775564925	0.040594953415703	0.0437467886105026	0.0527566192776822	0.0503637466546351	0.0520063934799288	0.0650688849141221	0.0554737225304069	0.0483644336629301	0.0643345605706713	0.0299449305171529	0.0362677996968589	0.0412218143937573	0.0387200913427591	0.0386029580012637	0.0383521998284571	0.0388026116810501	0.0375021667282542	0.0370103530791811	0.0374103847393996	0.0365305015086078	0.0366574931656448	0.0370267706857895	0.0371694306744448	0.0372538743141238	0.0367416018747987	0.0369989960477486	0.0363035892559795	0.0350826090684044	0.0360367201649263	0.034829856828142	0.0355513674448311	0.0360010627362865	0.0356272907099179	0.0360399634124048	0.0359630960452083	0.034827040150526	0.0344231345108555	0.0341397970799322	0.0347069884033231	0.0346094905275458	0.0344997234889472	0.033456455555017	0.0347337216293001	0.0340934112400404	0.0345673915364602	0.0338445938530399	0.0330336491662024	0.0330646462112435	0.0327993342284163	0.0336827974665336	0.0340329235513063	0.0341616461841419	0.0335561723152669	0.0324158630484516	0.0327231006203769
CGC	0.0339168566584552	0.0347798166893001	0.0359099994084206	0.0362399300552783	0.0348586894720379	0.0358897719600749	0.0358754703523524	0.0353240904804057	0.0362203904391285	0.0361487484075319	0.0358932140613789	0.0374560661088664	0.0366754021930161	0.0362649044907825	0.0376234560950126	0.0370614941372348	0.0370348302499639	0.0376023013013584	0.0378670133285714	0.0376045567145209	0.0383316783964086	0.0379767336484395	0.0381997146495798	0.0375155740804086	0.0394237704549683	0.0381047677437347	0.0395583633872551	0.0390145491421872	0.0383883576171201	0.0379370162050136	0.0386091952681558	0.0393064602324772	0.0406796596264643	0.0393928516409299	0.0395205400078188	0.0391212286198423	0.0407276088196144	0.039916316076558	0.0404696057428807	0.0404775894911205	0.0410440360898994	0.0418126640274699	0.0408158386435078	0.0419407101670188	0.0411104162611955	0.0474383167324338	0.0277242716411868	0.0310818916532706	0.041878147299399	0.041460576693596	0.0371012836051567	0.0353641684572492	0.0363531833199425	0.0454707643231868	0.0330702933447305	0.0232869868891024	0.0397532699720857	0.040353119690491	0.0387407326684398	0.0387768493022047	0.0384264212878345	0.0384325499499267	0.0385190865843001	0.0373182215624191	0.0374497055477208	0.0383293112671555	0.0385815777522542	0.0372514645535435	0.0375782208013604	0.0374374932108162	0.0363831470331643	0.0368015871337938	0.0359717094005585	0.0364791416084076	0.0355172281305657	0.0361228015048152	0.0367736259167726	0.0364363168482297	0.0362723201330415	0.0355393245346792	0.0350964133614029	0.0359916738626809	0.034391995355169	0.0354986347214756	0.0358431403181808	0.0351999057195882	0.034894372049042	0.0344617039099296	0.0338218672314626	0.0343134709994944	0.0359446523751313	0.0357430835027772	0.0349219279971029	0.0338180226425369	0.0333808840826065	0.0339152030293478	0.0331012255276949	0.0331525364103365	0.0352774328506153	0.0325823180140729	0.0329847875769376
CGG	0.0325483729380879	0.0333150588255812	0.0323842312082993	0.0333833058705762	0.0329780966819883	0.0338328798144073	0.0332638988422989	0.0336639640549981	0.0334618381843622	0.0336606179905389	0.033982941614997	0.0343005396012236	0.0342729099972716	0.0337594688232031	0.0349433873345745	0.0348882351380966	0.0358711261336675	0.0356406523070303	0.0353981322510314	0.0356790103849491	0.0352232522443132	0.0353942654757441	0.0364514732360089	0.0356605169123273	0.035729334038501	0.0360352626046907	0.0353906001808441	0.0366495814864674	0.0356608934925933	0.0357213904695023	0.0359220349740848	0.0358055501983939	0.0359702655289558	0.0362548427101809	0.0373340486303214	0.037244976004374	0.0371647211166425	0.0367276756452157	0.0379017900145254	0.0370970270635268	0.0374309081301343	0.0376889142169968	0.0378540789661775	0.038650308610869	0.0378662901522163	0.0351753524496511	0.0299464275287489	0.0304938394642343	0.041222852128808	0.0405993627647324	0.0429697752243467	0.0405320755887999	0.0399588635159407	0.0268863442500317	0.0635702013599803	0.0414144433420705	0.0375740473155012	0.0394500744433948	0.0377603519170554	0.0379616352975653	0.0378976989284001	0.0376922148214563	0.0367980558620294	0.0353622878128495	0.0355594791714785	0.0348177459644851	0.0352537945609191	0.0360003915356886	0.0343499025826311	0.0342775285122889	0.0348024104330863	0.033607546468405	0.0343459856377296	0.0338950354235417	0.033593076559266	0.0327054302406101	0.0336329967054249	0.0333625491539335	0.033433831458963	0.0334948986952286	0.0323655262293293	0.0326351150538369	0.0330608562567563	0.0337328194021362	0.0332059783972801	0.033709434795798	0.0329411637473867	0.0317515439290868	0.0313512091249221	0.031765666337365	0.031683004279681	0.0310632872838283	0.0309534896078756	0.0302540755263565	0.0310520757067725	0.0308710665899395	0.0314768983678218	0.0307664296520298	0.0306232362150689	0.0307471770920475	0.031188703357927
CGT	0.0344329168626706	0.0359580299179253	0.0356724560791371	0.0362514149586661	0.0362850406022554	0.037535372858197	0.0368271573405821	0.0369086692133116	0.0369221674373705	0.0377811929469738	0.0388834650467046	0.0368247233143072	0.0380590425591816	0.0373399504628072	0.0372977060269615	0.0378154259134229	0.0383845684906569	0.0397127575327457	0.0390447369389901	0.0373099396335986	0.0371482381653468	0.0413535766756947	0.0391374149971089	0.0376787924817884	0.0395243790246577	0.0404079297771546	0.0403060600484863	0.0391769712558916	0.0408722267158552	0.0397264610725208	0.0379894255861885	0.0392168863579347	0.0386081932578371	0.0394619066494294	0.0390329845150511	0.0402372252101163	0.0417746199323199	0.0411592075292426	0.0395652720817152	0.0400292928182803	0.0415445184599025	0.040549695462845	0.0415055603617605	0.0425494425035416	0.0415631573320767	0.0407431043273675	0.0408157325498172	0.0392815242003767	0.05815935438015	0.0499264402783644	0.0548739166789983	0.0445680724031772	0.0470353696173582	0.0483429085701061	0.0565459929803877	0.032880742136951	0.0385315572504824	0.0416087022753333	0.0381628429280394	0.0383225209632167	0.0390398844865409	0.041178904971489	0.040520242864108	0.0393854863732733	0.0399412925410753	0.0387605967415901	0.0397192109811571	0.0388636541892798	0.0386667876842177	0.0384816532620921	0.0387770964491909	0.0384226220279857	0.037818346832133	0.0391098862666358	0.0385249268494411	0.0377064760528935	0.0400295588823444	0.0387853287544716	0.03785055819207	0.0384102843416616	0.0385091488813837	0.0366209105754178	0.0388996759093306	0.0361648622229796	0.0360144780771748	0.0377048203306669	0.0365162256687679	0.0368865810701192	0.0379948316754172	0.0372079997753037	0.0352878009104909	0.0368885780734475	0.0364929920192661	0.0361097733215564	0.0372830975570892	0.0368115350439743	0.0356205082740861	0.0362407711910775	0.0365069706340664	0.0350945186300472	0.037255085597911
CTA	0.0305434076106667	0.0321026171966317	0.0308403672547948	0.0319249734820189	0.0317622606286056	0.0328569169964668	0.031331819174081	0.032194630154256	0.0320813153362597	0.0317813388622512	0.0318014256855187	0.0326125490632551	0.032109577876049	0.0320381262463543	0.0317118404015979	0.0323666232734902	0.0327288067127073	0.0325999670313705	0.032447588746593	0.0325672855723327	0.0335034492534505	0.0329947671011381	0.0330474531055936	0.0323478922291752	0.0338574609380778	0.0330069829030988	0.0329750439455469	0.0335579283361465	0.0335706186143337	0.0339863507165396	0.0326500432686519	0.0329106149515164	0.0334146583932456	0.0341817291855007	0.0330339982374608	0.0338965816955317	0.0346265575615107	0.0349943359106604	0.0349489689205071	0.0337819096555535	0.0338368209427567	0.034157401564128	0.0355818967902337	0.034752144138688	0.0348313151251154	0.0356231161365388	0.0372296062580277	0.0293099782006993	0.0393315718553554	0.0415092462809311	0.0384076107759954	0.0475569173345871	0.0367567176046108	0.0319971082417302	0.0376537017792729	0.0213398104859111	0.0331609629649191	0.0357284201406188	0.0329909529767752	0.0338892773736336	0.0338638384910693	0.0339668808839541	0.0351914782773955	0.0345361079005843	0.0346281576960702	0.0330113586926891	0.0323998615898088	0.0333927048050636	0.0326874863567115	0.0329735452608368	0.033476456419702	0.0341787687630951	0.0328979210358217	0.0330485855075751	0.0337641580684606	0.0335254891334389	0.0334930529409517	0.0329681462263189	0.032075535123748	0.0326314570281067	0.0316670687930812	0.0316216651442553	0.0317147668772427	0.0314838159763854	0.0317539601600321	0.0325246947176083	0.0324898020507068	0.032188250326823	0.0317100332336344	0.0319587425835528	0.0321076867634772	0.0323634756642663	0.0313824552944374	0.0315624280802308	0.0320197640853457	0.0307297444079824	0.0308609858248792	0.0314478565198924	0.0313912819818421	0.032015509315822	0.0310027442634081
CTC	0.0320862450218122	0.0329397400754129	0.0325636520567467	0.0324799149171222	0.0329807632912206	0.032766880745193	0.0325673538365254	0.0325675457139783	0.032737523455825	0.0334898857325108	0.0330109787402105	0.0330745474970893	0.0330901928474219	0.033240992996012	0.0336602446402734	0.0337206485153429	0.0344781376044568	0.0336278122280485	0.0345474683829595	0.0339843131323755	0.0341773327741534	0.0339144879449528	0.0341081498542158	0.0340640237761335	0.0349090303608693	0.0344069079486631	0.0340834201593306	0.0349611053508471	0.0352050899523961	0.0342286092014237	0.0350912242843406	0.0353720163499747	0.035021208561448	0.0349677868455231	0.0348119195080512	0.035801552488423	0.035751613396473	0.0361287142688364	0.0367452820581881	0.0361050489835646	0.036905619747154	0.0367190951747871	0.0380581408520944	0.0369387918533663	0.0355456636208141	0.0402110731171462	0.0347265371581225	0.0331008730016274	0.0385014548956537	0.0400342901559797	0.036196140899679	0.0360027411629894	0.0352823330186621	0.0362440220452025	0.0228441497717491	0.017108170620715	0.034158373236061	0.0359248433231507	0.0350247774103509	0.0346234303241925	0.0347370935551809	0.034167594782151	0.0343755856925282	0.0357660616632286	0.0341974806003598	0.0344142418417612	0.0348005213505816	0.0345114553060327	0.0341711146913641	0.0351749612211286	0.0339115877601624	0.0338259981779032	0.033426178674573	0.0334512506689375	0.0335313411170628	0.0327204661174953	0.0330477610375263	0.0331290563343224	0.033426601906668	0.0329132770173226	0.0323598037987491	0.032505387898197	0.0325983693559503	0.0322146447577445	0.0322312522587763	0.0314688046576751	0.0327237007647375	0.0319634522903618	0.0317161461044309	0.0315914283376561	0.0322699897393874	0.0318550130447357	0.031775986992605	0.0311546745886521	0.0313141452303101	0.0318720275647663	0.0315841696363302	0.0310314269320586	0.0305180797809142	0.0314645871033225	0.0314537373965312
CTG	0.0333167962335653	0.0333901956691078	0.033324162809308	0.0333833756655468	0.0335309085439036	0.0332114757084363	0.0336931311088833	0.0336411481253253	0.0338814056008882	0.0335338276333512	0.0345132966672698	0.0340383214023117	0.0338954745106325	0.0346178243194118	0.0345661560071577	0.0344540104709389	0.034142382490051	0.0350291553699484	0.0354083719014916	0.034549988569562	0.0344104867017432	0.0349190178528007	0.0346024501712387	0.0350071284971821	0.0356054527746445	0.0352815094312585	0.0355200867746943	0.0361205633900603	0.0365814036673846	0.035680883760348	0.0358639197740714	0.03534621057797	0.0351560736852919	0.0354873785063502	0.0362243269681899	0.0361469592245841	0.0369551803397867	0.0366467968004642	0.0374143289340472	0.0368751231693135	0.036517276114365	0.0366172119550836	0.0370268796493572	0.0373506265763422	0.0367149509207601	0.0359225495174293	0.0438637006506402	0.0336826370340744	0.0408606857028315	0.0415583730773617	0.0390250506681574	0.037667753552997	0.0402056436540559	0.0298150459687789	0.0424866945364179	0.0393204444967738	0.0354672638957773	0.0382616960869649	0.0365708681200562	0.0358687250512276	0.0365545505222049	0.0361557478627397	0.0356677050238117	0.0353767793627891	0.0351005925224094	0.034964422017862	0.0347915400014176	0.0349727738882525	0.0345453297632564	0.0349873457457209	0.034154871142812	0.0348274902253917	0.034223525993453	0.0338521943679246	0.0338329795405179	0.0343140683484704	0.0335110066037001	0.0338607628216534	0.0337643901801665	0.0332686121946603	0.0329941935748452	0.0329647379722431	0.0328500549093781	0.0329029447658013	0.0325770059373398	0.032145762741334	0.0326679478668809	0.0325470670673703	0.0325437533579464	0.0321283556423457	0.0321998473875817	0.031771042261678	0.0322387519999507	0.0323259524643601	0.0321125235125127	0.0313679235425559	0.0311399508955697	0.0316466611431023	0.0314818313436226	0.0310177132582855	0.0315717819757871
CTT	0.030617282145829	0.0302341215347974	0.0297587311664143	0.0306311623354362	0.0308593696301508	0.030282851353666	0.030609446723734	0.0311280786934378	0.0316536492925416	0.0308861711845985	0.0317675837707534	0.0311487417180408	0.0310477528565132	0.0308687868802124	0.0314529731549959	0.0309256951424127	0.031843478397256	0.0315663727624207	0.0315555016958317	0.0318553556604962	0.0317978727973713	0.031610486456257	0.0323002002728291	0.0315006947221253	0.0322941576831366	0.0319292711081762	0.033151290214724	0.0325161609522561	0.0319492883264553	0.0318953569952083	0.032953304354439	0.0322576514541883	0.0320335872387071	0.0330972513421016	0.0323388572974453	0.0330015928012621	0.033569471936773	0.0332257522208398	0.0335998636455605	0.0342531592814656	0.0340776866549079	0.0336531241265469	0.0338309964952062	0.0337446993787424	0.0336210216732027	0.0333006067226151	0.0349110529586035	0.0264917051072218	0.0377456256351973	0.0400585163701862	0.0416064168789588	0.0332411838835065	0.0327998823473066	0.0327719461650607	0.0243913874527422	0.024129640941807	0.0321336649290397	0.0328341476175261	0.0330697727118828	0.0333326838400931	0.0329094347835659	0.0327844619192943	0.0330212017825554	0.0331275745700814	0.03348823752622	0.0326031809118651	0.0327640885969015	0.0324343875325154	0.0327995372659916	0.0327116642562929	0.0321327481987401	0.0326153080407485	0.0322685791491188	0.0324974913015549	0.0315699254935608	0.0321955824350716	0.0314115598578513	0.0313911872253788	0.031961681708514	0.0316935376279396	0.0314062914755729	0.0324100352027064	0.0310200177970654	0.0314603251340934	0.0320925187834535	0.0314213425545561	0.0310899019066726	0.0312756745245047	0.031533851252571	0.0306931384320555	0.0305559338452854	0.0301461159279581	0.0304521440467597	0.0311816347341895	0.0310912606253047	0.0307591346963726	0.0317419753568055	0.0307960706164399	0.0305114834688718	0.0306643187349095	0.0309073267341523
GAA	0.0307342484520854	0.0307805311199716	0.0309256946889505	0.0310402187996617	0.0308976071532359	0.0308558855151519	0.0314191315379235	0.0307175865003122	0.0312062991517026	0.0315796962752591	0.0312364091253651	0.0313848939976325	0.0327516397462857	0.0318170353190801	0.0323005316725085	0.0318314934622981	0.0319575258356996	0.0318603566734235	0.0318549478653775	0.0320575339798025	0.0318880101668241	0.0327262579615354	0.0323251095588968	0.0324778082807749	0.032745172500244	0.0329417321439195	0.0326758871150528	0.0330941341755863	0.0325699780680596	0.0336797395572126	0.0331504425644324	0.0333080125797865	0.033949784914982	0.0339105081364136	0.0334666109145527	0.0331317650338485	0.033458750878239	0.0334701605039711	0.0329114330952341	0.0349032338959624	0.0337744388787857	0.0342158543417005	0.0344360978874075	0.0340490279971453	0.033150342662803	0.0344539559628311	0.0253074850426358	0.0345470681502109	0.0296938292106513	0.0311412183192568	0.0282174887762002	0.0345657768490454	0.0331617208216492	0.0315513375976907	0.0355553761611755	0.0353940053975647	0.0370755895035243	0.0337127958672491	0.0344292479874289	0.0339263238897052	0.0339079784730048	0.0332876607079612	0.0336096766751993	0.0338055434518203	0.0335067751484637	0.0334153930875634	0.033490536582241	0.0336801224009619	0.0336805657343974	0.0330973466461674	0.0333944588987024	0.03297800686722	0.0335142614480449	0.0330270067670899	0.0331814094095353	0.0334653163525518	0.0329046339101304	0.0331538442777285	0.0337037668192035	0.0332526426890471	0.0334096076598688	0.0330395589037515	0.0326461403702833	0.0326583404075092	0.0329088686753418	0.0327212351721128	0.0326449939810141	0.0325619613838045	0.0338482075901299	0.0325212606985855	0.033486115911279	0.0324547314561748	0.0318428753238936	0.0322408427696198	0.0320920288712829	0.0321656770551416	0.0321997706483804	0.0320624915594529	0.0316396801282778	0.0315427076892204	0.0311386618881615
GAC	0.0348084867917997	0.0341055186939278	0.0343108287077893	0.0340598481059201	0.0343951565711297	0.0350406654959202	0.0347508377843687	0.0347997650887659	0.0348223944722631	0.0353875726906984	0.0354643899024232	0.0355340513963927	0.0355935025605482	0.0356085767655057	0.0357384044565141	0.0355734045664979	0.0359262420161373	0.0365812173940891	0.0364790477803037	0.0357674857739503	0.0357108443534988	0.0365505288773865	0.0363660332928561	0.0372020817174537	0.0361725751996384	0.036835827119594	0.0373141708995693	0.0372522901371961	0.0365085960676947	0.0368733663350893	0.0376639088982825	0.0374294255509873	0.0371199904030854	0.0373963422015079	0.0381015410297799	0.0378492193239033	0.0381278501084077	0.0378056161551958	0.037480614590459	0.0377719231353233	0.0379675307573689	0.0382718035330267	0.0377946529420724	0.0376294748263271	0.0387924743392081	0.0411217548261246	0.028782465205475	0.0551816681904753	0.0476238970230832	0.0441985052131817	0.0434864215888679	0.0532991455632327	0.0448501965293933	0.05840998017554	0.0364853332555081	0.0399878927121274	0.044733517017284	0.037473710839425	0.0382913278597212	0.0386423666195969	0.0380104616118331	0.0377201136660827	0.0379247076882009	0.0384808854537058	0.0373606021853594	0.0372591460595844	0.0374580058650834	0.0371505653638374	0.0374930919547981	0.0370903161105936	0.0368823673499564	0.036637837260822	0.0366969229042421	0.0363749567949393	0.0363123463947711	0.0368628224452149	0.0361502574069313	0.0361233620484797	0.0361103675078894	0.0358209443199269	0.0363441741224887	0.0356209610051938	0.0353116144878629	0.0356627865289338	0.0354805408210647	0.034941895404585	0.035109488357316	0.0354882462644372	0.0355243039547572	0.0349125106065206	0.0356026200045096	0.0349888977715909	0.0349488171482054	0.0359890906080722	0.0350763039664798	0.0342325981278626	0.0344041533797092	0.0348604124775733	0.0340460702553272	0.0344457449757406	0.0344706713005421
GAG	0.0331424463186793	0.0329613205397131	0.032586923945359	0.0332458179597479	0.0329587563481391	0.0327668674155509	0.0332857322873314	0.0330511702322854	0.0331125159583217	0.0340832551659221	0.0334599829098555	0.0335845298284992	0.0340081213166925	0.0337555132235324	0.0338349482713987	0.0339260050393138	0.0345362161960212	0.0342049971996519	0.0342069560827467	0.0344529200981095	0.0345780273220246	0.0350983931765329	0.0355036317107929	0.0350655683685593	0.0352273832799445	0.0351637441583477	0.0354485104091012	0.0353206290670035	0.035132910978924	0.0357125047557306	0.0355073485905137	0.0358053696637836	0.0361037221566893	0.0357931150297176	0.0353439731777637	0.0355478276423672	0.0359247645934939	0.0359799671482226	0.0356906230782971	0.0365646119239432	0.0364688340463103	0.036733605957969	0.0367470041243971	0.036247918100879	0.0361565344834027	0.0350283491278445	0.0361868265890763	0.0413960961727726	0.0345914799316372	0.034126211570974	0.0342726911361694	0.0373172866420487	0.0405309607161676	0.0386270291713686	0.0474087131087024	0.0564575150319837	0.0404742518688717	0.0366677128538495	0.0374848894194194	0.0376044360685265	0.0365395136262024	0.0366859913561041	0.0361078997429036	0.0354776777450554	0.0356186376477009	0.0355599466700778	0.0357588844638413	0.0357961693288379	0.0360014496785473	0.0351983909507615	0.0353102172024356	0.0347393543088974	0.0352281966472519	0.0349017179812947	0.0347052207379476	0.0349190249208573	0.0347487880980171	0.0348161856245355	0.035426092154776	0.0346730570556476	0.0341832685170071	0.0341322658415036	0.0343611145796867	0.0344083504836134	0.0340107216234768	0.0340549720054997	0.0339011455973863	0.0338795091350127	0.0341327650177153	0.033857650192593	0.0335085803271568	0.0329740623213673	0.0329589670361219	0.0326471178066408	0.0327586719201198	0.0330195280609152	0.0330370702747793	0.0328745131745034	0.0321776587533573	0.0326375954215031	0.0323227166438367
GAT	0.0331338408967314	0.0328970855413541	0.0336528772060119	0.0334135893347305	0.033977730987137	0.0341092182973898	0.0335594962943176	0.0337450893446042	0.0340437986315061	0.0344224313945895	0.0342959422443027	0.0342293438405407	0.0349684669421183	0.0347390486953608	0.035416034025533	0.0351674161424008	0.0347665131116925	0.034684378624419	0.0343036273065804	0.0355828293411876	0.035269371034857	0.0358567895896356	0.0356332272974779	0.0363435585869598	0.035926824627664	0.0357643651488833	0.0354543357745662	0.0360044001385513	0.0359484982140343	0.0359789389102104	0.0376678534792176	0.0362230842720463	0.0360785300227464	0.0369393621712199	0.0366758489779736	0.0386817810364461	0.0367643611118613	0.0372263443415634	0.0363699380733243	0.0365671429859923	0.0369695980284962	0.0366977144213273	0.0380324692198927	0.0365084607761471	0.0376723238982367	0.034535415441643	0.0354173722531453	0.0498644855566288	0.0416750873441043	0.0404547254064978	0.0440722111202223	0.0442545636318997	0.0393014830601324	0.0434077777103838	0.0348627115306022	0.0408193053380215	0.0398139120907832	0.0368306279215786	0.0370732770985583	0.0376329980260492	0.0366396534226044	0.0370478241806191	0.0367773941577281	0.0363491919867485	0.0369506762354565	0.0372342648310898	0.0375872856967115	0.036435598707827	0.0359367592405442	0.0362203176911719	0.0363449076105492	0.035952314178517	0.0364229131929759	0.0367014904464601	0.0360462484578386	0.0364917065954475	0.0365056579870671	0.0363704444579164	0.0364674837714134	0.0371657842668613	0.0355545315217164	0.0372126369348476	0.0362276092154478	0.0358628934228612	0.0353895957987136	0.0353036885256382	0.0352575110279729	0.0348481176590906	0.034876752946547	0.0346798575123404	0.0349830908535831	0.0352864307700188	0.0349215872820878	0.0361349570615246	0.0353509024856746	0.035990478956856	0.0350870656189214	0.0343586248190354	0.0346209803579685	0.0341848223253355	0.034015117085794
GCA	0.0315680952936149	0.0321345441962351	0.0322533288067019	0.031572471309552	0.0317399209656398	0.0327679555188914	0.0327419524115067	0.0324979334497497	0.0330959540383144	0.0328889860668425	0.0324616687776505	0.0330551906429671	0.0328756449480653	0.0333498036154301	0.0328155923324209	0.032884937048477	0.0329178954807734	0.0328931800233231	0.0332900399932708	0.0329854400335494	0.0332362212474971	0.0340855086338475	0.0342663323524663	0.034523749328712	0.0341519183387167	0.0340306140521356	0.0342276342522486	0.034895926917012	0.0350527860036287	0.0345102434352225	0.0350312495017742	0.0342298556761321	0.034056858575154	0.0360539062698606	0.0348389621280575	0.0345835903282723	0.035291986825803	0.035125462578808	0.034902285218148	0.0353925712499583	0.0350525366343583	0.0354815643004981	0.0351506455659981	0.0357263050400493	0.0354943500345731	0.0348128843786168	0.0309854695922833	0.0471584694458752	0.0349212081441536	0.0354034277502865	0.0313857493184981	0.0358202877552491	0.0369431605469866	0.0341566965793413	0.0243530042141935	0.0298570346299262	0.040159288252086	0.034298698502919	0.0350197895023813	0.0342231077008636	0.0345419944174253	0.0346241131363629	0.0348263327718907	0.0349936587976859	0.0346891477056823	0.0343095128401236	0.0346577045219001	0.0345716120658347	0.0340768953956611	0.0339772055123435	0.0339625276923376	0.0342823519993936	0.0341863726729212	0.0335115872165947	0.0336278411394659	0.0340778293423741	0.0335139617585077	0.0331198765108605	0.0333307375825908	0.0336557806236285	0.0336844929493296	0.0332546743310217	0.0336813181590218	0.0328615320702888	0.0339585143184123	0.0337217272617236	0.0330876692601828	0.0323705761309467	0.0326351525144479	0.0329777429531112	0.0332768193443046	0.0327362996475072	0.0325096278833694	0.0329789272947797	0.0322443869694014	0.0327346360786966	0.0321527728859789	0.0324935649023859	0.0321916813967779	0.0323298020685572	0.0320198723100633
GCC	0.0336977228397646	0.0343332901417561	0.0337613053259366	0.0344547422429012	0.0342588073042081	0.034262359528062	0.034824291279863	0.0345669630797304	0.0341994493910146	0.0347668929943643	0.0343671862562579	0.0348518920844773	0.0353960496591075	0.0349495240583886	0.0350051880060643	0.0350651427805602	0.0352317858007856	0.0356701260210973	0.0348082268652449	0.0352561987303259	0.0356026606114102	0.0364678472391654	0.0358485827909047	0.0358263822220162	0.0362728253660828	0.0365556466067555	0.0363698526092054	0.0360319118310701	0.0369608094736446	0.0370500103422201	0.0367170679997932	0.0365491272557117	0.0367059182340998	0.0377129914356971	0.0380593593351961	0.037459502385462	0.0374796596121746	0.0369232950594929	0.0378864924366314	0.0382120004765384	0.0371807436169651	0.0374226632081015	0.0371191530617709	0.0367899468447177	0.0375050243370725	0.0409824472604823	0.0270194966384489	0.0393478378069989	0.03709026529926	0.0363647355451787	0.0305489086198292	0.029915036970401	0.0321990155806055	0.0421995640429714	0.0169562560331858	0.0295319154667244	0.0437724327688681	0.036979180340304	0.037288542468884	0.0381296484278461	0.0369719884248534	0.0365186598770352	0.0364700608814564	0.0367321483358905	0.0370135105934593	0.0365587494172649	0.036199339635431	0.0361183111412424	0.0360689229698427	0.0354165811488111	0.0359475654534076	0.0362939744027124	0.0350149742073825	0.0347363940442101	0.0344859792006643	0.0345812256869482	0.0345260219785602	0.0346977387752641	0.0346296384332921	0.0340557434786801	0.0336052523242244	0.0341849352386807	0.033477829067642	0.0337218900271783	0.0338434685116329	0.0334601281708065	0.0335189184561885	0.033631893926381	0.0324141311180424	0.0333576376626341	0.0331624767874524	0.0328054693135235	0.0326602580354478	0.0329229703515494	0.0326755105218514	0.0327679130198237	0.0331287591003683	0.0324474102534356	0.0324780049991299	0.0325210745876691	0.0317421579458153
GCG	0.0365181139814085	0.0364791564119941	0.0370755616018885	0.0364185937166287	0.0366097478822748	0.0365215940077784	0.0373845460955826	0.0374209479342653	0.0375000179743881	0.0366473505865885	0.0363295595080197	0.036817281834525	0.0371982992484324	0.0371385746158444	0.0363197660274495	0.0376503068444933	0.0376265112284262	0.0367988369984272	0.0367693128339749	0.03681244320862	0.0372475273231255	0.0382128184813085	0.0382284551348328	0.0384615224812293	0.0377009817818422	0.0378512971456657	0.0380904035960729	0.0374734769521972	0.0384433931049179	0.0375353790141039	0.0386596084494715	0.0393052420605693	0.0393722818585925	0.039283075107765	0.0395504132964366	0.040182487157945	0.039089807372421	0.0408755058796968	0.0400772079544446	0.0383871922945358	0.0384619151926634	0.0378111238231689	0.0377517370287258	0.0396519888955891	0.0372212088365666	0.0349893277356678	0.0320114701221417	0.0451793604535705	0.035961947473535	0.0375604030552856	0.0344432233204244	0.0475798727929558	0.0422206086482241	0.0336977443275489	0.0259037972706553	0.0581303279462467	0.0413259973780619	0.0379366437540721	0.0389276246871572	0.0366041702201966	0.0362282143307671	0.0358412142917017	0.03502163847771	0.0344671498645188	0.0339233371754764	0.0332834874692537	0.0341279883552884	0.0342837428501826	0.0339626653661055	0.0334264515047005	0.0325977441044657	0.0314099570827368	0.0321058357926522	0.0319916418998774	0.0312048787832492	0.0308032112283359	0.0311212765386001	0.030812996061745	0.0302141720960051	0.0299312858322319	0.0301300338078608	0.0295165132675636	0.0287022408527293	0.0293855063365438	0.0286203253253684	0.029280362678062	0.0298937160151989	0.0282323715559338	0.0292844006577568	0.0289611497852241	0.0274315176341601	0.0274663835360695	0.0272891297285033	0.0287171390239203	0.0272452851400943	0.0266079878702743	0.0265775903967834	0.0270519846691054	0.0260340876192923	0.0273494364669731	0.0260857910111294
GCT	0.0334058869532954	0.0339311228933296	0.0333693428368618	0.0343713359062397	0.0344953869722686	0.0342158899183376	0.0353840885180165	0.0347027204838445	0.0341433360475759	0.0353201743767393	0.0357685223078653	0.0346162774447407	0.0350452350198022	0.0358206316084972	0.0364764641726101	0.0352274627099719	0.035896298385391	0.0351891338566729	0.0352977922215732	0.0362027764735276	0.0364073509202615	0.0363291326930116	0.0367028052009855	0.035399279757326	0.0360593134778887	0.0359767618144009	0.0364844147280181	0.0354463363461591	0.0358262278165179	0.0364199571484037	0.0365106770584068	0.038086845077866	0.0374486189924495	0.0379391361822408	0.0379296102592096	0.0365610505114309	0.0374763291383955	0.0386680902203967	0.0374200107357506	0.0366610087490914	0.0378418768712262	0.0370344290343516	0.0370310341068314	0.0374479996272542	0.0364299781197235	0.0343910986497258	0.0364451745199308	0.0500482541059599	0.0422734174024856	0.039863859888611	0.0413218106051912	0.037528139009704	0.0408017410736994	0.0450383666323975	0.0220011468895166	0.0456820529165075	0.0409799851803464	0.0362531574830008	0.0363700954331306	0.0373083521583415	0.0371511523676473	0.0365529936109055	0.0363733941280257	0.0365900865238527	0.0371293065643101	0.0362052993853334	0.0363899071740751	0.0365903621522911	0.0359744324570437	0.0366768129774918	0.0363870805330617	0.0353996025800764	0.0358949538099531	0.0357583556741856	0.0351284310287503	0.0350268077639567	0.0349462738616413	0.0358436715605461	0.0353596686181843	0.035211271781446	0.0348003283681151	0.0354482227307949	0.0351405041450701	0.0344364211212886	0.034835260411995	0.0346887880394018	0.0345172738302475	0.0344892764873941	0.0343902741847782	0.0349325501958147	0.0341931585273535	0.034038992493355	0.0343124258999113	0.0337818663448847	0.0339314415627334	0.0338120353171517	0.0338817967901399	0.0338329985710677	0.0329188687674851	0.0330684674191737	0.0333788095952363
GGA	0.0338791475837367	0.0338784485196636	0.0344423144956991	0.0335807446837347	0.0333359318513779	0.0347307714349895	0.0339821806742372	0.0337379311613215	0.0366070456146477	0.0352830396470489	0.0339471345630288	0.0359772843667567	0.0347030210509345	0.0338542721937492	0.0358455018371018	0.0347478762422899	0.0352848276835264	0.0362275215216576	0.0353744678652715	0.0348624512648253	0.0361967088863242	0.0351983823720064	0.036558137694555	0.0368069549527126	0.0363869707062191	0.0364305309585195	0.0384676240508502	0.0361141695618069	0.035459157782222	0.0370784897130348	0.0363650516059197	0.0360846848022441	0.0377522841261414	0.0360274278045621	0.0360237952468799	0.0381210271794511	0.0361093214942575	0.0358608289895782	0.0385457397776646	0.0369236974958306	0.0371464953343615	0.0393591238769005	0.0363710184311125	0.0362001263737273	0.0381760869507289	0.0367188346825096	0.0218363715543944	0.0401418329225559	0.0350133525111171	0.0344097953379647	0.0405926646525169	0.0357899648058491	0.0367592327578064	0.0412715203545746	0.041476840853493	0.0402176524510855	0.0425722036668157	0.0350234436536634	0.0367220458660604	0.0384692454156854	0.0364223993849599	0.0365583502861556	0.0375286089405579	0.0375882126511852	0.0367336725749132	0.0375168372040735	0.035507568728088	0.036482481631874	0.0378102708605641	0.0357172915032538	0.0349404019231792	0.0374459857116509	0.0356974735601092	0.0360537811616157	0.0371963388660279	0.0361751525583908	0.0354150598045406	0.0367652751739864	0.0356895318694021	0.0353518435957683	0.0365531845048374	0.0347755765942284	0.035420854902843	0.0365468393521651	0.034995129335289	0.0344865421434969	0.0361493234515783	0.0349376127719573	0.0355292874529131	0.0362352386976786	0.0340106560474172	0.0341000374834626	0.0354884341862446	0.0338718979857517	0.0337326736089609	0.0350329940677901	0.0335145138746678	0.0331796173968236	0.0345337120631016	0.0338960591954383	0.0337943581191712
GGC	0.0357244154502343	0.0353900480844893	0.0361323664622965	0.0368546172964474	0.0360344061859036	0.0380684251447016	0.036409198689103	0.0371736664031564	0.0360856803153782	0.0356863186761389	0.0360883441827076	0.0370525947767469	0.0364695984423469	0.0370063646299157	0.0375381178312114	0.0371075083798165	0.0368047570533309	0.037588108151967	0.0371159044448725	0.0373381326610043	0.0375504398678726	0.0378152560766506	0.0375279284727433	0.0379527663623532	0.0380264165999819	0.0376770865420011	0.0388859413838286	0.0379428361660368	0.0380245114436341	0.0401128979315997	0.0386976411498726	0.0388296865780559	0.039975506101969	0.0387948727711076	0.0387988081019484	0.039719187401641	0.0390827379190946	0.0389857014151154	0.0400934869042667	0.0397195939497882	0.0395234491956137	0.0406862585030123	0.0383192771313367	0.0389286527883461	0.0397006088840698	0.0418954631135251	0.0188021305724477	0.0405455972004509	0.0403328927137605	0.0346133810481409	0.0393077416772022	0.0359689461827522	0.0339409316519185	0.0556173388745816	0.0269713188694162	0.037278753830084	0.0466957949639768	0.0383544188221438	0.0391572903551338	0.0404625528848027	0.0401057421780682	0.0391149895107668	0.0391533266404982	0.0384422188791097	0.038975678067616	0.0398516250614719	0.0379990319047134	0.0372283382956349	0.0390249039644484	0.0369354566227782	0.0374927402560824	0.0377110005411414	0.0369968489612606	0.0373509285805421	0.0374268237944281	0.0361315172592667	0.0359332589290571	0.0371397412235635	0.0370108046169238	0.0361962524606455	0.0361260087061639	0.0362687105256289	0.0356114709623717	0.0359236055024025	0.0357947857234354	0.0350928435243844	0.036160953287524	0.0352005496706812	0.0343348511621466	0.0355424286277157	0.0344901466143812	0.0350672294494422	0.0343571423110729	0.0344265613182222	0.0338485676301838	0.0351144492994887	0.03420236049791	0.0338563596903089	0.0337071780037449	0.0334576765283853	0.0343558405216559
GGG	0.0331245410467043	0.0327501983197045	0.0334268894227903	0.032614750689648	0.0331869068841073	0.0338652836571758	0.0337822490805078	0.0330890479682312	0.0337662996897977	0.0336322616335989	0.0331657413796411	0.0338402808642386	0.0336836491623742	0.0340893138023721	0.0346125379681827	0.0345842859842099	0.0342258933760891	0.0346193505454114	0.0346673503018874	0.0346535031669623	0.0346419222546334	0.0344568812656343	0.033754270129992	0.0354655677126488	0.0350050784346439	0.0348559939206556	0.0357689783993595	0.0354360172417787	0.0342880642274455	0.0366191174583386	0.0350142662752133	0.0348945410091333	0.0364165736755191	0.0348139567892787	0.0354464932000117	0.0361783580410812	0.0355105634923572	0.0361643780600286	0.0363506761821069	0.0355017212913427	0.035507985777827	0.0365695393619574	0.0357666133358077	0.0366238311150332	0.0370506726666731	0.0333553942760976	0.0185914814444157	0.0366324465020893	0.0315382264590869	0.0290470350845028	0.035331721249527	0.0349261698582201	0.0324859167047495	0.0292888775445248	0.0468373927576137	0.0596258189822384	0.0404854138706223	0.0352089516001855	0.0376622382075171	0.0374898577084176	0.0366064197785014	0.0373127608069603	0.0381173097590119	0.0360619128018313	0.0356856315562345	0.0364635952418087	0.0351908568305615	0.0349505054509023	0.0349849181523794	0.0344655392089905	0.0355229118964176	0.0346912410006684	0.0339911218434197	0.0347472037524572	0.034107721380183	0.0336845960316713	0.0339835043853938	0.0336380204802923	0.0344819271631262	0.0330288715764231	0.0328292145540119	0.0330792759821097	0.0327032417422794	0.0331521091904138	0.0322746909536031	0.0325362200616582	0.0326105832380935	0.0324995069169807	0.0326500834386219	0.0329894377344256	0.0312799775106088	0.0322034388234987	0.0324630614152449	0.0314605085848691	0.0318633418980391	0.0314975210250044	0.0317113961603377	0.0318976988997857	0.0314567668412593	0.0307061921967408	0.0317496872138837
GGT	0.0356614887595301	0.0352393109858527	0.0389054723934285	0.0364568666536295	0.037316752711436	0.0386140454474571	0.0362760970229895	0.0364631820069566	0.0387788207420962	0.0365966225618919	0.0364910741070634	0.0386578978170728	0.0374177729201335	0.0367503144570602	0.0394917508752953	0.0377582088703047	0.0372661531942947	0.0394703639787013	0.0384643216371957	0.0373066076596005	0.0414533733428673	0.0387728827805877	0.0381535979591637	0.0411250570723262	0.0380469297396899	0.0386166108900535	0.0419452766927595	0.0384177168289141	0.0376968088655245	0.0414494917023979	0.0400881043689684	0.0389611724159676	0.0425120422018482	0.0394296241129033	0.039200301547104	0.0419125903563667	0.0396115012114579	0.0378308783791731	0.0417951231123977	0.0390833391242061	0.0400359839424116	0.042576083140403	0.0386077061968946	0.0399578690268198	0.0434782046828284	0.0364246114571204	0.0267741707441254	0.0423108841344738	0.0366694642846728	0.0329650384410646	0.0463907006437156	0.0377069037988694	0.0333886063772201	0.0410437600380642	0.0305585088861206	0.038110490425186	0.0462971045983728	0.0355762635402913	0.0390792714425516	0.0429651620457175	0.039015306435154	0.0401381442075814	0.0430423831786981	0.0395225037201125	0.039536988889971	0.0421879320158068	0.0386248469169164	0.038381478816276	0.0414520813795653	0.0388592703173697	0.0389921103566988	0.0413408000974516	0.0386108166940479	0.0390786534354227	0.040215450819844	0.0377578172844714	0.0381783517325511	0.0407805102702835	0.0376802867574104	0.0367017404393438	0.0405434596584372	0.0380758676911826	0.0378550044535662	0.0397382317697508	0.0372152412538361	0.0372200933547207	0.0394233132422052	0.0377548229276176	0.0373394418107369	0.0432171303940499	0.0361688927562552	0.0358277724911261	0.0392340225061012	0.0364085100942174	0.0367496843312327	0.0388503673390221	0.0369740643104976	0.0369306159368953	0.0393849103911741	0.0367677673709629	0.0365974758724199
GTA	0.0313258414899992	0.0315660427863784	0.0323376656584323	0.0329611209351393	0.0318896195179957	0.0319610350712124	0.0326849810671286	0.0327995003015314	0.0333285215864433	0.0325628267840427	0.0328328372806978	0.0337792550922625	0.0335272065989477	0.0325606881653787	0.0332248818086632	0.0332029557416352	0.0337718866578617	0.0345030342427735	0.0332650652457771	0.0335226917813048	0.0337207951874473	0.0332224583442714	0.0326959301372072	0.0336343513384518	0.0342397100913427	0.0347094215418301	0.0334981709640846	0.0339840418361239	0.0352764315942588	0.0347096638753642	0.0358115851439392	0.0349004104470129	0.0337811979067473	0.0357580430209417	0.0340898841596022	0.0352000907431841	0.034430369983992	0.0355851801178449	0.0362437648329646	0.0358845953222031	0.0361186071284521	0.0354925337997133	0.0361502946244209	0.0354318521081328	0.0365102122615853	0.0356946475997349	0.0343676466482423	0.0315872486385025	0.0320507722567181	0.0354834909544612	0.0304665279213382	0.0305228881943998	0.0357694454092998	0.0337970592762475	0.0319404073743556	0.0338862989443821	0.0381330281826301	0.0347593452759993	0.0350728196390081	0.0345080369273709	0.0338529737180406	0.033679444349278	0.0339110146215997	0.0347678854509852	0.0336854415231782	0.0343836033465297	0.0345080933314476	0.0331082749188457	0.0339497193517575	0.0344983461864955	0.0346359276432992	0.0348340995707745	0.0346080959840845	0.0334552768446205	0.034927075019795	0.0334098559527124	0.0356807245477979	0.0345722489933619	0.0338752421050823	0.0342848383151497	0.0339556119900974	0.0337248385863247	0.0338804298338134	0.0332208808174015	0.0331626006165436	0.0337574016046768	0.0329257277604836	0.0364194137462003	0.0326411436404484	0.0333944040439229	0.0330442058829916	0.0326613171444806	0.0323970484490424	0.0326665882860579	0.0331631474191241	0.0328471661866538	0.0331379287495552	0.0323854003993228	0.0337345473776252	0.0325062365029215	0.0332687374070681
GTC	0.0341518403644148	0.0345927827665787	0.0348436593379017	0.0342374011831156	0.0353629615667287	0.0346641466736668	0.0349498822169519	0.0343894321418309	0.0344859116832987	0.0348641843774406	0.0353428929890746	0.0352282109354662	0.036012007656799	0.0361579556756934	0.0358299305283274	0.0361876980923487	0.0361252462087023	0.0362664242820728	0.0354187134864135	0.0355559800639439	0.0367288155589913	0.0362302552492413	0.0362084209842695	0.0368116711175349	0.0374912647009134	0.0365667314391403	0.0366672645606608	0.0377162453127993	0.0370895524221358	0.0374889533602393	0.037432689939187	0.0373728703555616	0.0372375867886296	0.0387307413295141	0.0376859763244514	0.0380958498755775	0.0384740208178931	0.0376249943491616	0.03857806722131	0.0398754815590603	0.0391359804564872	0.0389744890818467	0.038791028185246	0.0387967031014161	0.0379026199790806	0.0422204897325922	0.0370508813076196	0.0429724459149712	0.0393039890822458	0.0365092138211565	0.031538941754935	0.0268270460289557	0.0362563474092013	0.0414205989332099	0.0205795078900287	0.031168811794312	0.0413754633533425	0.0365415493321982	0.038046166543822	0.0378107170373511	0.0387235232922426	0.0368139435499636	0.03696416777106	0.0372401790063252	0.0370191482921717	0.0361981944573663	0.0364816191981282	0.0358889458034889	0.0366153642926015	0.037315414366512	0.0368853833608431	0.0364710791600845	0.0371030046703607	0.0372152364655985	0.0360646084338413	0.0363075774392904	0.037158372784132	0.0358251408581761	0.0358064759693205	0.0357469049213375	0.0362558873794609	0.0358658993423645	0.0359377085663218	0.0354661373411446	0.036040987684117	0.0355018328591783	0.0347491558373543	0.0349829760938951	0.0349669646163004	0.034900262288223	0.0341083076503899	0.0339254324565557	0.0346425847495427	0.0350585787968504	0.0348761164318144	0.0339772049541296	0.0333929933410527	0.0335439963528487	0.0343555112288216	0.0335543778632675	0.0334157078485461
GTG	0.0351723631129525	0.0345134184636579	0.034713176105393	0.0350775706788098	0.0349801944164881	0.0353823768048749	0.0352566845320727	0.0353982630875487	0.0352963608904687	0.0356179779346506	0.0363706926211168	0.0360884466597221	0.0355830852658922	0.0369423989054246	0.0364934473522072	0.0368336825557255	0.0354472071087771	0.0359771311957444	0.0365981834528089	0.0357070281278345	0.0358588685310162	0.0358401984796309	0.0369700465469252	0.0369690243579956	0.0370933919645378	0.0369249271358518	0.0366080112067525	0.0369142163747619	0.0377162644398255	0.0379978142554917	0.0381352633192485	0.0379834569726647	0.0376170355798369	0.0379997853177105	0.0386665222143954	0.0381079912147452	0.0388451547868968	0.0386241902205064	0.0386852068153311	0.0384124714473566	0.0384734954963433	0.0378154319175065	0.0387839396925583	0.0382150951604291	0.038791621955765	0.0362652668015137	0.0443506022201714	0.0414354454909927	0.0387884722772522	0.0431636618754056	0.0397988391826257	0.0343860397716125	0.0471325690974934	0.0400213020573665	0.0426177565674734	0.0858034378548332	0.0423796293034293	0.0380430913449463	0.0393311663186507	0.0379874948969056	0.0382327915303112	0.0377942350106012	0.0366928724308017	0.0369013278303763	0.0372856195672913	0.0370006603523414	0.0362495131951124	0.037946759679553	0.0366232352504244	0.0362778658384621	0.0363913086181251	0.036016389817727	0.0362394115603036	0.0360927038561706	0.0359171745392551	0.0356447515662642	0.0360947927757967	0.0359109498462847	0.0360564871334737	0.0358964562798632	0.0353153910894752	0.0353831412498847	0.0358133370196569	0.0349625491788113	0.0356400034650926	0.0358094704191946	0.0351560052644455	0.035099400734056	0.0352763926601919	0.0341376673385518	0.0341610472118084	0.0342032025598109	0.0339691785498746	0.0343760382828477	0.0341893978568235	0.0345941157130864	0.0345277967959844	0.033642188194657	0.0339494411506576	0.0340231666532783	0.0336721037755146
GTT	0.0335147066241144	0.0327245547261824	0.0328747287553002	0.0328640629023361	0.0331915990327568	0.0339759835308875	0.0333825838596185	0.0336286935107117	0.0337053146391351	0.0335044982931031	0.0336898958197916	0.0341337136499702	0.0331829637063894	0.0341091767034522	0.0340018896198771	0.0342660638908783	0.034283685586858	0.0340276195875916	0.0349555728915846	0.0343562758297751	0.034051679477209	0.0350443995916658	0.0356070058386178	0.0346544276691099	0.0349753844175032	0.0355823495586877	0.0349633125945184	0.0353006752536718	0.0359075713414639	0.0353522944134089	0.0351672129583581	0.0367708083926805	0.0353073685845512	0.0354223136684542	0.036244188676119	0.0354924620166169	0.0365927711397969	0.0357615306697312	0.035802191152529	0.0359333776890694	0.0360214512388019	0.0362908672135085	0.0368941614196942	0.0370680553786674	0.0364936598949334	0.035124424061595	0.0345196313818796	0.0315660479101548	0.031235709795677	0.0329134258633666	0.0315734471035931	0.0228206655365212	0.0330520160295273	0.0355911555614392	0.0219469062233057	0.0428074217171657	0.0377624002651644	0.0348827724949015	0.0350127706879242	0.035344532213361	0.0362353803771238	0.0359384307740301	0.0348166616748167	0.034846870148252	0.0351319419248699	0.0349025625980943	0.0344280325000486	0.0348365381826379	0.0351338742846838	0.0359855063354292	0.03517055928489	0.0358527074881463	0.0347779235280919	0.0340312048553482	0.0349309845609037	0.0352199343718902	0.0348424960438358	0.0343721281962798	0.0342362961468352	0.0346777657662754	0.0348772207812389	0.0345023009946609	0.0357339413401257	0.0340443190513968	0.0344812702456744	0.0335973221197537	0.0346993812480386	0.0343565266323117	0.0336187139228733	0.0333176598592663	0.0334336337915688	0.0335796720531148	0.0339467039835803	0.0347321744813728	0.0338517723140009	0.0332413088397292	0.0344048149044032	0.0346109715966803	0.0331214674952094	0.0335126643672128	0.0336465898935866
TAA	0	0	0	0	0	0	0	0	0	0	0	3.15539873716989e-06	0	3.15539873716989e-06	0	0	0	0	0	0	7.0776329881875e-06	1.1626534191161e-06	0.000128815507757138	1.0332153697664e-05	4.89693467851482e-05	1.38672716465058e-05	3.92223425101761e-06	2.59504760497117e-05	2.51842688243274e-05	0	1.4562086419955e-05	6.6321392402903e-06	8.25860379945131e-06	1.1626534191161e-06	0	1.52915558382726e-05	5.27487148662849e-06	1.16887971641681e-05	7.07512354231356e-06	0	8.82901349854274e-06	2.3253068382322e-06	1.77099546007374e-06	3.58325182416356e-05	2.3253068382322e-06	1.03312183410911e-05	6.03975467492141e-05	0	0	0	0.00382012013313724	0.51669418280425	0.0828205407341531	0.0415747347904125	0.0817792518182487	0.035740086761081	0.0440168357909394	0.0519522943833493	0.0532338511329079	0.0557052100773212	0.0537882683749301	0.058611404906451	0.0709271597161173	0.0647619842881519	0.0636869674506189	0.0647903311502648	0.0561238330600848	0.0631733934625948	0.052412289336997	0.0628825716933089	0.0597600971582797	0.0588265485525956	0.054606420423852	0.0639863588077034	0.062104898349962	0.057882494633301	0.0615052167862852	0.0631956765376603	0.0615970832962378	0.0583260863700083	0.0669798573545053	0.0572614137066241	0.059657296851829	0.0654511844068659	0.0641283013234425	0.0583981369287361	0.0570308648602175	0.0619344972480855	0.0497376185149627	0.055906806751246	0.0551368866632083	0.0541909852712675	0.0552446252452935	0.0596118337915428	0.0614414109482204	0.0547248637921144	0.0549501596477697	0.0601513681326762	0.0554172396883258	0.058494695889951	0.0597202271466848
TAC	0.0350625369401075	0.0344004404030157	0.0352481361042138	0.0354381719757086	0.0349234202426179	0.0347187246110499	0.0359135408427723	0.0357037037410338	0.0367112441955542	0.0356570330942453	0.0361871389868564	0.0362530769373928	0.0367373653517455	0.0361460504393604	0.0358228459167929	0.0364645480204491	0.0370755430492967	0.0373878014310277	0.0365247798058154	0.0367597335603179	0.0381259762277823	0.0381230547502351	0.0374798885468375	0.0379512891522604	0.0382143232541469	0.0389236261061505	0.0382817744681693	0.0382512968068864	0.0384729346823363	0.0385524183590383	0.0391157668214919	0.0390909444592047	0.0390810677644012	0.0384487596753477	0.0388098232132923	0.040176125210392	0.0395441108525008	0.0406079230265119	0.0387604812839265	0.0402961972274694	0.0398460317590155	0.0408097081298562	0.0415355913794977	0.0430032933848761	0.0422793867913612	0.0469745909494573	0.0414798057176991	0.0363367163937237	0.0368118771371165	0.0423569274243517	0.0358330606477015	0.0398375567297597	0.0384108404336773	0.0400306170064877	0.048113818271085	0.0192769704006031	0.0345279188883652	0.0399355137655525	0.0388385383970376	0.0378126673218561	0.0396194103263996	0.0383564376022608	0.0389734494914802	0.0383929861189045	0.0395160878881885	0.0392234978976713	0.0392769467948805	0.0384184745524603	0.0388918109096103	0.0387985756264811	0.0379250898573128	0.0382884919185355	0.039205288920409	0.0377848243374669	0.0379870617509048	0.0385694449421073	0.0391293559082428	0.0374499062791538	0.0380773943648413	0.0376949843560133	0.0383748482574631	0.037644902509584	0.0380779620714315	0.0372464640605729	0.0379164853322301	0.036733524305819	0.0376521967334261	0.0376600578674202	0.0366037650384723	0.0364892033224681	0.0370536711838903	0.0366330774073671	0.0351096261600509	0.0351951176364939	0.0357751725831121	0.0370128847143801	0.0362488743737994	0.0366857373761501	0.0359291167983959	0.0357917749861932	0.035841602162157
TAG	6.73216544256332e-06	1.09667580156992e-06	6.48157591809323e-06	3.8003621249205e-05	3.85421216099753e-06	2.0602288418193e-06	1.46304880586317e-06	0.000168383088646102	1.29877228138583e-05	3.08515346566994e-05	2.53476697585302e-05	0	5.73544021821845e-05	1.89520725790688e-05	0	5.57436638594065e-06	1.27191146567527e-05	2.94608758874136e-05	1.46304880586317e-06	9.63553040249382e-07	1.43959312043709e-05	6.29523596492884e-06	1.01333582454467e-05	1.83664451209286e-06	2.0602288418193e-06	1.12630427145818e-05	2.92609761172636e-06	2.27467306798461e-06	4.60573799176731e-05	2.92609761172636e-06	4.07349795429884e-05	0.000172145728146358	1.21694727923614e-05	3.38236098939594e-06	2.27345692513325e-05	0	1.57891522991301e-05	1.44119465738231e-05	2.07006628065697e-05	3.2749351060723e-05	0	5.65224470140307e-05	3.99947169524153e-05	7.98828029495454e-06	8.86502564845522e-05	1.09667580156992e-06	9.63553040249382e-07	0	1.09667580156992e-06	0	0.00437956274839553	0.658359577707274	0.0913844796308552	0.0344836819262807	0.0883545701415693	0.0355029819783013	0.0340536919513068	0.0413970245356102	0.0525225338885322	0.0410477713986345	0.0507034465624923	0.0583766504834338	0.0655006619834416	0.0562159600582747	0.0477778164855137	0.0453101260712735	0.0521796645210089	0.0433100503621333	0.0448852642339093	0.043166340252998	0.0476675301503244	0.047805592769578	0.045175574657717	0.0527986715718129	0.0503243891947496	0.0499882635159967	0.0477744129011969	0.0472774085992341	0.0443829572979287	0.0402348371174837	0.0465361631411882	0.0488451124261897	0.0566154157976952	0.0489695010705417	0.0504486335575596	0.0514624200306262	0.0483698411850861	0.0465284865392511	0.0446816713780216	0.0445537455680314	0.0474988945311131	0.0473530491277783	0.0497147619707164	0.0448274783552701	0.0465732954143586	0.0443683094958333	0.0453765253269755	0.049724782486551	0.0479048797471356	0.0540428786298786	0.0498569679805361
TAT	0.032847619525556	0.0327020166973063	0.0337288237837453	0.0336591163362335	0.0340979362255953	0.0332855733357435	0.0333125841245977	0.0349089116092364	0.0330624046044829	0.0341919150482117	0.0349226681190323	0.0340511099235489	0.0340630045613014	0.034312909325991	0.033490241818435	0.0339706435175448	0.0333976043599932	0.0347992204574795	0.0347555755560709	0.0344274377652993	0.0343367219082688	0.0353617663238019	0.0349992973073695	0.0352965573881436	0.0351703188114933	0.0350304061128191	0.0358180542113912	0.0349544841402308	0.0358319447393432	0.0361303101503348	0.035769580940752	0.0367771751902614	0.0365052316851743	0.0360420230988598	0.0361327224544669	0.0359984589108295	0.0356484905468521	0.0360735643752781	0.0366825192779864	0.0367042814472494	0.0372829073859335	0.0377030898689563	0.0382213950261346	0.0385699530451486	0.0394026577368914	0.0382396305362751	0.0425769647985587	0.0282799388019569	0.0312146749831436	0.0371455028113152	0.0375053184332927	0.0360298965013382	0.0333984689046161	0.0347665021708747	0.0443673576125004	0.0188774483582325	0.0315049009377687	0.0368454163503901	0.036809181943003	0.03614614615215	0.0364450552892352	0.03605626852625	0.0365373081788659	0.0367150895612075	0.0372948933681881	0.0361501310647505	0.0363195787731362	0.0355944898481683	0.0360062193849579	0.0361449992411871	0.0358824412378102	0.0362766524181694	0.0359249573945636	0.0360736976572129	0.0354741193121133	0.036325256301685	0.0364321676833119	0.0366245560857443	0.0355482920937314	0.0354919332948967	0.0360666184882811	0.0358935801707595	0.0354423971821483	0.0352576107764686	0.0353668520392377	0.0359726631107811	0.0358731474063054	0.0354619548841003	0.0342650220725955	0.0346899366058686	0.0350395707150067	0.0358818399875599	0.0344830834336307	0.0348996641328284	0.0349299879423558	0.03480374324467	0.0345785482016035	0.0342463003000299	0.0343968283953124	0.0344011079774033	0.0342580995214217
TCA	0.0276925430807112	0.0267719561960913	0.027113735830427	0.0277767273435698	0.0272669967515509	0.0270117167490215	0.0270616185231384	0.0281579295910069	0.0282513021134381	0.0279935015567943	0.0276731481706201	0.0279586459122704	0.0278396867586002	0.0280515668403628	0.0285183646594284	0.0292598109550064	0.0289923459987393	0.0283338501671047	0.0279084799170198	0.028748626743057	0.0289990127662804	0.0289938601912751	0.0292491782869383	0.0293259076324992	0.0296612654322495	0.0304577724326819	0.0292526728809435	0.0294845661563484	0.0295049073542214	0.0294922451910383	0.0297192200300103	0.0293666019535406	0.0296227598325869	0.0295636026647855	0.0303716710238421	0.0290678945103366	0.0303095116569667	0.0294173454036207	0.0301065795748768	0.0299568906177261	0.0296378323517487	0.0297262318560354	0.031442738127725	0.0304915139811499	0.0306267498970489	0.0302035830172876	0.0333370908886328	0.0330260544604639	0.0352670034793368	0.0313195660067044	0.0288119573750348	0.0292236809915968	0.028458057964167	0.0274650395854913	0.0355515420205261	0.0171998751652929	0.0276792570684918	0.0299128377824859	0.0300416853072989	0.0291288566867628	0.0293320921469887	0.0296553823667655	0.0298855793981503	0.0294800211354761	0.0294768783096389	0.029486642858295	0.0292123700220817	0.0297300308441362	0.0293878565206899	0.0299218902784988	0.0298390141665672	0.0294598844140273	0.0289831851176024	0.0288639179027885	0.0289198373866435	0.0292816395021803	0.0291736519655389	0.0293239787864372	0.0293423570056533	0.0288788679425179	0.0294700947281478	0.0293302338482604	0.0285529690313264	0.029304064040462	0.0285938522686327	0.0285869464010586	0.0287615442098959	0.0283421476706936	0.0284122280572087	0.0287836529481489	0.0291366164574784	0.0282815645306685	0.0282152253066747	0.0284891961777534	0.0289004508836212	0.0281434441733819	0.0279947004181898	0.0279635232720989	0.0286546754320413	0.0282995542540017	0.0279868204445411
TCC	0.0305927867896785	0.0304168496417065	0.0298206988503323	0.0303887864915327	0.0310641756445242	0.0309467993934751	0.0305517443239613	0.0313373856351215	0.0319249640236599	0.0309086297706635	0.0322821375467881	0.0319590374226649	0.031827976147573	0.0314504191890477	0.0315365871683076	0.031939869631514	0.0319259217366554	0.0322290565887467	0.0328175676086339	0.0319368155265555	0.032370367764514	0.0322542290953084	0.0324050405972552	0.0323741784807617	0.0317257159920741	0.034184671167812	0.033792867134063	0.0331663502046473	0.0333436306473113	0.0338893846105641	0.0331762954279599	0.033135058115762	0.033476558708089	0.0330981918090981	0.0335772692327296	0.0334801817198104	0.0331585696156918	0.0333215293392139	0.0340776926478742	0.0341024095212132	0.0345643701636618	0.0339362197334372	0.0336315783892895	0.0350369618661014	0.0346301942606576	0.0380787372837707	0.0388764924854842	0.0321843267373567	0.0389943476262187	0.0321607569755945	0.0303509459209877	0.0320753986465202	0.0298804540010754	0.036070177677887	0.0247636693612611	0.0163753622525272	0.0315097834445112	0.0329780036251698	0.0320430081579741	0.0325428321742437	0.0323954665078054	0.0326838826985163	0.0320961685783732	0.0345283761207208	0.0327114735776619	0.0324214555752545	0.0330604984200198	0.0334995505993199	0.0321114883679083	0.0319849029430832	0.032157646529671	0.0322815898198792	0.0315985034793579	0.0315603454390346	0.0323068166029657	0.0318539993501001	0.0322718417359302	0.0309212661039391	0.0324209634400655	0.0315938990318362	0.0313685221067415	0.0308456019657771	0.0307513421427338	0.0307489411805193	0.0308340045590201	0.0308212547462273	0.0307964947779055	0.0306562545716909	0.0309804174803452	0.0312540724057188	0.030630972839129	0.0305647101946024	0.0299134520148906	0.0302085928505353	0.0301761581278409	0.0303263773944282	0.0302346118968917	0.0294005846038671	0.0305728955929597	0.0292162087225579	0.0295958088793816
TCG	0.0316187003166781	0.0320823418124729	0.0322181068776981	0.0328273275933754	0.0320469140825905	0.0311569006089527	0.0338597406835856	0.0326792004379376	0.0328075138362837	0.0330067537175962	0.032537213450655	0.0333491282429588	0.0338284787903861	0.0332057497995339	0.0330683637845564	0.0332491898067365	0.033992466043375	0.0330114864872382	0.0354737404625859	0.0346062976887455	0.0332775811907269	0.0336948692976011	0.0332732522726654	0.0334753986697435	0.0339008138455624	0.0341176316789297	0.0346813769223357	0.034135033431019	0.0348231685892353	0.0342248544337344	0.0349435136019924	0.0334192938085689	0.0347784889713518	0.0357459190756326	0.0346871350546923	0.0337105347515945	0.0342980835251101	0.0356745601391402	0.0344296197555632	0.0371224149866598	0.0343468329707585	0.0368093447006685	0.0342505400958757	0.0346423967104861	0.0354800184312288	0.0311250320038697	0.0366686722175562	0.0406386033320885	0.0416319236476625	0.0378702669690068	0.0326389091414296	0.0461888577817378	0.0384386408086826	0.0288540087200641	0.0465895426080479	0.0276167773069904	0.0318871732858198	0.0369002661049547	0.0363777454109971	0.0327701871169038	0.033360746633129	0.0342170496308258	0.0333874459835714	0.0346624599933634	0.0347899667445282	0.0328173070492166	0.0333460778041609	0.0346952055353375	0.0335744779739289	0.0338210514085557	0.0330544865385388	0.0321482797137644	0.0331067082425254	0.0323838718668969	0.031103427738234	0.0311880079208463	0.0311414305675797	0.0316122565249678	0.0309340702121943	0.0308254048141229	0.0300181601818794	0.0300095308131361	0.0293491852954877	0.0301764523122785	0.0296220747230785	0.0290430475149206	0.0286016065790419	0.029995096184706	0.0287882622641564	0.0290387723213791	0.0289406581039281	0.0282370715167624	0.0287930942181145	0.0291062974088019	0.029058040652909	0.0286898044010403	0.0280265943347038	0.0267260108719329	0.0283799986187922	0.0293308604015965	0.0278565477597774
TCT	0.0292610345105852	0.0301596839985379	0.0303249614465807	0.0299264068632209	0.0296680843026009	0.0293888214423323	0.0299391635138055	0.0298381084179989	0.0297372415469576	0.0302818674299322	0.0302020296286382	0.0304623717349852	0.0303652388714424	0.0300284106669682	0.0301158846575603	0.0300345519108153	0.0309405138411916	0.0303724377618927	0.0308070500954821	0.0307128944620042	0.0307432198695041	0.0308277701117092	0.0303047892320326	0.0307569782987177	0.0305666789572473	0.0318378856417372	0.0310898309653867	0.0310473591955945	0.0319731975390919	0.0310100307795921	0.0314678406541193	0.0313900031879152	0.0319718413110374	0.0321574568942529	0.0321582378507647	0.0325971784028442	0.0323125577671296	0.0325936317891373	0.0316460215080967	0.0320943216016735	0.0325351064655876	0.0319411319911375	0.0321197348154502	0.0336364551926749	0.0326323595128576	0.0300756324586117	0.0411690323071114	0.0341002559903413	0.0400670807776195	0.0324370389963928	0.035567694878318	0.0377930745142585	0.0335796146269848	0.0349416148750181	0.0260480784978178	0.0210666179670691	0.0297778763121182	0.0315141029946532	0.0309420790864686	0.0308478626781464	0.0309689254456914	0.0307185464395574	0.0313745372850675	0.0315055799864024	0.0311186094158958	0.0313689632863615	0.0315606815973233	0.031222349870028	0.0315396507602009	0.0316390789405368	0.0313799103828704	0.0318362250059958	0.0306146391048155	0.0302076800180287	0.0302115820019887	0.0304409062285789	0.0310531532974509	0.0309072219451343	0.031098958590084	0.0302744916584959	0.0303562860236168	0.030323527129943	0.0307241546690308	0.0324205302471764	0.0302591831601407	0.0304208093583811	0.0305260349210714	0.0306344836074372	0.0308548523641223	0.0301317966042305	0.0302939675609823	0.0298515490168827	0.0295977230897853	0.0299837454480615	0.0300649655233912	0.0301385372529159	0.0298337600166085	0.0298811830749557	0.0300548108407326	0.0304767800111996	0.029437564982951
TGA	0.00373199287445459	0.0032693743397638	0.00325428764574319	0.00310386170323579	0.00450499280121376	0.00324868746688148	0.00479495438762383	0.00210223975990452	0.00217123615990191	0.00337023564221646	0.00234847664991894	0.00352780704772367	0.00458858115909	0.00376885766227498	0.00430894776442699	0.00340208328675793	0.00415450154334366	0.00478116284487004	0.00430127902701052	0.00373804200163105	0.00375727017084579	0.00489380388590431	0.00549299084143866	0.00769888547578861	0.00516474137796748	0.00418348005828764	0.0049864883700632	0.00758375531534812	0.00670563378228036	0.00383913974464184	0.00370604752330807	0.00757406378602794	0.0056531423105404	0.00544845261581566	0.00423771138886516	0.00310053146448264	0.00655623732507322	0.00857037323905161	0.00507413908645936	0.00388830958747159	0.00440568145559316	0.00887494496576986	0.00973428455092142	0.00665265830346939	0.00444468978198217	0.0081001676766179	0.00603454341035506	0.00613812870046778	0.00871571264342297	0.00624349643030517	0.0119218259886374	0.5556193666156	0.0919552901897502	0.05236875682885	0.0693570633251521	0.0439969227779708	0.0488550167592247	0.0551439079571907	0.050345608143492	0.0497992408587679	0.0519600318715046	0.0651249775029128	0.0661351610808549	0.0612695725635979	0.0580748684485004	0.0573204666823809	0.0503047554551843	0.0502104155104405	0.054234153688626	0.0516318233913002	0.0501950201385192	0.049796174304859	0.0537890764185377	0.0554040565233343	0.0550468571538881	0.0512373412859762	0.0559126168705136	0.0513276811257194	0.0504071359649962	0.0505577261869204	0.052408610969932	0.0498175401583576	0.0525518401194918	0.0540025452928295	0.0528577897585482	0.0526201246010153	0.0539040676082839	0.0565350926689404	0.0508352322790403	0.0491019270700615	0.0518547278528541	0.0561547329421784	0.0545907342006316	0.0534948007802459	0.0527894577216968	0.0514704632203704	0.053922023585523	0.0499384750243138	0.0504927591344051	0.0505764570232375	0.0482653554399005
TGC	0.0333235457218407	0.0335271788149399	0.0340512894988841	0.0335632165725481	0.0334563018125688	0.0331336135307025	0.0336396731280882	0.0332807752882817	0.0346419749976494	0.0344357306060511	0.0338093828467936	0.0337382304989079	0.0345159733039997	0.035060167922309	0.0339270187937738	0.0341005061188573	0.0342748853699051	0.0345967245250091	0.0341050372818686	0.0347572654317772	0.0348260837756462	0.0345477263549873	0.0351341594945343	0.0362938644393561	0.0351023407295364	0.0352731726189953	0.0364244570796406	0.0362259596475833	0.0374213112999612	0.0370716003002378	0.0362468040717357	0.0360903871947196	0.0367234096185229	0.0359572897180851	0.036332452858106	0.0366623009443744	0.0370621272728275	0.036762545758889	0.0367705707035277	0.0391617705410054	0.0370127698058536	0.036054716722073	0.0380464485580879	0.0370386172725017	0.0379155204818882	0.0402189409624943	0.0362554183285729	0.038406208750332	0.0436854449518136	0.0404631631667944	0.0381835881669268	0.0344849181172688	0.0330275481635116	0.0458777975695532	0.0333286885143355	0.0234444506246641	0.0360680758066483	0.0353854059824875	0.0357311835975975	0.0370530865254719	0.0358785231251278	0.0354664979210491	0.0353736951311888	0.0359286494308818	0.0357379287805614	0.035987226978488	0.0352194885433274	0.0356072910918309	0.0348740721387793	0.0354255151564577	0.0353223060472166	0.0353128052216898	0.0357225232768085	0.0357349711786989	0.0340556058604633	0.0342396224059152	0.0340902298678902	0.0346664505605649	0.0336708570898691	0.0339231770206714	0.0349601473300245	0.0338072326416085	0.033318683271634	0.0332381452788715	0.0337351418413307	0.0333287696939207	0.0327171188063714	0.0326742908978233	0.0332639567664434	0.0328428969147008	0.0338183611699376	0.0321033862563203	0.0328319129652394	0.0326944734343934	0.0317706712129543	0.0308940075901541	0.0322722390221478	0.032167715735952	0.0314335805561924	0.0316929754233832	0.032738891196422
TGG	0.0323052552942777	0.0336071478109446	0.0327212385384736	0.0323053779439747	0.0337757566269929	0.0329399725581063	0.0329985988482879	0.0324695650631802	0.0335848493126937	0.0337110483200534	0.0321681840139506	0.0338525815633173	0.0339150581123024	0.0341864190640792	0.0339653994480528	0.0343625488726815	0.0334083774114882	0.0350768868637996	0.0349239496102272	0.0347321797688717	0.0341006350487377	0.0342178851438402	0.035075116778043	0.0346890716958077	0.0343330836145545	0.0351298272142239	0.0357044814796032	0.0350005071925612	0.0361412777218937	0.0354441831287645	0.0359404476704343	0.0355328026429097	0.0361245032285509	0.0362003967488021	0.0374826806842235	0.0369613068833087	0.0369684146510073	0.0373120066920579	0.0366001035794061	0.0364124736724556	0.03882455545505	0.0371215505117404	0.0390817483901684	0.0382168174293825	0.0380225558548932	0.038305614871923	0.0383723511124184	0.0433207083072748	0.0399437785716634	0.0400978457128986	0.0356612085143416	0.0555853811283574	0.0361997547531649	0.0270506164890425	0.0689739221432432	0.0425024892365139	0.0360100630606233	0.0373137435089793	0.0364826532617322	0.0358313737515013	0.0356289161561017	0.0361282317675699	0.0363151759020877	0.0350951166237122	0.0352524845970819	0.0356386239989669	0.036226768256742	0.0349000408902762	0.0350199529694048	0.0339055239856455	0.0353158866737975	0.0345171022511944	0.0341954704211731	0.0344951306223033	0.03415776981833	0.0331936102846008	0.0341209877167439	0.0336822521173252	0.0331030743615142	0.034602067804665	0.0339239774326315	0.0340243153091948	0.0335644108272878	0.0329336684167758	0.0329612026314418	0.0326524661271186	0.0327960058163906	0.0332527081929619	0.0330499802231602	0.032318663721023	0.0331232908986283	0.0333371347088444	0.0333575233735758	0.0326345344819187	0.0326608482797442	0.03264616799239	0.0325757296563528	0.0313478382655617	0.0315217752389791	0.0320580225711921	0.0318750849165486
TGT	0.0300252949824528	0.0292702192727176	0.0294878959226209	0.0313033615072532	0.029969641729581	0.0299447600844006	0.0299637693101155	0.0312569943441997	0.030482759675893	0.0297942838720669	0.0301146165832675	0.0295218976779739	0.0306478368814834	0.0303761352093367	0.0299125820420147	0.0309023666777288	0.029949815393227	0.0301167081233037	0.0306356414898327	0.0306743354274878	0.0325539263050626	0.0307414411798039	0.0310329048083997	0.0318089377248963	0.0311665443731513	0.0320912082935704	0.0316721825062979	0.031522567637388	0.0336349377912728	0.0310754566627595	0.0321407211473222	0.0329157810460068	0.0319846576446474	0.0321643243928045	0.03181570877107	0.0326248873549376	0.0317888108815951	0.0318557123078047	0.0317857120221524	0.0326568540719285	0.0323683396152065	0.0325719779621595	0.0315693483368511	0.0312995466724209	0.0315316011478194	0.0292433340050798	0.0383222434301268	0.0363941797842689	0.0394456194418299	0.0342341877589587	0.0378934632729628	0.0401246367843685	0.0333794680188767	0.0364431732398521	0.0430259259442189	0.0257805707896413	0.0322088557301678	0.0324969203256606	0.0332908239137014	0.0335712173974609	0.0320170912677033	0.0325365788646188	0.0322645162993833	0.0327380520110516	0.0322720176691766	0.0336178748470703	0.0304432141076238	0.0311759833353405	0.0323049528959629	0.0314254696134546	0.031072080363156	0.0308376285322407	0.0303749744202453	0.0313389644467089	0.0318334476445665	0.0303907855664263	0.031049337511831	0.0303170955132211	0.0310522965524361	0.0316322017333209	0.0310466976495761	0.0311004598331983	0.0311637895225821	0.0296310466737892	0.030760779033064	0.0298959347797183	0.0306775014816807	0.0312254214757002	0.0304190892015282	0.0304246732829423	0.0307861969608417	0.0300736621608329	0.0296960413786262	0.0304944817159604	0.0294027383842748	0.0296744373870807	0.0294457760917042	0.029831952561345	0.0291285594276571	0.0289137058008685	0.0290656788252196
TTA	0.0290804517435421	0.0279117893355745	0.0294029830957743	0.0289651040360349	0.0280290417554763	0.0289540094443119	0.0289004932507287	0.0282681680921278	0.0288256718643857	0.0294790072616184	0.0285295297946273	0.0287479862387827	0.0285478985996417	0.028243633700902	0.0288458954350556	0.0285876782521765	0.028957938286131	0.0287357832537037	0.0289202783342994	0.0287373482645309	0.0288832518094457	0.0295119659549667	0.0299108196237479	0.0290185261759295	0.0304575421333051	0.0301972862584896	0.029493293109591	0.0303030806384805	0.0301305941375534	0.0296561605817841	0.0310764070271205	0.0298738295397954	0.0294117933352788	0.0304657136709616	0.0302308814682675	0.0306456992695213	0.0307719314844419	0.0305858868617656	0.0304443596785233	0.0315549679647551	0.0303132051560126	0.0312643135850461	0.0323528676907096	0.0316081010878955	0.0332621304650242	0.0325795268598042	0.02892914942163	0.0237851968795729	0.0228759559978063	0.0282680674156186	0.0258538596211844	0.0386361797241375	0.0289301136633676	0.0252360139136322	0.0370146652857585	0.0171548125034222	0.0284136798847927	0.0313887819408378	0.0302229693815212	0.0301185705520867	0.0309941013922882	0.0302986816195415	0.0295099310826883	0.0305060107907552	0.0298805222039278	0.0305029704782993	0.0311594930621287	0.0312067551739616	0.0301980016595113	0.032963678468648	0.0309868667023637	0.030479204042426	0.0302102446483358	0.0299940981316916	0.0314450192053798	0.0301553675745113	0.0304681043050797	0.0300702045660763	0.0297735814685711	0.0289332223731367	0.0299465537449292	0.0307498646999464	0.0300140816115698	0.0293879897555753	0.0298203337599557	0.0293760825702067	0.0299964210823719	0.0300370032967591	0.0294652865113076	0.0296117059305203	0.0295801505554091	0.0297715353936481	0.0296171150866726	0.0295392153253957	0.0291197666606788	0.028425060727508	0.0289709076752193	0.0284907658980576	0.028344459290497	0.0296686886351225	0.0286635012821798
TTC	0.0341399501998247	0.0352231961732784	0.0345413938223829	0.0340286417857898	0.03489015103535	0.0348529279362965	0.0367867584624652	0.0353936457998626	0.0358438425232267	0.0361300453599853	0.0357498089754074	0.0358624343845034	0.0355285866963382	0.0355861831404822	0.0350494482465656	0.0361915955521803	0.0349853570084118	0.0365572741160992	0.0370580047533562	0.0370039681056784	0.0368903301192041	0.0365159299184957	0.03742666348472	0.0373292413910935	0.03731298134429	0.0372587548643149	0.037089071067725	0.037939506858843	0.037628636058306	0.0380011737168356	0.0380338763364875	0.0380269757723062	0.0400316141497741	0.0381102225690714	0.0389595973235938	0.0381642279603504	0.0386590214454386	0.0403557867259335	0.0390093793658325	0.0391666886786018	0.0387665912960674	0.0390784359260749	0.0402596951805343	0.04065304727873	0.0404988665588666	0.0454525542341841	0.0415931880069503	0.0513810123069186	0.03972906813395	0.0428092144177462	0.0398324146527662	0.0305129601579478	0.0367201240166333	0.0404661897639861	0.0338242758889058	0.0181909472949119	0.0339582428191157	0.0397253652858535	0.0383287209156044	0.0368951994178515	0.0386333089592428	0.0364254669060422	0.037088915362936	0.0376760812059943	0.0366329283553304	0.0374470490699582	0.0374528324737426	0.0368701349257057	0.0375885539561307	0.0368952774033281	0.0367067990720411	0.0375879833059669	0.0372745932993139	0.0369409406712381	0.0362318934100179	0.0362384867368771	0.0361731780568462	0.0369576825122569	0.0356990949685077	0.0361229635849179	0.0365942348025321	0.035724540878123	0.0363436566472996	0.035628479136644	0.0355374971050549	0.0357203319993331	0.0351485419519673	0.0349547388270232	0.0353965010554714	0.0344862864829864	0.034880334788233	0.0351660458133708	0.0352495382907825	0.0352524766849133	0.0344259524223825	0.0355925050554725	0.0345319237679968	0.0337048944997905	0.033851224115236	0.0343237003105268	0.03343663572957
TTG	0.0302869056645828	0.0311062719695059	0.0317914656739658	0.03149594111759	0.0321780702812704	0.0312180676372175	0.0313052092424676	0.0320293488507935	0.0317836580930603	0.0318682427481119	0.0320308202245533	0.0318219592906208	0.0320010658551085	0.0327695866021232	0.0323882736255338	0.0322057291132916	0.0325556297411922	0.0333218987721998	0.0327946534364277	0.033376339013857	0.0337803686929041	0.0341503617161412	0.032655589668363	0.0328813208642582	0.0335042607928678	0.0331070660981996	0.0329745019444207	0.0333789862827656	0.0333685625160497	0.0333007068954613	0.0344050857399061	0.033616652734294	0.0338727517797639	0.0345585962650422	0.0338087458525809	0.0339996206655821	0.0341634310531297	0.033624178150021	0.0339449805427333	0.0344955630339667	0.0345260799495502	0.0345106676431933	0.0346487738710452	0.0349083907051861	0.0351715049768912	0.0349844703978189	0.0357222154095207	0.0391756784398927	0.0311214402231024	0.0338100474253529	0.032614962086899	0.0421783791408307	0.0338244433270457	0.0257653792851586	0.0463421457780274	0.0310556355047804	0.0309649753913975	0.0342700099772736	0.0347301187084296	0.0336707680889316	0.0335430042308401	0.0333552402903246	0.0335130317385245	0.0333726017311985	0.0334737580669711	0.0329657940521196	0.0330781481207456	0.0327203265256216	0.0328950305593741	0.032888456023161	0.0328039948328299	0.0331669459057569	0.0325821562072645	0.0325283721061499	0.0327953847007207	0.0321542609043029	0.0319258911163564	0.0320246258971162	0.0322048973792098	0.0313520265172818	0.0317240772958804	0.0318692527768427	0.0318102752250367	0.031654046330502	0.0321064489353584	0.0318881780834101	0.0313024335859446	0.0321544528449949	0.0313529605997386	0.0329495781574914	0.0320382696011601	0.0314362915521701	0.0308366654127169	0.031750093166637	0.0314110132420378	0.0311356703496495	0.0313051377898322	0.0316833939054073	0.030372897078021	0.0306094495418556	0.0306197823932018
TTT	0.0321528254524584	0.0329444084647511	0.0324257277136776	0.0323709160652919	0.0322064664974262	0.0322163025031886	0.0322694386666739	0.0326339055220491	0.0322035389878144	0.0329863545947745	0.0332125111203296	0.0331597887808823	0.0334315354129801	0.0339714883608772	0.032814275696831	0.0336997894707092	0.0339400704863743	0.0335260134516367	0.0341623796135378	0.0338820949250948	0.0340287136736298	0.0340263401637932	0.0345299938551609	0.0350443377044348	0.0339867519137215	0.0338059927782224	0.0345016915851107	0.0337688780559504	0.0338620559738947	0.0351743719902387	0.0352616927742247	0.0346968568625869	0.0349815455558194	0.0354590446746581	0.0345988137371257	0.0361604850365404	0.0353386818614907	0.0360129013138439	0.0351056642729567	0.035229679116588	0.0349439473782913	0.0352461389819513	0.0360893982756836	0.0370160089690991	0.0366063874327401	0.0354814256748845	0.0362667115487889	0.0286198004124546	0.0250050476777306	0.0304013693028248	0.0357586698837416	0.0315554717352712	0.031990173230682	0.0305481074102475	0.0302212753424873	0.0228379027888393	0.0318173876350924	0.0362502216390756	0.0349606288829809	0.0347144096510907	0.0350095123235464	0.0342723252164439	0.0342237654304404	0.0349904867268067	0.0353837885850163	0.0346623421826921	0.0351098726832764	0.0353502089008927	0.0347319024995194	0.0346111507149204	0.034595472479184	0.0343604455729303	0.0345718106110007	0.0343829006384713	0.033947717860105	0.0340284735173376	0.0338914112125176	0.034297045945663	0.0338940946093702	0.0335396584214823	0.0341570255296087	0.0338430144934143	0.0337896787314216	0.033779757581757	0.0332301129873603	0.0333755345018831	0.0347307529060774	0.0334531089400983	0.0344289654376155	0.0336439031408979	0.0336058438999804	0.0338113824682425	0.033171640019059	0.0336172546347726	0.0328410799553175	0.0331128690044909	0.033188867241639	0.032339901899321	0.0318801012047455	0.0336235878842195	0.0325535446526608
