Codon	1	2	3	4	5	6	7	8	9	10	11	12	13	14	15	16	17	18	19	20	21	22	23	24	25	26	27	28	29	30	31	32	33	34	35	36	37	38	39	40	41	42	43	44	45	46	47	48	49	50	51	52	53	54	55	56	57	58	59	60	61	62	63	64	65	66	67	68	69	70	71	72	73	74	75	76	77	78	79	80	81	82	83	84	85	86	87	88	89	90	91	92	93	94	95	96	97	98	99	100	101
AAA	0.0957810343056165	0.0962314042327679	0.0963102556687253	0.0964162209882465	0.0974644408543227	0.0976888423512387	0.0968300388440644	0.0985209365244683	0.0983865927428031	0.0985392890016032	0.0979734844979408	0.0987220062538325	0.0987171686007741	0.0988145915068228	0.0991706735810517	0.100044973990564	0.0989965324308244	0.100482907346236	0.10081661940152	0.100646490113534	0.100063857099478	0.100584441737491	0.101009290382848	0.101125248538095	0.102104886933275	0.101526216758207	0.103898961186347	0.104624558328383	0.104390737916886	0.104996828905481	0.103993900826322	0.104651524893948	0.10499064527222	0.106861655785427	0.106402500185262	0.10756499064444	0.108021624511816	0.108285294143303	0.106776540006416	0.108441798901547	0.110522642475888	0.110592047335183	0.110394393155223	0.111861279134598	0.112344016984971	0.114956857913329	0.121474754258235	0.118745857576316	0.102996720130676	0.143137036418811	0.0966154063680016	0.107781780969879	0.114111709801689	0.124992186724557	0.212339708178927	0.166003953198964	0.121365231849866	0.114393355657071	0.113272208194603	0.110579161917549	0.110044903832174	0.11054771055259	0.108479001742801	0.108216130147238	0.107121608123956	0.107589263697917	0.106215425818089	0.105883716587221	0.106057663834826	0.105427833368374	0.10481413298286	0.104479387113256	0.104390956408878	0.104497755569029	0.103424507507148	0.102759348103531	0.103045892752708	0.102687209494556	0.101861717397562	0.102102406951195	0.102778637279095	0.101275666875426	0.103029394705497	0.102436293519875	0.100781702358539	0.100071431793029	0.100984609407992	0.100164448534259	0.100364997859996	0.101442478967643	0.0994169911216603	0.0997961658014246	0.099478524321255	0.0996158204038884	0.0975262747455715	0.0980279211405271	0.0990499755169874	0.0981489588969739	0.0975942560162733	0.0971348955481993	0.0969379737928463
AAC	0.0914031559060905	0.0909463985271087	0.0908216510439041	0.0913679736303447	0.091862868235053	0.0929453575956167	0.0930551461926121	0.0920586349694442	0.092724511488449	0.0930973715688364	0.0931870891911057	0.092947642347967	0.0939463539575763	0.0939085646500127	0.0952335359763173	0.0938493659123549	0.094897001905159	0.0946937315214589	0.0956202492978117	0.0955882290925436	0.0953971304305734	0.0954938332871279	0.0954852487328329	0.095955625612733	0.0961578723403197	0.0964004842813458	0.0960570927880491	0.0967848826849076	0.0970994087272349	0.097670851883641	0.0964264784241674	0.0975501379675364	0.0978306408621646	0.0982156317737884	0.098957349406746	0.0985926252389794	0.0987416012203495	0.098651988226315	0.0980310561788759	0.0987451319574867	0.0990008362715271	0.0997168238598192	0.0998530330302646	0.100408270982017	0.101027497538255	0.108149008641599	0.110465368970868	0.105711206126165	0.103635149453886	0.103542660864068	0.0932090556228572	0.107019944239491	0.104407832280392	0.109824774872948	0.115185413142301	0.144559904000099	0.111158566751578	0.102154848378056	0.10099455780363	0.100005351030353	0.0992508277779721	0.0993749367184917	0.0988019665750022	0.0990688363944148	0.0992677938383417	0.0993187817089492	0.0990560229827967	0.0986424250515452	0.0983178845841763	0.0980398206691771	0.0981558384482328	0.0984991392107149	0.0971272880516721	0.0965806809473327	0.0963308620301773	0.0966494550012007	0.0958036083778657	0.0958795313378887	0.0959810828870699	0.0961397956353934	0.0957119626566767	0.095375209553985	0.095585204730578	0.0954833654490871	0.0948774775045654	0.0948991879362139	0.0945451550132811	0.0940479504511663	0.0945080785862126	0.0937363890075795	0.0945741869378576	0.0936160522533317	0.0934039925218058	0.093027070467436	0.0924812481162789	0.0931195274948509	0.092692913581941	0.0923967623036112	0.0932042177930353	0.0925156960575705	0.0913299447242346
AAG	0.0958267850999699	0.0953832080480653	0.0959419060844798	0.096136246323504	0.0968126833647423	0.0976319680053186	0.0970310351344627	0.0981729819290323	0.0980391249528064	0.0984093171118145	0.0987652215708595	0.0981936200276778	0.0991973687075373	0.0991906926254667	0.0989037666806545	0.0995368000702672	0.0993384208466856	0.100667538595405	0.100346784224581	0.100351526206197	0.101029638347426	0.100901900137362	0.101356945004739	0.101858011303427	0.102786803317389	0.10202017205531	0.102106839196313	0.10323668284414	0.103603091924982	0.103514677061528	0.103174053061813	0.103919592160198	0.104581225150394	0.104788512841181	0.104540706846978	0.104683874090325	0.1060531227702	0.10717238792549	0.105990112872539	0.106541294031352	0.108794756846599	0.108197959790596	0.108312438837222	0.109827652516245	0.109630159559651	0.099739597225531	0.143394035609529	0.116521574586461	0.112044309733512	0.12897880504693	0.0879205131705395	0.134918451387797	0.114515732610002	0.110222851733497	0.14277682267036	0.15825188252236	0.11316840366826	0.112483602432689	0.11174176773653	0.108788349993257	0.107569617839452	0.108714448133453	0.107238490659367	0.106848698386517	0.106527583976856	0.106529292227875	0.10580858923979	0.105208316963928	0.104757575402754	0.105094022842969	0.104900289057812	0.103315555697377	0.102766586567873	0.104117312957065	0.104091146662068	0.102669978612138	0.101848434554232	0.101709760269395	0.101689530159762	0.100827623223868	0.101071117514509	0.0999046718769101	0.101141483838104	0.101248258503388	0.100574265451513	0.100161041692628	0.0999162196947039	0.0994157430552865	0.0996847821553234	0.0989054700705974	0.0986243370789277	0.0988407332109201	0.0983355657378542	0.0980024971960773	0.0971444349607941	0.0973153641111409	0.0972601248371989	0.0972044487670106	0.0965335465084274	0.0969357270797988	0.0961342481143354
AAT	0.0942964896194977	0.0958572477251076	0.0959535180426606	0.0957936378629051	0.0960445293017965	0.0953268213882339	0.0964418496660891	0.0967847375386676	0.0971038485098582	0.0971835560686584	0.0976647719720495	0.0978584105764394	0.0976621621575205	0.097695676309853	0.0978307432127723	0.0983891502001397	0.0982985396573204	0.0983925918081322	0.098039752668038	0.099699624252213	0.0992559350922025	0.0992084271669354	0.100180474621291	0.0998399494179604	0.0998643290796473	0.100533520254137	0.0998501975263768	0.100219823851429	0.10124455348044	0.101148753335434	0.100786883416758	0.102393612804106	0.102465777931954	0.102667756346379	0.101877181079831	0.102128256983692	0.102078410328696	0.103628928265055	0.103164984268924	0.102484004659437	0.103058932810108	0.103083470503361	0.102609231017237	0.102968994245453	0.102895605607736	0.0980344863455625	0.109158205174402	0.0993414133178855	0.0939807933549909	0.107779380948686	0.140121927749314	0.111480010043645	0.10430788347253	0.114190758751255	0.118484756860728	0.139212035997315	0.110388700317226	0.106679171128013	0.105042467573319	0.104363329444147	0.104643784671328	0.105073836521414	0.103822765127543	0.103672611390775	0.103088537093264	0.1042448903309	0.102493748759076	0.104105722649534	0.103274568139325	0.102966303843969	0.103621369927306	0.102714882373939	0.10166026537228	0.101995352895945	0.101502236172142	0.101162083545343	0.1014604082955	0.100950804269207	0.10061024846879	0.100529208229772	0.100362588350961	0.100006416752536	0.0999759869531984	0.099735543818129	0.0999868922624278	0.0997070561143841	0.0997346552318944	0.099364717223559	0.0991416912268	0.0984061256471807	0.0976234050231872	0.0980217965997873	0.098295998300799	0.0972100494611196	0.0972013328158404	0.0973143700293626	0.0972944423682091	0.0970586747981364	0.0964842103973433	0.0967650958169505	0.0962952129560463
ACA	0.0884079262142243	0.0885884735315479	0.0896543074324333	0.0883497068087314	0.0890452099683661	0.0895926623182606	0.089508705158589	0.0882915844595388	0.0891484790345987	0.0894712978137096	0.0893083148237327	0.0890434180507864	0.0900332794411314	0.0911880219490174	0.0902599398743024	0.0910256895527002	0.0903265614291581	0.090960839680818	0.0906218412271874	0.0917106343649846	0.0919245861242924	0.0930597173795106	0.0920825876596417	0.0926298825031146	0.0924812625893496	0.0929360529741334	0.0935751997756127	0.0934963765695547	0.0935987427245129	0.0935862230464677	0.0942169830240841	0.0943128425671839	0.0945427713888543	0.0944882417072379	0.0943016615547964	0.0946457538757859	0.0948853259905689	0.0944319915547242	0.0943835537976954	0.0946257661995701	0.0952852621793618	0.0950615244649254	0.0951530001684895	0.094765827025451	0.0947875859032312	0.0981163003874324	0.10453521170458	0.112984465914718	0.111161844517906	0.114574545737103	0.110206395589362	0.0921023476850708	0.105701774565884	0.115192722781948	0.133148799530326	0.120644423191542	0.105391451313057	0.097683316212069	0.0962333511298918	0.096073646051872	0.0955901967529822	0.0955086716808315	0.0947141852372971	0.0952124754865783	0.09518883332701	0.0948348313707756	0.0952778376499561	0.0952035764983198	0.0951868466438208	0.0950152650163202	0.096166385360924	0.0949037556653255	0.0946670893955903	0.094257925194505	0.094306196285285	0.0943551515503231	0.0937790435105488	0.0942670425636009	0.0930921814195887	0.0938037907636634	0.0932591590774073	0.0939095482836394	0.092845599072719	0.0931074825812386	0.0927397862832484	0.0916445400204497	0.0913299023073546	0.0910957042121528	0.0916310829410273	0.0911519011138884	0.0915923639902838	0.0914312076357009	0.0907528798542316	0.0913143395878746	0.0906722417910176	0.0905819488996942	0.0907423489133785	0.0906547446729264	0.0900162213386869	0.0908681147439425	0.0901343970432628
ACC	0.0855685610692499	0.086376418429375	0.0861818367465329	0.0868448129345128	0.0868203322720009	0.0863444806471522	0.0866955129474104	0.0882261171170806	0.0877569670425938	0.0876795106232527	0.087960832316365	0.0879947671214488	0.0883784657341384	0.0889401225073338	0.088818431985016	0.0892999221344345	0.0895171701645221	0.0897580749821983	0.0898612268178695	0.0897674290284399	0.0902520287277582	0.0896575149994711	0.0899546962090457	0.0900023012213275	0.0901111467026599	0.0904481475627122	0.0910866370740621	0.0910478942519209	0.0906815337144503	0.0913247236935032	0.0917169228726411	0.0913748262585665	0.0916851681031669	0.0920177583611123	0.0918359499901603	0.0916269804304554	0.0919364502421309	0.0916728938480798	0.092385155042936	0.0914900373419233	0.0916225346358614	0.0926305994908073	0.0929386419846182	0.0933122542136905	0.0926348528974477	0.10319234159444	0.092340247896191	0.0888854528631787	0.0975933073245858	0.0868924744104362	0.0718802300701106	0.0825942464761933	0.0945203289995117	0.0903931348144823	0.0726050911522065	0.121293834896932	0.101110213068593	0.0934261466102849	0.0916023694032833	0.0919178275354091	0.091086483453873	0.0911196149534172	0.091147477198658	0.0904672924955426	0.0908126674487018	0.0909039482089177	0.0909672567881543	0.0909326994729333	0.0909277288814963	0.0898251837588863	0.0893975482762862	0.090186611980397	0.0890206006724666	0.0893596412417594	0.089290444878184	0.0898454673087691	0.0896643841183432	0.0892079014123036	0.0881851129924035	0.0885744047798791	0.0883719055021861	0.0876835198589493	0.0869949357296016	0.0877114098759067	0.0876060581593153	0.0868322362038736	0.0876579257396931	0.0871552744760908	0.0868371278664094	0.0868220802458221	0.0868237619195884	0.0867226608837538	0.0865103747201301	0.0858768337803267	0.086200091139666	0.0857038546828832	0.0865744800759942	0.0853489277959921	0.0857924180165841	0.0857757816246404	0.0845936627211825
ACG	0.0904777853809342	0.0911739098611895	0.0914120660525628	0.0896980813943594	0.0890150686151364	0.0899760714548232	0.0905263766774825	0.0902958403324303	0.0911949091006778	0.0914033077886105	0.0911565250691472	0.0908793767501463	0.0925222073631526	0.0922803085526067	0.0918935767112677	0.0933657414120699	0.0910313567892129	0.0923583041383453	0.0929843603943558	0.0930695729338843	0.0927386392814311	0.093670221320347	0.0917340229707141	0.092553181049669	0.0926379691411477	0.0933905556861672	0.093172360984362	0.0940309668102242	0.0940374438186473	0.0956214617339781	0.0947833022102956	0.0935676126153837	0.0947486043328821	0.0930312375719437	0.0941955316810118	0.0935476990382932	0.0934681287415904	0.093672482131615	0.0927912897131967	0.0944181726433416	0.0942472802224656	0.0945811462376826	0.0919780904403177	0.0939065207913759	0.0932388867976857	0.0848947420516157	0.108742323373701	0.110651822818823	0.110205099054229	0.1077400033427	0.137541702252191	0.088906498153462	0.1110337268345	0.0975696348576589	0.0803840006200008	0.10593655757598	0.0971992443541793	0.0962470934171704	0.0940310857246862	0.0928722461944599	0.0942191508624791	0.0934634317450281	0.0933470696518459	0.0925147584626908	0.0936594700621183	0.0924358562332547	0.0916597796690604	0.0910034236867107	0.0911507872455828	0.0918004461873504	0.0924245400917364	0.0930776059409444	0.0915144812248941	0.0905218592510216	0.0901755204266085	0.0923111741593632	0.090429252201255	0.0886735712585659	0.087416450423793	0.0886246754004318	0.0874124332357685	0.0878250026806746	0.0874318960265349	0.0868265749911305	0.0875362859041339	0.0872734749953928	0.0867512502056553	0.0853729508391665	0.0852411121605456	0.0854644698571969	0.085582213114921	0.085829008947147	0.0861436879595205	0.0863076504301107	0.0850038609274917	0.0847769640260963	0.0848514871376371	0.0843353539175756	0.0836183579647279	0.083546464811145	0.082391888752972
ACT	0.0885088585366057	0.0903195397806477	0.0899965879586202	0.0899265200211158	0.0897108938482898	0.0900636949446022	0.0909881205811485	0.0911406419016574	0.0907800286757167	0.091390646038575	0.0909634335498088	0.091549884785363	0.0921642119001721	0.0909692210313943	0.092112968345783	0.0922915561502142	0.0916463809804857	0.091142690022755	0.0926321076228761	0.0926858220916097	0.0925856388659535	0.0940434601994418	0.0932391410939097	0.0947916240314801	0.0933916839975615	0.0941436681825941	0.0946882975776516	0.094251332635731	0.0936484511083944	0.0942167828020684	0.0943163407690484	0.0939545489577922	0.0945791677765242	0.0947258894380171	0.095227239106714	0.095130282152155	0.0961006696491235	0.0944997735345431	0.0947948635282084	0.0950922628149521	0.0962525621768559	0.0956762821496623	0.0970229064430146	0.0969306530164644	0.0953838551094163	0.0932210363717733	0.11015517254803	0.109535630293639	0.108940535143265	0.110917731176947	0.0923614429555252	0.0901720992140413	0.106647164231412	0.105467749055533	0.0815944717591772	0.114930639480896	0.0984002739773157	0.0982165831781432	0.0963988460323834	0.0956122160406794	0.0950038716842193	0.0955827095215818	0.0953820579417472	0.09576689518387	0.0955477345403324	0.0947220795045574	0.095573502042949	0.095845913461309	0.0963601811875638	0.0948434572236812	0.0957243301345086	0.094712088336114	0.0950366928044825	0.0941601874749302	0.0949790617500114	0.0943727019263823	0.0937726015349118	0.0939848731180458	0.0929544115385292	0.0944594614356305	0.0930990747368948	0.0929405026451795	0.091996026482486	0.0931974472402783	0.0918948268484078	0.0935762098806847	0.0933099293050577	0.0928000204061766	0.0925606173752618	0.0912715526204299	0.0909294600966449	0.0907734278260221	0.0913379943105166	0.0900432324086553	0.0905860666321968	0.0904300650000257	0.0898918799491442	0.0906243711172224	0.0909265561383313	0.0892907162205576	0.0897486567651853
AGA	0.0884516652838333	0.0896083981283423	0.0896223922876897	0.0886766137088061	0.0899948419267281	0.0908398863966183	0.0905770280454242	0.0913725600081725	0.0911990049418552	0.09113999989187	0.0915563768262061	0.0923242357642136	0.0928184202353804	0.0934096558759607	0.0923331437678721	0.0932928800523309	0.09408678849932	0.094156250402341	0.0953778414798586	0.0945168913435637	0.0964807685162916	0.095218906613545	0.0953335698788938	0.0949837495123715	0.0947261366339858	0.0953040622965075	0.0973737626808929	0.0970367601965282	0.0969610831618401	0.0960178733049774	0.0970919426868597	0.0972916943600726	0.0969517783093989	0.0986339813753376	0.0998288264436886	0.0986887804207053	0.100514254973869	0.100788406944458	0.0995256104409931	0.10079854111299	0.102325405278806	0.10109861231329	0.102053569417123	0.10359758503707	0.102801448786495	0.107222167583321	0.142212904562582	0.140415937227063	0.124482619593003	0.123019801288751	0.109443943444739	0.0944325613558158	0.11276017581888	0.112627112862299	0.142959278302304	0.129382659026598	0.104659948341623	0.100894200166558	0.100108502900449	0.100016885915881	0.0993711235360521	0.099626837894905	0.0990042425751116	0.0973107824248838	0.0983459399040237	0.0982416408164673	0.0962737818890834	0.098133766896898	0.0975616683838515	0.0968324742523203	0.0954523374443397	0.0957980076377363	0.0958054198060722	0.0963495994282226	0.0983011793395427	0.0960333593189558	0.0965797252856742	0.0968243340042934	0.0950619786033137	0.0947338930093945	0.0942560438722632	0.0928110463432902	0.0941327282487975	0.0940073321879525	0.0922343976025758	0.0928707321216406	0.0926403869151855	0.0925194657777925	0.0922278385780357	0.0932645404669406	0.091951559985822	0.0911765679309355	0.091590762813278	0.0925998246792371	0.0915944380795251	0.0930342808095329	0.0919810560497076	0.0918467828078584	0.0907204839118019	0.0914409758875273	0.090734419943366
AGC	0.082880201770236	0.0838340815492974	0.082920011879761	0.0826635765679461	0.0830888434138035	0.0835891669473048	0.0838091279158764	0.0839846219394026	0.0832876058142642	0.0836950587838321	0.0845418910202862	0.0842167533463155	0.0848960046097082	0.085603403995719	0.0850054009376569	0.0853636079669108	0.0856210142555728	0.0850759730979816	0.0852126869030149	0.0845307913982971	0.085275742050827	0.0854483987147302	0.0856469667114311	0.0856154830615603	0.0864656454769174	0.0865774010943406	0.0859636091972293	0.086444551841439	0.0863792462716631	0.0868793399306505	0.0863397839550829	0.0858673174598027	0.0868252714556939	0.0867115966203903	0.086636031730473	0.086265772346903	0.0869225580740805	0.0869090756301611	0.087201207785491	0.0875744490632089	0.0877412484188745	0.0877177503784418	0.0868469912712754	0.0867565985241125	0.0864614403560302	0.0936135968784574	0.0993507646113493	0.094131482842822	0.101713920927387	0.0775382065433239	0.0756358092505678	0.0627147610777912	0.0870543103357426	0.0876883554597964	0.0723059560311792	0.107316714886627	0.0914487575930195	0.0891609346151466	0.0881372166714051	0.0863457899211072	0.086922502840287	0.0870246145815685	0.0867454023672593	0.0864008051005536	0.0865029270539231	0.086330318148054	0.086945863963686	0.0863114052594071	0.0860866022832032	0.0855211846269623	0.0856042966271804	0.0853689853058137	0.0847980710371339	0.0852136495775292	0.0853735118283409	0.0849517152609092	0.0844843730484155	0.0843324306051122	0.0837355025585566	0.0833389313032305	0.0831738977582544	0.0834133116747065	0.0830402599016952	0.082927270885189	0.0824544176940947	0.0825288425397871	0.082719562655425	0.082997209647217	0.0823241358177238	0.0818427015786822	0.0825911953936919	0.0827337348504417	0.0820103016450699	0.0812981020893555	0.0815988149702491	0.0819362749890848	0.0814488873086825	0.0815954300550057	0.0812891657839582	0.0808052636674563	0.0803293063894916
AGG	0.0830267783783306	0.0839978547747563	0.0841677397124813	0.0841047711389112	0.084945495186766	0.0848029824627413	0.0849396107364815	0.0856324798498951	0.0851791335944782	0.0855509506936829	0.0870088920590906	0.0872251800175467	0.0865487291466319	0.0869426579299697	0.0869401954496556	0.0864430287236609	0.0872013495363134	0.0880265534073201	0.0882847057067053	0.0891986535627566	0.0880547037306643	0.0879568323719682	0.0883036879615665	0.0882235516096085	0.0889498254919562	0.0893451520841999	0.0898558555966113	0.0900904042499962	0.0907972230884642	0.0903184125226433	0.0909005165734951	0.0904969889533039	0.0904540561112875	0.0909190743339719	0.0917840693216513	0.0923527341031578	0.0915265165958923	0.0931059633561764	0.0929387294707573	0.0925207388614394	0.0934470147232213	0.0924156517170046	0.0925466183390544	0.0939313879945547	0.0923689091647323	0.0863338995636534	0.10235074368851	0.098186839187525	0.0879972102998659	0.0800148516903584	0.0919582463425005	0.0823658996853882	0.0821751468381604	0.0725535078996987	0.0854655374363161	0.0994893575843778	0.0897842736098257	0.0933889639193189	0.0922349503847322	0.091672732969324	0.0910531701596643	0.0922463578400518	0.0912178141978826	0.0898681405509678	0.0899450583465076	0.0909774268275009	0.0907966581995578	0.0912096145212107	0.0905670186390156	0.0898104122590828	0.0893266047370036	0.0894237696716021	0.0885414796116368	0.0886987427033159	0.0881890828663931	0.0884271867656828	0.0882111991468701	0.0880645146392609	0.0874631372198972	0.0870068328535555	0.0874868896722676	0.0868716808857018	0.0866859308701223	0.0867474891011235	0.0860147049921458	0.0864051718291888	0.0859210973761039	0.086728704844916	0.0857946502664482	0.0863271374341074	0.0856007773018571	0.084307634898281	0.0845160882049235	0.0839285043953685	0.0842446521978936	0.0841558292751669	0.0840826068849683	0.0842392717491955	0.0834795099190285	0.084371056871391	0.0833595608210336
AGT	0.0867332338077333	0.0876054942553429	0.0880258395488992	0.0887582842057717	0.0880307907267587	0.0887998003405574	0.0890672860261137	0.088310586400425	0.0896868975514585	0.0891462793393101	0.0890968132509182	0.0903824676637249	0.0894939180522375	0.0896500035783866	0.0907645285301051	0.0911038912143371	0.0901103581750383	0.0901149701986662	0.0908994957003771	0.091802547762205	0.0911924627777183	0.0909393844494283	0.0912432767322968	0.0921203607937229	0.0926039604581916	0.09193036211143	0.0923279708772399	0.0924470267022574	0.0924414915012348	0.0922343058012825	0.0922185072553898	0.0920225285069031	0.0915468327088967	0.092968772960456	0.0933919718604312	0.093154305537982	0.0932630583756833	0.0931347594144468	0.0929719799112806	0.0939798523503991	0.0938153556669401	0.0948384791688344	0.0935183972845262	0.0937689713837823	0.0936305848174069	0.0894889015291647	0.111019611364082	0.0996987609555483	0.101609124550855	0.0846488154905509	0.108608139820675	0.0744523536637446	0.0948385987245734	0.0961127160652689	0.0846703371508637	0.0962021343060394	0.0939758823148276	0.0962570262219783	0.0945278933224827	0.093606574286198	0.0928397584546943	0.0945913291171235	0.0931330450815837	0.0928612634903893	0.0939092633517953	0.0953588050796251	0.0939925912171548	0.0938950739488352	0.09403992087667	0.0945680391229933	0.092769842267194	0.0942244614022115	0.0930762584863302	0.0925647006134246	0.0926684251555895	0.0931133352972801	0.0928880369482425	0.0926950863975008	0.0922205206144305	0.091866678912133	0.0916349733512023	0.0907862514371491	0.0907202115115324	0.0910480878485386	0.0908814100903339	0.0904912858261811	0.0912436360970092	0.091415411597349	0.0909125284624923	0.0907199819898136	0.0890811405326315	0.0895235136330256	0.0903117605174949	0.0896158003487879	0.0896575219583726	0.0891733159408587	0.0888821816906397	0.0884665579554547	0.0881335988796369	0.0896660204709559	0.0892451464518918
ATA	0.0903075786058975	0.0904887616304385	0.0895139340874453	0.0903142967003479	0.0902087642362265	0.0900365987544422	0.0913882004850413	0.09152811330844	0.0911577663770854	0.0920735504879765	0.0918683833267234	0.0927749574030508	0.0929092434173523	0.0919080727298645	0.0930651568086569	0.0934142912210477	0.0936979575070059	0.0934814240680423	0.0948741930566989	0.0953841523063148	0.0951356822974597	0.0958311956543509	0.0962564245084269	0.0965611956316207	0.0965562629383664	0.0969997058997169	0.0976304080589352	0.0965039783763195	0.0969296044480728	0.0976346373449694	0.0978111180398693	0.0979572274314516	0.0975809162032572	0.0988486391297839	0.0990035207275972	0.0984120322743687	0.0985047410695247	0.0983098298845644	0.0994459802829289	0.0982247203906502	0.100134751595277	0.100368721996439	0.100811331408997	0.0991022964903657	0.10021756244404	0.10960447024733	0.0946332994798282	0.0964802611397067	0.102470848172356	0.106356161628366	0.0878767910343033	0.148546234758495	0.111646655531264	0.115886277402437	0.151007512665386	0.116198024275656	0.109106615173977	0.10215210338704	0.100349654713604	0.101098689746267	0.100969530243961	0.0994615693268032	0.0985046473320041	0.0993857525962915	0.0993148348531439	0.098783134166105	0.0991612502105109	0.0994103762544064	0.0992921515561397	0.0989200510636629	0.0991336150868637	0.0982525324248601	0.0977370316922314	0.0972353887837395	0.0973992348710901	0.096429555729774	0.0961668955204313	0.0969994922200935	0.0964393253787299	0.0958310740017993	0.0961813081296561	0.0963596563346336	0.0972839756939113	0.0956677707211499	0.0944454059272192	0.0953923099677595	0.0957145538509227	0.0946963258585699	0.0942466608021876	0.0934297527826365	0.0939872920349224	0.0941564386605115	0.0927847993935253	0.0930485489718847	0.0928855850975892	0.0924236757081463	0.0913209903003598	0.0915379176434328	0.0926618853129391	0.0911757792042273	0.0897128039218424
ATC	0.091989526256038	0.0914788118574601	0.0925347158134597	0.0924659787329757	0.0934287567525212	0.0939780207142842	0.093759575605539	0.0941864570408438	0.0935848349665282	0.0941650588684364	0.0949034241992756	0.0948289747865304	0.0938132730807946	0.0948244578894816	0.0952157453842456	0.0952584476496689	0.0956682744008337	0.0958211160177711	0.0961144218290791	0.0972151513859772	0.0964581082288879	0.0972907768021381	0.0967580408306213	0.0970103382349237	0.0980027957864146	0.0971992870304904	0.0977788487711403	0.0979132265761446	0.0979928205794034	0.0986255202030583	0.0983217138815772	0.0986337966807392	0.0992437042110614	0.0993577837516211	0.0994158338960713	0.0990756858230266	0.0989499276318831	0.0987054613184152	0.0999803470230518	0.0995905230067925	0.0995613598601276	0.100056517039876	0.101143396584058	0.0999429117489175	0.101716906946381	0.112033340037413	0.105469302318901	0.131227553137269	0.131489865323053	0.109493806243474	0.0709291312330344	0.12219162734184	0.119739839815816	0.110173629444172	0.0953303958122791	0.123318851876477	0.108973585616335	0.103568064396135	0.0996681054578518	0.101373963354293	0.10110487040577	0.0993801863267437	0.0988183454148693	0.0990510111190711	0.0991270056995639	0.098622127620566	0.0996136326360017	0.0986751618514867	0.0984104889557485	0.0988665157655504	0.0998915566294259	0.0983469033435614	0.0980377671475136	0.098165414545816	0.0984721945384716	0.0974957857410914	0.0966783769710074	0.0969120259598004	0.0968516807262998	0.0966505676122908	0.0967361167855396	0.0974688012113681	0.0957400742166269	0.0958794777293339	0.0955916303734332	0.0947955681506149	0.0950437621810774	0.095349066728816	0.0944814835775247	0.0946165572858096	0.0933485899632921	0.0940167654952068	0.0941101440579869	0.0946579341294924	0.093806699562827	0.0930661032979871	0.093507028496337	0.0935664703151009	0.0931779133750976	0.0911465639237382	0.0924111629305732
ATG	0.0954804117769562	0.0954190463422257	0.0956058395686977	0.0960253728371357	0.0965083384866643	0.0970319716022656	0.0975935597235094	0.0964982443654826	0.0975240567499112	0.0979823457634074	0.0970556825563384	0.0980860270628127	0.0975801888734594	0.0983425266062666	0.0986742146206354	0.0992569535941908	0.0984926357954999	0.0983094866732181	0.0991008296710521	0.0987279006230035	0.0988200188847893	0.0998160179882535	0.10004662270186	0.099897401756103	0.0992031752126471	0.0992322127759597	0.0996192970267357	0.0995989787814319	0.0994409944705452	0.0995445128526204	0.099625400889792	0.100525455535869	0.0998881581896072	0.0990318018852473	0.0997135571564616	0.0996587858673488	0.099179199983125	0.100110863473547	0.101098109119499	0.100679312624516	0.100632628555644	0.100887500889239	0.101089337581792	0.101404981500117	0.102287767923364	0.0949272429483684	0.122314866758423	0.108893272490161	0.10176905834514	0.11786253404078	0.117951632609669	0.0978920781076973	0.10298595956085	0.0913282675929413	0.0997892508217282	0.101492998605044	0.0949585084124263	0.095915773479766	0.093366184040763	0.0939326184546467	0.0936084930434211	0.0947639972011119	0.0940974713734489	0.0931998143236439	0.093598457443399	0.0926195177547079	0.0930707013870419	0.0936336971461845	0.0931950233901124	0.0924086618270266	0.0927314244272677	0.0920507800379809	0.0921212095498392	0.0918344399636913	0.0930100045956735	0.0922025576335593	0.0927165443890876	0.0924767445467359	0.0915433461088197	0.0909690543905333	0.0919373864146144	0.0918618785353402	0.0909439882596364	0.0905367988638739	0.0906358007380837	0.0907677151595224	0.0898595163781449	0.0897091557740305	0.0891157428372585	0.0893609120914339	0.0891962239954157	0.0899984403525216	0.0889864255642401	0.0886712137595361	0.0891252954473207	0.0895805439569893	0.0891184848180901	0.0886936750399941	0.088801065502003	0.0890383485031264	0.0883444079791629
ATT	0.09832995858938	0.099446574305944	0.0985079634720511	0.0994987327398799	0.0989584769844602	0.0999207220688362	0.099543830343095	0.10101836194638	0.101048085953611	0.10076320713604	0.101762257569175	0.101319744365414	0.100974041467672	0.10198018642225	0.101886854804345	0.102582644019625	0.10294818670036	0.10241022082398	0.102818714302769	0.103586789777917	0.102904612895009	0.103969923348694	0.103715357490875	0.10426477285047	0.103786082224933	0.104456833875793	0.103665216064644	0.104506830661068	0.104419440898888	0.104888469375939	0.105113623546005	0.105890779502222	0.105942691202455	0.1053173616666	0.10604566422292	0.106767476479847	0.105719381819676	0.106545616374124	0.107007570842771	0.10643253090549	0.108144940264669	0.108080618396125	0.109046003607894	0.108577571441676	0.110669142370167	0.109632441472065	0.102809798030544	0.102115203785683	0.11161671613527	0.108594574542893	0.0765961138384997	0.137044456355311	0.126954432454397	0.123779249280637	0.113092892844637	0.12172310202054	0.110936477120797	0.11217916144131	0.10902804201851	0.109238420341896	0.109148949701671	0.108174577530417	0.10779039877133	0.108586481692095	0.107967040885709	0.106874840103567	0.107668326436129	0.108108707035224	0.106093603789773	0.106454634336581	0.104837178642597	0.105374343361014	0.10558575321219	0.105404538859583	0.105584935985888	0.106587261778463	0.104886081642542	0.105510851204906	0.105076097726417	0.104997399633079	0.104377302765536	0.10482687643287	0.104039565105069	0.104682981530229	0.104042707567209	0.102787438518382	0.102857417262703	0.103273008380951	0.103226700283434	0.103131467170979	0.102422335387377	0.101720203642619	0.102064600375786	0.101399785375296	0.101740955389081	0.10055914451555	0.100531723177281	0.0999209839051937	0.100747246100689	0.099927319417015	0.0991536715080342
CAA	0.0857827323796213	0.0856331258744672	0.0855519454606039	0.0850986906852376	0.0862922702408896	0.0864408134087457	0.0868291341470458	0.0868465562123944	0.087485566663186	0.0878315097519892	0.0879690538721445	0.0879713051627196	0.0878584037481552	0.0885572520540333	0.0881441794592309	0.0880632367772902	0.0903087042937641	0.0893886754952665	0.0878705214768366	0.0892747066198497	0.0890199482773382	0.0892354368465054	0.0893475524543526	0.0895483115580709	0.0896786669406986	0.0904492144459642	0.0895900538936776	0.0908479644815671	0.0904901002352928	0.0900161132423606	0.0908948790129233	0.0911433841311408	0.0915989228152271	0.0917913589904375	0.0916257268814362	0.0915341256264636	0.092625731274925	0.0935857397013745	0.0923785432614883	0.0928752849713563	0.0935425605022232	0.0931766090536805	0.0943047027376436	0.0942155023761439	0.096477903596874	0.097363881412364	0.102623405317614	0.0901118718880817	0.09476041855871	0.119646764849059	0.104336097519711	0.0695884324765847	0.0989720831028176	0.106329529161546	0.147941587490662	0.0804665315611093	0.0991140264325895	0.0961478691408315	0.0957859300349975	0.0930947830726126	0.0941720012420158	0.0941336857552022	0.0936221302021062	0.0935949442081922	0.0935464658951126	0.0929279020548526	0.0929134708059698	0.0920461296918708	0.0922874263525583	0.0919822826520652	0.0915577705844655	0.0909100269864851	0.0907730334971353	0.0916414219478226	0.0907529589590851	0.0906874497840759	0.0903663773417934	0.0893444775471789	0.0896077669070615	0.0898162187323407	0.0894778978497534	0.0888940573431967	0.0884553701662888	0.0889258476520071	0.087768924496378	0.0896592744211873	0.0889383869154396	0.0877966696573344	0.0887771975395562	0.0889435376173423	0.087529239763182	0.0875081218078801	0.0883837927444783	0.0875586614024027	0.0876973464967827	0.0875020062776914	0.0860009831176556	0.086315557218394	0.0864159839609213	0.0853690338166321	0.0863954766735261
CAC	0.0849008160458419	0.0846963522293639	0.0842316099480387	0.0838827422333785	0.0845124914040946	0.0845403958223174	0.0849358127252028	0.0850768282202902	0.0850964341736938	0.0863412171726289	0.0869324657689421	0.0866749797417646	0.086756188302033	0.0877437348854431	0.0879153648157446	0.0872086736928172	0.088571244818875	0.0888270596483091	0.0879960398455865	0.0885286520189826	0.0894123417263936	0.0878048068140914	0.0886518365984013	0.0884171033653004	0.0889974988663782	0.0887411120960609	0.0883718457254811	0.089469101681159	0.089459174792354	0.0899667717844329	0.0885432678147498	0.0889352045339006	0.08855229256496	0.0892112459427543	0.089248204166431	0.0902415090808567	0.0900720356053435	0.0912286667687235	0.0923131964738215	0.0922339496888985	0.0908189457079578	0.0920374845151656	0.0928494011896261	0.0917136174354552	0.0940100868120899	0.101052958375969	0.0883584195026938	0.0813400990966194	0.0869921487850834	0.095592524744282	0.0735775355250484	0.0822573161579492	0.0943391727201722	0.0946371671088176	0.0874943225499526	0.0737608214110835	0.0957799376571533	0.0905865946558645	0.0886387925822163	0.0896711907203191	0.0893831686801903	0.0892358343339166	0.0892440418517333	0.0899198008320561	0.089068061937235	0.0899760466049274	0.090031027139226	0.0905007112564201	0.0893195591877275	0.0896967461873448	0.0904797526836319	0.0896610131567494	0.0895873269881725	0.0879035500871923	0.0889749854553938	0.0883657872699796	0.0898980127018565	0.0874961420822897	0.0893386411628111	0.0883993078907049	0.0882539658959322	0.0868449504673725	0.0867537815413412	0.0862570602916354	0.0871027489660058	0.0869396753543543	0.0856606477436799	0.0857209732937711	0.0855998188746081	0.0860691121308921	0.0852476682523961	0.0860543624155185	0.0852071002214819	0.0846161625211175	0.0861289150279644	0.0860596868473837	0.0847250969879679	0.0851503248060446	0.0855769928968175	0.0848558294691113	0.0857750219506638
CAG	0.0882553570877304	0.0879845389536287	0.0891382058980532	0.0891863742651708	0.0894461136254411	0.0891052667430549	0.0898002150657949	0.0899310750076163	0.0901581611230011	0.0901724588663544	0.0906296625739305	0.0910561750980323	0.0912832073599244	0.0909043309803188	0.0917143753370214	0.0913287039285961	0.0922692858807137	0.092396526017569	0.0922824240019951	0.0921365968362666	0.0924206381354371	0.0922411908101181	0.0927271303421931	0.0928394537803482	0.0927755089995942	0.0930442551021826	0.0930493867198106	0.0929752766941174	0.0930096351861568	0.0934730623599705	0.0934557299849084	0.0942758645338016	0.0939441480326911	0.0938310383922387	0.0942072229049564	0.0947399661969701	0.0949941580436476	0.0946964379629997	0.0947854557271305	0.0954271782060071	0.0958959219946715	0.0952452867677786	0.0960006768618615	0.0972084387151197	0.0956975375459816	0.0863945239104787	0.107500683707721	0.0838720214215443	0.0882695452624239	0.104986937698705	0.105744455875376	0.0715644856336041	0.0958266080586557	0.0913888549396464	0.100122771060042	0.0765247287869069	0.0962026178155278	0.0966435998635489	0.0963526685524919	0.0947230497606888	0.0945772005464899	0.0953494225214831	0.0955629668329141	0.0946161876564299	0.095504458648313	0.0949169219881634	0.0947152024694685	0.0948191133219555	0.0942122542289719	0.0939126195782103	0.0939194588576663	0.0938812096731047	0.0941753169609524	0.0945354576626743	0.0931970952842732	0.0925695372827534	0.092985579517798	0.0924121163100129	0.0917488672828111	0.0918446650540427	0.091695203311763	0.0915255488007906	0.0915091553385539	0.091392034374257	0.0903818867672536	0.0909865480546544	0.0914559818125879	0.0903027669899692	0.090336187836108	0.0903387255404302	0.0902085741394051	0.0900072150254681	0.0902226826573487	0.0896309465210832	0.089675546205504	0.0891436718789808	0.0894267893679692	0.0888938472946713	0.0883808831805205	0.0882730048781096	0.0885545177321973
CAT	0.0875741201897779	0.0869325328139221	0.086725481407104	0.0870027913936527	0.0859804195509607	0.0868218569891066	0.0867539657826958	0.0876045058618313	0.0875585491444775	0.0888150754265752	0.0891331918226181	0.0887957084243512	0.0890627894510271	0.0899795136188933	0.0904132887798526	0.0898924630924367	0.0927444807240709	0.0912849753816773	0.0927599470123379	0.0923294498434328	0.0940321581237743	0.0910543668968356	0.0928388175249877	0.0917576313399835	0.0927039876983705	0.0923003711132348	0.0923403243229235	0.0926484433707419	0.0925199378654424	0.0918303183970723	0.0922760803617607	0.093081628166698	0.0926376017424142	0.0929967800530688	0.0929515015978941	0.0946920379703525	0.0928968717036679	0.0945734016503682	0.0973182296427071	0.0966008866465985	0.0947401697078027	0.0948394326502071	0.0966479507203663	0.0967170792928856	0.0991236931432065	0.0930638697212424	0.0972508955563999	0.0854281520387724	0.0917737964972779	0.102836952443993	0.0972827003323878	0.0821923149136953	0.0995428147362662	0.101791752935475	0.0903139960939775	0.0716626524626557	0.0972797438929112	0.0945174074009927	0.0932545783463974	0.0933294252369975	0.0921019217881915	0.0931239102082815	0.0931827931589748	0.0931085984852435	0.0920830284987075	0.0941231673984337	0.0964374020663222	0.0934962503750048	0.0921248030100527	0.0941313544428202	0.0948820897233224	0.0936180442022279	0.0949434539204787	0.0925878984712926	0.0945521372171463	0.0929876846194072	0.0959549831056874	0.09229049510955	0.0943388045118037	0.0919776494727697	0.0939886185784341	0.0927577457159881	0.0907864857639727	0.0909782886574572	0.0907584067281602	0.0900587446462025	0.0888696833769433	0.0903550317863542	0.0891720511136791	0.0893907002322615	0.0890314557606758	0.0904353592630568	0.088925093776767	0.0905766989650892	0.0906097776458665	0.0888743003234901	0.0878928224166836	0.0883568183617868	0.0899210276764053	0.0889342127877264	0.0905063730643797
CCA	0.0856576833535106	0.0856185463925194	0.0854534196173466	0.0856427880853252	0.0861745454553821	0.0864721501289403	0.0860605042757325	0.0865872781503705	0.0866788612892516	0.0866091933728403	0.0870896314585891	0.0875876259453801	0.0876675413248171	0.0876981624089719	0.0875132239467889	0.0881494870550024	0.0883142965703994	0.0875451256493481	0.0876815709666868	0.088746171086773	0.0882017890791406	0.0881093260798571	0.0892745228204661	0.0888317403182642	0.0888908274145734	0.0903765879237387	0.0903530745775396	0.0906960822079637	0.0904192601714757	0.0892629886556689	0.0899398519489142	0.0904920256474022	0.0909704898688557	0.0910057058945196	0.0915758463253086	0.0913065826701021	0.0907155564896835	0.0915223273606978	0.0922998780141969	0.0920058489776625	0.0913562051763974	0.0905369896318722	0.0914562668735838	0.0910328113432439	0.0908262303611541	0.0947993326370033	0.0986913439327536	0.0677214324417789	0.0888853152113828	0.104853763353223	0.0950755519131617	0.101440986955472	0.0968990732770532	0.0897618631340653	0.0922269890419595	0.0834247508603705	0.0977035483770477	0.0918778117763516	0.0920400011092358	0.0921658412930175	0.0922142271991225	0.092479644439085	0.0920721041086959	0.0916896894650057	0.0916601968592118	0.0915464228507806	0.0911265372068449	0.0912351682306216	0.0905895333567207	0.0920317307488328	0.0913369181242937	0.0898718114409417	0.0900115760545778	0.0906399108392101	0.0897683470997703	0.089236793143143	0.0901345368740582	0.0895204613899934	0.088638174757133	0.0885503018696915	0.0895632397908462	0.0889209234582844	0.0887721268557265	0.0890925518840257	0.088676448447678	0.0887545429969782	0.0882815620602167	0.0884273214499556	0.0885823656853032	0.0879369497552752	0.0872256002195329	0.0883328831126902	0.0878035373320403	0.0878111357347953	0.0874050368417133	0.086780488375322	0.0864326051719568	0.0868512549570223	0.0867133421647417	0.0860152107105657	0.0862429055868774
CCC	0.0813651875284739	0.0812179558628156	0.0812184814512239	0.0825840173742181	0.0824476703226375	0.0819563547446991	0.0814038673507223	0.0823049974353168	0.0820258944672663	0.0818152988372094	0.0821551429091932	0.0819964582217613	0.0833546304253847	0.0826840448863032	0.0828084184199324	0.0836807190694108	0.0837262518721352	0.0830062377446156	0.0842213796387609	0.0843086232889549	0.0832147622359291	0.0839771268122447	0.0842792631161986	0.0851776914998902	0.084934163079482	0.0856309136647423	0.0845221500908335	0.0859468285507917	0.0853546594537576	0.0856398714091165	0.0853026036301741	0.0854797307369701	0.0855247928302959	0.085105923436492	0.0850628425620572	0.0850540771525622	0.0852366874847598	0.0848232704410162	0.0852397746688886	0.086638449554061	0.0857190138676912	0.0842771749405926	0.0852841441711465	0.0843343203875326	0.0824631281192287	0.0944470067088679	0.0548561910921045	0.0461790744229621	0.0715947701055022	0.0683863151969005	0.0670463499935909	0.0807258496155348	0.0756855414076749	0.0682087389324359	0.0479735490722972	0.0809894496150336	0.0893619781836808	0.0852573450888882	0.0842421791542255	0.0844828872839929	0.0842151465470991	0.0852125189786545	0.0850715256780658	0.0847310665400172	0.0850967783380489	0.0852270317229716	0.0849150465766546	0.0842796744799216	0.0837284395295433	0.0834730428826662	0.0837592356055419	0.0835282663722438	0.0844895150383436	0.0829228481251853	0.0824641083942235	0.0831410849878162	0.0832064068169235	0.0821047547252812	0.0824243100081224	0.0827785926449383	0.0816899496878092	0.0827356041322186	0.0822193712638539	0.0821100676751487	0.0823060178799315	0.0823045784994007	0.0812991146623738	0.0807871917998148	0.0809078756893761	0.0809449626183107	0.0816909017807318	0.0806540183207086	0.0800538737937474	0.0800757226567985	0.0796644250758611	0.0792049713097563	0.0797062892692065	0.0792646427699801	0.0787598483732056	0.0797130917457081	0.0790346705912009
CCG	0.086243068396656	0.085193145961148	0.0857724306332004	0.0859758162994102	0.0852136254479706	0.0858046458790262	0.0854942659530977	0.0854952080105202	0.0855287203191041	0.0854453318102281	0.0857477072209113	0.0851264863297212	0.0854972948897467	0.0864406167526265	0.0858108935470942	0.0853396041101765	0.0851559851085825	0.0853885144351115	0.0860501608602125	0.085909439506295	0.0854880040627081	0.0850176909853839	0.0853022083228611	0.0852100380315263	0.084654305236522	0.0853911304791625	0.085123609103576	0.0855982517014156	0.0860583700147146	0.0849282656519868	0.0857139053768387	0.0852364464326189	0.0845174136405026	0.0849503633399733	0.0851382117749901	0.0848238986605415	0.0858490576043903	0.0851093015104123	0.0841050744752981	0.0837211944140579	0.0835250134872823	0.0824297996919924	0.0814679256559813	0.080825210335469	0.0810690574440676	0.0742493713088782	0.0815843011004151	0.0587608325481564	0.0754512783523415	0.0894855167511257	0.0838218500608854	0.0970329607899929	0.0907066436010122	0.0718718014179579	0.0571590506635084	0.0647641953701494	0.0804168981825762	0.0815785060384203	0.0809247886365344	0.079581509470285	0.0803280738961491	0.0800620031335896	0.079801468290163	0.0784954982310345	0.0782778411793439	0.0781938481474844	0.0776419658729064	0.077947467355219	0.0779951000558428	0.0777730952432029	0.0771785823252776	0.0777944828585099	0.0767998210232711	0.0765584764770465	0.0763191354767702	0.0764367281801156	0.0765433682600444	0.0756830906493619	0.0759015032806183	0.0744475553700777	0.0741729408346732	0.0744398981877106	0.0728021094244075	0.0723036180530389	0.0731283099750418	0.0723915593729904	0.07213019255275	0.0712090379956175	0.0714584044361942	0.0721422977948445	0.0709965160946179	0.0711844704133476	0.0717450409107187	0.0718265055345027	0.0708069159359078	0.0705932165118588	0.070286529728598	0.0698163866531273	0.0702315633782294	0.0690892162685801	0.0685828744304901
CCT	0.0865996743702501	0.0880303396216371	0.0866694589738154	0.086998681576801	0.0882208425922015	0.0874972344501085	0.0868543048054378	0.0876491475402902	0.0874778695152925	0.0877377666730018	0.0890270358832393	0.0881609198400363	0.0883842479178494	0.0891986664590899	0.0879782079292146	0.0887126696336807	0.0897767173390349	0.0892745139165186	0.0893798604197082	0.0904391321097658	0.0892026390116321	0.0902734304669754	0.0905647919901977	0.0902561385702256	0.0919139556553152	0.0916117333409737	0.0905561857815758	0.090698658016694	0.0914783567199176	0.091363521042049	0.0909862613147776	0.0914385360048637	0.0911186069839756	0.0915733965620267	0.0919425671466897	0.0913308640277275	0.0916907375254329	0.0924446487500955	0.092563862765065	0.0917719305973541	0.092035697432832	0.0905701638157106	0.0916046030936431	0.0914636454717582	0.0896134192381574	0.0887920992647682	0.0853335667012066	0.0616665180265674	0.084936419724946	0.0952428493262409	0.0993516426475767	0.0924932091883433	0.0933452758292415	0.0812071481537665	0.0575153248079698	0.078013330945433	0.0925921278697965	0.0910345750597995	0.0926295667436801	0.0919925241001793	0.0915849493092502	0.0929282392181954	0.0933139386481437	0.0923771010365021	0.0928623713280931	0.0932668575416794	0.0924219540039588	0.0925259183011216	0.0919758192928809	0.0919598079021285	0.0916366689115737	0.0910609526137737	0.091526030297204	0.0911269466297477	0.0908660593743521	0.0901953128663719	0.0913394326781788	0.0900455256772057	0.0908607899434679	0.0910620038189762	0.091570823950498	0.0908516554203494	0.0913097184561365	0.0902946859419927	0.0904952531701198	0.0907222196231895	0.0884917090640606	0.0891198626977177	0.0889813713465907	0.0893481363323932	0.0890436711152666	0.0881871133187278	0.0877791922425171	0.0879998359349118	0.0895891819194818	0.0881044794878817	0.087739043758626	0.0879465899099188	0.087440185772625	0.0878130123600742	0.0875576371647038
CGA	0.095941642660645	0.0980215131314017	0.0978050364064067	0.0969975763706776	0.0985947624012862	0.098007266975009	0.0983770634516343	0.0980503906380745	0.0979262115891365	0.10000700356594	0.0986999427713148	0.0980500283726362	0.0994643999464372	0.0991314188799899	0.0993623764381683	0.0993360247605008	0.100856038339201	0.101664932949488	0.100611008874549	0.101029229098784	0.101002599001041	0.100488047343572	0.0999226584263665	0.100781331375248	0.101833639573369	0.100903383753224	0.102985279308674	0.103416757540809	0.102778254789066	0.102944717014098	0.104644062072251	0.104170845852258	0.104032100737453	0.104663358573414	0.105472696531119	0.105268648558224	0.1065099811517	0.107189776913732	0.105361705469188	0.105575744910035	0.107246027496396	0.106532452986969	0.106895221430411	0.108075216742492	0.106040884189812	0.112514353429335	0.119107564515551	0.118435577861429	0.124515246395915	0.123113971130924	0.147504786464523	0.113758386387869	0.130237888729518	0.119572972034419	0.117774307719303	0.0801254645619296	0.105814997040801	0.108008940452059	0.10546459947473	0.103350901983719	0.103404183130395	0.104384516412378	0.104261657952281	0.102858582827602	0.103790795567338	0.103537395697247	0.103520163819584	0.102820415107617	0.102735112166485	0.101897448550894	0.10099383204656	0.101753323448579	0.101112668158749	0.101222303818259	0.100623755478264	0.100767080884967	0.0996715194877349	0.0998250703454604	0.10040437457843	0.101288724061223	0.0980180931133331	0.0976675963682803	0.0979606952052323	0.0968042134359244	0.0971359006880596	0.0994212846128922	0.0976838632350226	0.0965487882710997	0.0967441330297882	0.0964186301057506	0.0973333700241572	0.0968631346501835	0.095058572096659	0.0950597643313317	0.0962426436377862	0.094127517678922	0.0947013198752105	0.0955079285069081	0.0946560589783725	0.0950264253022183	0.0940863321766385
CGC	0.0870107879695073	0.0879270008260422	0.0875395721080611	0.0881683646727018	0.0878205010292858	0.0878605068952134	0.0886182549621224	0.0884328119326696	0.0909577169932748	0.0918666788626722	0.0906402335278115	0.0900021947247225	0.0915410000862181	0.0904447118115701	0.0899545975406302	0.0903254662342408	0.0908806625429205	0.0908207106163787	0.0917087700614393	0.0916812923680582	0.0905577340266071	0.0903834154352657	0.0918266949634199	0.0918196923895467	0.0909259947497279	0.0898615453083337	0.0909151751700199	0.0915594185393871	0.0907946527355547	0.0903898344646762	0.0916993783240758	0.0898696579405767	0.0903774829940799	0.0925235542914018	0.0921290948900467	0.0919695685227385	0.0927627152348311	0.091889082264877	0.0920181074718827	0.0928290438978635	0.0944561591406169	0.0939996481370683	0.092776609343712	0.0919460481159907	0.0913925300012164	0.100883630992399	0.065784693344005	0.0761208952941271	0.0890131689165565	0.0757217983563884	0.0748835839254595	0.0696354882467233	0.090610453913924	0.0860548525789646	0.0669551745484456	0.0687419181188008	0.0907764188578049	0.0898253808816122	0.0906941143072533	0.0905860808019921	0.0892947888841739	0.0899799101253802	0.0902507890672819	0.0885760988141641	0.088196258023255	0.0888119210626519	0.0893290543844995	0.0872401402515582	0.0878337097928973	0.0862818785079454	0.0870804235842654	0.086793452325743	0.0856434042759693	0.0856002888900851	0.0867877575463559	0.086476076224143	0.0853007348104109	0.0835314736423243	0.0842763440863487	0.0839097925151781	0.0830914011346992	0.0837119854002472	0.0821391860549214	0.0826852049392428	0.0824660758206411	0.0838092893895348	0.0827353747890374	0.08241738810047	0.0825681160097368	0.0827210532427799	0.0816121509666303	0.0819722155068576	0.0819578953577836	0.081735846747954	0.0804541656742418	0.0806918742201344	0.0808699752858594	0.0816802814988985	0.0807709144558197	0.0804476077819656	0.0795166361715858
CGG	0.0910238500250637	0.0921522283071932	0.0919771122305392	0.0927107549226808	0.0919347804576875	0.0933100799699691	0.092899693096718	0.0930517567824287	0.0925543810821903	0.0935267488706122	0.0924685154631318	0.0930023757318833	0.0943280814828712	0.0936495924286126	0.0933737046717288	0.0938337070472253	0.0952426562064764	0.0961342222049593	0.0959695195585301	0.0954364399135371	0.0951574086190173	0.0960524578337069	0.0950686770944876	0.094819876576996	0.0951248904935279	0.0962692651690996	0.0953060180519258	0.0964079801208057	0.0955572888881036	0.0955211049986929	0.0973102079466093	0.0975013475245389	0.0969016419142236	0.0960318060473509	0.0967042226401128	0.0972263653777089	0.0985492029940672	0.0987708559733583	0.0976265773097803	0.0966130476766519	0.0978377315523154	0.0978127400282498	0.0974013361884021	0.0978981933682519	0.0985159302491886	0.0877111859658274	0.0800627414352106	0.0772286928129332	0.0865341188704126	0.0850652129468813	0.0932963169640441	0.0790982727285	0.0967532651632885	0.0792519021557423	0.0829758899975467	0.0680216380565858	0.0934279045925329	0.0964320005008227	0.0955668555944589	0.0958122048292359	0.0952033440284775	0.0948533557032225	0.095170272237673	0.0934859453340778	0.0947263061948056	0.0944237704372127	0.092751581277301	0.0921156177850329	0.0915820763407336	0.0914378027594493	0.0920524346322782	0.0917048034986236	0.0920238023754479	0.0906137381682737	0.0903197896135099	0.0898162592870458	0.0900973916935898	0.0901337853189684	0.0891609796217477	0.0877368296163066	0.0882247979459138	0.0881187038281269	0.0883305672085069	0.088545409940148	0.0874187057755275	0.0883042980641639	0.0875165212577549	0.0866206757018021	0.0866187788800098	0.0863727147871524	0.0865684208672012	0.0856046387625095	0.0849880402958119	0.0863883549539882	0.0867544591855714	0.0866489314957655	0.0852337031703518	0.0853717734122262	0.0847306479341274	0.0860326118514285	0.0844392523404921
CGT	0.092886101544993	0.0950461924265634	0.0932894208904845	0.0940843010897165	0.0947444322221432	0.0950932460342034	0.095429244580268	0.0948467164356687	0.0969077485775562	0.0951415068216213	0.0954933363026517	0.0956244383769575	0.0955803496441758	0.0967679743575231	0.0947178109359737	0.0972765454106242	0.0989831140643135	0.0983053367245854	0.0982454407244368	0.0966634842428224	0.0981145454693358	0.0983275122907286	0.0986107160770439	0.0985722787855273	0.0992418701019152	0.100571021820673	0.0990135936693051	0.0990195472809026	0.0994252045357393	0.0974773082709985	0.0982996415906575	0.0986901346347463	0.0996482556825568	0.0999733422952563	0.100464556700115	0.101067465017642	0.101148880708873	0.102263837458447	0.100946767285174	0.100730769398563	0.101271620450802	0.10394859674351	0.102241953185866	0.102407864249458	0.10085053814425	0.0985302506514356	0.0967589437406576	0.0962384304546876	0.110214111710291	0.0962638637608025	0.127944464580822	0.0825109394794847	0.117210327838258	0.106578654625581	0.0837851987090872	0.0713445148801968	0.0993024636881106	0.102758522370744	0.104001453059386	0.100820468369978	0.101474505715192	0.102683408557581	0.100385198660996	0.0980871415023092	0.100538775222261	0.100514085846278	0.100454404187411	0.099791383177502	0.100695242722046	0.100736345194208	0.0983997104183971	0.0990000661317546	0.0988700434575873	0.0997379511427949	0.0988637851064024	0.0983339053635758	0.0987131231136532	0.0980652287224651	0.0962770429314418	0.0973494586509036	0.0978109299705596	0.0967472275975991	0.0968656199071617	0.0957120819530545	0.0952995344241597	0.0971237777686659	0.0961217845500048	0.0963669669446668	0.0959020742164969	0.0949839326315672	0.0932414471411995	0.0944731038927472	0.0938963189612619	0.0943104710303519	0.0934004039325792	0.0935991514264179	0.0933238657150194	0.0932502262996147	0.0923071031537643	0.092660930304249	0.0928900850219639
CTA	0.0878135590568639	0.0876634996625825	0.0889055382157615	0.0892767778207468	0.0897374122323661	0.0889290469077532	0.0884140854849468	0.0883925349434519	0.0882283999044487	0.0890036135407047	0.0905522318670645	0.0905535112063434	0.090269286898906	0.0899716006220744	0.0906703120831764	0.0912122351026225	0.0905049223619651	0.090408012227841	0.0911839588713613	0.0910504234939087	0.0912688433304393	0.0928787556612527	0.0917259407627782	0.0922649698327844	0.0924489098391028	0.0916984136580079	0.0924911750299973	0.0922233252361735	0.0928857681312387	0.0922324046551692	0.0923892606309525	0.0936864196880015	0.0934312221866376	0.0927147504390562	0.0941999854322446	0.0943265049475813	0.0945517904881479	0.0937227865565353	0.096068821091447	0.0956752200226225	0.0944837568363062	0.0965872163243749	0.0971870405044781	0.0965094152009369	0.0974683376318885	0.105098566506887	0.104324163294624	0.0914842556134387	0.120398621736058	0.128435429949876	0.0854154629253126	0.07928256888125	0.114268397339177	0.105999712028407	0.114482178392954	0.0793004196749567	0.0996036475598384	0.0971868341605363	0.0945219343446536	0.0965095666212738	0.0974638488687239	0.0944137679057145	0.093823755159771	0.0949578118663865	0.0951901370080036	0.093756661457632	0.0945086334330353	0.0945858424976213	0.0936370270572887	0.0933512162223712	0.092337872753124	0.0932022991738192	0.0923000690886386	0.0923137590362723	0.0927098476260532	0.0923889842138563	0.0905681282772863	0.0913831074677525	0.0911508205912139	0.0896603117063084	0.0909758785543945	0.0895357937862425	0.0904739431765047	0.0898014996709679	0.0904844526258466	0.0896807629082283	0.090001138444405	0.0906717003892948	0.0896257663114964	0.0899648191262832	0.0897961707209972	0.0890957440233129	0.0889509203795901	0.0871263779904746	0.0878055191207735	0.0876030639853045	0.0878035026966336	0.0878881903067788	0.0876607064634154	0.0878894489756308	0.0871645593258834
CTC	0.0858793065226844	0.0862313872577724	0.0855587152615094	0.0863244962020375	0.0863962897799299	0.0860326402695472	0.0864695552216447	0.0859977509662488	0.0860771512321633	0.0861271966040241	0.0859684023529404	0.0865942252971331	0.0864543637929471	0.087598912093191	0.0879111990342527	0.0871504717475213	0.0878737370339682	0.0879063511698555	0.0880358932434494	0.0876957360694166	0.0883059542926669	0.0892545831211475	0.0885220996035294	0.089439417765741	0.0895289724337321	0.0890898450420678	0.0888692639393087	0.0894741681677641	0.0896181982521039	0.0894453549499304	0.0899418164012207	0.0901527394262682	0.090465408617666	0.0903696824253639	0.0900976553489027	0.0904166244962362	0.0909836103015894	0.0902880844353919	0.0905760597151631	0.0901737438523104	0.0906612235164787	0.0921187558076536	0.092425310103937	0.0920700695598009	0.0922413947959768	0.102691640604086	0.0793729379797477	0.0785405240412236	0.10698892946619	0.0948757452687215	0.0676130342533822	0.0670832996057443	0.0992667783951588	0.0858433441475652	0.062973789278666	0.0756826672546482	0.0945238156940419	0.0883908021734105	0.0886827121830097	0.090252851918984	0.0901812888305536	0.0890865015846556	0.0886107916026177	0.0892908201913483	0.0880075444976034	0.0876743404164398	0.0873959288591316	0.0876368298075955	0.0870653023344254	0.0881329485096303	0.087013774339312	0.0879205600469367	0.0875534558097661	0.0869909792029999	0.0866153587455393	0.0859440152246487	0.0863107223999336	0.0861786839866139	0.0862986776670755	0.0858960084522949	0.0854378583056465	0.0846262763061207	0.0857178920782796	0.0850157509715866	0.0848712607853371	0.084615783409905	0.084877719766381	0.0847426594231556	0.0845714486407594	0.0848829375747964	0.0850032769487615	0.0845243811678229	0.0842803373817049	0.0825626093542633	0.0833708513880839	0.0827923630889303	0.0829662399611797	0.0833841113059104	0.0830979511964493	0.082892963887815	0.0822551792191958
CTG	0.0869747245194903	0.0870595293616435	0.0868476047375892	0.0871216214167932	0.087242306205271	0.0869818445723464	0.08744734672233	0.0880629496463589	0.087518597718794	0.0880464800805274	0.0881921501353287	0.0878466351731604	0.0887171638780706	0.0890973769786735	0.089240171150187	0.0888718906461985	0.0893771649870512	0.0895335356819483	0.089511599311509	0.0897544959565927	0.0897930382697567	0.0904810936013266	0.0899260745710302	0.0902841685074934	0.0902216339041763	0.0905410279515359	0.0900163045797255	0.0909556191502235	0.0913841463170466	0.090703582702106	0.0919915515493896	0.0912994325059064	0.0908094951570447	0.0906833403547508	0.0912832311699808	0.0914268091400192	0.0922040249860262	0.0912412856677007	0.0921321456168779	0.0912507085324674	0.0910059947688432	0.0922819009020601	0.0926422569893655	0.0918634520869341	0.0920654111347034	0.0851974896377298	0.105694255004802	0.0811325332713634	0.0972599412095304	0.106397239006519	0.0785573234805143	0.069151874707067	0.100555965168588	0.0817249364896871	0.0794748532243701	0.0690855376637028	0.0907073005326693	0.0919207640796017	0.0902594966228812	0.0917384386356391	0.0925192242786447	0.0904537045780522	0.0910596188010069	0.0909999252844125	0.0892139137320666	0.0889130214039117	0.0894944144500213	0.0895551756105737	0.088660974337588	0.0883681646524419	0.0889368932695216	0.088466909593128	0.0880492657438602	0.0877979331193092	0.0880904469157508	0.0875527967072361	0.0873875527332421	0.0871158905817468	0.0872451449765229	0.0866913338472279	0.0866805057746378	0.0867851658291375	0.0862479778522379	0.0854978004363254	0.08599438892444	0.0855443117503652	0.0854136063992045	0.0850537010112382	0.0854537221908602	0.0848030471943731	0.0848188474709954	0.0846808560771472	0.0841442982224289	0.0838574052130943	0.08444582410804	0.0844755097706245	0.0825660751797955	0.0831169975659516	0.0835971682356481	0.0828560282340267	0.0827578185888821
CTT	0.0925807247305482	0.0922775531042344	0.092202734767198	0.0920986469398989	0.0930698180456484	0.0923387218898119	0.0932405664323055	0.0933525505938803	0.0931237164621455	0.094007251010874	0.094682976168837	0.0931814072050001	0.0941125693574296	0.0954982353744741	0.0939417349814848	0.0960360784484397	0.095448544103709	0.0963853946396739	0.0951652784897429	0.0951881427650531	0.0949042424136302	0.0959210411634767	0.0964164465118324	0.0953605430659255	0.0977753118124641	0.0970081977658981	0.0963053536196075	0.0966077004971746	0.0971391523224802	0.0970615385814166	0.0976169183897392	0.0988446046903723	0.0979473303472606	0.0969710088166046	0.0989932623690177	0.0999713630681783	0.0991038382436611	0.0983405538045654	0.0999210010907525	0.0996219772071072	0.0993418493428701	0.101156488088283	0.101605257560679	0.101411902040662	0.101856214638051	0.102502891497942	0.0999872414082185	0.0872866206975688	0.121187448995133	0.11836861164121	0.0862983831398122	0.0844616700753683	0.115977373141757	0.102908526608193	0.0820997955900506	0.0800057428958823	0.099267920668243	0.100233460802971	0.0982371788605313	0.10039665003263	0.100827452882165	0.0979599051821993	0.0976398301190283	0.0996230478546281	0.0977655734393134	0.0966457257788756	0.0990479712187582	0.0968781907941736	0.0971013564920358	0.0976697452249339	0.0966509745701141	0.0974213623419102	0.0963927384249562	0.0965485559837488	0.0955209361980038	0.0957880604853965	0.0949976982053131	0.0956480527193757	0.0946736277035421	0.0954865194049755	0.0949058514360946	0.0942157950286739	0.0943166075266807	0.0943303267523854	0.0946713737766818	0.0937714829764685	0.0927476716647034	0.0937362995119649	0.0931191395297217	0.0925827015365201	0.0928505040097774	0.0928242015080848	0.0928270486308912	0.0915270130494362	0.0920280690663195	0.0905916722947498	0.0914668127031446	0.0934413214122143	0.0915055743945701	0.0922061585431637	0.0913179692509637
GAA	0.0951009738758115	0.0955500989315737	0.0953372171965724	0.0957982009754229	0.0960035640918373	0.0963983537575901	0.0959717031679924	0.0962148891802378	0.0964191690133246	0.0965742735791367	0.0967686407410167	0.0966583957002391	0.097346952564589	0.0978375976718142	0.0975759490766148	0.097819011002785	0.0978761738168632	0.098935626083426	0.0988490030412685	0.0991036420518951	0.099093476243926	0.0997904247404638	0.100259517251414	0.100120302480719	0.100618749332967	0.100954029371897	0.100858316616635	0.101091054824564	0.10044621063515	0.101933830711558	0.102414864941501	0.10193414939097	0.102526420186497	0.10282406477605	0.102232800382688	0.102305402305079	0.103190273066102	0.103541262745428	0.102405138494602	0.103473085390651	0.103581605271272	0.103179211051319	0.10403509867264	0.105109411788467	0.103837018512146	0.106282943010018	0.0929185246120032	0.122293281014184	0.0965547885612572	0.106325839327748	0.125782625650841	0.163743144040318	0.103771640416872	0.119769678666315	0.176250195432593	0.135057092504036	0.107004381669488	0.106011480842995	0.109359337421115	0.106699140797536	0.105927194797932	0.106580895348004	0.106020181722387	0.105989212449761	0.105519271603449	0.10517036270253	0.104796595295078	0.104552404244676	0.104615460500036	0.104439140751682	0.10403227912422	0.103116679521014	0.10344414001728	0.103562645254284	0.102685291465613	0.102920717659897	0.102100721098204	0.102107939004751	0.101023973219378	0.101488469995466	0.100967200642339	0.101156306044981	0.100916098162413	0.101281134757544	0.0999105905604372	0.100514623523661	0.0996525660394399	0.099716262623253	0.0996884817981335	0.098855242687998	0.098554394810359	0.0979085046527918	0.0983662517430766	0.0983520438345714	0.0978930255548032	0.097435579787273	0.0975545579564342	0.0964122056996293	0.0960486652959615	0.0954037817566307	0.0955688278129499
GAC	0.0909365680490777	0.0914891618546742	0.0917058865794202	0.0910689964488601	0.0921577688006699	0.0924987899784126	0.0926715960994239	0.0920792888825304	0.0929641385194859	0.0930753089332615	0.0934408036511823	0.0942688192817299	0.0940688042671273	0.0939183804050444	0.0935208865561934	0.0945256893533467	0.0944641555791094	0.0944457893745644	0.0946862583686607	0.0946751380980256	0.0953767440743183	0.0955368837287446	0.0954457471664362	0.0955669807593041	0.0961437389482467	0.0961601906225951	0.095805989229438	0.0968453284105439	0.0965338458510063	0.0973266565432426	0.0980775026559709	0.0977719018397583	0.0975081486387581	0.0975832573465433	0.0982104680559027	0.0973786354391528	0.0974862133094547	0.0981474700238717	0.0979386105423038	0.0982337998672227	0.0997278287017305	0.0995580570289383	0.0992433381693991	0.099585402114528	0.099497071047002	0.10504749457908	0.0813852421948464	0.127537106996802	0.115923059138861	0.105670009348305	0.106858291216932	0.176727211312657	0.108451893990769	0.117880496079373	0.0852362450086033	0.108346746313936	0.0978958562864062	0.0976411956761268	0.0991170235272102	0.0987940221424279	0.098653415160788	0.0986808566930886	0.0986493630597795	0.0986088386572354	0.0978682849636116	0.0980567586842448	0.0977212500198155	0.0977006298153893	0.0977394204192059	0.0979136880534829	0.0974701395489858	0.0961488353218863	0.0965253539743468	0.096186704000585	0.095936892036038	0.0955346184956189	0.0948817688047874	0.095425667093343	0.0955512807615888	0.0954605655668509	0.0945286416939624	0.0946266793157654	0.0942085262036311	0.0952426682576515	0.0943875646195871	0.0940608350123599	0.093900391042998	0.0938978558700256	0.0935046693817478	0.0928929704268764	0.0930963123436335	0.092888615062646	0.0927179707823766	0.092833469273645	0.091974248296469	0.0919026492943669	0.0915817987672785	0.0918461504648764	0.0918217811218118	0.0907150636367791	0.0903262236193923
GAG	0.0900769082163899	0.0904325015077712	0.0910506180376004	0.0913976341350491	0.0912045690181904	0.0907793882675281	0.091267772458634	0.0914063918785759	0.092041047714072	0.0921163082360013	0.0923677525674744	0.0921337185777833	0.0927401461986343	0.0926378389142323	0.0933668519262236	0.0933985955417443	0.0936233112290429	0.0939139665586072	0.0938019756518786	0.0937645149733845	0.0942844831087437	0.0936749412421397	0.0944781599391864	0.0952700613968615	0.0946602167869971	0.0952725784684203	0.095453500150689	0.0959557577120264	0.0955847853775113	0.0957901089313267	0.0962511614948122	0.0958935724532603	0.0959162210037549	0.0969627310851804	0.0961907089636949	0.0960374023123902	0.0963776567525139	0.0960930377559321	0.0956579546767773	0.0960721837939502	0.0970463626175937	0.0961270430483515	0.097324254063732	0.0967059199034754	0.096225504354558	0.0878634427810103	0.102193555693766	0.105612747240513	0.0858368970715889	0.0878725132583882	0.101467354865355	0.131072166833814	0.0915348057446623	0.091106274926483	0.0941211117446528	0.10311304013658	0.0925120015916918	0.097580819668511	0.100643743317578	0.0983355790479325	0.0981676022774147	0.0979845922589441	0.0977030665195849	0.0969628962411363	0.0969989284501988	0.0966143546298884	0.0969447856588157	0.0961978887087829	0.096276848727161	0.0956572619977571	0.0954703809784871	0.0954962425250014	0.0955591009421143	0.0956769991408975	0.0948026687709752	0.0950503024797311	0.0949323264000442	0.0946615148528954	0.0948026534752136	0.09504858479582	0.0935647232559485	0.0938340448461103	0.0935387848960064	0.093645248329187	0.092644412771471	0.0927252528929144	0.0923313465758	0.0922303396321383	0.0921616326178775	0.0920549616893261	0.0919652228147889	0.0910465316143383	0.0907668095712263	0.090193596511771	0.0905563317648625	0.0902425775247071	0.0900377393329884	0.0898252003758004	0.0897655903092113	0.0890094085341696	0.0893999171231505
GAT	0.0980274994608583	0.0980996321579267	0.0979096736422808	0.0985236758759051	0.098691349788619	0.0988216163275422	0.0993730911658335	0.100024105434607	0.100544227180975	0.100487002752763	0.0999165953926838	0.100185970458559	0.100399087472628	0.100552543860856	0.100796151566795	0.101239803963658	0.101523843860237	0.101548311131516	0.10179294615192	0.102221676482925	0.103093390087345	0.103076412527026	0.103491079313152	0.104289126772874	0.104099000449601	0.104553436174692	0.104054123075398	0.104935443751327	0.103818634934085	0.104818587481369	0.10495167221524	0.104904038035021	0.105552218872831	0.104910131050164	0.104016724902234	0.105403952684086	0.105520486573641	0.106582446859255	0.105617786343764	0.106652430809219	0.106837397702899	0.10706100172943	0.106536270199844	0.106464871188017	0.106491860922986	0.0985839750372206	0.0973957355947914	0.129248186900181	0.111316252184087	0.10686007293701	0.151483841060459	0.172640252316537	0.111633259995118	0.121634878972819	0.107396066465991	0.114120853519757	0.10256166254497	0.106315921320789	0.108432371333123	0.107124757868221	0.106075177419332	0.108391669743996	0.107355056853528	0.107068592149306	0.107368151162194	0.106805047982396	0.106595786435021	0.10629268081253	0.106642546963833	0.106320767749165	0.105873113632902	0.105373585578082	0.105553398901296	0.105438068588046	0.105322257813623	0.104936661183425	0.104298525411219	0.104638052509218	0.10507470932632	0.104173296076214	0.103427014770219	0.104135521032034	0.103245965971901	0.103047112880859	0.103208989591218	0.103192553845989	0.102238515176947	0.102386357710151	0.102177814121	0.101407763164045	0.101640302385793	0.102168147663288	0.101751648310979	0.101311091275459	0.100879144065298	0.100139180430186	0.0999605636544919	0.0998702204183835	0.0990917095044139	0.0993478021917173	0.0994556857051648
GCA	0.0918483195235834	0.0917311512493696	0.0924551201069978	0.0925589415447498	0.0928552314110646	0.0927125681244965	0.0930908227977868	0.093637022882204	0.0941380406504951	0.0940842718457315	0.0944670862822427	0.0944436445167027	0.0942378160249318	0.0945181243343509	0.0949560023694208	0.0955335263592259	0.0952511942189739	0.0948620864905976	0.0948381319110833	0.0955998181431587	0.0951765925876597	0.096904088359666	0.0966885983522927	0.0964744203103195	0.0963148349398786	0.0966252450907108	0.0971852152158299	0.0961299425112799	0.0979223754953843	0.0972864328354276	0.0975363868997187	0.0979922605894101	0.0969749765430337	0.0987604579488631	0.0986448899903798	0.0986601642366966	0.0991951702824935	0.0987569855698343	0.0996738385097762	0.0991235866009825	0.0987792999066418	0.0979725795028619	0.0978084462267579	0.0987844533200047	0.0976031814797694	0.0998713404538788	0.0894622886813098	0.120047870154386	0.0977295766831394	0.0962466384146019	0.132220803881002	0.0965970358715859	0.0848333169288537	0.103171511672166	0.107916885394158	0.10921215529376	0.101073518696655	0.0977055889026593	0.0993354564402162	0.0992911386308527	0.0995882272287913	0.0988469097079839	0.0991274805357881	0.0988756599316367	0.099073492233413	0.0986623730730333	0.0980291432269153	0.0978592961410529	0.0980405775733828	0.097921450049116	0.097386804298793	0.0968915617025208	0.0979301296400443	0.0978513350322938	0.0981216628837706	0.0975938280347022	0.0960998845198534	0.0967174611668399	0.0964662911853491	0.0967005444153864	0.0957610723870789	0.0965077371910392	0.0958433958862058	0.0952084922203294	0.0948181871005334	0.0949042062955405	0.0944622049817028	0.0951490005447366	0.0950186875745682	0.0954331624367061	0.094864186888011	0.094923432069996	0.0943955834755545	0.0944959642486976	0.094059816790268	0.0933814228689629	0.0933646352131052	0.0927830830798106	0.0923647973537016	0.0925213763771525	0.0927403232222009
GCC	0.0882985158952241	0.0888690042112809	0.0881340779869816	0.0886659504758899	0.0882488528048314	0.088625832377066	0.0897745297532621	0.0890387017310432	0.0897604229028958	0.0899289921329912	0.0901920559046537	0.0898866243038858	0.0901721670050361	0.0901400881218904	0.0907548327229221	0.0911889147331067	0.0898602793954047	0.0901646183290783	0.0910770814624585	0.0903549894904679	0.0903093708727831	0.0911000962500881	0.0916673961557902	0.0906487161147766	0.0915980076544606	0.0919458363245016	0.0921073736138437	0.0918165541765598	0.092358471289602	0.0916941749226932	0.092390710158932	0.0926934134874781	0.0924680613660656	0.0931172906832722	0.0948110093812058	0.0932608615696709	0.093741276353454	0.0936699948115316	0.0933843889135462	0.0931152524912852	0.0937249599949584	0.0935746654257594	0.0927983096840821	0.0929387558252291	0.0919773811865044	0.101468788420507	0.060916940760065	0.0874861870573904	0.0874582066921637	0.0736950519515753	0.068947998070821	0.0726961696864993	0.0698673897726119	0.080292954642346	0.0527848509894887	0.103875695440903	0.0940091694784823	0.0910514441081359	0.0923310934333678	0.0927197395602977	0.0919420925205552	0.0920190713834169	0.0925508912122503	0.0921870325695169	0.0922740035796784	0.0915651313248198	0.0913949538987577	0.090518126787833	0.0910041343397343	0.0902795016285142	0.0906333710306415	0.0902283553304449	0.0898639336098781	0.0893398197762452	0.089641125147845	0.0898251621847396	0.0884553433861513	0.0879571990341521	0.0877721270077175	0.0877425752607413	0.0880854986372069	0.0879768409311111	0.0878070846542064	0.0875950131404765	0.0879155241969573	0.0869663243766598	0.0865172858317203	0.0868536625322962	0.0860722978477295	0.0866745680460767	0.0868039773069057	0.0850933209478067	0.0862949404616258	0.086061716155147	0.0861728416909149	0.0854866974029067	0.084924990552082	0.0848468350325097	0.0845932953813225	0.0851397149404738	0.0842988319427374
GCG	0.0922551668313729	0.0920374535240185	0.0919617743852223	0.0927940390452487	0.0925637124768723	0.0929351233057723	0.0934408108208249	0.0930498259640185	0.0929696216989221	0.0933192528824832	0.0930040940604339	0.0933334332650778	0.0932924515469549	0.0911698361553922	0.0924788119769743	0.0914653367719123	0.0906625976929942	0.0902982954131611	0.090641439780199	0.0915352204517949	0.091400315649714	0.0915714723156903	0.0911758096312595	0.0906461690337777	0.08990522765301	0.0915411153106317	0.0898267476170683	0.0897358698854817	0.0909485383577164	0.0907510223023208	0.0899967869843017	0.0878879630828832	0.0887865398452509	0.0880090352728252	0.0880684470443629	0.0875459316323667	0.0894584461063751	0.0884677367086771	0.0852711927999618	0.0849473887675555	0.0853174923264616	0.0839782758594047	0.0828459619524041	0.083321867003196	0.0828348134364841	0.0728786427069201	0.0652724309318468	0.0818189883912067	0.0665736299103769	0.0681352512832367	0.0994857188347029	0.0844061719385088	0.0684632527957097	0.0694766130171039	0.0542599232765062	0.0714124018323671	0.0773033004073227	0.0821519983440835	0.0822126400774081	0.0822229432782695	0.0814561901488203	0.0803490784635987	0.0807888820959482	0.0807470216512334	0.0791800113250192	0.0782462046822133	0.0783047539681755	0.0774233657839704	0.0767040218183755	0.0760608110323806	0.0768663869345478	0.0762132454601239	0.0747913000260367	0.0740546554458865	0.0743681728398929	0.0748995388321488	0.074130335624685	0.0730425905157281	0.0723855196832839	0.0731669304019031	0.0742329742081968	0.0721516144927186	0.0729094444554135	0.0721052563496715	0.0727938267696752	0.0714294790457533	0.0717525895157035	0.0705570610073097	0.0700924109339233	0.0692957703253513	0.0701540230598462	0.0690010156270123	0.0701543166620188	0.0682370473665228	0.069254177619491	0.0678549335055225	0.0685869503751989	0.0691718856651806	0.0687871596244256	0.0677781370416788	0.0685185502677555
GCT	0.0936285082660483	0.0946049271917873	0.0945868258974211	0.0948210484601466	0.0940807020730892	0.0946472835346874	0.0952370993745777	0.0945034398116698	0.0952422072150881	0.095296826855668	0.0958797835207434	0.095565178438306	0.0968071315448049	0.0966056590741818	0.0965347780058499	0.0970766222087992	0.0975589875299262	0.097164111307448	0.0974366452335903	0.0979998239726448	0.098135673143962	0.0984681942998272	0.0984312879464795	0.0983338565443969	0.0979914271911112	0.0987107051437343	0.0986152932793517	0.0984371315966971	0.0998735047098393	0.0996042854887339	0.0998149638679401	0.0999227214933811	0.0989883683160658	0.0996812359442033	0.101249352976356	0.10001896800346	0.100289381939417	0.100015694451206	0.101184227421278	0.0998475808025016	0.100295734431367	0.100386064193367	0.0990598593872123	0.100561983962832	0.0992567004722061	0.0957658203691805	0.0898660774034259	0.124105088626388	0.107691192703192	0.100868184462407	0.0993531436968886	0.0859471073477119	0.0891596152373165	0.10119789445214	0.0688804237951719	0.0954956195221277	0.0940508630577009	0.0983552476584797	0.0998218675165242	0.100813828412736	0.100120681091998	0.0996228116986107	0.100336945551441	0.098801189411233	0.100003445170157	0.0987152026538951	0.097960357355474	0.0984236470111596	0.0988243340243603	0.0982360353156487	0.0981223152684523	0.0980186672533584	0.0981157103569977	0.0976887738660983	0.0974225665959386	0.0970056088354713	0.0974260872804011	0.0974084431825282	0.0971339730746069	0.09711421157993	0.0965773523205724	0.0965278943315138	0.0964944562372836	0.0954181989416041	0.0965912039375661	0.0954660356201065	0.0951684161850237	0.0950560841326903	0.0945504476916833	0.0952214676811455	0.0945241292690836	0.0943542775589598	0.093549877821851	0.0941339354089803	0.0937957363563735	0.0927922212455418	0.0936899914214511	0.0940781250468068	0.0936403846437459	0.0925136265416504	0.0926508795747659
GGA	0.0920944124871586	0.0928186525471811	0.0948684942771179	0.0930881835371798	0.0929711582403669	0.0934439870778152	0.0931082611534129	0.0922534027238561	0.0935702924919739	0.0935101797797922	0.0927951883749705	0.0945967591265587	0.0943885797291225	0.0935527707588896	0.0942645722707168	0.0948291327154049	0.0941588843634379	0.0951794921474187	0.0943692619205145	0.0944076359591423	0.095600947223241	0.0952724727461862	0.0964669432217653	0.0964099672490316	0.0969259820360568	0.0961150204217816	0.0975361102209576	0.0961785523928076	0.095418986434391	0.0972077220587709	0.0961587256261446	0.0963586542345858	0.0974821885201685	0.0964380785145282	0.0964492198748202	0.0977237450928815	0.0968112412536018	0.0973325567603116	0.0981853007708105	0.0970742723715727	0.0955643497646494	0.0973738273740959	0.0950927588738099	0.0940541556677582	0.0976343955540851	0.0969194980167811	0.0700264682722756	0.102104020937163	0.0901788949357704	0.0846080321048733	0.168343861431786	0.14193022030279	0.0925288347772238	0.0968291820680868	0.119924221783936	0.0936790277268694	0.0912204521976463	0.0949768212974235	0.0974616284004612	0.098238959238154	0.0984992317539276	0.0978193245561329	0.0994996131412562	0.0985780003263326	0.0978306577573524	0.0983360642670464	0.0973792375578016	0.0968632034616712	0.0984671902853117	0.0967848857677825	0.0965605825031144	0.0974652158356116	0.0972455239649856	0.0952469760501824	0.096660869179898	0.0962015318961103	0.0952882648401776	0.0968779513865641	0.0962280458148307	0.0942336937100369	0.0966407301710698	0.0952800781052203	0.0949181981628362	0.0948777043594834	0.0937005540042526	0.0937882138417188	0.0953932391538336	0.0938706930607228	0.0927830966958744	0.093246907537959	0.0922704037666753	0.0928352491262516	0.0925039364838149	0.0921619693623586	0.0908666513647833	0.092346135152129	0.0915760144571783	0.0909648786548735	0.0913057546748247	0.0914911484942299	0.0908262529490613
GGC	0.0905238373610511	0.0903173496429682	0.0905150796374086	0.0902182915828155	0.0900054959849683	0.0911060772165518	0.0909741551475873	0.0905785970348574	0.0910209023268317	0.0907892366886259	0.0901782545446796	0.091858468276045	0.0909913508432119	0.0906847587195374	0.091814774123658	0.0907676775989541	0.0911878636107137	0.0919125374388541	0.091432589396805	0.0915013938992965	0.0923413592087971	0.0917045860732706	0.0919490352131663	0.0923924876003131	0.0924313617350445	0.0926411941625574	0.0932595104850308	0.091959288895585	0.0917553870785433	0.0937343357953795	0.0921235283139487	0.0928053567963203	0.0938275424132119	0.0930760236621248	0.0927040866955458	0.094027419110438	0.0933085500246671	0.0930799650945729	0.094760264220838	0.0945543462457242	0.0932057977342361	0.0938040804189826	0.0920477637924662	0.0912016081924812	0.0928703781724773	0.0999457680061637	0.047969393312937	0.0878762629347862	0.0862793458627691	0.070021913938631	0.104912703274621	0.0785494218685003	0.0740445543188255	0.0828476642817859	0.056919437480906	0.0823167725162554	0.085631828848818	0.0906750072760322	0.0912203846610307	0.0924410933381561	0.0926081719530608	0.0923407778479511	0.0931827525218259	0.0919560587682053	0.092148510523262	0.0921864918371787	0.0907643047787837	0.0905970565176792	0.0912040023637854	0.0904460817948139	0.0900559738445254	0.0895043935992258	0.0900378300319967	0.0899828639664207	0.0896970265006511	0.0889768051777876	0.0887427626434789	0.089104581733174	0.08871552399569	0.0889530185902725	0.0883091984456532	0.088100096991973	0.0879988028255966	0.0882896175498176	0.0879871566953104	0.0878081407648918	0.0865813954286847	0.0863796345160002	0.0865477625073512	0.0867946066845268	0.0864533152734709	0.0862395319779281	0.0867916006580362	0.0859583463481492	0.0861227156255644	0.0857415427584272	0.0855379393773914	0.0847834703304004	0.0848984206735907	0.0850535724415277	0.0840461912971058
GGG	0.0863749490329853	0.0860803217777689	0.0867630398400207	0.0870585307335598	0.0888825153957161	0.0879266910080078	0.0875357060522506	0.0885569413782414	0.0885836939891922	0.0882841888410337	0.0881177998297734	0.0881878090175639	0.0883123658909669	0.0878292567828457	0.0892119120392291	0.0880082161681064	0.0883955696518079	0.0896407110085941	0.0881867720852837	0.0891346020179106	0.0897420494623963	0.0890637105506927	0.0892028925363073	0.0897113964230737	0.0898506612922279	0.0899942609089741	0.0909204147798093	0.0902358521793851	0.0897968585805511	0.0906954689578743	0.0901019642642948	0.0898655387300561	0.09155174596947	0.0902658722745011	0.0903748945218602	0.0912185194044635	0.091361919214644	0.0907566434276267	0.0917723804266921	0.0894774407307671	0.0894991952455779	0.0891615445284644	0.0881701798461878	0.0874702774699129	0.0890960584541139	0.07824673108554	0.0509437158692	0.0742799540720773	0.0691569379270602	0.0640761347413348	0.121401330929472	0.0944671988679515	0.0709171722816162	0.0680873577697393	0.0758444376397083	0.0735589300854645	0.0774637509001849	0.088444180093089	0.0892086019471111	0.0913075661178321	0.0915115097047535	0.0911394369768696	0.0918662510965175	0.0902545986554241	0.0893234328462697	0.0908518986419892	0.0896337687416793	0.0890221627494152	0.0896841506702811	0.0893236318276895	0.0878239557946421	0.0883327140553449	0.087629281591613	0.087873227659735	0.0861676256911518	0.0865441207714061	0.0871700435293667	0.0875422609311682	0.0869193026798596	0.086585790837681	0.0860695283177856	0.0860811928167742	0.0862182175378193	0.08682394813497	0.0855221867622218	0.0848722013034197	0.0852395852263816	0.0848928999411655	0.0857392456339313	0.0836490864096736	0.0834051423130052	0.0832148257969997	0.0833900515775091	0.0839808590086587	0.0819389505483995	0.0829178811408222	0.0830809531756707	0.0831520218568902	0.0826815057715526	0.082677682042631	0.082056343992845
GGT	0.093249202387736	0.0923441618488689	0.0943237740386225	0.0934022844540634	0.0930754877928227	0.0945469586157092	0.0961386692073	0.0938380442921895	0.0953716989591187	0.0940752589024967	0.0938681607469812	0.0956043153304183	0.0955130738699269	0.0947063017377573	0.0961199003829587	0.0952070820084027	0.0950562488748159	0.0963763915490018	0.0959894680888366	0.0942902565336853	0.0972946376643537	0.0966346728094775	0.0955260137985761	0.0972278744888495	0.0965354738734378	0.094352500778168	0.0987239878706324	0.0971303170457276	0.0956474619054951	0.0989636301925155	0.0975188916135967	0.0971453193367589	0.101173692314528	0.0992958324850879	0.0971252904728243	0.0995110752446934	0.0980067017678014	0.0977619987003931	0.101650102659054	0.0996370904535814	0.0977428801004721	0.0999729909957842	0.0977529347208974	0.0959510572787197	0.0991490120347208	0.0921970570807302	0.0637869967215307	0.0942782011282073	0.086844310585944	0.0760429570662805	0.1546396378952	0.0846245467237093	0.0780695105377647	0.0861365850733124	0.0736310827537337	0.0721496995572313	0.0885456725373864	0.0958720038460445	0.0962695076315396	0.0995347966877861	0.0974881742224445	0.0998675287036377	0.101098163086593	0.0984513280016714	0.0971545112696069	0.0992991063394922	0.0975702006880087	0.0972903456915016	0.0989290693191074	0.097844766295395	0.0950319337904752	0.098051217107157	0.0970843188940765	0.0959897889881166	0.0972049823210229	0.096488681516339	0.0958649487457128	0.0969941185331933	0.0968112455290484	0.0956446718216344	0.0980875911398685	0.0959946258818957	0.0956775546196908	0.0967537758496081	0.0940743963647997	0.0936542880954323	0.0954261187816879	0.0932747693935305	0.0927431196369671	0.0953767813692151	0.0942288745326526	0.0922701509518838	0.0940495203835691	0.0941084744742545	0.0927611078735246	0.094163238000688	0.0932977774498305	0.0919396841181947	0.0934759657781721	0.0919873729262807	0.091739492814014
GTA	0.0947638624621998	0.0940223238886775	0.0935633278162155	0.09485283522296	0.0950125963706242	0.0949128779911605	0.0938644001245904	0.0939081675844505	0.0952176726517514	0.0955501841526113	0.0963839210815191	0.0962370242061287	0.0961541789573258	0.0967600778231582	0.0983127440196804	0.0979118929498264	0.0970748913095209	0.0975299558532702	0.0966276878720571	0.0960957485130738	0.097099915396351	0.0971033784562552	0.0979037686725384	0.098368921656492	0.0984202742710976	0.0989967117006448	0.0992773251011454	0.0984814778778413	0.0992206233417506	0.0996759981371038	0.100181946752924	0.0994453032761675	0.100066671712808	0.100550260402601	0.0999443697564719	0.101044859355406	0.100783218734774	0.101269290431379	0.101988507653847	0.102280988922038	0.100339099211622	0.102529730646719	0.104191554438446	0.101591270661232	0.105246367720318	0.113214776311522	0.113943651348749	0.114444622246132	0.105511653213918	0.0996226508118451	0.0888052739977611	0.0928587707650689	0.0865608829621111	0.105033238438876	0.129021697562723	0.0878807590702655	0.0973790578286278	0.0993143373814634	0.100538979188779	0.101290901625145	0.100427089609859	0.099031633371443	0.0998524526084314	0.100443536382864	0.100695957258466	0.0995867405122119	0.0999385855901416	0.0995403754417922	0.0980799415097688	0.0995815247971396	0.0994159358465242	0.0998494885287175	0.0985587062524219	0.0992832091107956	0.0976624235557484	0.0984057300916776	0.0977749245509627	0.0978227269157044	0.098414261975232	0.0973444689515299	0.0974963072210127	0.0977261523407458	0.0976509276063286	0.0963106079626597	0.0966112623174228	0.0965431506512757	0.0975264434412376	0.0978768394754235	0.0963410312066212	0.0940414869320595	0.0951974446883605	0.0948047571561968	0.0944666127479709	0.095022650710654	0.0943369549603246	0.0942726346608186	0.0953411600019551	0.0942444598816161	0.0947397379296167	0.0940440441820997	0.0932590752048872
GTC	0.0900668093201728	0.0897150897735126	0.0890698131762114	0.0901897385029317	0.0900848327931514	0.0898973023441835	0.0907961157246809	0.0904775095739645	0.0912430763383601	0.0909242165921225	0.0912354514417669	0.0915809335266322	0.0925298378826463	0.0916146562022052	0.0917974113722108	0.092322008971765	0.0923535346553544	0.0933739211134008	0.0925669723117475	0.0934284227096175	0.0942085199781418	0.0940095882539094	0.0936445261945649	0.0938443712298317	0.0941857730259222	0.0942314771421609	0.0942869497395849	0.094025895411591	0.0948429138857181	0.0950193074619243	0.0955048100798156	0.0946906810511568	0.09502474853942	0.0958384322988046	0.0959543117987102	0.0957973946655166	0.0959302324405036	0.0951414807273759	0.0957625015419264	0.0962813206799611	0.0956849151481576	0.0960655778197791	0.0977540030004776	0.0962516314280835	0.0992638762080789	0.108841454941318	0.093265402438923	0.109652058578157	0.104586261087772	0.0798625127297163	0.0825761505486662	0.0851595470438831	0.0812683672575147	0.0894891186109235	0.0743995591411827	0.0882713789256322	0.0939474335408287	0.0943939907594564	0.0952230558334	0.095538885028578	0.0953619820344405	0.094030665795222	0.093982675244919	0.0945850199914101	0.0951207854153423	0.0934823105136782	0.0938735771576878	0.0928895996261449	0.093225074191596	0.0931077852259455	0.0930655222946916	0.0925531899294207	0.0921764970087449	0.0932350814892783	0.0924315064843246	0.0927912842838002	0.0913550243987083	0.0917491224154102	0.0924298454156333	0.0916438858854338	0.0909327015844479	0.0921309409391521	0.0913965407163386	0.0900737296653576	0.090397448296164	0.091409937872406	0.0902998777301386	0.0904900319537544	0.0906403240135901	0.0891473652263548	0.0895404759636228	0.0889892800266407	0.0890641716414666	0.0893773920422292	0.0882986990170708	0.0890816298211543	0.0884884981277068	0.0887326307072032	0.0876190200216104	0.0878958528242367	0.0876975137526225
GTG	0.0909339470684101	0.0909429218744904	0.091061987273463	0.0922489611743945	0.0918945116175016	0.0921202142131648	0.0920403613118046	0.0934506343010213	0.0930518796760616	0.0936475128738117	0.0934590933256357	0.0941522925732657	0.0935637424028884	0.0938732890268306	0.0944898019307785	0.0937779288278109	0.0940513022882172	0.0941574530532679	0.0946308795771958	0.0946720297568506	0.0950802162981197	0.0956512916884584	0.0960173715871701	0.0964955596439782	0.0957678987611961	0.0963378836780463	0.0964696433204304	0.0968415722638731	0.0966312023352533	0.0968573929472259	0.0968541678745524	0.0970832931207695	0.0970445780228267	0.0969942572197253	0.0969429089496186	0.0965922478621626	0.0963567516469931	0.0974367798441537	0.097771674301801	0.0964784448453048	0.0966832783987639	0.0968941017222965	0.097524525628848	0.0971145349667484	0.0993235480571496	0.0913434640975982	0.119909657973684	0.107237430189411	0.0942077301363834	0.0910868659744565	0.101529373143971	0.0900581639362943	0.0911669188689014	0.0986857015061412	0.0899655734663742	0.0796518669458497	0.088240062700437	0.0962593660544912	0.0964167693242705	0.097158575897946	0.0970374165617994	0.0954699487675836	0.0959054146807316	0.0964642574852442	0.0959669320494641	0.09465180866426	0.094644339601632	0.0947415668923032	0.0947931797784026	0.094599505113849	0.0943883849890969	0.0943559691671782	0.0938388851245933	0.0930636684781209	0.0930611863552421	0.0932277818036003	0.0933843759115437	0.0939474437908333	0.0933075669421246	0.092585793004273	0.0920489384901813	0.0926441316016308	0.0915007634813406	0.0915274556442489	0.0920256957967102	0.0912994868303395	0.0910109620643468	0.0908711258261799	0.0913228510192656	0.0904310625894052	0.0906126431408496	0.0905356563657433	0.0903181789557034	0.0899527537040226	0.0896504162059525	0.0894449281339161	0.0894299492605882	0.0884375704684488	0.0885813618818004	0.0882142644327399	0.0884728827763535
GTT	0.0977313828460874	0.0979692713261021	0.0986276361974931	0.0995075142768815	0.0989879229869892	0.0989846659501064	0.099452455660567	0.100398571820197	0.0998524223995932	0.100319465815576	0.100455815242575	0.100947730608609	0.100637826245327	0.101492819095518	0.102367572889316	0.102282910934078	0.102205045387336	0.102279089223499	0.10248243629036	0.102865338263293	0.102188227377915	0.103511377407377	0.102256547832795	0.103987506374397	0.102888452911481	0.103649828437296	0.104261569248533	0.105249062021883	0.105038868885826	0.104299372403819	0.105219470362534	0.104961347008914	0.105794852389324	0.107156641735697	0.10491361186651	0.104826950246354	0.105598960821623	0.105742792212465	0.107136113102321	0.106779303676978	0.10614904221244	0.107322614577157	0.108331268582737	0.107652890049801	0.109663427154151	0.10833691902884	0.109659915912816	0.10953763323214	0.107968044711384	0.0900240217693142	0.102186056635234	0.0963008002897354	0.0922016954804515	0.106432083581176	0.0976152127128258	0.0891590181279783	0.100411185938917	0.106697788239822	0.106890821475785	0.10605129596717	0.105623572761141	0.105409284161312	0.105503176607183	0.105353568874036	0.105738844874995	0.106024343100036	0.104492101642934	0.104649739537164	0.104010458157078	0.104911837828455	0.10428023201795	0.103941117436486	0.10391696791266	0.103423889522662	0.102227455519013	0.103406023531468	0.103334991610318	0.102216045360589	0.102263335878344	0.103527345974064	0.101417301481666	0.100941948251339	0.100413833556472	0.100869060746329	0.100853416133247	0.101375931683373	0.100837901891841	0.100179186671655	0.0995071377978304	0.100442289210031	0.100801653356352	0.0990579775982687	0.0997980195311906	0.0987528879954278	0.09850603097311	0.0981051933165947	0.098268021817554	0.0980133589982788	0.0977996464918938	0.0970459054429589	0.0981258236327582
TAA	6.67375270780401e-06	8.74488929830683e-07	0	3.41405935803788e-06	2.13264127871784e-05	8.48486349637541e-06	1.46105635991882e-05	2.1862223245767e-06	6.04934978760618e-07	3.57481395910452e-07	0	1.51233744690155e-07	0	6.67375270780401e-06	0	1.80081297513477e-05	0	0	0	1.37441351047967e-06	3.49099951143739e-05	4.75383662570161e-05	1.38466726674509e-05	2.79839507151205e-05	2.63606462376084e-05	1.6489638345563e-05	8.05964128569773e-05	0.000178176737714849	1.41115896910705e-05	3.31283116754811e-05	9.59617106351707e-05	0.000303814523489225	7.77467965426959e-05	4.5019223351453e-05	0.000103255238881934	3.18155177786447e-05	1.89409849876739e-05	1.04846714016325e-05	1.65061570728779e-05	4.98815027688815e-05	2.8958141799488e-05	5.60824874836355e-05	1.98488722945948e-05	9.24916585754698e-06	4.2896356683059e-06	1.85799555144552e-05	2.0150371054445e-05	0	0	7.81590481034603e-06	0.0119953669535339	0.293172402825075	0.115638575891537	0.135110198534721	0.232829755699245	0.109527148645213	0.154280605853784	0.142832810986861	0.135633282032382	0.147964564144866	0.136193925681108	0.143205155489578	0.146650274173305	0.136615153920472	0.140121320192388	0.137454086079495	0.139557264316083	0.143489411066492	0.133118019083934	0.135428477707806	0.131024948540562	0.143110291931019	0.134568221840243	0.137795454011294	0.134931764096079	0.143518353764188	0.130655536422653	0.121721499410836	0.128022894218039	0.122453428992534	0.122449478156055	0.130587123190409	0.122783647798494	0.125173612148446	0.126643042081194	0.127768946138039	0.133030142201444	0.130437743915107	0.122264793236818	0.127803217286702	0.139541230612983	0.132047354838402	0.125927725898536	0.130110091439062	0.132420258069319	0.122244807469188	0.128596344332788	0.142321723925835	0.12300777467299	0.127198453287132	0.135099982485875
TAC	0.0911082048141891	0.0909136824907036	0.0923091328926005	0.0917445259807473	0.0906492978283242	0.0920233113738866	0.0923513917692092	0.0932132692426083	0.092604260027955	0.0926166697622663	0.093939557562045	0.0942262924707566	0.0938971417439196	0.0947388803279371	0.0949906423607894	0.0945161811706434	0.09608468723515	0.0964761512782395	0.0960861628403438	0.0965691754347094	0.0971163655339706	0.0964569605967136	0.097013935817011	0.0970432514934685	0.0963166769301209	0.097034014512393	0.0978933653201582	0.0976769302314378	0.0984079491712593	0.0982471170826354	0.0987937344061938	0.0983204968068776	0.0990013714169576	0.0989459681179626	0.0985564447645805	0.0991560921119161	0.098400213704626	0.0988129174275371	0.0980507880369875	0.100411684800053	0.100259385244886	0.101161490820352	0.101799030116714	0.103215632875228	0.102802407889003	0.115672639345444	0.11010254026616	0.0949521029207902	0.102705745083221	0.100072303246674	0.0886368336992452	0.0897479559890532	0.101902224738368	0.107600200018872	0.11142265340446	0.082272080353258	0.104464975707124	0.101697644396629	0.0986419879856691	0.099187358014432	0.100570208106723	0.0986955625315769	0.0991584070398516	0.0983161397893975	0.0985831854450546	0.0981420609961702	0.0975692628277494	0.0974989063911431	0.0974770549717564	0.0976808615125203	0.0974243147058704	0.0977847777659972	0.0976843957008567	0.0974574281269125	0.0958771736058496	0.0967853368280794	0.0967102690004383	0.096388001429372	0.0959329835248528	0.0954586912417053	0.095862232916512	0.09651795175662	0.097048303047906	0.0955228573923767	0.0946824995766658	0.0949039070766286	0.095054473879537	0.0943299898262792	0.0939870068972863	0.0938119586548797	0.0934379262579511	0.093803345262329	0.0931148614946681	0.09417651774738	0.0938894293881557	0.0928529627538881	0.092035488409349	0.0927972413932804	0.0922254195872397	0.0920234379219594	0.0918019149841302
TAG	0.000103583565899697	0.000169156189125599	5.59372308171103e-05	0.000184993756483404	1.46782387099595e-05	4.65283467129649e-05	0.000153241816031669	4.85333701587087e-05	5.27192126762973e-05	3.0529043523048e-05	0.000122356021183797	4.30624641581342e-05	3.27470933083344e-05	1.47983344662509e-05	2.99124588022566e-05	7.54173176713458e-05	4.81725463976956e-05	7.72529083022769e-05	0.000230210787411272	4.60924363510434e-05	0.000199540546500705	6.61194896239659e-05	2.56039985291264e-05	4.00504100814825e-05	0.000153072040814503	0.000233505588871312	8.5837912841142e-05	0.000159331832437457	0.000226124673025444	0.000220211349176975	0.000280004098695979	0.000167278633970921	0.000205750655625927	0.000215962521136337	0.000145991753329435	0.000282915074968046	0.000315526754311161	0.000250645118734609	0.000229406641428545	0.000223776666565807	0.000248003127139335	0.00014211691211832	0.000342581223241827	0.000191848698355904	0.0001741937382426	8.80939553820462e-05	7.51603208898743e-05	8.01437976214494e-05	0.000126646391592906	0.00023363063629879	0.0117685798669229	0.37758656502761	0.109350786542073	0.101099003614877	0.129088821742748	0.0951122068819568	0.113769125782917	0.126155447448594	0.121375598065106	0.126654018761438	0.1266796300642	0.125100394896199	0.125635785887435	0.124461769254328	0.121490729549129	0.115797116982402	0.119963487459978	0.112880000257401	0.114458697009094	0.116146290853699	0.116847034749638	0.121695959501443	0.119192707973426	0.119786614503196	0.118272487717247	0.120952736009857	0.112740409197654	0.116341053973479	0.111221711563413	0.113277979727733	0.115710001726458	0.114822369592734	0.11044687635549	0.108308303304087	0.115671117838208	0.115769195819363	0.111022481338876	0.116954051897452	0.120590193902177	0.113487227964098	0.110713810867097	0.114772355000161	0.115371359030494	0.111363447116655	0.114618011376024	0.124870854129049	0.119136588287734	0.121078791445316	0.116784043509685	0.11398319877676	0.118284527752985
TAT	0.095706870770775	0.0953082149988668	0.0952179096533362	0.0957463308982022	0.0964123955119169	0.0959442781825684	0.0967908901817171	0.097586757701527	0.0958876690752939	0.096864601417544	0.097619931633822	0.0964493709419321	0.0965855479470622	0.0980376324924211	0.0981458241527106	0.0982181015496074	0.0982883188493458	0.0983489280377943	0.0995784350418129	0.0988095929603425	0.100542882814206	0.100273418628074	0.0996138720211914	0.100312262080789	0.0992051322959005	0.100039932529587	0.100822432076541	0.0999555230493316	0.102066367506537	0.101725190743912	0.102267487813301	0.102220682132589	0.102406293465744	0.102397479679686	0.102866135193442	0.103058341934897	0.102222447633203	0.103292410458891	0.103091817922272	0.10509011389892	0.103834323286945	0.104167846140904	0.105744994009412	0.107627666873689	0.106265254952323	0.104929353960065	0.108923427057765	0.0838992545000287	0.0903683493389749	0.101795662387017	0.144948026642736	0.0898440511906318	0.104016138520675	0.113657001034058	0.116838862305276	0.0793902897451524	0.105502980970364	0.106385858031491	0.103905207139084	0.105591544900688	0.104505713819563	0.102004902632721	0.102999042320722	0.103406419397728	0.103136937754223	0.102196487743913	0.10215588051438	0.101824412064925	0.102254830141362	0.101495624468137	0.101411295177745	0.101863313666112	0.102202025200727	0.101115613288251	0.100865959522275	0.101800352611813	0.101485350962871	0.100741290847009	0.100791207387245	0.100033078526032	0.09981341326204	0.101138640293946	0.102161965469721	0.0997965807061584	0.102183089658011	0.100041120280749	0.0995775725080567	0.0984875213464609	0.0975982523896735	0.097322078170552	0.0991290676495788	0.0978604805856179	0.0977160666462639	0.0980697513662028	0.096620459493578	0.0972061858297774	0.0974757132115954	0.0970322393486987	0.0962732848709903	0.0965114522779763	0.0971042886411988
TCA	0.0851856152179099	0.0848943054647196	0.0854464468406288	0.08595196788983	0.0867821190309473	0.0869607423769218	0.0863786977643625	0.0865434306991612	0.0871354112708149	0.0871886685669028	0.0881496901689071	0.0884262968975253	0.0877719623720729	0.0880957003445666	0.0876165467199417	0.0875977127964995	0.0881628445800541	0.0882040291162141	0.0879488011490757	0.088665849633274	0.0885171808995889	0.0890420379587275	0.0894122914894872	0.089002948100385	0.0896623082128957	0.0904124133068642	0.0901550746908118	0.0895257086029494	0.090277126552944	0.0908771377783585	0.0900995673302129	0.0900403639399647	0.0911211235131146	0.0915574572859744	0.0909254176192694	0.0916920484098532	0.0914817793629092	0.0908376964595339	0.0922722880263042	0.0927245902855737	0.0924786659749668	0.0926391338821457	0.0924074992519038	0.0928385726924348	0.0923030105843015	0.0936756314989907	0.101854649674674	0.0952471437897966	0.0983889959491539	0.0979391383260927	0.0890764812180908	0.0812522400450907	0.0932267308763103	0.0987231837018106	0.11022286344295	0.0863735879525436	0.0957404334986647	0.0916581758047874	0.0920584191989629	0.0919956090401817	0.0923805172745353	0.0923174930540274	0.0916294703646619	0.0910313914716422	0.0920477443474959	0.0919789740691239	0.0914145986335859	0.0929467130640294	0.0912314375216541	0.0914146467377523	0.0907574917938441	0.0924119973392456	0.0905472161137366	0.0898449971051045	0.089930970834313	0.0902837364047306	0.0896937705834309	0.0892325799343438	0.0895055845256927	0.0897450229839574	0.0903995086468922	0.0888014528214394	0.0883779209473894	0.0882799679076423	0.0883124189802681	0.0881837142727765	0.0889264194170471	0.0889521339299802	0.088459115371722	0.0887318239687434	0.0873494481023164	0.0875258935710212	0.0874764242239288	0.087135110356587	0.0870253568128217	0.0874321591397066	0.0867748904876051	0.0869208695966149	0.0860425689045018	0.0863754916105988	0.0860197541857467
TCC	0.0832075084333139	0.0829408719228926	0.0832204360039552	0.0834999274798394	0.0839307792326228	0.084436356270425	0.084666302271473	0.0839990631727875	0.0845187751234199	0.0839082629649567	0.0847228597826043	0.0848333841695905	0.0848949746969596	0.0852952130432377	0.0857420900423547	0.0856682270085086	0.0860099301108422	0.0860778289063114	0.0855612301050699	0.086756838755814	0.0865437842573278	0.0870252368385923	0.0862373697138721	0.0870336705793213	0.0867045078371651	0.086446448546256	0.0865036841138057	0.087183232575839	0.0870303531584109	0.0874870339617402	0.0874821749074027	0.0882444844154086	0.0875015929973725	0.0877266005498719	0.0887768487258805	0.0887316437763836	0.088820466280608	0.0875414679564992	0.0881693238168785	0.0885846086452054	0.0882447363999088	0.0889398378598761	0.0882151032649169	0.087954115150134	0.0874008713591237	0.0955686601335619	0.0876519250923148	0.0742368930439883	0.093163676945958	0.0745505697067892	0.0697602208201176	0.0795299039823336	0.0892929471562101	0.0846970557832134	0.0623818852835351	0.0867281297192139	0.0902460859825673	0.0867431398124281	0.0878499397846191	0.0876943221632362	0.0880526567258414	0.0875468499339706	0.0875066708670132	0.0879777227771392	0.0869743111071538	0.0868355531044257	0.087029240489196	0.0860949561165049	0.0867152986280638	0.0864135325720482	0.0863934356636987	0.0866048480722307	0.0869697672351399	0.0858754886832977	0.085612969886902	0.0852522654240887	0.0851957240734224	0.0844897273340171	0.0848181337799774	0.0848737833396811	0.0847532171446905	0.0842665056189713	0.0841512204361683	0.0839002417362756	0.0841870494967249	0.0839518792453674	0.0840814697002694	0.0839140733289519	0.0835976506306983	0.083708770530325	0.0834926519774678	0.0824953011010407	0.0821354140237424	0.0826635458220044	0.0829219686562659	0.0828624586847955	0.0825137246035288	0.0813117193228123	0.0823500366291626	0.0819851003251847	0.0815993929778285
TCG	0.0857680547949664	0.0858770527015452	0.0872872318135565	0.0863067487970695	0.0866550420122898	0.0868296683094816	0.0869780067329949	0.0874496475239094	0.0875489699903642	0.0868298215713658	0.0876803951331673	0.088526920679027	0.0882321851811645	0.0863201938364377	0.0880957810253833	0.0887403527563659	0.0876906629252272	0.0883998731271656	0.0898966852518365	0.0872088277910903	0.0883056399625052	0.0896885726370437	0.0875968084625597	0.0896171760922863	0.0877772569149296	0.087551267069584	0.0890797667338092	0.088703337233271	0.0884535806747312	0.087456451112902	0.086977427886994	0.0871898919927919	0.0869368830110956	0.087769765776493	0.0874619634196747	0.0866124095204185	0.0886811688972064	0.0861810549187019	0.0864862559018241	0.087324312126506	0.0892291605493185	0.0870325531601423	0.0878292647756054	0.0882209193092062	0.0877718854776663	0.0753853941315388	0.0838002262961141	0.0763893939504176	0.080644098490356	0.085447828046618	0.0858404766177872	0.0925314276186464	0.0946706394335464	0.0793803689838428	0.0737963177210794	0.0710706280812767	0.0878958820836371	0.0902750246130613	0.0871510997901289	0.0851296585372888	0.0848272518032119	0.0867846438376134	0.0839566469528509	0.0836970174985965	0.083223246257527	0.0832057034166277	0.0864242627040428	0.0850601531302404	0.0848607204027545	0.0833923614259106	0.0834213953866999	0.081416474925728	0.081345974755914	0.0816774637517076	0.0796068086464937	0.0797115302866091	0.080909809681378	0.0807633771766982	0.0792645891816808	0.0793251199865337	0.0791433555009429	0.0785774076591235	0.0774376438752381	0.0782691425163453	0.0782628065607194	0.0771447982923672	0.0768413950406399	0.079329279394599	0.077640520167458	0.0789263272082792	0.0784361185900629	0.0779585774615048	0.0770975546673103	0.0772108830860128	0.0756914378787947	0.0763231512529033	0.0758134643768587	0.0752857301801308	0.0749133414270087	0.0747404131938162	0.0731442688510179
TCT	0.086819207333282	0.0867855586833574	0.0885494727686874	0.0878650446433391	0.0885014255847155	0.0882382458526119	0.0895192838516404	0.0882459780411094	0.0893906453571312	0.0889992933020774	0.0897205287301979	0.0898056487597647	0.0894078062069992	0.0896928038814198	0.0893874103190997	0.0894532851024628	0.0902934643268772	0.0894313843414005	0.0898063591858124	0.0900580260268435	0.0907891175254793	0.090064560440273	0.0909147404498966	0.0908248482040477	0.0908112458427362	0.0916792221659228	0.0917484436380995	0.0912062909755723	0.092156394987722	0.0918170583410613	0.092544837350463	0.0921413081569244	0.0922101550495522	0.0918396671244657	0.0919821995558577	0.0916410218340764	0.093682731518737	0.0927982346651181	0.0932872059069774	0.0944027943677491	0.0937554557030215	0.0933624059666784	0.0932812404710678	0.0936927162501076	0.0930206789136577	0.0882325162542573	0.106860422695918	0.0910125848852507	0.0987904050704261	0.0883727235604559	0.095196169072455	0.0871082339353728	0.101418932342134	0.0953590422507814	0.071445528413486	0.0847842517956958	0.0907457391429015	0.092274497949388	0.0938941147621767	0.0934625803546388	0.0931122649496616	0.0928983939712349	0.0933486204694716	0.0926640701605896	0.0928835165827723	0.0927488861812692	0.0925938498903443	0.093091671843975	0.0923821046323354	0.0922935773109104	0.0921527910261539	0.0929510358735299	0.0926493584610328	0.0918641610498151	0.090845818837326	0.0913196458282796	0.0912707790534591	0.0911301603358397	0.0912787812760553	0.0919513161683118	0.0906468389693124	0.0908058557127509	0.0911785269315611	0.0909034362514148	0.0911805635386234	0.090775999844063	0.0906331988532811	0.0904903791790475	0.0901314580073267	0.0886425243362777	0.0885868895887201	0.0884124791911704	0.0888944840455903	0.0882810576227582	0.0886803799484697	0.088595440709945	0.0886957325334791	0.0877284951482048	0.088048150657386	0.0873745389338408	0.0876732961118152
TGA	0.00556386192648016	0.00585436143041542	0.00413486694271552	0.0038940263092377	0.00480492926274893	0.00433565083584732	0.00411630819421303	0.00440218403408859	0.0040630100979474	0.00364222152855075	0.00409844841940285	0.004280986246293	0.00444580693653418	0.00385747163138505	0.00455195258514825	0.00382941110962874	0.00413086377941819	0.0032983071952401	0.00384408960032846	0.00385827532884999	0.00316589132262439	0.00297491130094786	0.0037826354780752	0.00444284731410372	0.00418162816775125	0.00430902417780225	0.00439716003174762	0.00431313725268215	0.00445128930639318	0.00444449414342285	0.00447840293624869	0.00395995967708765	0.00421255446157858	0.00405630198903043	0.00432475902979653	0.00542773296138339	0.00569598350508671	0.00569340844408869	0.00479932141869731	0.00559946034105211	0.00598782884342441	0.00413852625463353	0.00522492385505504	0.00458798605965556	0.00547344365780258	0.00498936288563117	0.00588744959091809	0.00556525015397635	0.00583004410505231	0.00540763658672948	0.0296265383893784	0.346629025783706	0.117637052200594	0.112723801062147	0.14593276683067	0.0955440410694136	0.122590505866283	0.123226002476633	0.124756347737527	0.126334377038034	0.124966983133419	0.135437910855645	0.127856471484993	0.121883076553573	0.123683194612081	0.120383833393737	0.121926718807308	0.120937437736343	0.118689728010675	0.124106695420996	0.124200245418557	0.117581203474366	0.122707622142102	0.125347076667369	0.119910918223528	0.11988521817582	0.116325011049675	0.123810949497963	0.123302860131727	0.118378164235979	0.116968397887676	0.117888432621532	0.119201732527121	0.117458100081341	0.120033773343844	0.11871602269202	0.11479593301433	0.119505286304199	0.1137752648009	0.112612172579841	0.11923152175132	0.119097519110551	0.120693113581179	0.117769472326152	0.118956673237031	0.114820914281225	0.118949003358067	0.117566596459346	0.118427665844079	0.117800938415492	0.119928484001942
TGC	0.0834555845666988	0.082726483688071	0.0830078043503272	0.0833933381523183	0.0829078617140297	0.0837885434578302	0.0841022694529817	0.0835261901696716	0.084135757074087	0.0838009087206474	0.0845611501574183	0.0837227638750975	0.0840270588391936	0.084876932756654	0.0846732453882584	0.0850488137502526	0.0843151815849914	0.0847582389679352	0.0858648265110756	0.0861967115853053	0.085762275875554	0.0866113788818717	0.0871378262360168	0.0863327473812321	0.0852965715868882	0.0864214448053638	0.0869850877314998	0.0862759484351412	0.0874335961821431	0.0869394076741834	0.0877292058353431	0.0875379903081307	0.0872416818568366	0.0870946947957866	0.0880589300323386	0.0879336565192317	0.0866932041625394	0.0867441900396091	0.0864387517088372	0.0890016536320448	0.086872296368638	0.0857022824044208	0.0860846360723388	0.0856424366691076	0.0865077129115429	0.0958637907299068	0.0894760874895295	0.0943387835349665	0.0999684422451132	0.080728647535475	0.0786478327770604	0.0731086112835998	0.0925945954704616	0.0953489765624032	0.0735394691213072	0.0708848238210095	0.0882503794148325	0.0871604344447027	0.08712154872736	0.0879503401741946	0.0866051670349849	0.0865759599516465	0.086653884554126	0.0864460658831903	0.0861859204274579	0.0849354126909225	0.0848441092770752	0.0857828598253808	0.0854812123248915	0.0847702804782076	0.0850345795679559	0.0850176436453062	0.0843482841429456	0.0849845516267803	0.0849057428042903	0.084803268685075	0.0849906917046176	0.0845051820637836	0.0838926084867187	0.0839403987695786	0.0834746446363031	0.0828185285546397	0.0823302678233623	0.0817310938141319	0.0823236849791769	0.0821530068307562	0.0814435191883254	0.082088007110257	0.0816588987760985	0.0814836476117252	0.0816998859419514	0.0813016186533287	0.0816501315086572	0.0809425411409858	0.0813408503244733	0.0802580336159984	0.0805868576143882	0.0799217080346923	0.0790734599980166	0.0791697901982282	0.0804416642796664
TGG	0.0867546788138752	0.0870898596489029	0.08641562380228	0.0876894544185945	0.0880957687634632	0.0884198516970911	0.0882647582256804	0.088115135001796	0.0880994849626392	0.0897410348360594	0.0879203871598278	0.0887371119458023	0.0881947292353942	0.089056654686979	0.090092299925783	0.0904115989724073	0.0905889202598904	0.0907830724835055	0.0916372438824815	0.0908914450978989	0.0908197029493603	0.0908696597565938	0.0917882433859073	0.0912042459057044	0.0924598449805557	0.0924510373081191	0.0918855335229437	0.0917626902951372	0.0931396304169761	0.0933481208468551	0.0936466152663657	0.0939018736767487	0.0942771856002605	0.0944500096701279	0.0955023926038502	0.096020508581568	0.0962729324094456	0.0970242070539018	0.0960982297484018	0.0958548761118308	0.0964202710657762	0.0974541250834117	0.0973380069130979	0.0975523225253811	0.0971953375574718	0.0914539247268003	0.0975526283322683	0.0953607928685987	0.0818763799171576	0.0921546527051731	0.0842881165041465	0.118319518947104	0.0951259553861199	0.0795336858134866	0.0959760388967099	0.0710398337551937	0.0898036298734298	0.095471447219594	0.0942427615773103	0.0942130355121072	0.0942962455686236	0.0934821364891775	0.0920167026061978	0.0923143091873584	0.0921221475755927	0.092341881239005	0.0921772169784655	0.0908114597428947	0.0896048184300596	0.0916536125676635	0.0918467200359851	0.0905371377532838	0.090176546673521	0.0894847648716428	0.0894309317737942	0.0894160853622026	0.0885391775197201	0.0883626652490354	0.0883104160822429	0.0894336943578565	0.0879848720324291	0.0878439302267826	0.0869029096832353	0.0858277511958918	0.0871432395814305	0.0860302107400359	0.0867953479379791	0.0867535488391449	0.0861656866885962	0.0858068199905926	0.0871676376633222	0.0856010772902267	0.0862406067958797	0.0847353628603931	0.0852785443930315	0.0847576420284719	0.0852177120033407	0.0851305817027563	0.0844509292730085	0.0839452921785111	0.0845431743361801
TGT	0.0875335362241176	0.0833659861382898	0.0870032281549509	0.0888308498745222	0.0858105790005898	0.0875257094045651	0.0862396477430846	0.0865477542991235	0.0869319392204929	0.0861037864340694	0.0851292694696897	0.0873655556437153	0.0866996012635808	0.0858818705710737	0.0859265670113204	0.0860742446672997	0.0852716207387052	0.0861941360591372	0.0875639946479861	0.0879900808745595	0.087016963810321	0.0876265747596333	0.0894438484517827	0.0870853176604244	0.0880023539951946	0.0905986689253553	0.0884760741061825	0.0876730644978796	0.0919230023463327	0.0884605614203364	0.0903841177634398	0.0936157456838934	0.0910696283544888	0.0926153925140453	0.0906934330205792	0.0916834551555577	0.0913709341351293	0.0907358127245026	0.0888045220645337	0.0909639383221392	0.0898053569811812	0.0895023642752915	0.0891070294046718	0.0887509184412052	0.0893033920664295	0.0863035347934997	0.101072888190211	0.0979277352452583	0.0963414914965995	0.081571828386652	0.114057487403542	0.0788319728385486	0.0977944304839221	0.102557826146464	0.0892790761622239	0.0656396206203595	0.0905944523049702	0.0895388987457567	0.0928434674150334	0.0942408917722138	0.0913178870558166	0.0922192813280602	0.0904913885783719	0.0912517378680802	0.0910758388454265	0.0910478484179393	0.0880552758483405	0.0898941212319444	0.0900660754865275	0.0878567024212429	0.0882178467771943	0.0879520994338736	0.0880737077416971	0.088885186113233	0.0886078016656038	0.0881464342641013	0.0882063460495987	0.088154640848897	0.0901478088709751	0.087170321161029	0.0866373169636556	0.088472560855216	0.0859743157957245	0.0853278631445946	0.0891702514635393	0.085577174223575	0.0883699535890777	0.0900341154433156	0.0871282512650969	0.0883582708741673	0.087540837611771	0.0878364928962512	0.0863679752595023	0.084936016359931	0.083949417435711	0.0857993649904579	0.0848517948665599	0.0842616272706531	0.0828172051851709	0.0835769992831915	0.0839205060521591
TTA	0.0945012074353732	0.0941242714118216	0.093981026317735	0.0950192511896451	0.0957298039900948	0.0951826344942366	0.0956106693072841	0.096433719198692	0.0965910993957669	0.0955560292669416	0.0968932836718132	0.0974292164978124	0.0963800325203441	0.0975673054421339	0.0983378801315021	0.0971276295822415	0.0984382720884339	0.0974708998006392	0.0981262860250743	0.0984747975931685	0.0984883152191551	0.0977963146278217	0.0982075029779193	0.0990954567281898	0.100113926517058	0.0999601979974036	0.09937284135931	0.0993221528771174	0.100858563688869	0.100144267571154	0.101726855115448	0.10178810224275	0.102260482786532	0.101812629956969	0.103495216219481	0.102661874355322	0.102269488090694	0.10288078731989	0.104816115462304	0.104988703128238	0.104636292604312	0.106053129179554	0.105656984712136	0.105945220713549	0.107461218579932	0.114725989378686	0.101022400494905	0.0792241352831655	0.0956188716448642	0.112323985439737	0.0935712296555455	0.091909463998311	0.10779587257544	0.112631814849936	0.142997963361883	0.0841687164950104	0.105501252109368	0.104108262354088	0.104670629342763	0.105648125756751	0.105762668376001	0.101674513466796	0.10169827306603	0.103172139604698	0.102431250614613	0.101685104061212	0.102003226412684	0.102069118540713	0.10111701355414	0.100923102428693	0.100805665844907	0.100318825281204	0.100673902385553	0.0996237483110228	0.0995054823010223	0.0989897921170982	0.0988127005492777	0.0997105996186905	0.100028433818642	0.0975516087590502	0.0981844841434496	0.0978486759806888	0.0980187858673758	0.0975511029145841	0.097655775582438	0.0970521387438654	0.0973028936871953	0.0976294846182954	0.097546834176296	0.0969467817200031	0.0963908304870863	0.0956573909719059	0.0948825623963729	0.0947888500469575	0.0958023422738903	0.096121839074652	0.0956076094644964	0.094173819508701	0.0950936214099648	0.0954197858306438	0.0940274676626728
TTC	0.0888355300891564	0.0897403212146431	0.0890260232817097	0.0894362891017615	0.0891283325100618	0.0893780227775867	0.0900523379327801	0.0901894258489464	0.0900799134610604	0.0900560834531649	0.0905620728674094	0.0907748070048756	0.0909310648775573	0.0911422690040447	0.0914523692706997	0.0923791517367486	0.092832098922736	0.0919398422553794	0.0935731988590741	0.0938538595310355	0.0934537108318643	0.0928506455842235	0.0931061810935307	0.0929864676503152	0.0942229357838654	0.0937138614393834	0.0941553860443511	0.0938710452304932	0.0943006629609113	0.0949581626202839	0.0948052224044682	0.0949442279892316	0.0956025423529438	0.0951076432968646	0.09541091082813	0.0966554967931878	0.0953739234812326	0.0964709402214235	0.0966638651452761	0.0976009076676181	0.0965446779998144	0.0971284536988396	0.09820391060087	0.0998115955192386	0.0996750117869269	0.111565798550765	0.103306929811359	0.104589530682205	0.104410630258628	0.0995418750980047	0.0890090264262894	0.0714889866381482	0.112057446214606	0.105977802989559	0.0974498841935614	0.0869397731375474	0.0981547137332894	0.0967474729333063	0.0948056009619515	0.0944733407788936	0.0957463785306483	0.0941911873667963	0.0933562348042601	0.0955452323431377	0.0937455634739808	0.0936411799177319	0.0939104097256433	0.092874092125745	0.0925779282540013	0.0913073398524147	0.0916217105388172	0.0912888912922643	0.0914070350760461	0.0911782505855781	0.09061280895909	0.0903950386222894	0.091325777767849	0.0907076172352271	0.0898255727007546	0.0902877231470673	0.0898830745313823	0.0896644002853131	0.0899581057717095	0.0889834385877911	0.0904013285548894	0.0893855327078402	0.0897661499535553	0.0889083412298976	0.0892937977913565	0.0886457840591303	0.0884549219400971	0.0893068909088101	0.0879834982819082	0.0889587011650763	0.0878786704200745	0.0876228750945004	0.0875491575522494	0.0865986717214059	0.0863083159240158	0.087353189016282	0.0866832263925914
TTG	0.0911560951292063	0.0915089622414456	0.0935634774400853	0.0925832193099098	0.0929960374148439	0.0924400743825513	0.0928190233178569	0.0931345652794031	0.0931175810337998	0.0934172694737179	0.0933351776253465	0.0938697340277659	0.0936104739157427	0.0940140328308025	0.0936975775560908	0.0941220446365808	0.0935330164189462	0.0949128318644425	0.0942410313049291	0.0943480613147731	0.0956934039375982	0.0951652273302468	0.0950935557630506	0.0953755193705407	0.0958538323302875	0.0960389657325417	0.0964047181360754	0.0970073384341728	0.0968762459419554	0.0965889251691344	0.0968626888160043	0.0970329649631725	0.0976708619260684	0.0972867116516207	0.0973803496072195	0.0977996642120975	0.098043481455928	0.0983513923017569	0.0981465603354121	0.0982589060757388	0.0986880621522967	0.10078618466146	0.10076765802881	0.100717053310598	0.102533850179477	0.0926075923710493	0.109177126881255	0.0998331981354884	0.104054580625515	0.116661421894501	0.0861958142271807	0.0867868343689345	0.110446133877905	0.095242179454059	0.10500909038358	0.0762565112051455	0.09543034467891	0.0987952480519191	0.0987753008349675	0.0995446303187604	0.099762910183867	0.0974535903031662	0.0968140013167871	0.097527449891164	0.0960826168287416	0.0948665731763959	0.0953678890983866	0.0954099545482689	0.0945202362323999	0.0959178170367869	0.0943003514875361	0.094214609330667	0.093945279427945	0.0936696628772294	0.0940802134331405	0.093203413625432	0.0932840183574299	0.0929713460810335	0.0933882874766222	0.0928169408207076	0.0934840101738036	0.0927462069992321	0.0923933257570138	0.0922569386125375	0.0920011030485419	0.0921968140698429	0.0914128610978405	0.0911150276398612	0.0912877357578998	0.0905269756703511	0.0904559583711177	0.090871324853941	0.0899683039570639	0.0900200063063134	0.0909958661171788	0.089049062944902	0.0893393244325813	0.089276911460249	0.0890191933375467	0.0890607840330079	0.0888435051975612
TTT	0.0945003756718625	0.0952208233680431	0.0950375614459089	0.0947088170772207	0.0951964324507302	0.0950165928928434	0.0950390174598977	0.0968811174155036	0.0956308952470235	0.0969803959634651	0.0963968373526323	0.0974454450564286	0.0973199538757805	0.0974164527107758	0.0961930833530443	0.0977897921697297	0.0975768911257683	0.0975641369258757	0.0988382971028576	0.098571813431115	0.0985016887152571	0.0990961017249756	0.0989078886681117	0.0990687544133864	0.100183570913948	0.0985305761608144	0.100293024015171	0.100101376144461	0.100188890294767	0.100677082418993	0.101296938458552	0.10168633060923	0.101774621346836	0.10198157072215	0.102886285297428	0.103425478115935	0.101843241720445	0.104101488249386	0.103792545538001	0.105314400480484	0.104446021135419	0.104919050135534	0.105260330414614	0.10874879800757	0.10650811165406	0.105783535798946	0.105847460620433	0.0804940020125861	0.0862945968487995	0.0988857587451388	0.113424479245732	0.0774237486175998	0.116488755782252	0.112860236845657	0.112778624503861	0.0900534624767225	0.100978271052918	0.104748357299524	0.10267116862107	0.102226105060032	0.103844110627199	0.101308081425023	0.101317180513633	0.103330484952448	0.101831560683048	0.101875071593156	0.10100007505108	0.100901261751438	0.1002197410125	0.100359992955521	0.0997143598977504	0.100412870515396	0.0997424932909591	0.0994097101339486	0.09882638335004	0.0990133906141559	0.0990022333011509	0.0988377651157052	0.0989780805051397	0.0989453891541017	0.0990399836889472	0.0983384770033879	0.0991108559489104	0.0982354290018252	0.0979101291977294	0.097887460346969	0.0976048659540211	0.0965535190851687	0.096801094256315	0.0960158789020872	0.0969450961162174	0.0973317816671038	0.0953213428816511	0.0968542308706722	0.0951611172351948	0.0961269876213874	0.0953018083546814	0.0944339718184506	0.0944202103311721	0.0942329847287034	0.0949406987722728
