Codon	1	2	3	4	5	6	7	8	9	10	11	12	13	14	15	16	17	18	19	20	21	22	23	24	25	26	27	28	29	30	31	32	33	34	35	36	37	38	39	40	41	42	43	44	45	46	47	48	49	50	51	52	53	54	55	56	57	58	59	60	61	62	63	64	65	66	67	68	69	70	71	72	73	74	75	76	77	78	79	80	81	82	83	84	85	86	87	88	89	90	91	92	93	94	95	96	97	98	99	100	101
AAA	0.0191748136823891	0.018720802891437	0.0196891507031838	0.0188000261144961	0.0192839249203204	0.0187091779796414	0.0194834557882118	0.0192021518669032	0.0190361923509545	0.0191880289678778	0.0188779096707483	0.0199833021301338	0.0206494187414369	0.0205405063147074	0.0208016397868865	0.0195472987170293	0.0202380655046145	0.0195064149860062	0.0196792014374577	0.0199063477735231	0.0194996831446656	0.0205349974228622	0.0203639926174372	0.021334506423861	0.020872872973964	0.0207808133768853	0.0206435335868124	0.0203703879468856	0.0204305109955988	0.0211687723659724	0.0208655883446119	0.0202395083463106	0.0210621559012715	0.0205633750635193	0.0209420941771193	0.0206523604860095	0.0219350444255639	0.0209013706840093	0.0224202057425449	0.0216862232441967	0.0213671996786014	0.0214717267023235	0.0210541853273141	0.0225607417619521	0.0212579003104949	0.0222999608099179	0.0209416052980009	0.0334884898389828	0.0179929877662155	0.0196250002342596	0.0211215200013642	0.0225669182820937	0.0252284622770045	0.0196223299153243	0.015265995501702	0.0173743877906318	0.0224938870865069	0.022916911780406	0.0221429192120749	0.0215183345440094	0.0225878323719853	0.0218314716343532	0.0217528463762263	0.0212493173421727	0.0210508485528207	0.0208111508778257	0.0218686255754552	0.020996398532728	0.0203903525018901	0.0209529648832613	0.021220399406199	0.0216239579446197	0.0210326117120726	0.0203540244618394	0.0205487147131835	0.0212482520656796	0.0200880701625331	0.0209559997278342	0.019429091111829	0.0196721658818155	0.0203502047040118	0.0197054081591481	0.021284616837564	0.0186925240931025	0.0198772150594429	0.0197880133006128	0.0197981153136486	0.0202348964672488	0.0192250574270395	0.0188707472945947	0.0191716222227611	0.0193031377156543	0.0191780184882948	0.0192234074946563	0.0192803633737076	0.0182612640990721	0.0185431129789235	0.0190247767121983	0.0190784524020051	0.0188678630505906	0.0185498094234576
AAC	0.0182677724207368	0.0165039845749806	0.0169273716821876	0.0167839560295404	0.0175003618953586	0.0173995420262113	0.0168769207404749	0.0176035698334512	0.0173997751497811	0.0174586015592627	0.0182022113485753	0.0178998389228077	0.0169214543332545	0.0174125210070872	0.0184292577703728	0.0175116848841173	0.0172269684419316	0.0175051725973313	0.0186852568887753	0.0181645861491052	0.0177183475969144	0.0175656427253963	0.0168690876060055	0.0180006208002882	0.0181081534832766	0.017226087823647	0.0186310643440604	0.0183658674359845	0.0186540969473872	0.0178138635290112	0.0183065980099954	0.0187951739188413	0.0185676332314644	0.0179090839423113	0.0184072188879204	0.0174014940138429	0.0189589580434984	0.0181755053150244	0.0186251036796013	0.0182580094575824	0.0192581159057001	0.0192603976537614	0.0184235018928358	0.0187065453091676	0.0198489010871263	0.0190300255248995	0.0136972285977288	0.0264376423117351	0.0224481231468644	0.0176548827160813	0.0230491348310002	0.0255755823670729	0.0359975696441159	0.0277720650693374	0.0250658371768435	0.016510744313524	0.0196990165440861	0.0188206795715815	0.0193838891924107	0.0187516484326662	0.0183118553488986	0.0185661348121031	0.0179560752689337	0.0179343938785156	0.0177514694724121	0.0177193490838627	0.01783998543381	0.0182921315037327	0.0171947167094524	0.0180985786522723	0.0176213841276186	0.0174966569601819	0.0172007983971595	0.0172460840100541	0.017547671627494	0.0168359888213063	0.0173443250575132	0.0170186446726224	0.0170961153859215	0.0170133225204299	0.0176874332735731	0.0181755721935561	0.016854872754658	0.0159976559148209	0.0166321559103799	0.0179713486704073	0.0169561636733686	0.0163061360525886	0.017823617433999	0.0171837508976605	0.0156879398376014	0.0165721033612824	0.0162619075608954	0.0160511348887851	0.0164801294422549	0.0167955836185028	0.0151981824020684	0.0161766856346317	0.016065954484395	0.0163982422904984	0.0159639417841016
AAG	0.0189389855308376	0.018923725590885	0.0203394771240782	0.0203680023156971	0.0197977025884503	0.0190777486822157	0.0195975312412538	0.0200731351259023	0.0196576568498143	0.0197773546162693	0.0200879330740346	0.0196224729661972	0.019618818938195	0.0200440917011435	0.0198756962090288	0.0191017158043918	0.0207688089459608	0.0201303639083969	0.0212995703375632	0.0204994778262683	0.0205006542155697	0.0204018904869885	0.0204444432924485	0.0207199677520237	0.0200784221324997	0.0205410390812137	0.0201090121132696	0.0202167030464396	0.0209349662872003	0.0204960651679886	0.0206635621120068	0.0203025272599576	0.0214979184375758	0.0217850506433818	0.0201679660651424	0.0216099342260589	0.0214738176336531	0.0216606340349308	0.0216794324358968	0.0221348610852146	0.0224095856569936	0.0212023042084234	0.0218828305577925	0.0218736354397124	0.0217964228405877	0.0228958115052403	0.0333877824675268	0.0276977180465449	0.0198196942310505	0.0242578664516091	0.0206326595865097	0.0247576625067949	0.0247253212281899	0.0224342800308225	0.035664564450763	0.0172877133810338	0.0225189278204806	0.0226110759230075	0.0224040413331368	0.0204802820732777	0.0208285559073255	0.020999036328655	0.0212789742977322	0.0207362670329887	0.0211100943151917	0.0212923197312124	0.0209312656605843	0.0207685059698619	0.0203025129872825	0.0201671029456542	0.0201286031129056	0.0203850535460139	0.0202070487241861	0.0211444079580276	0.0204004036107393	0.0205168085953036	0.0195727053852049	0.0195847584803614	0.0193920575778007	0.0199854521436948	0.0189221132425516	0.018958993771519	0.0190996600454473	0.0191767689583943	0.0192527663225198	0.0188814506660621	0.0185372076387376	0.0189256127064868	0.0186624162937572	0.0185051624648214	0.019624253215302	0.0184291502758226	0.0187699213891707	0.0180883645783324	0.0183007269725204	0.0179457779674898	0.0178714429857559	0.017727330949681	0.017860993824042	0.0179017018550476	0.0184756952079879
AAT	0.0178563960427639	0.0188351579464148	0.0185082609694995	0.0184189696428598	0.018589515477991	0.0191232636327809	0.0199208903128212	0.0191967757807348	0.0199816411728789	0.0182506666181081	0.0182805498616552	0.0196429676328029	0.0190875938019802	0.0198955330231452	0.018945360435045	0.019137587983349	0.0198668996941175	0.0194297229338535	0.0194256085280952	0.0198484086796532	0.0196419459303648	0.0199483868015445	0.0200800414435367	0.019874726849577	0.0195779292191959	0.0204609777287423	0.0208337152400194	0.0187815516097718	0.0197981303475829	0.0215155167632088	0.0205221263729382	0.0202391499378273	0.0199242334598056	0.0210496141033598	0.0201974876297669	0.020256824433598	0.0200623218376025	0.0199911924113571	0.0209570840520782	0.0218597713130204	0.0207072836709503	0.020196279968657	0.0207971383818151	0.0211182585872106	0.0206707104715206	0.0198605604844024	0.0180967109238388	0.0277355620440597	0.0157853278219552	0.0138890470111521	0.0205275982628244	0.0223208839555528	0.0234794897475561	0.0224918039029677	0.0232715106581642	0.0138299694142801	0.0203888278488567	0.0207735514527369	0.0213385160435578	0.0199064190118388	0.0205497803714693	0.0203166774393266	0.0204968019231073	0.0201906117025458	0.0202754275018144	0.0201030065256611	0.0199506373359437	0.0203398836933553	0.020067109047788	0.0206989042774628	0.020446234449951	0.0198051062147727	0.0193981735309477	0.0196083895015458	0.0190383895757185	0.0196013703228854	0.0199953999117247	0.0196813722652121	0.0197008820106205	0.0197707538834705	0.0190955356196578	0.0186086270720949	0.0191574195200172	0.018803116696798	0.0189027490797452	0.0188268983210758	0.0193081220052088	0.019159027648363	0.018631175329068	0.0183228220479467	0.0190034347944522	0.0182265827587487	0.0179298537638632	0.0180230366042915	0.0184721865103081	0.0179958623558171	0.0173089882944374	0.0182450241233202	0.0178845730262089	0.017356332105306	0.0178860610200987
ACA	0.0199893782957025	0.0208585979936739	0.0191356099203326	0.0193381721548198	0.0192365997852934	0.0200727694828855	0.0198073138301237	0.0198869973910884	0.0197404803600115	0.0195028904577433	0.0192017860588868	0.0203256533146935	0.0202948661353854	0.0191404289832841	0.0196825285889413	0.019834029004345	0.0192949069133428	0.0191904252054404	0.020137367711643	0.0197290928049517	0.0210439451644243	0.0200143125563769	0.020481025103203	0.0210350297169173	0.0200685486292528	0.0191053057285287	0.020632783708527	0.0212716831887186	0.021101537161148	0.0215948531239637	0.0213863269176964	0.0218699648655227	0.022386672569028	0.020800555843019	0.0212145849693796	0.0215741050787848	0.0219953057651661	0.0228511158981554	0.0222543255513556	0.0210493427367015	0.0215295749379175	0.0210489252805142	0.0213888928711297	0.0217614453307284	0.0203871559918025	0.0213802863636291	0.0166591106409212	0.0252067552323258	0.0230966788939751	0.0180921025334854	0.0164049076200336	0.019393970298531	0.0224398444275887	0.0219962715071485	0.0116587585002415	0.0156073051349384	0.0215923245586761	0.0212953112667166	0.0209376078852159	0.0209394275365568	0.0213495038044694	0.0212595083860334	0.0209217147443356	0.0201730218807167	0.0204927975819265	0.0206262919517219	0.0215414402567314	0.0215359533635328	0.0210406406902276	0.0212308329543455	0.0216595668963619	0.0201989831815621	0.020541879564066	0.0209524385415426	0.021062317298129	0.0207523209305585	0.0208436715577578	0.01918955187665	0.0196487040054373	0.0198861436284409	0.0202005564488363	0.0195809426337392	0.0199762904577239	0.0207721294879514	0.0197134158681277	0.018877108734266	0.0200107983095878	0.0203599416237843	0.0195393248173943	0.0192410215139465	0.018655516829816	0.018723786192661	0.0190978834750688	0.0196702388930097	0.0185389289692983	0.0190170022528546	0.0199262402653336	0.0197713851517337	0.019061008995236	0.019107448962795	0.0178999238178949
ACC	0.0155955855489579	0.015866497645744	0.0161885254822594	0.0168176820043905	0.0162963820970801	0.0162858533741526	0.0173322251106779	0.016732782133179	0.0162754534401482	0.0163670816682801	0.0165384792215863	0.0157869719237739	0.0175832621744928	0.016307783172399	0.0172627139413247	0.016983368930379	0.0170831129458364	0.0172969338939356	0.0162119696238966	0.0182409014899813	0.0168958124553431	0.0171114810269447	0.0164408297428761	0.0175390906176624	0.0166498249893645	0.0178316234864158	0.0173018924782044	0.0167346161117511	0.016925307953253	0.0163295669531199	0.0167074892704876	0.016756580416809	0.0172030663552502	0.0178544442292365	0.0188655885666222	0.0171674292062115	0.0180906066315817	0.0174370714634978	0.0165649069092328	0.0172331244066575	0.0175293549307631	0.0170433693186282	0.0173122782244348	0.0159908784594777	0.0167725089460802	0.0176023273177867	0.00788413749694791	0.0123814489054528	0.0208328178915444	0.0112132168811893	0.0119821610484107	0.0109800363450644	0.0144844829922598	0.0158070127873653	0.0104459014702503	0.0129369835392482	0.0184307000743035	0.0175287962538746	0.0185004853388254	0.0172785375287164	0.0177408172527854	0.0164344563578746	0.016584463766056	0.0162992612515951	0.0162008198676588	0.0162200772681653	0.0160970203692446	0.0154248039343529	0.0165670781435519	0.0160871524873558	0.0170556245201326	0.0156665134904956	0.0158823746813381	0.0171753297873157	0.0160748865162389	0.0172178290182746	0.0154197579510889	0.0154105448937316	0.0161653286072976	0.015282703594944	0.0156009508016229	0.0145837853420858	0.0147317916168028	0.0160411727497493	0.0166757232773207	0.015970265973539	0.0156424826969797	0.014921028890655	0.0144149026982011	0.014474301554694	0.0147728051697096	0.0143673045602264	0.0148550668717915	0.0152937255199766	0.0144329538754526	0.0137083860276312	0.0139586053374028	0.0134810540597246	0.0146711812816049	0.0139061781619065	0.0146917598426825
ACG	0.0125686992521387	0.0124883273360212	0.013187244053581	0.0127668163805389	0.0132954755498628	0.013693429972202	0.0137764723497847	0.013737929338265	0.0139707515928303	0.0133007993777446	0.0131803422036903	0.0130468398491321	0.0143404085237619	0.0127892413030532	0.014087146410466	0.0134943435525853	0.0128075039656758	0.0130649964834289	0.0132689920409268	0.0135096747093777	0.0132641545463206	0.0135015687497295	0.0127635149141545	0.0128933119762416	0.0136915649251603	0.0131099090037158	0.01311132910442	0.013479862091621	0.0132966770891408	0.0144484274202013	0.0134865500274675	0.0136169319324358	0.0135790322956692	0.0139268517347729	0.0131394833825584	0.0143449833526596	0.013663750200211	0.0134088964693955	0.0140854007368747	0.013987995448175	0.0147862522974993	0.0152527948773078	0.0152677016451867	0.0147255317182213	0.0148611504759512	0.0138464406160189	0.0181563168161936	0.0236405514113983	0.0307588789000768	0.0201549877262176	0.016227902597814	0.0148360635868378	0.0160548951261081	0.016562737535188	0.0255792344648222	0.0121688236920972	0.0143297130473121	0.0130278365416646	0.0138884621097585	0.0142132885945771	0.0136492375949963	0.0132885390939528	0.0137576405424617	0.0135594181502916	0.0126687041250584	0.0127186062293359	0.0124828984746802	0.0126174076639291	0.0137829908174301	0.012789484529013	0.0127026873253679	0.0125596107484911	0.0133944234231611	0.0126857060990694	0.0118409343358143	0.0123220661456057	0.0117862897567021	0.0116507290517479	0.0117880577008012	0.0113263897019716	0.0117318224323719	0.0111323748315021	0.0116081450663563	0.0120133566960273	0.0115549005921206	0.0119816457080656	0.0116279213411229	0.0118573423119298	0.0118092526095786	0.0105217919797695	0.0119932800670798	0.0107292681992367	0.0106629652302866	0.0106597560334673	0.0104900232032248	0.010938263176188	0.0108368405660961	0.0111188410229535	0.0104519624907509	0.0104689673624431	0.0102699553339419
ACT	0.0195766443666732	0.0209539368983081	0.0207315679759122	0.0211163375024043	0.0221846559727321	0.0200016889929767	0.0205457047053959	0.0203892627021696	0.0204547315642776	0.0199714353840149	0.0217743207230106	0.0207506978701831	0.0218810173327846	0.0204786396905291	0.0216873252232267	0.0223180741530723	0.0215142787442434	0.0222028787417921	0.0220925273504524	0.0215123244539541	0.0229377900043856	0.0239119401051488	0.0217220243090777	0.0231816060501142	0.0224400495692698	0.0206351874127988	0.022235286614311	0.0210552962290091	0.0221224487472311	0.0219751873654746	0.02189977571745	0.0215007110020243	0.0225258560763549	0.0221774714980649	0.0215289123977234	0.0228139043444951	0.0213256615105931	0.0209453297199712	0.0215371890819177	0.0225893847261263	0.021426472417504	0.0252397569197093	0.0221639507004788	0.0221464405409913	0.0221917214955911	0.0201211621310999	0.0157477377563156	0.048986130687063	0.0507991101354105	0.0326979772308356	0.0374630414266753	0.0351235178914483	0.0384761596159896	0.039417889054455	0.0289746489008831	0.0165479401271132	0.0230276115274522	0.022218179302801	0.0227399527379897	0.0224051575221564	0.0229607208834671	0.0228871186774084	0.0234969272910667	0.0225978235086285	0.0227219326471578	0.0228204992538626	0.022030736566244	0.0215111143460675	0.020951462373371	0.0206885585836161	0.0218775570211228	0.0230003832554128	0.0211864667272485	0.0217630237383838	0.0214843232526684	0.0218230903111948	0.0214181573748613	0.0211422013561934	0.0209394723713611	0.0215842688862976	0.0207098988994677	0.0201223309983035	0.0215841213637881	0.0211839075884364	0.0205126755180629	0.0197435627228481	0.0207353365822694	0.02037672696002	0.0204390699703806	0.0198828726017993	0.0201097343938292	0.0202709550657562	0.0201565898411876	0.0204740991104003	0.0205446979215651	0.0207365705231074	0.0190697088205059	0.0198964624553083	0.0188014596589689	0.0196652240520044	0.0196266415223641
AGA	0.0182696091266032	0.0174025950031141	0.0168675646188752	0.016948012733463	0.0178086801869775	0.0181849375951014	0.0180728732952073	0.0172756708754671	0.0190303719064279	0.0179029517639959	0.0185535933427813	0.019232951999124	0.0181141778973073	0.0199426465990609	0.0181262791148447	0.0183531635345336	0.0180998123700306	0.019070401227222	0.0184665468480409	0.0180114830881063	0.0186437914172024	0.0190726315745074	0.0186382264017735	0.0191088099171717	0.0194185003485286	0.0185566244363333	0.0186654682289949	0.0189895200138832	0.0193577632746235	0.0180067636562374	0.0199031836725423	0.0199583086394006	0.0198096151291589	0.0194211180552077	0.019261202510241	0.0210992655303034	0.0198241463286779	0.0200863597323529	0.0202883093139199	0.0204366887986582	0.0201016909149237	0.0204937130446206	0.0202514568195592	0.0208810670317702	0.0195485670188418	0.0226035634380346	0.0507393152845434	0.029576407241326	0.019392897332867	0.029163158943707	0.0287833683314958	0.0252096311662129	0.02626290383753	0.0236703705817984	0.0138392358525277	0.0134344709953896	0.0207055614141114	0.0206786839070389	0.019274796773528	0.0200686520197834	0.0196760130929139	0.0191299990017443	0.0193365259057058	0.0196027715530768	0.0183385788761417	0.0193363771315053	0.0179914818360985	0.0199470908664125	0.0197703864273121	0.0195569358130985	0.0185905098237594	0.0182705661958957	0.0191156456677335	0.0187733310010852	0.0191207246308992	0.0183718358365567	0.0193296666241279	0.019758510677655	0.0182785852497488	0.0175767141100752	0.018172050623024	0.0178152548525224	0.019114932684062	0.0181095148064361	0.0176384178054597	0.0185475471701468	0.0180729092912366	0.0181596788748143	0.0168804327777392	0.0169961369032415	0.017937793737079	0.018983230906593	0.0183154748595281	0.0183648323713161	0.018305003702558	0.0168668856738557	0.0187454610088091	0.0170054739818477	0.0169436606446598	0.0169655437836733	0.017730239741255
AGC	0.0154278571950574	0.0156042141934226	0.0149090355438854	0.0151431362687917	0.0153837856225449	0.0149533381956363	0.0150535673544603	0.0148067817067981	0.0150530795485321	0.0156653385783518	0.0160019842237989	0.0150909684450364	0.0163101730619353	0.0151346585295823	0.0152843802522699	0.0152263855994757	0.0163746313187552	0.0154299792907893	0.0153961526123103	0.015401965838839	0.015872833625984	0.0155388212215605	0.0153849105852797	0.0159177813717958	0.0155284011379574	0.0166345326616807	0.0157787432161648	0.0165463927138129	0.0155113783470796	0.0156927403976688	0.0164003783230155	0.0159849250644004	0.0158471374651193	0.0169780109461395	0.0169556775985722	0.0165659158696967	0.0159030062294944	0.0159809879461633	0.0165501619236589	0.0159608559023694	0.0164215967587134	0.0162711396932479	0.0159509990407766	0.0172987902234209	0.0173486963866994	0.0175798803038467	0.0197971305411702	0.00987504879286453	0.011162710717639	0.0107274171604527	0.0114459579127257	0.0103560949180522	0.01486083016198	0.013283961890051	0.0127397148337009	0.013015596853022	0.0162879692219807	0.01596765046493	0.0165991152829181	0.0167880403360148	0.0152331854853888	0.0165609801611175	0.0163726524629406	0.0159770263778144	0.0155859121680948	0.0164229824122747	0.015595496808264	0.0159132970150141	0.0160822702856636	0.0159889380822751	0.014928867481608	0.0157333635742634	0.0162246624517556	0.0151618424370099	0.0149974348145282	0.0153987710100342	0.0156624504704334	0.0153515222660216	0.0152992564795474	0.0145922161575241	0.0150803678705541	0.0144509901767671	0.0144235756004804	0.0146819073438921	0.0148266680957709	0.0150918167184071	0.0146473685604661	0.0141486067226775	0.0142362088290309	0.0149240673140061	0.0149141536469169	0.0140491482544449	0.0133961071739723	0.0142273282848629	0.0137062359566722	0.0139541157648232	0.0138485871544842	0.013938819975723	0.0138838555245749	0.0144036833780726	0.0135288548111192
AGG	0.0166302949779012	0.0169500108553989	0.017850753210017	0.0179215875217699	0.0169768550452574	0.0171935238812457	0.0179777521123738	0.0164562817323012	0.018203233429079	0.0180759699767242	0.0172875024403305	0.0173059055113636	0.0173203841186047	0.0162716408110255	0.0172259795448059	0.0173630924010517	0.0173948811421469	0.0184978997365951	0.0168369626553034	0.0175852793976969	0.0179370679708735	0.0170913480327654	0.0173731923003813	0.0180501157914387	0.0173852084500822	0.016580236466273	0.0174148522639089	0.0172950261359814	0.0183561422351524	0.0179767639457481	0.0175392242713445	0.0178230238028082	0.0171368183799975	0.0184864942827112	0.0179593427714548	0.0180517072473018	0.0176469014185796	0.0177764015570829	0.0186715098462218	0.0192185629377921	0.0184535396706649	0.0186882736663174	0.0193867906568049	0.0189480170141084	0.0190403297134257	0.0200898028359032	0.044134163382776	0.0143077086459545	0.0114553386427985	0.0215411853156838	0.0174002563600229	0.0130458754401775	0.0134600479760478	0.0103151119134539	0.0175205950110198	0.0139175390555134	0.0185157572942083	0.0187346432591985	0.0181326763724202	0.0170880824897664	0.0173919492805225	0.0180483548634945	0.0175825494274609	0.0176967582669838	0.0166415597072884	0.0173055887412167	0.017745627198961	0.0174846734614268	0.0165783044652387	0.0169421650767427	0.0167412292552405	0.0162375083968825	0.0163255678381371	0.0158542925959451	0.0173025377903379	0.0165171358433795	0.0164016260737965	0.0157947144184898	0.0159288385982148	0.0163743751552553	0.015406088900751	0.0163310526618923	0.016566123616988	0.0168391310891773	0.0161352835166355	0.0163981295167379	0.0159365704169377	0.015554096223624	0.0154350025073333	0.0155302175272061	0.015465520541801	0.0145785884936436	0.0151336963056396	0.0149528332372786	0.0144295850338473	0.0155985239267766	0.0154888760164325	0.0144166970879178	0.0146185321029742	0.0155014485520305	0.0149687584621216
AGT	0.0202551565808964	0.0177860212709581	0.0185601394468166	0.0188067714782412	0.0193621711190531	0.0192898437027584	0.0189472658796982	0.0198652187476441	0.0189240045089566	0.0182384843239512	0.0179118426813116	0.0185309254891903	0.0183892625763288	0.0184162974458763	0.0182358897737613	0.0190018507586368	0.0195915894389018	0.019426821579352	0.0187718424543385	0.0192770726346145	0.0192113783696266	0.0190432103748444	0.0197602911287515	0.0185942500698639	0.0194556871576833	0.0197329852475178	0.0189140704939134	0.0199569555011866	0.0196232862780027	0.0208012061508099	0.0202442590067312	0.0215001243714852	0.020113935557885	0.020279176676989	0.0201337888286134	0.0213354445139129	0.019759925701529	0.019507611236629	0.0202868741005415	0.0209374286530293	0.0196141408909009	0.0197500360070928	0.0191522470664656	0.0218253799835242	0.0220164020102664	0.0206599324514361	0.0383483510852107	0.0203625346537526	0.016744564735046	0.0148856622863485	0.0182408109985061	0.0158218659744301	0.0179653910068743	0.0170170834534786	0.0220273782027589	0.0139020452026542	0.0193777564101488	0.0199985479732034	0.020532880440635	0.0198270299932698	0.0207860900649029	0.0204690205440702	0.0203692432412	0.0196661573183504	0.0210410269039088	0.019988205830363	0.0198182955294281	0.0195564651423777	0.0185964262997566	0.0194397013469897	0.0192934502736537	0.0189423117069614	0.0191836555432291	0.0187118869896359	0.0200088226068066	0.0193227578472025	0.018020600683138	0.0172137121036672	0.0190114892762253	0.0193782952560807	0.0190057095177021	0.0185752813234682	0.0186061241771086	0.0183770645006585	0.0194455632370328	0.0180925060609381	0.018636258043742	0.0191497117235184	0.0189353633220331	0.0197054674803889	0.0190570443562249	0.0194332209474312	0.0171663761126686	0.0183301520556493	0.0194550046711101	0.0175211440112628	0.0180962711182575	0.0178350748861609	0.0166557594779026	0.0172445813456139	0.0187144510443087
ATA	0.0192652254610923	0.0185829977276512	0.0183020310178205	0.0183039890833794	0.0176603525595191	0.0175235038723943	0.0186156923268213	0.0190489634591395	0.0180983729872323	0.0184072299922156	0.0182291723158452	0.0188343733265264	0.0178152844831431	0.01958397838634	0.0186594625314476	0.0193693175881116	0.0187935944828344	0.0180837409839429	0.0180108492877455	0.0202191282524872	0.0202853442352676	0.0186135452055249	0.020080205875261	0.02045275320149	0.0196946699321546	0.0195050912832956	0.0206397524391124	0.0210918052884962	0.0193754158273596	0.0217422002634923	0.0206939335310139	0.0216066079843454	0.0201012931783285	0.0206908958487413	0.0208155768316483	0.0204768070903064	0.0203943022084626	0.0210775681749042	0.0207497644281216	0.021688095546275	0.0212112738426094	0.0212664046473742	0.0206571046287467	0.021801686912002	0.0218756643558148	0.0207864043393436	0.0203603735783537	0.0322069907918297	0.0177624036562989	0.0150904748499797	0.0168550291297899	0.0259803718747975	0.0208518701932225	0.0195330877948043	0.00873278989095218	0.0150759692582097	0.0212325880413741	0.0210130467898131	0.0205519805105506	0.0200063834618841	0.0203352727062427	0.0192084315326135	0.0204015397523806	0.0207537014720956	0.0208761373583837	0.0199898881263776	0.0205202000015833	0.0194743129540203	0.0185807658294068	0.0199696515716078	0.0202695605124528	0.0193102033359469	0.0196816334816584	0.019415244268066	0.0191102019023885	0.0191569546587888	0.0196055688703579	0.0184281765670636	0.0202967990204347	0.0193544028252474	0.0191605562883894	0.0198331749676663	0.0189795839960938	0.0197737788745588	0.0192894417169108	0.01978789485785	0.0189679177975242	0.0185020886382289	0.0192141474480889	0.0182384407053453	0.0189711691862881	0.0182158150402825	0.0184118057498183	0.0176581756953801	0.0176528525013295	0.0174826633389783	0.0188839674099552	0.0177810555499286	0.0172051380051987	0.0181689333785999	0.0176118360467189
ATC	0.017142601163886	0.0173998885089373	0.0166482305720131	0.017141047671778	0.0167172903088299	0.0173855846789153	0.0172073582361988	0.0182564133303832	0.017322306161371	0.0170307793110553	0.016770832031934	0.0178940604058457	0.0172350140723517	0.0174005873434081	0.0182351958916202	0.0178883620896978	0.0181102359856085	0.018224145927651	0.0181715005078706	0.0180035763807389	0.0178717002169101	0.0178097902726393	0.0177269236846148	0.0182726729194468	0.0181092376915915	0.0184341758879744	0.0181657638286204	0.0194854668763704	0.018634897602964	0.0183303235858191	0.019258259958301	0.0199784391578889	0.0183031564369168	0.018560839806247	0.0188561334420286	0.0187753804510922	0.0205291983038464	0.0192886628135091	0.0190421600418499	0.0191242795139515	0.0205561967772563	0.020076853076118	0.0199945089784801	0.0192504321371979	0.0189001426915069	0.0193120723222946	0.0146053246706165	0.021200984636489	0.0302005123907223	0.0205184834830867	0.0170432355208761	0.0199047262607767	0.0203066081783349	0.0230183127797451	0.0126592320135613	0.0142529048898986	0.0191990662141769	0.0196229121395588	0.0173823266010711	0.0193857982610474	0.0180423654635823	0.0187992488472686	0.0182335185135745	0.0181698870809943	0.0186949175142232	0.0178999323201661	0.0173675866989163	0.0186768092058292	0.0193835898081362	0.0182823963616792	0.018893910802623	0.0174070784597981	0.0181730483498628	0.0174745790321201	0.0169248620863856	0.0177398983036197	0.0184142638802884	0.0165414996657824	0.0179002650128299	0.0180768329030828	0.0167042312379423	0.0173638862982257	0.0179201458144208	0.0169219622312407	0.0169532938011838	0.0172827630919443	0.0171437997879886	0.0166646456183696	0.016598972198456	0.0164251429937584	0.0173899379246979	0.0161619911903738	0.0160015394968827	0.0152975572899976	0.0160869830029146	0.0152113631459545	0.015069208235145	0.0148303449399796	0.0157005330410213	0.0155872297479289	0.0149828311052022
ATG	0.017206060787519	0.0169724116305124	0.0165323041544433	0.0166093788529404	0.0170718733999983	0.0164671534828564	0.0170844290220738	0.0173002997736113	0.017374883325784	0.0179578510388568	0.0174106345588245	0.0171890086299331	0.0171390468788728	0.0167536939790567	0.0167373317044799	0.0168982085359915	0.0170722477873901	0.0176037861325014	0.0174868792640837	0.0173664639307181	0.0174895577313647	0.0173106481268225	0.0173396425363585	0.0173521441749207	0.0172776019139325	0.0172455581395383	0.0174937686635855	0.0184800182283976	0.0176269918572351	0.0172733268679523	0.017347668916162	0.0174450450649127	0.0179332252331941	0.0182088508740148	0.017994539819153	0.0180227506289963	0.0180851526166597	0.0178113976101854	0.0181190005688659	0.0183381806115524	0.0186855391296283	0.0184666170410994	0.0185029583249802	0.0193490280878849	0.018482715634556	0.0191323031018182	0.0285003358078276	0.0261879981681135	0.0167615353637667	0.0159337978155417	0.0180583523391019	0.0172702196054195	0.0157787447035753	0.0191786712875747	0.021188387211442	0.0134249861293385	0.017289377306182	0.0168100244336865	0.0166071350831139	0.0173008768902629	0.0164743254733586	0.0165599481576921	0.0160233137733171	0.0170814449173112	0.0159904725238344	0.0169085034635058	0.016402588792551	0.0166999022498744	0.0166358422975213	0.0167259550121969	0.0157140147882236	0.0169863519594335	0.0173506269892226	0.016452918768449	0.0162886688853522	0.0157956487233519	0.0157795773963237	0.0157862534047809	0.0153685092544631	0.0156526736974548	0.0162493962150387	0.0155801382014139	0.0148688270845958	0.0151021000026067	0.0152450088686932	0.0150794041338031	0.0155962364385787	0.0148236112916041	0.0151722944789204	0.0148297079511722	0.0146907516793427	0.0147468796834146	0.0145671617421267	0.0153225152548049	0.0147901071170379	0.0143898644551381	0.0145360431031492	0.0145315069251728	0.0152888302248018	0.0152699366771071	0.0149463789546489
ATT	0.0207935812273436	0.0207401895236356	0.0199502697970227	0.0205379211858418	0.0199146053496548	0.0209896125824738	0.0213710060781747	0.0203795924397826	0.0203159320311871	0.0211198258381954	0.021763546647392	0.0210022150717272	0.020916764672954	0.0218585504554073	0.021184545983384	0.0201265575748968	0.0213740964584037	0.020695441196451	0.0225091028216736	0.0211699640514952	0.0208833827203801	0.0223047159146948	0.0215658982330326	0.0214445480952244	0.0222834935433237	0.0225229181339853	0.022571346847757	0.0222994881053453	0.0219096387054398	0.0229839347375531	0.0235732320710774	0.0232288456547422	0.0221058940179809	0.0225066585418585	0.0217676169481174	0.022803865262559	0.0227860590889596	0.0215455916693683	0.0231474654518062	0.0220894078330197	0.0238063616770453	0.0230518083063619	0.0232366142009826	0.0223510908709533	0.023725304499397	0.0217966773704761	0.0191701354429724	0.0337261159780277	0.0215087035360848	0.0158428093679031	0.0200481974557587	0.0228571387493062	0.0225774794463307	0.0251586656273649	0.0146527532603132	0.0160963392505388	0.0235429269256193	0.0226035991121291	0.0223649003655723	0.0222255301524626	0.021635558442868	0.0222655034489761	0.0228894280318956	0.0218179357593944	0.022197025395795	0.0215641674375882	0.0220562277814469	0.0213280146291122	0.0217952607431455	0.0224405525008594	0.0220948360566987	0.0217972114166281	0.0225313001977458	0.020163787647404	0.0209729258994782	0.0207106285336173	0.0220787367132108	0.0219416991698285	0.0203218545268691	0.0211189029098373	0.0205441362984184	0.0205654502730693	0.0210763093356702	0.0205986520462636	0.0214296820486661	0.0207336068227805	0.02101564669025	0.0205879019579579	0.0206367868399348	0.020032843039628	0.0210861392653496	0.0198179385487729	0.0195476228309909	0.0197303541806713	0.0205369437835717	0.0192757365687818	0.0201036471963631	0.0201115711471984	0.0199288289720537	0.019151342299021	0.0204077257685009
CAA	0.0171276191881573	0.0174722244750575	0.0179374047326064	0.0174491050774044	0.0180529883071338	0.018067751017037	0.0178995080352686	0.0186876937249493	0.0175330226684031	0.0182331418044448	0.0185381603844296	0.0186733773869185	0.0185111424195965	0.0186749796328836	0.0178007010115479	0.0179054027652483	0.0187073420611033	0.0179973216316616	0.0184737323353126	0.0187166529567492	0.0180929796601689	0.0185153754877843	0.0187291691064282	0.0180795121195347	0.0187025837470861	0.0180736240612205	0.018916908953787	0.0181521181874093	0.0194249982831023	0.0189121552834902	0.0190825491396637	0.0191244039749508	0.0196405309318065	0.0194905487936284	0.020463070347264	0.0191522584046758	0.0194097539068006	0.0198211522002207	0.0191249064042003	0.0195159264685967	0.0197943622946636	0.0207519204007565	0.0207914579298133	0.0208256333519715	0.0205719553524077	0.021075228518809	0.0125698827596107	0.0157921129240352	0.0150248301088867	0.0149361755484727	0.0140580289853738	0.0171276245894376	0.0187178281805494	0.0179445691989404	0.0135534825345218	0.0320429579117389	0.0207005548247558	0.0206140753910914	0.019942331983603	0.0191777275092212	0.0200619525257484	0.0201406325061245	0.0195900542286507	0.0199781100259803	0.019827442005793	0.019138269581659	0.0204642096778158	0.0202937140755805	0.0208787636832565	0.0194376960569705	0.0189496468847987	0.0188087257748363	0.019007684186304	0.019310066018466	0.0188234411418064	0.0185720887404241	0.0182938146150063	0.0183780952578153	0.0187874027505583	0.0185837661642681	0.0193413739245127	0.018536511525162	0.0175503363621465	0.0194851408334972	0.018320928417676	0.0192661504523601	0.0181111546224911	0.0188433613703084	0.0198198788143281	0.0182434910507765	0.0180879273707459	0.0179179042464757	0.0176027170782884	0.0173416304933603	0.0173772504981553	0.018427825100185	0.0181038647968814	0.0178200708036535	0.0167908543654193	0.0173726085030112	0.0170247291537836
CAC	0.0132493167717964	0.0137929291054795	0.0141200168193179	0.0144114684353581	0.0140247692879207	0.0135891202613483	0.0136736970459071	0.013799291089626	0.0136582861632427	0.0142355831993849	0.0148976707217031	0.0141779380224871	0.0147817641549122	0.0150596956725926	0.0138873987965525	0.0142654052953976	0.0143495994514337	0.0139250052624957	0.0153127690633541	0.0142388133881442	0.0140296740570612	0.0143694358751948	0.0153893115856459	0.0149728250371117	0.0154674395727345	0.0142760121138454	0.0154124475799108	0.0147190696258463	0.015156334691541	0.0151424681169018	0.0145483456387034	0.0142850653526581	0.0145982427802102	0.0145372845005755	0.0144831472397807	0.014968995263145	0.0147338689166254	0.0148004806599378	0.0161459027822284	0.0156821561507884	0.0140252457212957	0.014662799878735	0.0143240972281356	0.0156044720406309	0.0148608245263448	0.015549976049079	0.00802395256030746	0.00980918491280345	0.0118976116996708	0.00876286987243998	0.011014035385188	0.0095816623464103	0.0134564396482465	0.0117397664730132	0.0136135643343975	0.0226950946139401	0.0157040008686972	0.0152606951509846	0.0156650541989492	0.0139984845489148	0.0152396470134301	0.0150071134965729	0.0142913191833951	0.015454546340638	0.0148151202107523	0.0147970351218258	0.0143411012656267	0.0139678785415078	0.0138585555285992	0.013232868418242	0.0135079663352443	0.0139508633212244	0.0140846279940328	0.0136526528358815	0.0141472116837197	0.0132691155541051	0.0140691611614745	0.0139728284177334	0.0138510185139878	0.013004522169849	0.0127056092807895	0.0133372808020089	0.0142152085637596	0.013818911778601	0.0132213194648005	0.0130024276921249	0.0135635692412582	0.0131727556485842	0.0127596593461815	0.0129941721401307	0.0124310237619039	0.0131330381118295	0.0122781805503351	0.0134410342825618	0.0133941998304328	0.0129950956591115	0.0128618177599752	0.0132892383389783	0.0122068661106149	0.0116788836952857	0.013422451986647
CAG	0.0172963728675275	0.0167441338199487	0.0165580163191638	0.0171394365622942	0.016878438527419	0.0165589588248159	0.0173256054279587	0.0166006377256773	0.0168890088985633	0.0175096713531579	0.0183354865565131	0.017477061989257	0.0171966668536242	0.0175838778436636	0.0171300009052703	0.0177913348302922	0.0180018946397544	0.0169490353344661	0.0172397860190893	0.0182599202035933	0.0174166006855419	0.0174223692064953	0.0183250841135272	0.0178696153291092	0.0179047451192623	0.0185308636705056	0.0177474160255758	0.0170803661111609	0.0180742254039195	0.0172052325817802	0.0179149230928424	0.0181904090591412	0.0183091237189188	0.0185551816084242	0.0187189892236818	0.0176711162326632	0.0174508282085965	0.0179218696242572	0.0184088689760408	0.0178529138429853	0.0183346859313605	0.018410593635757	0.0183185776167433	0.018573024995392	0.0193552390213497	0.0196995960068837	0.019229142606823	0.0113997806622448	0.013989372238223	0.0149072208715763	0.0159901806590565	0.0120068081134127	0.0152768486952815	0.015508768586075	0.0285654450993855	0.0267091523170186	0.0184758614354757	0.017997105471536	0.0174494327930601	0.0174754660684164	0.0180403499363612	0.018059474415992	0.018073777880624	0.0169970192900504	0.0175244880874241	0.0176162598530505	0.0179823076498691	0.0174511104665183	0.0176708162137264	0.017482810168093	0.0177218878020879	0.0166466263099219	0.0164911148664219	0.0170145646486355	0.0167841629404945	0.0163502364187893	0.0178486967805159	0.0175511463289413	0.0160480890241419	0.0168607279415719	0.0172989663273255	0.0169578949355331	0.0170922480211183	0.0153618656857475	0.0160769327704021	0.017340338154455	0.0173913919296532	0.0178239094930573	0.0167511434018571	0.0154724229341801	0.0150598316988076	0.0164713552925242	0.0158133278359253	0.0157321970247224	0.0158724424218071	0.0172076774449414	0.015801751484224	0.0158401124309729	0.0153290016378145	0.0156849732851651	0.0155901525230546
CAT	0.0166253183208372	0.0174348342526938	0.0167337372948575	0.0177492711547316	0.0170097823527901	0.0173085806939097	0.0172942759228547	0.0178334346901421	0.0181004038667178	0.0177492869115197	0.0172415767360785	0.0173557413784533	0.0176963946951437	0.0175041366873855	0.0184286171850005	0.0183261699897558	0.0185136820288891	0.0180521361426391	0.0192809169844355	0.0192335368305516	0.0183879760919853	0.018236244887108	0.0191921236284059	0.0181076434243199	0.0191539056381604	0.0184749638984418	0.0181319775197549	0.0186192744463301	0.0203876375668419	0.0193029940573571	0.0201956264772414	0.018464205338525	0.0186570695367519	0.0186314908129836	0.0187869714758518	0.0190681246549604	0.0200403528970923	0.0202276630738612	0.0198583471343995	0.0218396679155736	0.0197892655340343	0.0204175111826912	0.021854622291691	0.0219301947488281	0.0211409773727117	0.0209250756127097	0.0131067751864692	0.0145326483867588	0.0143149524182713	0.0135585254063665	0.0167251603081771	0.0144376133490612	0.0159509346905029	0.0187133627869393	0.0226517291522792	0.0294673849337099	0.0199787026763001	0.0194807050804609	0.0187977661517374	0.0179168693548931	0.0190141220176453	0.0188233795213517	0.0192062937644371	0.0195793426193162	0.0192914993090438	0.0195944828457483	0.0191181659909567	0.0182231281118144	0.0193397361421855	0.0183130828560893	0.0185378648234747	0.0191307072917824	0.0174099479507796	0.0181668867344566	0.0178268865614738	0.0179745302099394	0.0182521662684933	0.0182213884712306	0.0175546892337493	0.0172185740642616	0.0171832995931797	0.0166174646463209	0.0173424298859189	0.0164530416331287	0.017392514187157	0.0182775129716392	0.0175566377068961	0.0168413290608257	0.0171058817554398	0.0167361695752346	0.0171305685037015	0.0171601714860891	0.0166104766216804	0.016509077588235	0.0169330775165779	0.0170818475690445	0.0155067759765327	0.0176438101768606	0.0162949608831576	0.016249834219869	0.0162729544337889
CCA	0.0185710293510006	0.0180825895723854	0.0183467393116484	0.0185461686400701	0.017078545245393	0.0180634883193611	0.0176286110597	0.0182760956958208	0.018251278500367	0.0187607367009102	0.0182462718382781	0.0190840961992404	0.0184762919134788	0.0202426164543592	0.0199132728537097	0.0190955104831194	0.018998991084915	0.0193076701469329	0.0187140616021804	0.0187877828813319	0.0189890632153341	0.0194754334246856	0.0193318738517038	0.0197700244167053	0.0179719141093332	0.0184023573850855	0.0199915315132055	0.0192200458677405	0.0196285445330371	0.0191778023945033	0.019325190339209	0.0202282680340692	0.0199156544151331	0.0194916930226107	0.0200499681248621	0.0200672086770835	0.0190658513746568	0.0203740302781904	0.0201572197169311	0.01932144418461	0.0187287151296996	0.018928364426497	0.0179655691487562	0.0191543912685305	0.0187132534175453	0.0192667103794977	0.00787780949977299	0.00802368106796566	0.0127028176648378	0.0166879637742092	0.0130303857462935	0.0170412327302645	0.01204289259772	0.0124911645209185	0.00798240806620088	0.0299614158976834	0.0193619956526619	0.0202090544951645	0.0189881300627295	0.0198030821589466	0.0192233650241394	0.0208440075953536	0.0191876935906491	0.0204622546626603	0.0193603288438514	0.0195323924445354	0.0192830167051789	0.0188912782006585	0.0193154960779655	0.0195118021134471	0.0190766429561179	0.0199680137587272	0.0189154686069726	0.0195124741566517	0.019595202048969	0.0184108022007831	0.0194107872893638	0.0194219687531765	0.0186641480475151	0.018738006032854	0.0189902493054214	0.0188057645521671	0.0181671557589564	0.0194135326472811	0.0197550790012853	0.0192939591372213	0.0180743253259694	0.0186207912654126	0.0182516843496895	0.018366821281399	0.018312605403504	0.0178859691132871	0.0188905562380443	0.0182567993389712	0.0176360619739125	0.0188375380993859	0.0184291701221436	0.0170151105071509	0.0182893576022939	0.0184369689582721	0.0176940063766664
CCC	0.0147544817396511	0.0136927950334008	0.0149084614819594	0.0135190811365078	0.0147975369748359	0.0151752509666299	0.0155139498015803	0.0145854559402464	0.0140314344498945	0.0151975304276515	0.0142005939282357	0.0148299510583967	0.0133564864471746	0.014723386363119	0.0138844501367607	0.014942223350037	0.0148708087167246	0.0139505939992568	0.0141929084193085	0.0144446900149189	0.0136122235506352	0.0148093988043436	0.0151285482462074	0.0149560082259508	0.0143596448811542	0.0141738045054897	0.0149343383552354	0.0154879995784947	0.0145280083526926	0.0137227306375038	0.0138490707712719	0.0143264313709399	0.0138618604413786	0.0145179555195243	0.0144878302127089	0.014561561243758	0.0143561334032658	0.0139505636570865	0.0143392536381759	0.0140328380452744	0.0136444905245405	0.0135711986469457	0.0132562882844202	0.0129089053973207	0.0136707695208998	0.0129451713258782	0.00445564941879314	0.00308392937067714	0.00707161673961347	0.00848985234500478	0.00711011268729864	0.00806585301980693	0.00788595568138789	0.0083939317874048	0.00577846542742577	0.0195613412512172	0.0141832827904407	0.0132943053679639	0.013823984854532	0.0134277573614927	0.0132948737372662	0.0137041775952932	0.0133552115050408	0.0139895616254687	0.0135739208812499	0.0130911247468694	0.0126431388565444	0.0135075800572888	0.0131214360513132	0.0129460235565446	0.0132470478141636	0.0129121714011806	0.0133179298344534	0.0130308703306352	0.013585412576594	0.0126641678058321	0.0125437439176348	0.0125579025835718	0.0128932076076585	0.01342701451187	0.0129467562515938	0.0126243800820823	0.0130721986490709	0.0143867112648956	0.0125288402249033	0.0128846071135375	0.012415499314135	0.0118356898304326	0.0124032797587436	0.0119757936381942	0.0119475678497923	0.0114816335432425	0.010999938201414	0.0114547769746708	0.0115851414594766	0.0116012198114444	0.0105430935890398	0.0123794477905726	0.0109916668421797	0.0118258155640369	0.0117246050880524
CCG	0.0119681399533982	0.0113268834881121	0.0109345221396105	0.011706829616999	0.0115170850423952	0.0120153258697787	0.0122957736303641	0.0118291533962596	0.012246177887386	0.0116483369832372	0.0126180633432586	0.0120880961698571	0.0122794137244828	0.0122066578684955	0.0121644635383843	0.0123764059805413	0.0125799982823574	0.0114106254330462	0.0116994118924225	0.011549285503129	0.011529611206948	0.0116137068543987	0.0112863204028838	0.0118678031773019	0.0110770602002018	0.0110768323918876	0.0109818465904698	0.0116344970887924	0.011144363958417	0.0113155618100506	0.0114278361748564	0.0119004845397168	0.0134436176840152	0.0120925573170979	0.0115533676416693	0.0122926537753384	0.0111702210564262	0.0114707033997583	0.0113701280384189	0.0117804733489929	0.0105589736029702	0.0112223306630547	0.0120960760889614	0.0115708554227196	0.0115209539416936	0.0114368817115204	0.0085010492996675	0.00561597610323619	0.0125273975528075	0.0151279192031871	0.0106705432407622	0.00896248354966695	0.0069284714570078	0.00661994218066144	0.00773435895283538	0.0149306489078598	0.010732958363258	0.0108119828661611	0.0108337645834944	0.011536376275591	0.011452172732054	0.0113183922900852	0.0110792048159238	0.0107926669999367	0.01096227518055	0.0110395877607767	0.0105826916194877	0.0105156131504849	0.0107124357252661	0.0102612314509998	0.0100299239298764	0.00973942177247355	0.00967445212165296	0.0100308077334286	0.00946656366113666	0.00948969761957588	0.00989990581564061	0.00993875906642709	0.0101773808770149	0.00937601293773906	0.00914911161610184	0.00980436586945416	0.0101586290231501	0.010800431007392	0.0110288723829178	0.00927967575924556	0.00936780671843728	0.00966971113337686	0.0091193069988525	0.00920929788962259	0.00861837197157184	0.00903391197389319	0.00911885034112181	0.00948583208210909	0.00933477773046352	0.00923004903274	0.00934901904633965	0.00913309320299223	0.00895654836618693	0.008938314411227	0.00939902146665276
CCT	0.0174969228043851	0.0186454032362696	0.0181394838790257	0.0191728461131103	0.0191393824034934	0.0184960373132975	0.0185333518323313	0.0192249298842261	0.0187832490565578	0.0184951154186116	0.0189408850745602	0.019325398752895	0.0199333498811175	0.0192007400274004	0.0199494599835431	0.0198824527194449	0.0192594936780556	0.0191212243812055	0.0194621969250841	0.0196831240423881	0.0195295641616128	0.0191214875818199	0.0194160338793542	0.0206212221665037	0.0195221367368732	0.0199304968465115	0.0205883824665783	0.0200273345074471	0.0204939895847364	0.0205941029321408	0.0195141184194048	0.0206321500083259	0.0201788190613734	0.0201011874741459	0.0209091525064886	0.0202955144080403	0.019301567591465	0.0211181358009027	0.0194143620439353	0.0203522067130754	0.0185342457312356	0.0195434045128542	0.0194514604668425	0.0193949243949571	0.0201513151208127	0.0172495521240883	0.00888091543487731	0.00864580357811059	0.0153340355006874	0.0217470030185685	0.0202311332252149	0.0223933999411386	0.0190053724074887	0.0214360036438688	0.0165994944857172	0.0301720864566311	0.0204153261249964	0.0191139402747857	0.0202502907302845	0.021588077750587	0.0205498932809144	0.0201317544387969	0.0198845133915546	0.0206777782420132	0.0195344859270144	0.0195409897653749	0.0221969121406325	0.0192401307591768	0.0198034506161405	0.0204651213616774	0.0204084131770328	0.0204037274681678	0.0189536837108196	0.0195414737647152	0.0188517225409838	0.0195090572531456	0.0181584229609827	0.0190747618669077	0.0192787973615886	0.0196360447094904	0.0207097052902	0.0178927900706935	0.0178975669334279	0.020140107316818	0.0202873824022379	0.0185086975529287	0.019195936095396	0.0189812494231034	0.0195857759259534	0.0185642676037866	0.019484089601626	0.0186027502276008	0.0184565110817202	0.0180659960100948	0.017514457407035	0.0194540144295514	0.0171673669228315	0.0177297923785798	0.0170558079058663	0.0175993201673787	0.0181188160046006
CGA	0.0146583977693275	0.0140796014302107	0.0151963400934481	0.0151678506804989	0.0162956022476789	0.0152255951296808	0.0149344191829096	0.0161499725338187	0.0156572571084278	0.0150868269548678	0.0156245919032302	0.0157825309598521	0.017465512039038	0.0159350022232154	0.0152716044450689	0.014523419395309	0.0148833137890229	0.0157302077331035	0.0155713474146171	0.0165678097642495	0.0162040706082467	0.0159446729287998	0.0162812663031678	0.0158027364303658	0.0159031712066247	0.0173626547005741	0.0166913828819666	0.0156302393511228	0.0165804835774002	0.0172182219251192	0.0157265971769606	0.0158978256569795	0.0146266522826409	0.0168080334928587	0.0155587448340923	0.0153146486103885	0.0162506411435181	0.0158063351640198	0.0171865967212746	0.0154658744905781	0.0161045769506009	0.0161086711179997	0.0165838032776323	0.0163562396674104	0.0153476980691866	0.0173181934580667	0.0294373597408571	0.023194095233083	0.022007250831801	0.0278109679473215	0.0252302928855137	0.0337460516101856	0.0217408702384679	0.0171553670586048	0.0120371137197111	0.0230998285275284	0.0166450623355461	0.0173242743887238	0.0173411952910071	0.0164356682403791	0.0180020295035321	0.017362211487607	0.0175446941108429	0.016972325047504	0.0172590393198194	0.0167969323698252	0.0148471116710873	0.0144600646863084	0.0156654754013345	0.015781001028231	0.0162189425637138	0.016864858569226	0.0156599180351104	0.0166639599142848	0.0157142620872409	0.0165612713103731	0.0160041789514655	0.0171055412678225	0.015550785558258	0.015571882289	0.0161296550507819	0.0161993577841154	0.0154874522722916	0.0146082868485971	0.0151800763780791	0.0171968773355308	0.0158322407025142	0.0154467129475165	0.0160100569073083	0.0146816832922142	0.0154337658514656	0.0146832109910892	0.0168615109845471	0.0137154714871874	0.0158028605061757	0.0144962861292276	0.0155713166352983	0.0139816003452286	0.0148689979782131	0.0140126896413453	0.0135126910626592
CGC	0.0129725524950813	0.0128147992639733	0.012342438201448	0.0128120428286077	0.0117820820100759	0.0133700370711734	0.0137658372730628	0.0132299932075981	0.0133177519537668	0.0133901510480034	0.013160576458699	0.0135260389532966	0.0136819753568581	0.01254959107134	0.0129416166227813	0.012461691044772	0.0129089020461776	0.0127537161747142	0.0123476135637294	0.0127060678139045	0.012481255054965	0.0124909998386434	0.012237223003441	0.0124759923371649	0.0127872744317019	0.0136325290226969	0.0125768645892062	0.012679675437933	0.0123654578776612	0.011773864424092	0.0124529558253687	0.0121764474485448	0.0113868081816477	0.0123680938173493	0.0120834609359931	0.0117381073656135	0.0117364247357087	0.0121742203655897	0.0112518885817586	0.0124305100133235	0.0115214725290624	0.0121710331115996	0.012849393305192	0.0114896521849767	0.0121906031550256	0.0113641027790371	0.00951353773069135	0.00519788393812683	0.00778588838479008	0.00757963298588999	0.00711161280235869	0.00612351789996568	0.00696685209694385	0.00702367010453841	0.00671840532289962	0.0132637735151514	0.0117126852362865	0.0113304821542609	0.0110484291542978	0.0116312477613211	0.0119565524809436	0.0123084181623184	0.0116640390451917	0.0119413537795206	0.0105959674784238	0.0113030043241776	0.0116696246033615	0.0108265627803223	0.0113920539315142	0.0111726738852848	0.0108113795531494	0.0110106887634031	0.0112720328336742	0.0110674660255914	0.0108862880121179	0.0114578934958782	0.0113252401357734	0.0110639543292801	0.0108143252922003	0.0110055761927364	0.0104582200310055	0.0104697451064824	0.0104353669049616	0.0109688854971511	0.0105784101429286	0.01059928293627	0.0102276774694991	0.0105957085577538	0.0105388034044989	0.00939895803654577	0.0103307316130905	0.0110166640045536	0.0109134775999853	0.00960574528373962	0.00990635420507704	0.00995071169538757	0.0099748381397118	0.00993387272511501	0.010257551681867	0.00994932015445312	0.0104759707790269
CGG	0.0124829350629895	0.0127190553259906	0.0135184696499872	0.0129061451302951	0.0129623681883243	0.0126121328196478	0.0129859058369254	0.0122967079335577	0.0126947031143527	0.0124327177222695	0.0127371946480072	0.0118472326366461	0.01318999634952	0.0132206800806122	0.0127742775605316	0.012365587398422	0.0129508948891122	0.0126775890642343	0.0127588022161003	0.0133911365499462	0.0133863258515623	0.0130749882649468	0.0122030125624147	0.0126270244325468	0.0127114946089449	0.0135750443875647	0.013056417073693	0.0124497679772795	0.0126118854068856	0.0125055084991084	0.013115576741106	0.013146918606943	0.0132854278877823	0.0133905608153206	0.0138362263024726	0.0129425915917876	0.0137836257435952	0.0137772989276352	0.0125931854844787	0.0124302370282863	0.0123507224279387	0.0132529691971044	0.0130637897923082	0.01284057254466	0.0129386559999187	0.0135283249897721	0.0189605148012973	0.0093452674333064	0.0140493574376779	0.0186116646981311	0.014934255727575	0.0133298977581905	0.00920696387834892	0.00689020249745932	0.0111586582266581	0.0152071826253312	0.0127709430877489	0.0124488281345607	0.0125302361920305	0.0114804102522678	0.0126167641548518	0.0124960323625416	0.0120418470718792	0.0123915307923577	0.0122103816337333	0.0109091737267041	0.011745060343094	0.011555917557068	0.0113861601915681	0.0127108193652053	0.0120017634608557	0.0118720593034302	0.0120568981558007	0.0113966293287578	0.0108866010022382	0.0110830590835556	0.011087409960105	0.0122020068547009	0.0111548902794769	0.0107211645941793	0.0117673400298558	0.0121187398972352	0.0110028302249486	0.0105556073448974	0.0113744179873739	0.0102535915047249	0.0110713650860219	0.0115069693573323	0.0107238610589199	0.0106756126301488	0.0102922429659573	0.0107272311824413	0.0109146121254805	0.0102907571274167	0.00947660084771172	0.0109257089891412	0.0109103395740189	0.0103702810142438	0.0106295145768013	0.00967342090091287	0.00971398528276617
CGT	0.0187188205056971	0.0185379688224212	0.018791694846823	0.01748055610639	0.0189586694731721	0.01910984722577	0.0176425875638875	0.0178135630357207	0.0181390357150138	0.0203454026923698	0.0186422645382912	0.0199913939232334	0.0216387602668079	0.0202325557582663	0.0208489902855194	0.0189057428956067	0.0199263255986421	0.0214329921303025	0.022146296287274	0.0193801583518999	0.0222865333344845	0.0218060928390888	0.0196003898169333	0.0202605103588415	0.0206698257117247	0.0196299380994453	0.0209320468178458	0.0201290089989569	0.0198288354704577	0.0198998349503607	0.0221103316017852	0.0211085532365807	0.0208980718109259	0.0212959188683375	0.0209328525601648	0.0217975989660535	0.0187614956737416	0.0197965176505063	0.0204894616622174	0.0191642735448829	0.0205312373557272	0.0208582924720557	0.022637899883977	0.0215646762263928	0.0211973518757811	0.0208915649885729	0.0411707879686915	0.0233566775822415	0.0319607302460363	0.0272844404634925	0.0282668246579832	0.0202579614062433	0.0214557428023387	0.0198417845086603	0.0281928968218677	0.0286596727031804	0.0205834133263157	0.0217283000711131	0.0198574015850364	0.0196281778965247	0.0218528229942009	0.0211273149982644	0.0205107077761414	0.0210258475147988	0.0206849823064804	0.0186652528163153	0.018840524831582	0.0196433168541303	0.0198059760132992	0.0190979507967466	0.0197092444403015	0.0195834455278766	0.0185683784194401	0.0190121978054371	0.0190930812927408	0.0202811352260868	0.0198250133965823	0.018989535222229	0.0198114643949184	0.0194303021072945	0.0178703409179931	0.0197361644783191	0.0195805366638707	0.0179927502620861	0.0180530273782685	0.0190691352939062	0.0200435241763467	0.020522296164686	0.018823560587617	0.0181548254869511	0.0194631360245395	0.0200171416807044	0.0187502001844439	0.0180930247599663	0.0166466459834346	0.018971133203428	0.0186456267053118	0.0165968544116446	0.0185152694655694	0.0175189777195164	0.0172182268963138
CTA	0.0166841321056865	0.017793472319835	0.0167567428706999	0.0186654702665898	0.0179689382121004	0.0164758147425495	0.0167592101306891	0.0188485510479024	0.0169878627264927	0.0177839252647166	0.0169592296470331	0.0170075990096624	0.0177970564797004	0.0174355989333235	0.0175915614069974	0.0165232283591445	0.0177213622383073	0.0186011334124682	0.0180229307333983	0.0173520084928824	0.0177239470492504	0.0172419855340432	0.0187355091697289	0.0175000093886113	0.0175047292738124	0.0183931733211656	0.0198933080773365	0.0179895935036545	0.0191895064409862	0.0178693545472885	0.0184622862280257	0.0200505805427232	0.0185068863193425	0.0201386761245072	0.0174134834729571	0.0190402286415749	0.0203393754167096	0.0196860525769009	0.0186504349635935	0.0202534041444919	0.0202587584863062	0.0192616873504053	0.0196602130779816	0.0193084100363432	0.0201168212920855	0.0193501426111953	0.0120088470762142	0.0196096702466067	0.0179995546721717	0.0197451632159873	0.0210554495146717	0.0188059159053883	0.0194987170099067	0.0197757882753598	0.0107330782495013	0.0284139410500088	0.0194824997320779	0.0188299520109978	0.019833758241559	0.0195695904269167	0.0188716147241768	0.0175856283471034	0.0184512684192245	0.0182048438451731	0.0188806772234828	0.0182934271304879	0.0187322662945632	0.0179946587699476	0.018248075911439	0.0193515982580683	0.0182147871766529	0.0184662637036471	0.0189174993823117	0.0171459727143758	0.0174971466884708	0.0176282666346537	0.0181252801366997	0.0181048834722996	0.0179210646868806	0.0171761001253925	0.0175034756748134	0.0176919038164983	0.0177539934325095	0.0174920454835332	0.0171891246947379	0.0182647199591793	0.0185298719064802	0.0161983904244336	0.0170726103889331	0.0173243934581668	0.0164204934317059	0.0170608314847303	0.0174132084407576	0.0168867513882117	0.0175486222930623	0.0178165055771913	0.0169225323233217	0.0171711902395605	0.0155500654970544	0.0158131798511966	0.0184789238655815
CTC	0.0137546793291176	0.0142392799159466	0.0134442417397773	0.0141535131106222	0.014129820569466	0.0144964574808012	0.0139513027997968	0.0137510640006866	0.013865939157487	0.0144392649554605	0.0140387228401842	0.0143391251343681	0.0147697787781435	0.0146619985521895	0.0140829513049032	0.0140695898960852	0.0136372107337517	0.0147379818600501	0.0141135622757144	0.0134258046559713	0.0135599444586113	0.0137852522181695	0.0141848875049045	0.0140950502373203	0.0143140784170394	0.0143489419560614	0.0146252835999102	0.0136875002192791	0.0135373051596781	0.0134896133617933	0.0135821624411564	0.013910511207375	0.0147206762811189	0.0134607985022779	0.0138182654423128	0.0132914049590409	0.0131161579147172	0.0132391678033356	0.0133656606013738	0.0133842614445171	0.0130224935862982	0.0134108094312743	0.0132468067986902	0.0135988419118948	0.0135427172014364	0.0124222237888649	0.00763411569744593	0.00921673741933365	0.0128151601104992	0.0111072175221967	0.0138081814748742	0.0131573134561155	0.0157960469861858	0.0177333851566714	0.0124266006329248	0.0172778255540726	0.0137521480416431	0.0129851958919723	0.0133707560363604	0.0126628781914978	0.0136942741700809	0.0129022897616702	0.0126804630085395	0.0129483783683965	0.0126781100780388	0.0125644624866064	0.0129100769918034	0.0126765029601554	0.0125673560649249	0.0122475548665119	0.0126637129682947	0.0124727849983381	0.0122693892349479	0.0121772015417902	0.0121864493737671	0.0127308263336895	0.0118750296168745	0.0122631280078611	0.0116159635638259	0.0121076489604994	0.0117153151124904	0.0118340524578549	0.0116160479316856	0.0112458376923411	0.0120800905216873	0.0109073973734847	0.0116187650991437	0.0115607868893794	0.0114580884771225	0.0121145998016407	0.0108822686368496	0.0120951036865554	0.0107738457564777	0.0113198129941574	0.0111575534836957	0.0107992395850263	0.011390059150625	0.011262618753989	0.0115430343809824	0.0115608022370103	0.0106149179669633
CTG	0.015656377025212	0.0150182681296735	0.0157274000428091	0.0146406424602751	0.0160707292721112	0.015732116559992	0.0156985983739786	0.0152530664567593	0.0163221914085326	0.0164138181536558	0.0155673469124989	0.0160456849233379	0.0158119240817339	0.0157806322051072	0.0154263077117475	0.0162346320174731	0.015873811930207	0.0160797530490647	0.0161943995976619	0.0164544105866178	0.0163092150077241	0.0162608863377547	0.0163652901634844	0.0161691399880252	0.0167021177510194	0.0161124122796789	0.0156665396186973	0.0157615258896999	0.0155113493113761	0.0160349581753572	0.0165280909701663	0.0157322374157674	0.0161659849901954	0.0158317478528524	0.0157348426040201	0.0161469277043831	0.0165953937270751	0.0166812207941185	0.0166798836113938	0.0170753533272519	0.0169496455794994	0.0170011611514787	0.0166088887255325	0.0171556526082688	0.0170710274197067	0.0175119082092881	0.0209450974510636	0.0196813889017731	0.0221855937460351	0.0272064934429856	0.0283088116082022	0.0273242549631514	0.0262857920792521	0.0316018478484923	0.0303964923167252	0.0246117090377046	0.0174694201717586	0.0165399095815372	0.0166238052571393	0.0163187755554949	0.0160399285034605	0.0159959105608376	0.0160199775037004	0.0154632268990535	0.015610242161072	0.0155446461059093	0.0157769258754272	0.015870596329228	0.0152190817479206	0.0150480866380993	0.0145971783256624	0.0158672494698064	0.0155458020329534	0.0154484086720583	0.0150028114430451	0.0152510188760041	0.0149965846282242	0.0142800333914312	0.0151079994391087	0.0154108524863572	0.014514597083576	0.0146065194259772	0.014874214369434	0.0143670767496145	0.0143721956895989	0.0142804866036755	0.0142785939655048	0.0139645041077014	0.014594148578495	0.0151091623670623	0.0134268789288471	0.0134848299774071	0.0139093452928636	0.0135273136573303	0.0141928961014709	0.0137253234850384	0.0144915441328581	0.014254316755974	0.0134393629050344	0.0136956396567815	0.0135124153215308
CTT	0.0193595703608089	0.0206771146723936	0.0196553934982874	0.019443167115971	0.0194399102387465	0.0198341223065401	0.0199703565031456	0.0201887224377966	0.0199030342240119	0.0208757991400969	0.020862016460044	0.0208624773732232	0.0215152369579746	0.0198524056533779	0.0210161328399164	0.0213638063737454	0.0205154462946916	0.0198975914829285	0.0206202970079704	0.0213552812519239	0.0218468754580956	0.0208185799563588	0.0209177052580304	0.021390862916497	0.0213853501331697	0.0219836299114953	0.0214507030617642	0.0219852424034856	0.0219309530614248	0.0219467003727676	0.0212975090956898	0.0219696330478152	0.0211265996430601	0.0216976726601903	0.022203612437621	0.0221893686417243	0.0224845492168398	0.0223882854870188	0.0220047632889661	0.0224474596002282	0.0217368732229309	0.0219953115270617	0.022262660907896	0.0222223910813293	0.0227629989900772	0.0213420900635675	0.0149649448760613	0.0201937646842433	0.0194498346411822	0.0181794422486774	0.0230290076852069	0.0202510849399301	0.0230497675623047	0.0262995388159024	0.0204402917354006	0.0311732388950703	0.022534345508843	0.0213240993873226	0.0222815267359294	0.0228107842341491	0.0210657870108353	0.021887223736522	0.0215206408831467	0.0204135686300115	0.0220591907952065	0.0211550321764363	0.0203322201966041	0.0210069313705069	0.0215982487889881	0.0206650375250943	0.0214962106977755	0.0205799535641284	0.0212430249272936	0.0201115614252573	0.0203747241817141	0.0205634988546179	0.0207771461924597	0.0208102771538587	0.0206570496029596	0.0204801331267674	0.0201955608876344	0.0199902119517444	0.020097341224676	0.0193250938969224	0.020300520279935	0.0199870777568353	0.0195841391393156	0.0205048542440033	0.0192621430238497	0.019449916363403	0.0200112354933136	0.0189902311770965	0.0200549061115429	0.0200636902933391	0.0198842260227617	0.0192965184181935	0.0190133287841198	0.0198061090244639	0.0194220509154116	0.0191961981981189	0.0193124850994604
GAA	0.019364536305437	0.0188637983420863	0.0189058759222665	0.0186822035505193	0.0195288027095007	0.0189011803561621	0.0191443749105424	0.0197909286023692	0.0191992964276078	0.020156069019708	0.0193554157446762	0.019605415164786	0.0198013592882087	0.0192486596296312	0.01999169178775	0.0196828908218105	0.019701362626561	0.0197245954509895	0.020464690232751	0.0203006791393292	0.0202944912157651	0.0206859171387051	0.0201924154441396	0.0197085705323732	0.0203156487533749	0.020125726008696	0.0204303233045853	0.020801973850149	0.0203285214215723	0.0200420433877245	0.0211635981700869	0.0200781646002393	0.0208017543661765	0.0214319120175284	0.0206625057120147	0.0202851332185575	0.021374773874272	0.0220583839383371	0.0216671077150232	0.0215309342625976	0.0215233975503402	0.021549114623237	0.0220975163709629	0.0218892632150359	0.021285156673881	0.0219891949799235	0.0182977331323935	0.027292863332417	0.0233771820248558	0.027599998752469	0.0233383551601271	0.0355504460164842	0.0299038375624381	0.0285816577034097	0.024639967215417	0.0187092770629635	0.0217619110276464	0.0223308450067153	0.0221235015217146	0.0216369042446068	0.0214774471661043	0.0223019963984554	0.0210372513758519	0.0215334533179776	0.0215600706043438	0.020905042842941	0.0207726947228114	0.0210842295036416	0.0209701605494703	0.0197335780818296	0.0206830944487051	0.0201013704231633	0.0209559680284636	0.0198066652829299	0.021130536691296	0.0205782233673648	0.0202158175756774	0.0200732131563446	0.0208709251710638	0.0203344845932552	0.0201826188518052	0.0206574375911105	0.0201205314111958	0.019934600563484	0.0200044661579292	0.0192945488175429	0.0195761623364082	0.0194466742524214	0.02033898692978	0.020262124629314	0.0190567484591069	0.0186867678068985	0.0207886631492592	0.0181845492209891	0.0190897625781511	0.018692810019845	0.0195241614149912	0.0193836349909324	0.0185959317791442	0.0191928538826741	0.0187596610012308
GAC	0.0150913538827788	0.0158904588903864	0.0153071559443851	0.0154976663669561	0.0148549319288163	0.0156027125591091	0.0158852406965876	0.0159643497025936	0.0161231313281549	0.0159657963170719	0.0151657128859629	0.0149856089929179	0.0158395390674298	0.0154634121006969	0.0158200002442213	0.0157476682510581	0.0156284971080285	0.0158607790102397	0.0154621078750501	0.015421050226469	0.0159968650943625	0.0162007400166239	0.0160511431655335	0.0158096214212213	0.015580774193814	0.0159901633786802	0.0158418529758348	0.0162965983930238	0.016900830943659	0.0158721887341556	0.0156699755905607	0.0161665383070495	0.0158082519075974	0.015440557627284	0.0158667634072187	0.0158636127430463	0.0160444754623295	0.0158360583057516	0.0162401989651648	0.0156056279826804	0.01568626953813	0.0167114211304438	0.0166723204462937	0.015947792341326	0.0159880108678006	0.0163168815589125	0.0122562361943646	0.0314095730955	0.0339699941418295	0.0256212474589989	0.0311591711761351	0.027056014237395	0.0236253504479572	0.0247282126599297	0.028470085372614	0.0141763154658854	0.0157938104888331	0.0161397652942235	0.0154889537373639	0.0164113753019991	0.0157308225547179	0.0162905473664921	0.0153618646332278	0.0149941639382596	0.0151072645202472	0.0160680054071526	0.0152841109447566	0.0160591301229131	0.01517699807048	0.0153521331432909	0.0156045998305274	0.0148381283554372	0.0153213225122417	0.014711527357249	0.0154124081954337	0.0149565095478817	0.0146439551429959	0.0152782056965371	0.0154374648620911	0.0139579397619904	0.0143365966466751	0.0143126285157637	0.0140233763533928	0.0147018947107314	0.0147388946791882	0.0147262657064506	0.0137053437425842	0.0143227489323624	0.0145171625687255	0.0144136994007702	0.014036185963826	0.0137124030353027	0.0137764365756419	0.0136630583590107	0.013605929058993	0.0139467936516506	0.0138021868986483	0.0134099372320807	0.0137490690915319	0.0130990457184056	0.01360295488119
GAG	0.0166663687437652	0.0174716930130932	0.0170884456311884	0.0177636490850726	0.0178023312820355	0.0178091909806189	0.0178931582963317	0.0176250500754102	0.0177731031669079	0.017248142780039	0.0178843251230544	0.0178438793640344	0.0172207719059453	0.0173549015974895	0.016810117934285	0.0181419765317393	0.0174309255814565	0.0184404481617986	0.0179744094387551	0.0173360994579499	0.0178837987379913	0.0184116639545309	0.0180038533866322	0.0169581424548798	0.0178080103064187	0.0174822040539578	0.0186254996084735	0.0180382206374281	0.0178099622791437	0.0179180701377937	0.0181046128755163	0.0177861770694398	0.0185624992723128	0.0180034814782262	0.0194420763019786	0.0185950103792081	0.0179676673444699	0.0183207662137763	0.0184587081074023	0.0187611346685695	0.0190918263564769	0.0185684154161208	0.0186941018987356	0.0184931499452232	0.0179897602881304	0.0187656612382359	0.02015518727793	0.0151830703870021	0.0145005584105907	0.0201926775807444	0.0168724986634999	0.0197113889769569	0.01794450290956	0.0165842750157297	0.0338091803755702	0.0161695182992621	0.0188506640714482	0.0185369450904677	0.0187294718021787	0.0184591378298774	0.0182397687757004	0.018218176416943	0.0178527030654593	0.0177113470422329	0.0181947727418973	0.017543279834939	0.0178593595759353	0.0175403702639235	0.0179525113154721	0.0181641835218203	0.0173417380670489	0.0172105517239183	0.0170326283454951	0.0173912808174502	0.016978011572352	0.0166391269491898	0.0170328293479284	0.0168722299860734	0.0171103008677245	0.0166282304441381	0.0173250810212458	0.017216792015303	0.0167192523803188	0.0164596393075703	0.0165609272134922	0.016130600726993	0.0163180673322539	0.0164274715461074	0.0162172416217314	0.0166465417757382	0.0160932210821867	0.0164070795398308	0.0158008115450223	0.0158378039359417	0.0154470892317432	0.0158579062851829	0.0159016272606692	0.0156116734996841	0.0151049359164948	0.0150512233829874	0.0152124655287925
GAT	0.0194226884057373	0.0190412089229613	0.0194386374583498	0.0200251932592131	0.019199204173418	0.0195036944513533	0.0194686445529909	0.0194719034727897	0.020008734794849	0.0195014775029183	0.0199814397494716	0.0208529274724642	0.0204972194106127	0.0205560392364843	0.0201408151724019	0.0204105253743943	0.0212612970126773	0.0209703146891315	0.0205544719478716	0.0197689817355702	0.0206472102945187	0.0207210993973017	0.0211396254045784	0.0207063666335311	0.0203527026270394	0.0209329849478706	0.0207183545373466	0.0210358614694877	0.0201233329141578	0.0201519178329572	0.0209825617973566	0.021145481866846	0.0206478615228564	0.0218461959242458	0.0214069505461203	0.0211956137553655	0.0215284043606531	0.0204415444026973	0.0208366674485167	0.021600453730832	0.0214514544270085	0.0209560817347019	0.0224105233856238	0.0213394727115387	0.0216605076101184	0.0203252970782038	0.0231126595965594	0.0357269525975053	0.0307850473146305	0.0294869149987484	0.0376034494629645	0.0307298300941643	0.0255662292182756	0.024923635879781	0.040309564166131	0.0192236049123849	0.0216769335973656	0.0216714390452165	0.0214243263399274	0.021464477059073	0.0213408481605423	0.0212424744622796	0.0213505661934579	0.0213481666398608	0.0214119551238601	0.0213896798179152	0.020775154783341	0.0207759588007476	0.0204150679181386	0.0207270854416195	0.0204391776176091	0.0202345503677584	0.0201795476550046	0.020089226997259	0.0208828062323323	0.0203383723441806	0.0200814886615628	0.0203226200619903	0.0202303442565418	0.0197716162806194	0.0204094566598181	0.0203877654651625	0.0202560702334311	0.0202853375812115	0.0190949784396756	0.0194188296662809	0.018684615693032	0.0187931569353801	0.019431832209797	0.0192126883234138	0.0188887284103092	0.0191722447783344	0.0191082767552838	0.0192220596924327	0.0188271568677794	0.0190576064962027	0.0184989430031281	0.0185549412344459	0.0195990385566518	0.0186540017238636	0.01806832786606
GCA	0.019457907657228	0.0187880748867789	0.0184456977165026	0.0191500256662745	0.0189382309065584	0.0192889933792585	0.0185511757613973	0.019533330057147	0.0190695505866612	0.0195943056606564	0.0195372764597728	0.0198667906735028	0.0196116045464182	0.0194844501588072	0.0208996918690921	0.0196587594508305	0.0199981803438318	0.019581845213626	0.0194855575552263	0.020773001076249	0.019931323585333	0.0211621751606069	0.0199854953057444	0.0196922235338265	0.020522675901368	0.0199055380265602	0.0204668209563301	0.0211299824188632	0.0193962278657811	0.0213727481944843	0.0219347051347535	0.0205530913757822	0.0209119361275468	0.019907428254989	0.020351820091904	0.0211368717897094	0.0209423380368805	0.0210370477638447	0.021571711374336	0.0208766951940636	0.0212314773500895	0.0208174190422523	0.0204612147632582	0.0209086542283025	0.0206435063562106	0.0217419936254541	0.0131845692896127	0.012378675670151	0.0161696381420217	0.0163429355610577	0.0128990529379828	0.0151294410761565	0.0165264523222081	0.0147323612119557	0.00905992901503499	0.0191904724024767	0.0200678722619664	0.0203073647516874	0.021399878911274	0.0208292516793811	0.0207327939384028	0.0199139495133603	0.0200483050676877	0.0204056887723533	0.0210199826573687	0.0211175425481708	0.0202949434039898	0.0210398019189327	0.0205398176083231	0.0220502989996844	0.0212230198045449	0.0198534388772208	0.0207000588362366	0.0218650099368451	0.0210302256545792	0.0192522971858345	0.0203056810263917	0.020971252649863	0.0197680237489636	0.0199602592843945	0.0191099522562114	0.0198271941222326	0.0196867000825922	0.0189518852069576	0.0189441958580946	0.019230332451646	0.0187821579556839	0.0188868740558216	0.019186488652312	0.0191224571795886	0.0191335788165932	0.0198151679677402	0.0187173410646887	0.019495720216013	0.0188592013034272	0.0183942891962193	0.0198225492187097	0.0186072882758571	0.0190061451217039	0.0186905867184493	0.0181125380649519
GCC	0.0145740228279434	0.0142727526208138	0.0139387338493748	0.0138122523579862	0.0137421282960902	0.0143271293403362	0.0136982762203673	0.0142333262369603	0.0138067362363726	0.013455002158539	0.0133704553325261	0.0134433612742481	0.0131889548882848	0.0135019142752326	0.0134387660156012	0.0135247012159675	0.0134453755983307	0.0133834729694867	0.0133287719909545	0.0137468179826558	0.0137333409816048	0.0129294968742555	0.0134767283498827	0.0128943307002644	0.0136014457215284	0.0141394195098035	0.0134306858745007	0.0136020606168198	0.0137810663220844	0.0143305905878769	0.0140283666941932	0.0132745579823117	0.013387533779306	0.0134545398593912	0.013111318505971	0.0132157954288239	0.0134352332045702	0.0134397173153535	0.0131486903149483	0.0128817056951032	0.0129098772560577	0.0126499908107685	0.0119478250108861	0.0118308815401484	0.0120463575817882	0.0119782043805905	0.00494222378152165	0.00384851928256279	0.00723041448927781	0.00807272980120845	0.0061565815086035	0.00574528036664991	0.00589545409066088	0.00611939565254578	0.00550480202211661	0.0108803428775388	0.0117483435576088	0.01209893201257	0.0123051975614145	0.0129668503713298	0.0125306832882154	0.0124402693589311	0.0126491472799036	0.0122312959315387	0.012695207190852	0.0124449768283684	0.0121695804189339	0.013119308389667	0.0122177114917803	0.0122603191227744	0.0119441961550859	0.0124559945721241	0.0126301239899881	0.0123391759385332	0.0130773921239204	0.011941502889342	0.0120732338033342	0.0113388116305336	0.0121177035244346	0.0120920285281461	0.0118642394680395	0.0119151425112635	0.0120423920461555	0.0119742191184692	0.0114085146068068	0.0112797981859976	0.011505305060039	0.0114663250981018	0.0112808092171602	0.0113199135069339	0.0118602949816877	0.0118439884703867	0.0118396188274383	0.0113225838532632	0.0107296834526317	0.0108124646871906	0.011113854419104	0.0107344885267869	0.0108278730985637	0.0106159800541273	0.0106773036321603
GCG	0.0116876807185026	0.0125895221106658	0.0124259081288285	0.0120293840207574	0.0128986658487578	0.0126499260609756	0.0128189233944302	0.0119694840044787	0.0118180777835885	0.0120862080335615	0.0117659076162287	0.0121703897445676	0.0121681590052333	0.0118614920939363	0.0119286027588156	0.0125404460256713	0.0121722465268206	0.0121531384742795	0.01186503800218	0.0120440495470258	0.0117166933062001	0.0122197874877497	0.011795087693256	0.0122065111653412	0.0116528960678419	0.0120258511653644	0.0120514894241198	0.0120337759523418	0.0121766908422107	0.0124762770871457	0.0117722638629412	0.0115013947296231	0.0113754231022473	0.0115970755514525	0.0118210328383118	0.0120103567750442	0.0116007943791775	0.0115428858985464	0.0119073657206235	0.0119469164369032	0.0116990709030839	0.0114125643295725	0.0109426718542921	0.011214115215364	0.0116558475333802	0.0119313697743955	0.0100344929624102	0.00530357957760229	0.00847677298146091	0.00951989168149912	0.00616752796740764	0.00596879337602005	0.00559649408409442	0.00481332648739402	0.00654381619188428	0.00831908481371712	0.00955581046989286	0.0100855079766704	0.0102692461558257	0.0101286187350783	0.00977189941047339	0.0103231599073751	0.0102183101269633	0.0102033761388478	0.0102948559517461	0.0101180906876921	0.0103519154855544	0.00954248528536957	0.0095968057986219	0.00987209567616419	0.00961885845144639	0.00978361407158807	0.00911344006006655	0.00974752127746424	0.0090970430299707	0.00943881338271418	0.00949811608870983	0.00950739692471022	0.00995090057421127	0.00952568834591549	0.00950067279072733	0.00945784927367627	0.00929752712495162	0.00955179295678711	0.00862215905833802	0.00906123004616126	0.0089992770814033	0.00843086560816925	0.00803846895507881	0.00876548075052187	0.00902855635138258	0.00863791499667633	0.00846179266699201	0.0082400870086492	0.00906079257095901	0.00804549275593841	0.00839254575373521	0.00841473132140881	0.00817043965627929	0.00783190973984483	0.00791727272404053
GCT	0.0200297983141293	0.0206575686301459	0.0203172842778316	0.02029647717819	0.0200978913095019	0.0210487855760191	0.0204125700147906	0.0207221456347353	0.0209088020807404	0.02069686422602	0.0209761498086998	0.0201521034135782	0.0197390396698758	0.0202597659543989	0.0204473864252927	0.0222819918997176	0.0212111202235	0.0219663397368095	0.020996667150283	0.021577279071589	0.0216064804385736	0.0218399869621908	0.0221141179147167	0.0221751416881026	0.0224549229239841	0.0214907999872809	0.022174044071664	0.0219986231650223	0.0223058284737333	0.0221333092774838	0.0219677149197831	0.0226258891559673	0.0214793579725316	0.021586786888948	0.0217577152781023	0.0229649552832963	0.0217314027073238	0.0224966948944769	0.0215359540531314	0.0221121437661417	0.0226665474157549	0.0222932089870739	0.0222794869035507	0.0212867552983795	0.0227905166858725	0.0221720453898658	0.0156023907034046	0.0180402213151429	0.0248576502206212	0.0247689301521495	0.0244854099737401	0.0215164152203784	0.0219619860583412	0.023145178540528	0.0194031085101758	0.0201100089591312	0.0212343877741762	0.0215026247429832	0.02208676162993	0.0222316527623564	0.0218186094491631	0.0215752869697409	0.0224409396562412	0.0227055384899951	0.0219297927761279	0.0217100055212833	0.0223009118361843	0.0211696595591647	0.0215162850560225	0.0212607041498183	0.0223232866592414	0.0216488032509927	0.0226057869847258	0.0224036450651566	0.0219018869685663	0.0225104777765144	0.02162900048449	0.0208234921035537	0.0218427664428021	0.0218085207662185	0.0209228971818684	0.0206773925042833	0.0207467559383018	0.0204059320131318	0.0206772719684758	0.0209720975271307	0.0207830364485883	0.0208247138667485	0.0216190445697424	0.0202984376869079	0.0205591874710283	0.0211144297016526	0.0215626039539335	0.0203509499548498	0.0207980693816837	0.0197955038083978	0.020179877155387	0.019446955960441	0.019188220290479	0.0207217576919717	0.0198280803358303
GGA	0.019283759449847	0.0190979681676694	0.0192752408540656	0.0184811290133477	0.0193551211999518	0.0190255709712835	0.0191951029332934	0.019099236661109	0.0187146965202992	0.0194500161698279	0.0198654316668757	0.0192408004562169	0.0202509862985479	0.0200285721984167	0.0199693174119697	0.0205810294777226	0.0210469858691433	0.0200971582853876	0.0197083307533612	0.0202647916310174	0.0208949897629266	0.0200866388892227	0.0210991736160713	0.0199548915468807	0.0203796973854899	0.0209855063883894	0.0201163068233455	0.0206214707210566	0.0202770503377701	0.0203730844973999	0.0203511783044438	0.021143154903135	0.0205288008187124	0.0197889009426541	0.022322491257944	0.0215386988318048	0.0209393364723998	0.0206767011905044	0.0213163787538345	0.0205026804761556	0.0208025511700246	0.0211255312874591	0.0219746037206708	0.0215482129161215	0.0207757038064337	0.0226894424729142	0.0346019140331375	0.0226580866403207	0.0219177613892079	0.0259227549392548	0.0245776431562622	0.0295008000645105	0.0227494248357518	0.0190818600603448	0.0156066453035096	0.0176533209900185	0.0198464523393471	0.019633331510348	0.0201749878585654	0.02062589479658	0.0208210119543695	0.0207103066816057	0.0196482931539976	0.0205840499325364	0.0209653685489676	0.019743936982075	0.0207753178309439	0.0201600865015678	0.0195914029009407	0.0198887431434888	0.0193081840539663	0.0199125553305154	0.020070398907737	0.0207697721877007	0.0195451097385499	0.0192362355306896	0.0198291571539987	0.0198831349369424	0.0193815769745327	0.0189904413344791	0.0191292711798939	0.0185949937756151	0.0188984252934991	0.0184005201554549	0.0186710013177021	0.0190882501965932	0.0185569224059663	0.0179580373468219	0.0180418868793405	0.0179706408901397	0.0181444171619449	0.0184019124655485	0.0178049354464249	0.0184403555967617	0.0184559655999672	0.0180337469327497	0.0177970232722981	0.0177451566651131	0.0186229418180599	0.0177348314136892	0.0177135562442
GGC	0.0138138600183729	0.0138823473176933	0.0142625347755931	0.0142557791503347	0.0142590983178807	0.0144306249052695	0.0145394796542194	0.0137452627265368	0.0140529490278752	0.0140007434369633	0.0130670244877869	0.013541769764339	0.0140914963769095	0.0145426168490839	0.0138941335944461	0.0142310467666978	0.014602427709744	0.0156243071601724	0.0143310604659277	0.0144938757243778	0.0143015839248887	0.0142138049670673	0.0145720152530948	0.0149502233060268	0.0150654276423809	0.0144188841996449	0.0136989652056669	0.0143758860283351	0.0144262899872502	0.0148695928224693	0.014472561391874	0.0150519842409331	0.0142375249000055	0.0146460242458075	0.0145083804885439	0.0146298449970427	0.0143488379011336	0.0151801098685115	0.0145259679655056	0.0141254101376034	0.0141462868850145	0.0140166201698472	0.013709540500672	0.0135925105102038	0.01376737502641	0.014532659484946	0.011938826293184	0.00509321817567581	0.00896793623408083	0.0105542967027168	0.0113989858191887	0.00865337100023271	0.00772404772834851	0.00629972979620406	0.0075113892042291	0.0118695859524688	0.0135176015088244	0.0133681762113042	0.0134617780555536	0.0133630554292275	0.0136831578317288	0.0136419749798388	0.0139804179267377	0.0137773058361201	0.0134450336068016	0.0138297851604093	0.0136229358168867	0.0136491897185825	0.0141945162276869	0.0132477958275345	0.0129213651172759	0.0135355436226051	0.0136531207502126	0.0132072901960736	0.0127885761272229	0.0132165538016405	0.0132174094048699	0.0125456831590806	0.0128087514290832	0.0127969580887043	0.0129329779498035	0.0126669116494279	0.0131138814136935	0.0125723298042095	0.0133401110672673	0.0130223580447617	0.012666155790088	0.0124890075292618	0.0121942820553869	0.0131546085619603	0.0120270565818681	0.0124025569794271	0.0122527155337354	0.0126904129685709	0.0116671666768166	0.0119474151013229	0.0117899741483636	0.0115825877268111	0.0117068068306736	0.0123523210720039	0.0115008464664686
GGG	0.0151235350457155	0.0163717757886169	0.0164619607986466	0.0163629708906304	0.0168069519672793	0.0157977542816858	0.0160656073883618	0.0153858734518368	0.0150968155158944	0.0163882152453532	0.015335377220472	0.0155006916833262	0.0165016882325906	0.0161324025792503	0.0157331525856841	0.0153818218813593	0.0147615012869604	0.0162163249142605	0.0161729401899265	0.0161233561094096	0.0157512349170014	0.0160383215233717	0.0155369172999275	0.0149666038564559	0.0159162039839433	0.0159792371962031	0.0161613270620715	0.0160051179878203	0.0158613648923713	0.015526349333778	0.0165373993154799	0.0169536873161211	0.0158083435484763	0.0161291931212745	0.0166484669301507	0.0169565356988425	0.0176184078097866	0.0165519431414867	0.0169404415599685	0.0171500866855677	0.0169239054247481	0.0164665074109738	0.016435196085812	0.0168345965856742	0.0170848050408032	0.018485556813665	0.0202810677440268	0.00664154486267616	0.00845724515302911	0.0155380363861721	0.0129789867255919	0.0126917069426657	0.00905287057207771	0.00702883050098684	0.0120243725956632	0.0128327734410058	0.0166659708025085	0.0170214185341778	0.0161089310995114	0.015954861460597	0.0156046687374525	0.0164049663353369	0.015346984779372	0.0154572692591513	0.0156509150506091	0.015460074843122	0.0151029729980221	0.0140789170749026	0.0147025076454545	0.0148546552371509	0.0140614918996059	0.0141790428668015	0.0142974946964115	0.0144168488267932	0.0143553970035197	0.0137804928551204	0.0141958187390787	0.0138097906550288	0.0138917686236689	0.0143217098209718	0.014234508831408	0.0140759597516979	0.0132529136164556	0.0133507893020145	0.0137783167218629	0.0134914370437458	0.0133166173532053	0.0131085566039147	0.0129282567522481	0.0129583070223404	0.0133736040156801	0.0136343391649733	0.0133405731136872	0.0138817121586093	0.0132724331043434	0.0141000946211149	0.012720886053954	0.0125579488906262	0.0127147178467086	0.0125275692046705	0.0119750099761355
GGT	0.020158449123179	0.0197248039391387	0.0211946107596215	0.0209835519238267	0.0211547994717437	0.0211219699182851	0.0207723449783296	0.0204734413117652	0.0204820137377213	0.0208569861701404	0.0201193256026437	0.0219157243972326	0.019624236878896	0.0203845224448238	0.0204289162245148	0.0209341843620269	0.0207863884684024	0.0219376389252931	0.0213114816144741	0.0209305000202408	0.021582881872113	0.0218395527514051	0.0209177313111111	0.0210625755709257	0.0215685293858692	0.0216994738488553	0.0219760273658809	0.0219015544437745	0.021633131685824	0.022247404544451	0.0221933409306899	0.0216560435192548	0.0224836245744431	0.0219582734503657	0.0224481487121125	0.0215618823983181	0.022570687739936	0.0232787168637042	0.022697103930215	0.0220125916287067	0.0228647593664246	0.0224572463581435	0.0214591600773239	0.0211579900567691	0.0228194413242762	0.0224026276210163	0.0366802078255686	0.0143378395532301	0.0151780140450632	0.0170873034963079	0.0212328654112225	0.0152892075758932	0.0131789629691242	0.011995112857163	0.0163366653963457	0.0179306058304935	0.0218634187262434	0.0219736314983301	0.0212750166018321	0.0229202769581143	0.0218384620759738	0.0217033225410334	0.0216282029772339	0.0217456715605148	0.0210663689340605	0.0216487194320311	0.0209564631679308	0.0210707992523465	0.0213727545960667	0.0206567011338346	0.0209839302928423	0.0229201165134555	0.0216017117366141	0.02031515530716	0.0212935670016355	0.0214253850825823	0.0204033009421303	0.0206966013892042	0.0197947780910542	0.0209737988392008	0.0213580834935606	0.0207497912187008	0.0199155824641705	0.019800898315924	0.019997059142778	0.0209000902698726	0.0198936189673176	0.0200926975328679	0.0202103908096529	0.0192092855678697	0.0189373133797312	0.0197479548400758	0.0196231800714401	0.0196596059571784	0.0190036604871591	0.0199240416966169	0.0198687112223534	0.0199485687241736	0.0196573303593581	0.019413923588681	0.0204337859849427
GTA	0.0175600121924955	0.0178378245436466	0.0192805984976514	0.0179975980830537	0.0184380143443304	0.0186372280037748	0.0185592869679487	0.0196028770471545	0.0180071346209337	0.018309854983642	0.0186206554894794	0.0181052272681206	0.0180800668074216	0.01831321865543	0.0195511135084667	0.0183255168568251	0.0185664702221169	0.0180745324927097	0.0192695875856839	0.020010983259404	0.0189877911462173	0.0188110743593924	0.0201428299327407	0.0187461707050608	0.0200942915774472	0.022555484290867	0.0206289815718556	0.0180910184052221	0.0218469333106324	0.0198689643488834	0.0192571005699285	0.0201985854713872	0.0198953799743985	0.0212320214715489	0.0188249638759794	0.0192550706220638	0.0223773021293972	0.0198237493656665	0.0187322799660653	0.0201921396241627	0.0200502972415264	0.0200714087127691	0.0203648216509021	0.021251937128155	0.0189662785451976	0.019870254113198	0.0168556110740232	0.0254339630825384	0.0264664901519513	0.0303503125033896	0.02715506545027	0.0312944653534673	0.0296944322442278	0.0256133381617602	0.0129535760784656	0.0187584298504887	0.0201694249097844	0.0208949472509008	0.0204386186195132	0.0218220851884123	0.02024851819631	0.0195818277469101	0.0207266245441535	0.0220488393219612	0.0195738188803871	0.0204829207438834	0.0188305464712913	0.0188075818939023	0.0189728544278545	0.0203621352311003	0.0198477942187999	0.0186486497771372	0.0193006644299699	0.0198356975245006	0.0197803038513342	0.0197756023607241	0.0182538828836296	0.0188020254280069	0.0190966499384334	0.018203228924357	0.0183881755221049	0.0181558874843561	0.0198991439017895	0.0206375044598979	0.0198041739562003	0.0184510456807066	0.0187106858073291	0.0198214418867697	0.0182484190396199	0.018895246822477	0.018588757217121	0.0191616646750027	0.0187880144974999	0.0178074622573711	0.0174560926781284	0.0178919367103671	0.0174103905228587	0.0188523186990143	0.020178675259105	0.0177134718617047	0.016190869748389
GTC	0.0156768052657786	0.0151175600574859	0.0151345246802674	0.0154425764027173	0.0161393245285018	0.0156502959939091	0.0152339772920931	0.0159931690945835	0.0160802902765335	0.0158842166041188	0.014857993816884	0.0156924937568952	0.0154660619690168	0.0158128269634429	0.0160968501245474	0.0159659068293084	0.015244441779828	0.0151824583404242	0.015974025470542	0.0162205222086571	0.0154214967504353	0.0159827319240152	0.0178096626782779	0.0157370710035302	0.0154106690471116	0.0153192534426943	0.0156492003382756	0.0165635172555048	0.0158986107919295	0.0156528252894408	0.0165237907985778	0.0157712683477526	0.0162552033093797	0.0165078558111077	0.0160898983828659	0.0168277302006543	0.0153664804652778	0.0161026536531847	0.0157773863202549	0.0154239061521578	0.0164937946347105	0.0154858860306547	0.0154880374482326	0.0159665709592751	0.015131223989031	0.0152190905631031	0.00935115868895026	0.0123373855896482	0.0184916620578645	0.0226032944418199	0.0169635759375516	0.0128917149716798	0.0138817703932124	0.0132953363526316	0.0112257626308657	0.0136072947832493	0.0151315014973071	0.0153880567997153	0.0143649272653706	0.0154576220739923	0.0151855392776106	0.014001387759007	0.0147610368835639	0.0157360421309885	0.0148880426962353	0.015176666963336	0.0154875095540492	0.0144506209798614	0.0148793846944443	0.0146376401465682	0.0148959284749461	0.0153224030624077	0.0145260093655818	0.0146849932121013	0.0147758028302667	0.0145115091051228	0.0150330014564476	0.0147221649571959	0.0142533782972522	0.0142074036794208	0.0142467338795574	0.0143635203338227	0.0131241487667374	0.0141750012102148	0.0134109564385973	0.0132055031815259	0.0135333788364677	0.0135181619988976	0.0133147775440747	0.0144578755615493	0.0142094704407099	0.0135051024673303	0.0138273189909591	0.0132886619175452	0.0135938770264746	0.0127792041799521	0.012766947687175	0.0131315083366267	0.0133534505626706	0.0128402465459705	0.0132283530126014
GTG	0.0157731928809894	0.01532589875511	0.0158743719291108	0.0161026156759342	0.0157568406538884	0.0156748072085864	0.0160209809047681	0.015766998776395	0.0156926735670861	0.0166859582117299	0.0164673981862159	0.0164827222161135	0.0161835863196954	0.0160119326901664	0.0155979124149598	0.0159352288391391	0.0164458093447925	0.01581260782586	0.016360368803426	0.0159394384073287	0.016829009476285	0.016701398893289	0.0162367336884692	0.016608829307226	0.0166348405303515	0.0161559693194809	0.0165289924533542	0.0166165419457218	0.0169750873125664	0.0160047247900257	0.0160096668082329	0.0162278158794813	0.0162449934020839	0.0168505171421077	0.0169679729944897	0.0164995044746021	0.0168654897275616	0.0162341238843576	0.017140218509075	0.0168190835065051	0.0175760053798874	0.0170283376785515	0.0169225384672946	0.0173447612695598	0.0173426755266444	0.0169455371720709	0.0298899691358598	0.0180105571785408	0.0175796194866907	0.0214393550300302	0.0165069674653546	0.0139419265724302	0.0139657221555569	0.0146342745984503	0.0168108094548823	0.0143534178309065	0.0163156030825719	0.0165363531449351	0.0168079914279389	0.0154420367081934	0.0161051842923658	0.0159345568771861	0.0158397874693217	0.0159512570874649	0.0162875908261719	0.0158574816828103	0.0160908401911805	0.015467716438897	0.0159700426754713	0.0154598185637369	0.0149080340989895	0.0158830284916921	0.0150597820977883	0.0147795900619393	0.0145753383058788	0.0141512868415502	0.0151373839370222	0.0153890465688031	0.0152813351861722	0.0148356781532454	0.0141285885721121	0.0147121406560174	0.0147258446866933	0.0143934546182508	0.0140924899036137	0.0140821092646583	0.0141270972409779	0.0138462633123411	0.0133497861931292	0.0135398769602886	0.0138619992800614	0.0138633219480857	0.013460435225056	0.0139665642176385	0.0137361869515019	0.01382483631938	0.0134283528526397	0.0138572313095699	0.0138162260038937	0.0140666409893547	0.0135373480847306
GTT	0.0211239055281458	0.0216603147615773	0.0217625346718457	0.021330429688157	0.0207610794436214	0.020833801308979	0.0206434352114791	0.0210098466913599	0.0215529758429326	0.0209078193522062	0.021791696344425	0.0205440881804415	0.0214556661870942	0.0213979520094967	0.0230308841731059	0.0220127953064174	0.0208706512300972	0.0211063449630146	0.0224687589800755	0.0211714047227163	0.0217707160302824	0.0222955410720063	0.0224873375240381	0.0223400990151886	0.0227976956180039	0.0232932860801651	0.0227261355806494	0.0224753292148986	0.0221586605012629	0.0231655409151116	0.0230751699736472	0.0228429214611131	0.0235330853179193	0.0235482999452375	0.0218279768945392	0.0228742698992444	0.0238520591760479	0.0227511617006399	0.0225572383159836	0.0228432004776945	0.0241136471370362	0.0241513629233794	0.0232553450060104	0.0237324975444444	0.0226494965359124	0.0212543506463617	0.0199247803293081	0.0229599063819421	0.0226752459981959	0.0266152986484203	0.0216153775573913	0.0169597359928937	0.0214292073709885	0.0207735599951528	0.0180186213555464	0.0193397579775873	0.0217973790765266	0.0230030802318378	0.0227738919716067	0.0232052621260237	0.022739316100655	0.0226338628480532	0.0223704037510649	0.0216503636404854	0.022501861212242	0.0225891852826595	0.0222608522626055	0.0232178050917482	0.0235698362373515	0.0231558269462415	0.0213603221536179	0.0215053430090494	0.0217722134119397	0.0224847499117448	0.0208275030456612	0.021800979725501	0.0226581843352629	0.0215430044634629	0.0208230674173704	0.0212070047265465	0.020814018755828	0.0215444741395695	0.0207335654197026	0.0204929987417775	0.0203365036142437	0.0210218436982448	0.0211551290229132	0.0213804761759242	0.0207904627865709	0.0209134475938718	0.0210121539687176	0.0200791128968961	0.0200636275831413	0.0200436088391987	0.0207344442409689	0.0198976747105144	0.019940603578574	0.0205088442529191	0.0196476356238998	0.0198511048784229	0.0190071596247512
TAA	0	0	0	0	0	0	0	0	0	0	0	0	0	0	0	0	0	0	0	0	0	0	0	0	0	0	0	0	0	0	0	0	0	0	0	0	0	0	0	0	0	0	0	0	0	0	0	0	0	0	0.00339266579508702	0.0328430521207145	0.0341173749871601	0.0235758813253312	0.0164740065957844	0.0308810582483244	0.0274697237294116	0.0289623431494037	0.0242180900121016	0.0261144662653219	0.0249827833603809	0.0274200578665005	0.0253725201244893	0.0246558332567228	0.0249411397873542	0.0279676199331361	0.0344280459588296	0.0236405140125012	0.0275814815062325	0.0367314012285761	0.0293746570747415	0.0282923012158422	0.0304876293372336	0.0265441112863127	0.0270257873281099	0.0252436154367852	0.0255662881564581	0.0272846784600609	0.023781316818325	0.0328968927629487	0.0336150079215206	0.0314178866149146	0.0293945641172232	0.0242456599437251	0.026584577124127	0.0266976125365993	0.029677630811902	0.0237381677592234	0.0358669480862554	0.0295207324519327	0.0291890143057852	0.0334065442483514	0.0312249671810724	0.025905026364821	0.0291634495483978	0.0264946565255613	0.0280447165613058	0.0249589074556686	0.0241917294475111	0.0251724803194676	0.0279523635318539
TAC	0.0161350102101343	0.0163417289088645	0.0171867245117384	0.0173127546257649	0.0174002149543458	0.0176872598198672	0.0169691839767957	0.0169877506085654	0.0174803444777835	0.0166256119389478	0.0172420021373415	0.0172712285297196	0.0179345428281143	0.0176106772140674	0.0171790187029124	0.0179765613109876	0.0186596836167275	0.0174316376630594	0.0183749879607578	0.0173430248832293	0.0171204815234023	0.0174149348808373	0.0182963188621188	0.0176001091326935	0.0177479482448465	0.0180928641617742	0.0175120471479205	0.0175260354117535	0.018566102421622	0.0186295483401748	0.0188258679929699	0.0188670236452152	0.0187230911683296	0.0177218693974622	0.0181808154167794	0.0172260319264972	0.0170056418054735	0.0185163727182717	0.0179770850871021	0.018425274273833	0.0178559890659065	0.0188808099014429	0.0190276160545418	0.0190386444706016	0.0193954101879875	0.0195376699365831	0.0134047248837889	0.0225305245929252	0.0196252425094988	0.0180081908911119	0.0182810143882045	0.0195956165164598	0.0226913888566278	0.0194213961257067	0.0199349948047728	0.0229786344378638	0.0177177247029482	0.0191527909564103	0.0176945682451303	0.0179743871233161	0.0179476752032066	0.0198648622950507	0.0184409350023802	0.0174497061105767	0.0175025848915996	0.0171033986776812	0.0179303442661262	0.0181730952472489	0.0175950972697787	0.017492392211818	0.0174730699546691	0.0177731186419039	0.016656252458583	0.0168425848731349	0.0159793892879824	0.017071164216049	0.0162194097618208	0.016295717243784	0.0167323609776101	0.0172681717185982	0.0165863661043311	0.0170072092184715	0.0165673075310694	0.0164179293857317	0.0156996982264213	0.0172743130716527	0.0163895634917607	0.0152090464366863	0.016983981535133	0.0157200466960038	0.0166519341409391	0.0166876042124037	0.0165823255227429	0.0163443491985353	0.0169275594792012	0.0164772603032519	0.0156130965404071	0.0161148186601123	0.0158224226119866	0.0152177514298252	0.0160791421653531
TAG	0	0	0	0	0	0	0	0	0	0	0	0	0	0	0	0	0	0	0	0	0	0	0	0	0	0	0	0	0	0	0	0	0	0	0	0	0	0	0	0	0	0	0	0	0	0	0	0	0	0	0.00473502689087285	0.0639254111608804	0.0349157340476858	0.0335394955548449	0.0443174468889996	0.0309919046272606	0.0257583064526987	0.0237094105311134	0.0206116471698711	0.0261220028643664	0.0236379614377787	0.0247545041715832	0.0262587894907363	0.0250942802220076	0.0216697035227916	0.0216994593760079	0.0232352383975035	0.0248897053733118	0.0260817071622414	0.0195175118551514	0.0228338762337011	0.0224500511756415	0.0236265894078716	0.0252754462386677	0.0225855456848881	0.021479816972208	0.0206835507273063	0.0241788111845964	0.0201685801203231	0.024520031183933	0.0283748106215097	0.0279158284849812	0.0242600901970518	0.0227351462173307	0.0271631648066693	0.0228338222488352	0.0203292513292623	0.0248552547311824	0.022472496520042	0.0231234400555934	0.0209500923729225	0.0272697872491347	0.025855272935892	0.0239358711002748	0.0183572349164283	0.023135619322575	0.024515502130131	0.0195429970858169	0.0206716709167616	0.0228230865495628	0.0228579025417248
TAT	0.0191679156839839	0.0206752109464188	0.0191801299323595	0.0199821014937246	0.0207630381598999	0.0200777159660743	0.0197349608776059	0.0189393657470393	0.0213585238368716	0.0203790885921685	0.021666561062665	0.0203741584820874	0.0201132731913954	0.0210145193687577	0.0220945449188898	0.0209657567899153	0.0210136035155115	0.0204786758415625	0.0202224085744459	0.0206363908985211	0.0205115741256876	0.0202980840051313	0.0206930685134657	0.0210113771703792	0.0207257002808472	0.0198508712192271	0.0205038272874321	0.0209797921467364	0.021369437517444	0.0225358486332001	0.0207389013509568	0.0197475099170987	0.0220968227866347	0.02192226155552	0.0210075159532204	0.0216690876089069	0.0209358490593376	0.0205866904857826	0.0209569391503713	0.022558912937738	0.0213143843583117	0.0211597563932206	0.023439427090223	0.0230770676057903	0.0234835878189824	0.0219511413663159	0.0168039715107396	0.0318968931740488	0.0178880010223092	0.019630453462712	0.0224800323647113	0.0227756809251555	0.0229693559832018	0.0239547458591314	0.0223061259394665	0.0249675135050501	0.0213971030402766	0.0222835916487237	0.0212395419398702	0.0220030071774742	0.0230529295485463	0.0208734417634188	0.0213033699269638	0.0207144485321737	0.0210340592860249	0.0218641615554821	0.0204300733926407	0.0219077110277715	0.0218219828483449	0.0199972171887025	0.0214769374814386	0.021697904422713	0.0205289672551127	0.02048243314231	0.0207472435372763	0.0206912652299448	0.0207436984443557	0.0201324933155613	0.0204032048799151	0.0206476858393217	0.0208325436698241	0.0204101661456619	0.0206449555351886	0.0207616219084904	0.0195870094522641	0.0195949454563451	0.0208998024536862	0.0204939464767926	0.0205822139535704	0.0202346124248358	0.020671181073367	0.0199119782221819	0.0196315332635733	0.0192415516462361	0.019009809970117	0.0191735001642512	0.0195692657605879	0.018399888678805	0.0190854474382801	0.0182084182098488	0.019488803919098
TCA	0.0181157817811477	0.0180078121887872	0.0177388147681926	0.018424890589308	0.0184998083123554	0.0182387422422888	0.018994241263109	0.0184556886250395	0.0185362697921631	0.0179871841644097	0.0178654175838815	0.0189531503388486	0.0193922351163391	0.0194802100184777	0.0199536385322877	0.0193524522783665	0.0190133097810578	0.0192774106555652	0.0189092775172497	0.0196048107725474	0.0191536046193359	0.0193617678896551	0.01944050704228	0.0196183035033547	0.0201780009675743	0.0202600818627777	0.0184457426988189	0.0196864556513855	0.0189893753188771	0.0201658890418508	0.0197988528932087	0.0200965828941718	0.0204496502944991	0.0200280388989826	0.0200298865229289	0.020334789380786	0.0200144627537992	0.0201900970082997	0.0216021027695206	0.0198288847309604	0.0199392059756278	0.0204936495385819	0.0210841688737266	0.0204518711922427	0.0207484090260854	0.0218928772969515	0.019251683829611	0.0167287208676377	0.0230118833050047	0.016445298994911	0.0167181620251227	0.0180785668583534	0.0157532360902049	0.0201280893410889	0.0104048152733723	0.0229278021471502	0.0194164659195961	0.0196795543192244	0.0205333570608605	0.0198947331964273	0.0194732210999721	0.0203345115303322	0.021588277530885	0.0194426816039658	0.0189068330455835	0.0199280241914944	0.0191061622449042	0.0200657341869062	0.0195708825449309	0.0188201622321801	0.0201764930524065	0.0185232463671642	0.0188723585453964	0.0199608948364538	0.0197829665279846	0.0189023736424931	0.0200839309319875	0.0203060104783885	0.0194522654749791	0.019164839193781	0.0187859981590658	0.0186577305925584	0.0185115886214627	0.0193519652914333	0.0189479518072813	0.0182941315499171	0.0189352905699189	0.0181222022398242	0.0190108523173502	0.0191560441248716	0.018720514823755	0.0181286167063303	0.0175608540519032	0.0181636532117954	0.0183118480529769	0.0191944508993076	0.0182111148854976	0.0178095256316998	0.0183459355851109	0.0187809935660017	0.0180897669972963
TCC	0.0141271610270021	0.0145845382223285	0.0151364198739135	0.0148653049129362	0.0144244506229862	0.0137708124394291	0.0140942696276491	0.0136687744744023	0.0144097663893406	0.0149725891118024	0.0144720809070309	0.0143474363874218	0.0140506344512127	0.014347211976524	0.014951013820075	0.0142804529335578	0.0143178997398455	0.0138440165971028	0.0143619394826916	0.0142912628484667	0.0141274466272599	0.0146590983148413	0.0144671059890082	0.0141897910974953	0.0144735534775861	0.0147840319826614	0.0143177769485763	0.0148743212686867	0.0145300826949516	0.0147898578636684	0.0148780080029119	0.0144325290592145	0.0149145299859931	0.0135842319444711	0.014346204174123	0.0146641286039932	0.0143303156910887	0.0139279697303504	0.0142954987809394	0.0134892438106627	0.0141375439664792	0.0130697712716619	0.0129791481105032	0.0135647233164427	0.0138056028344186	0.0138984850046422	0.00665729033989096	0.00688383398439317	0.0116563267427393	0.00821246534079184	0.0079345155391177	0.00921212949800683	0.0110132391278761	0.011099831311304	0.00924751893928075	0.0161606215490721	0.0134153288960177	0.0129771217874201	0.0127943167711589	0.0133965152091167	0.0137697896093553	0.0124662780138191	0.0137408814015312	0.0128309802620119	0.0132551265537955	0.0143683522032321	0.0130651240848627	0.0138341794379226	0.0122209082297168	0.0127514549460874	0.0132472047246049	0.0126821034934624	0.0121495435977588	0.0134692545670719	0.0129385497846861	0.0133516570080677	0.0124750485588762	0.012637998620123	0.0131056252113786	0.0124822341878888	0.012578275148496	0.012610266832472	0.0126319629137482	0.012606453605769	0.0118972387657397	0.0119941663064715	0.0122293242680897	0.0118843295102345	0.0119844491920213	0.012185461715403	0.0117827712287824	0.0117571703212	0.012216170529692	0.0118137426924778	0.0124127720299138	0.0113254238199531	0.0114847576178069	0.0118959680470725	0.011186908460321	0.0118210601015923	0.0116550762860066
TCG	0.0132975767977576	0.0132444347890922	0.0138017935991122	0.0135034425321634	0.013205657887382	0.0124213351065307	0.0126827986182692	0.0131173959065045	0.0134330151746432	0.013010118734465	0.0132773059577912	0.0133800181169326	0.0131165448574401	0.0130278079778478	0.0133427878114923	0.0137741758511652	0.0130423610850539	0.0133016462225688	0.0132365573574687	0.0136488211412909	0.013125470992826	0.0131805149028975	0.0132632211668946	0.0140852103837829	0.0141217485329427	0.0133688244463009	0.0137572035332216	0.0142093037940202	0.0136902313787706	0.0127765634287953	0.0134979657001708	0.0128358065535047	0.0126930416074434	0.0133982151700253	0.0131667437823357	0.0130640339920645	0.0127986050987712	0.0130320382142718	0.0126051914144157	0.0130771251542639	0.013994130479776	0.0138909679973335	0.0131753536903544	0.0134897398841927	0.0130989885601062	0.0131908437006113	0.0136253248841175	0.0130044063245598	0.0263791221901755	0.0211073546107281	0.0184669451340228	0.0157534576567512	0.0151687316205253	0.0158192263865837	0.0150036163625462	0.0158282051531986	0.0126917804080947	0.0124724553216343	0.0125961220940966	0.0119178062003827	0.0125213169878468	0.0122162634263782	0.013274348280829	0.0133370574515579	0.0123116387062052	0.0124149489210133	0.01257593466912	0.0114962351664303	0.0123794000040135	0.0114640753396006	0.0118992040492487	0.0118794930042969	0.0119634773626851	0.0116940775315199	0.0121718563334311	0.0115087159956076	0.0112521700318238	0.0126802619093152	0.0116515357847151	0.012523781702529	0.0111698386466326	0.0110429948675962	0.0109518627643242	0.0108853169317585	0.0116259254403504	0.0119065231501297	0.0115108984069061	0.0103940152506537	0.0106438090374241	0.0105383146851659	0.0108776001408702	0.0100386572925522	0.010723097823817	0.0106702786550015	0.0102721078421907	0.0101645021692414	0.0103519172861806	0.0102290959046681	0.0110472318047635	0.00968245209887592	0.00998674199510947
TCT	0.0192932365295762	0.0183875907855865	0.0175874483976616	0.0181053343973578	0.0189789683606825	0.0184124578749476	0.019142875351641	0.0182392690682048	0.0178803881791681	0.0187103110349807	0.0188029354155002	0.0192087391043211	0.0188459463202179	0.02018294862675	0.0192894046997126	0.0189260368190448	0.0189157273245543	0.0194340600708969	0.0197049604195652	0.0199966651828674	0.0191544078353915	0.0188418430152044	0.0190905209374297	0.0207934096388628	0.0183773821292343	0.0191716779869605	0.0187159348753498	0.0188260420230389	0.0203506304625089	0.0191518127724634	0.0190311841946173	0.0197583972182316	0.0194776971808443	0.0200033842279391	0.0212765640824767	0.0210119707739911	0.0205266407032251	0.0200198978601602	0.020088204116688	0.0207656107914194	0.0199637136006719	0.0202680252503857	0.0205223909229568	0.019445025775863	0.0200880367622338	0.0189230770985061	0.0141872996142727	0.0244348661116215	0.0309013333714593	0.0264124571782332	0.0281319739639253	0.0299596803624802	0.0320255713002318	0.0379429638913446	0.0249092381682294	0.0216120634605633	0.0199894732542444	0.0206465187630586	0.0204150180655341	0.0200332531093753	0.0212369918123946	0.0202501608137776	0.0205365378992523	0.0205351037504109	0.0200752820886195	0.0207378496585668	0.020609127928064	0.0194196849729331	0.0194715303394711	0.0197984724495996	0.0199006031937554	0.0192761236450667	0.0200391219140202	0.0201724441631423	0.0201213637177918	0.0189717956742617	0.0188263467920142	0.0191214923992901	0.0192980898455779	0.018137777407931	0.0188693296223334	0.0185989058502867	0.0186006246757512	0.0188683236686358	0.0198790984351526	0.0184070901576564	0.0188226305355843	0.0179515288416382	0.0186385655520438	0.0194544441216808	0.0181727487149946	0.0177065863541284	0.018215494741321	0.0178843866815504	0.0178813272976221	0.0179086369725879	0.0184817226555508	0.0175635850465336	0.0174461763647176	0.0176441868034469	0.0172061917928122
TGA	0	0	0	0	0	0	0	0	0	0	0	0	0	0	0	0	0	0	0	0	0	0	0	0	0	0	0	0	0	0	0	0	0	0	0	0	0	0	0	0	0	0	0	0	0	0	0	0	0	0	0.00406904741213496	0.0763836464566334	0.0392821856711277	0.0339208397338616	0.0286003562597586	0.0279147546190028	0.0239814518554601	0.0235862909922062	0.024460373498032	0.0221978711135528	0.0224211922921565	0.0271152205860159	0.030062290271017	0.0224116447203828	0.0231409795806345	0.0250375652283789	0.0211311936585308	0.023283465754191	0.02354209164702	0.0234025048509346	0.0248543636856281	0.0257454634619061	0.0252448468757321	0.0223508163422589	0.0250993356544652	0.0240648584882508	0.0290603390358219	0.0275406839720494	0.0237832891159227	0.0252059562950995	0.021454488905955	0.0258117581503165	0.023308290570722	0.0207153579475943	0.0228704613723589	0.0263933737835482	0.0216461286859081	0.0231368292198527	0.0248919026434602	0.0246685733302951	0.0204854969076602	0.0348656290790623	0.0275961707625762	0.0243874861766352	0.0269347878136605	0.024749672274248	0.0250856118132436	0.0234859416903956	0.0219623864021939	0.0235744553330247	0.0230906119555332
TGC	0.0163499001798052	0.014633243036119	0.0144902442351155	0.0138637712799788	0.0148929181987036	0.0149831909159949	0.0143923676792879	0.0142042168580173	0.0148219061365638	0.0156369099460724	0.0144889489895205	0.0146490073535686	0.0145592480329443	0.0155584317500766	0.0143802994214493	0.0158836697101148	0.0144968314561806	0.0140520627892446	0.014501277590733	0.0153195887479256	0.014645719141454	0.0147856247028295	0.0158717915104027	0.0158486818203958	0.0164286766061453	0.015917122369087	0.0157251566999515	0.016822583703497	0.0161242564177012	0.0154610355871015	0.0151957511500548	0.0164054303138659	0.0157184004184381	0.0165582535698084	0.0162934092665553	0.0149663962418326	0.0160484382638209	0.016692352550751	0.0161618543993611	0.0156026423384532	0.0155451024898639	0.0174632421608711	0.0168879863067047	0.015561234466128	0.0160343864976509	0.0161334983200874	0.0211273446847538	0.0113756524956595	0.0149185218480276	0.0118222836089469	0.0109845679547992	0.014104009946507	0.0153502806832136	0.0138612718615	0.0146807273666182	0.0176935917189094	0.0164104045550269	0.0159593096528272	0.016053706711213	0.0157369448360715	0.0152552210700024	0.0146400799770681	0.0149142860652785	0.0157577815811673	0.0154163622227564	0.0151786034666929	0.0148998719676505	0.0143846053385615	0.0144999164606112	0.0150511039754672	0.0146046883975633	0.0144576515317594	0.0143559875274003	0.0140927155843944	0.0148942203038304	0.0153772980313811	0.0144570791131921	0.0150748061852322	0.015238123000841	0.0144080686707996	0.0141525825666777	0.0140570247019309	0.0143507501600171	0.0139442680037991	0.0139074011285872	0.0129688768751754	0.0135468902904161	0.0144078845302766	0.0137127486716039	0.0141753298885866	0.0129073503384538	0.0130012531286842	0.0135648701063635	0.013753263445841	0.0133162528423212	0.0126803232268113	0.014020881732354	0.0137014067203191	0.0138751084789756	0.0126667417663375	0.0126574038014079
TGG	0.0164477459499926	0.0171066440936559	0.0173185405670059	0.0160292873828368	0.0150239348594912	0.0167532032791913	0.0159215951717873	0.0177249946171062	0.0160143622150447	0.0153022809535031	0.0169948489670013	0.0159028229491867	0.0153629287750725	0.0164360683138648	0.0162156961629572	0.0161213629187768	0.0161607177695282	0.0170006207408035	0.0169361584715239	0.0166503055894525	0.0165408724519877	0.0172203693436687	0.016572080135003	0.0173925967099482	0.0188356500023548	0.0170811368811996	0.0166842955973403	0.017828653720868	0.0173704760483024	0.0184920082975851	0.017731029763124	0.0162689819726269	0.0177585923104789	0.0169207936118778	0.0176129103486515	0.0175135844494729	0.0179824950770277	0.0176617969812274	0.0168745765904243	0.0160768611356024	0.0178878130926648	0.0189473142961887	0.0184468837246015	0.017774133516083	0.0195525210725343	0.021018923488921	0.0364349932652951	0.0164250175548647	0.0185671798659717	0.0259709853276005	0.0228873794907726	0.0273786947118338	0.0187591552848459	0.015809488219955	0.0257848555451391	0.02148200685395	0.0178224337208773	0.0172694724782969	0.0164011623126835	0.0172844209219995	0.0182849109187541	0.0166478151646259	0.0169496830308051	0.0181689732936275	0.0168260514039834	0.0167361187911352	0.0168711928946565	0.0171770457831905	0.0172017713403019	0.0173565038460348	0.0175443155536289	0.0166317453819225	0.0161952722823042	0.0167021351188733	0.016730492286226	0.0176620156026368	0.0164524047582969	0.0162023521213269	0.0160162368613179	0.01608518994383	0.0166481919582854	0.0158961835806652	0.0164385963783749	0.0157921035175291	0.0157005333842925	0.0154190025354204	0.0151185615631806	0.0154449586975176	0.0158664807646383	0.016454311082432	0.0148353865225326	0.0151511061708013	0.0155423256098658	0.0163330430475751	0.0163737943059201	0.0156649223331229	0.0166053527373047	0.01473846561133	0.0150350027261235	0.0150051564381052	0.0154865341487717
TGT	0.0190148820822072	0.0166085544705308	0.0158196710563521	0.017994067063331	0.0154486836270235	0.0172935308442036	0.0168737024942284	0.0179530770430595	0.0176162662992315	0.0179089411597744	0.01762984069913	0.017810035598761	0.016870628061593	0.0174544451436203	0.017533994690484	0.0175064983996494	0.0179937822547526	0.0180693549045126	0.0184926608047022	0.0186026424281683	0.0194220926509654	0.0178386622564663	0.0179474761318003	0.0175636572788235	0.0188351910804215	0.0188372937440782	0.0202552224093165	0.0178361519875689	0.0194212859735869	0.0187052005989467	0.0176240160282925	0.0186778938338826	0.0185953682506845	0.0190392722290302	0.0188337134057897	0.0187219909287561	0.0200150816188112	0.0185777423956227	0.0199111845722099	0.0191328960913846	0.019858403775245	0.0193915824809837	0.018760852230873	0.0202920436354901	0.0196882993553935	0.0180996013451187	0.0415150414131185	0.0253002464074941	0.0279204924743144	0.0213170884381542	0.0240741177619453	0.0247165236465531	0.0245973828115891	0.0222945617755374	0.0264841777680991	0.0192377027771273	0.0177839542057645	0.0181776966868903	0.0212543339416118	0.0205361718123144	0.0179555968293857	0.0188424744441326	0.0186636236293875	0.0183189223586841	0.0194840434053796	0.0178759754573625	0.0183660493424409	0.0174266696030736	0.0177108868924401	0.0187156442739966	0.018423476627489	0.0179046759689827	0.0184495155117173	0.0180548032897965	0.0175671576529274	0.0165694831613034	0.0167764393019639	0.0176358425853023	0.0172287703152108	0.0175220263012165	0.0168961794010096	0.0172455441884971	0.0166352786002792	0.0176438015458156	0.0174169787680734	0.0165069041532158	0.0190102793831628	0.0171628075611582	0.0151097907951153	0.0161402449480267	0.0157899645645169	0.0166122353638371	0.0166173569821277	0.01655714162713	0.0166059412572703	0.0162688016996352	0.0166714888529587	0.0183361445723128	0.0155082379000035	0.0163537553742113	0.0165618581062193
TTA	0.0184212055481508	0.0168523528231685	0.0201583058079382	0.0195236966065979	0.0198369599619132	0.0175063923860554	0.0182144775642209	0.0196262571306294	0.0182521707318735	0.0170683577224996	0.0183699080392407	0.0185274912850386	0.0184046396568664	0.0187097274573667	0.0183256278973863	0.020551479623312	0.0191820470572055	0.0183850823845108	0.017628995747699	0.020090244852552	0.018698011876828	0.0192872855577523	0.0195448619686367	0.0192556361593957	0.019191079976688	0.0204310453972658	0.0189393494344929	0.0202308952255929	0.0186324707543063	0.0181875922800309	0.0181653241463771	0.0203895820042928	0.0195954957251528	0.018927798513617	0.0179792650709987	0.0196151164342233	0.0210300480807838	0.0203864043390479	0.0199332927302009	0.020237883394082	0.0199935496871913	0.02009560291456	0.0212433708050354	0.0210358639480112	0.0200185874129296	0.019735928477956	0.02903941074769	0.0275830297971184	0.0169475815028668	0.0140095495056739	0.0174093791017479	0.0230009681149974	0.0183740820532439	0.0170712624239432	0.00741869570436481	0.0204639442502339	0.0206499299923666	0.0205050973056434	0.0194953927681539	0.0210816798610732	0.0193778393948581	0.0183487235885201	0.0189681824499799	0.0213484601166461	0.0199889022698213	0.0184096081272982	0.0200043885212706	0.0186466480981675	0.0181239616909186	0.0181255203860218	0.0199414412582218	0.0195761208780848	0.018919232988429	0.0187709775706513	0.0184718464683969	0.017692743845323	0.0175924760311308	0.0185879697619638	0.0182782861650878	0.0187708070222516	0.0207670054709255	0.0194502993834568	0.0177271975536501	0.0193346824708403	0.0166445275766078	0.0175090030870757	0.0169639683350011	0.0187399360083286	0.0177374764028796	0.017493673753268	0.0177037705284228	0.0175956229580282	0.0188852663776683	0.0183628293006606	0.0173890034645504	0.0181408512781483	0.0170407692468804	0.0175957834182788	0.0181251054237096	0.0177659057547108	0.0162921684149874
TTC	0.0161852629578122	0.0161829794641957	0.0157973206424981	0.0153460740964775	0.0156007166443933	0.0162783309050377	0.0159939792411542	0.016561415444476	0.0173133144357048	0.0163344955784053	0.0177751396984775	0.0168412773441604	0.015995734281994	0.0166415843697813	0.0169527761854285	0.016793395618752	0.0173592470910861	0.0173572357585631	0.0164293203690361	0.0170045373916716	0.0184177663138249	0.0170612825790276	0.0159690080384418	0.0178349025584559	0.0169850150587985	0.0172369576708307	0.0170008245168993	0.0174403252920333	0.0177170885222875	0.0178028164433381	0.0171821127855394	0.0169653098884685	0.0180484440170342	0.0171375808293916	0.017519616814485	0.0176309032740302	0.0173711666716598	0.0187722756573228	0.0169883469683952	0.0182298913774471	0.0178041451040143	0.0176935608144138	0.0181698299760406	0.0193578251030941	0.0189821118434494	0.0192588725136718	0.0127174742473572	0.0190898953890426	0.0192189311726907	0.0172879150593655	0.0199665527806148	0.0150461436044242	0.0178946631617753	0.0212124168686273	0.0140646475337801	0.020736351804221	0.0170264022029579	0.0171481849525965	0.0176208012516082	0.0173024750199896	0.0169692218138355	0.0171716577583353	0.0169221025659854	0.0167531010686939	0.0165878050337683	0.0166406941038826	0.0163909856511037	0.0177804296551812	0.0167358874199486	0.0164229482272549	0.0158145284984894	0.0163577192696261	0.0162149244684163	0.0159521136442104	0.0164240456981781	0.0165817861937107	0.0162351741489694	0.016140546014559	0.0155470629934234	0.0160437472563672	0.0155971648432043	0.0156700861756497	0.0154654097798768	0.0161117913754451	0.0151686363115943	0.0149858881551242	0.014942103567699	0.0158953258898079	0.0153437540275911	0.014842412956055	0.015402187630688	0.0150522112957648	0.0142546466370991	0.0152575553455784	0.0142676690442789	0.0146571038981258	0.0145997621880893	0.0151093793197863	0.0147627453641769	0.0143114185151	0.014526489290503
TTG	0.0176220889676738	0.0182279698500058	0.0184507874372358	0.0185052112137545	0.0184980666120765	0.0200441440044343	0.0183425836555825	0.0183410881669477	0.0191794794908918	0.0181212500381987	0.0196776986312259	0.0183576972430018	0.0197224135783102	0.0192423598256872	0.0187042045129595	0.0188339861732959	0.0187289366409513	0.0191505548287393	0.0189205655444423	0.0192769625397822	0.0192506041023361	0.0182201810347239	0.0194525305500918	0.018976466699733	0.0191971681163875	0.0195934431872113	0.0197467660974543	0.0187813674386982	0.0192536118313861	0.0200423360636125	0.0189411566016001	0.0194533227492073	0.0195818414265014	0.0198883088129695	0.019688070699554	0.0189898171523882	0.0197734189442642	0.0204567480841999	0.0210604200127361	0.0193184950756745	0.0199147913993405	0.0201940787694362	0.0205664658642129	0.0206514611350572	0.0214026317706749	0.0215758841697234	0.0257956385114827	0.0238537516639093	0.0199512887758938	0.0223512569687769	0.022075663383038	0.0214329880272397	0.0196726718312312	0.023750186407777	0.0223789815823536	0.0230466627826958	0.0201431853484302	0.0200048072448651	0.0195381421737255	0.020000408504428	0.0198558806666464	0.018705086554984	0.0190706828966796	0.0184847089898682	0.0197025084618073	0.0192411427081087	0.0189139697415208	0.0183988183258525	0.0190862443792776	0.0189881496816119	0.0201318190264603	0.0190961227229753	0.0186867083396493	0.0179872997102294	0.0179459500309318	0.0183579948200503	0.0173033729658804	0.0188206683038924	0.0184254789718146	0.0177778715331246	0.0185611474137563	0.0187755386955739	0.0184570727669721	0.0173601975543442	0.0175155260492412	0.0178236494172796	0.017941773925066	0.0178862790991879	0.0176966166731412	0.017978552515079	0.0177343227189456	0.018073927907656	0.0175820423598401	0.0176428251466185	0.0177547696709465	0.0177447143396505	0.0167530854291055	0.0174328739164278	0.0169930939843411	0.017530964902462	0.0172696540139515
TTT	0.0197641481633153	0.0208186451320734	0.0217339358524466	0.0196368204329229	0.0202807259461459	0.0196980438529169	0.0195545072760608	0.020615907745772	0.0205335728000273	0.0207972904715719	0.0208381397101043	0.0205771886903163	0.0207234209046915	0.0204933751707429	0.0203622691300849	0.0205326515959662	0.0199474793527481	0.0205373683173283	0.0205623317641801	0.0203865737295257	0.0209772298464367	0.0210120595353905	0.0205305033942659	0.0208498803580388	0.0210549746153498	0.0213323705771438	0.0212599769341851	0.0208316482762664	0.0204997231568801	0.021581933963496	0.0203397922064868	0.0217579401661198	0.0204860864302607	0.0204644602305824	0.0211563524133518	0.021536260925288	0.021997608836096	0.0219813925131354	0.0211860826072975	0.0219595560890435	0.0214346171833578	0.0224442420705954	0.0229155107394647	0.0231387195237559	0.023381289879567	0.0221927271769255	0.0177833648174283	0.0310351069218237	0.0199093329216087	0.0167482655662729	0.0257197671691484	0.0218632361266238	0.023322259662384	0.0286984617660646	0.0159706074574194	0.0237781897230194	0.021679814793505	0.0212687514068053	0.0222363171082005	0.0222896766492988	0.0218799645200967	0.0217263736530195	0.0218786063267034	0.0215371677810254	0.0222978099331449	0.0211275994358096	0.0214912364776837	0.021999147997153	0.0208471702840693	0.0209840225995979	0.0203052170771273	0.0208620875529156	0.0204598927708443	0.0198407793551565	0.020407415080803	0.021560634906552	0.0199883088857824	0.0199447067518039	0.0204105886667918	0.0207301767088511	0.0205236942375739	0.0211975828501632	0.0201691574887346	0.0205287011610228	0.0193759240349636	0.0195049348968162	0.0196006084939725	0.0202234738428114	0.0185197446924758	0.0192452293667402	0.0206727833907443	0.0192326230939974	0.0193964592569468	0.0198745979393074	0.0195212587340309	0.0187491450122835	0.0191292823357552	0.0185942344273217	0.0194956935137485	0.0188154756583839	0.0181173612672571
