Codon	1	2	3	4	5	6	7	8	9	10	11	12	13	14	15	16	17	18	19	20	21	22	23	24	25	26	27	28	29	30	31	32	33	34	35	36	37	38	39	40	41	42	43	44	45	46	47	48	49	50	51	52	53	54	55	56	57	58	59	60	61	62	63	64	65	66	67	68	69	70	71	72	73	74	75	76	77	78	79	80	81	82	83	84	85	86	87	88	89	90	91	92	93	94	95	96	97	98	99	100	101
AAA	0.0751277790393434	0.0756289820283684	0.0757858331797316	0.075570649355501	0.0762481854068981	0.0765644761872967	0.0771243096029177	0.0773143860136933	0.0765643776641492	0.0771095802794513	0.0768680738757141	0.0786096943723206	0.0795161621741619	0.0783674721297859	0.0783901655514121	0.0791141854183319	0.0787989834521745	0.0796886290855193	0.0788741393691428	0.0803769591348636	0.0800420250040833	0.081692231998687	0.0811133197440392	0.0815053496355557	0.0822197256385147	0.0820456962653591	0.0827434669352684	0.0828489339387082	0.0828417874166607	0.0815937867127737	0.0825335820633825	0.0829175488119781	0.0835608173173863	0.0842399286686638	0.0830282078457445	0.0843652534489137	0.0831469751734035	0.0838741472780511	0.0845004388354937	0.0847655201344407	0.0853115426118978	0.08437665807722	0.0846016299221436	0.0844488769800021	0.0848456744126851	0.0848880713813447	0.086348782007827	0.0855089837464082	0.0854983674445295	0.0865280033927598	0.0604729492491644	0.107454795223503	0.0635348659040038	0.0724742926529512	0.0849153231137083	0.075243516486865	0.0801082429636923	0.0725564338073652	0.0637843293980128	0.0690976651770767	0.0815003217654706	0.0848490819371841	0.0852446995051626	0.0842445042341703	0.0835679429992889	0.0833613960461339	0.0838632672316008	0.0844398684055864	0.0832281292256498	0.0833382192517859	0.0836021143256104	0.0827413816938572	0.0833233178561291	0.0825723386674587	0.082635567551684	0.0826547824621083	0.0821061850806772	0.0817707518617396	0.0817304770193991	0.0807608739773657	0.0811877133475629	0.0805468090709673	0.0812171321257199	0.0801703647091101	0.0807382724608992	0.0797223802963659	0.0804983015817876	0.0793895856633677	0.079751042417058	0.0801764555881057	0.0790580329683586	0.0787235273054175	0.0783842644445938	0.078540371443142	0.0776436338248548	0.0782377723088565	0.0782488691408616	0.0774705907682812	0.0784917088576365	0.0778050945879312	0.0784061728667461
AAC	0.0912919895259946	0.0936017375842757	0.0911294905930353	0.0920406550233027	0.0919535543259496	0.0936200240002608	0.0943044262419191	0.0927005187867387	0.0936348265767912	0.0933381538501503	0.0949047147527398	0.0944104766232787	0.0947426907736552	0.0950599098566006	0.0956977860786018	0.0955570524749352	0.0955545781277024	0.0960723259159508	0.0957860161547304	0.0970894667251736	0.0979005222347238	0.0974871389398856	0.0980382596964692	0.0993522428516997	0.100109258063192	0.098897198529944	0.0999941117390046	0.0991885376221866	0.100736661358324	0.100880103306053	0.102089622122239	0.0999219983570881	0.0980349450609325	0.101177143831161	0.101037101543386	0.103018307508856	0.102436309356286	0.103330775490118	0.103503705166427	0.102153802725485	0.103338340925731	0.104419788626663	0.101861180095091	0.102981266338514	0.105816108175592	0.103725365737211	0.10598266049993	0.106352885321404	0.106443348139044	0.116287788438618	0.144483620886294	0.106183791105114	0.0929872452742245	0.0896433715130491	0.0978393128931827	0.0925190480840494	0.0881668967664862	0.0952365590249324	0.107534703842824	0.0919823631022786	0.100322413760066	0.10236208268446	0.103063358594646	0.101315759899558	0.102060220717475	0.1023736519998	0.102382690683668	0.103342261935821	0.10248145576919	0.100428200024644	0.101528692243421	0.100488022756298	0.101029523545003	0.0995155264083208	0.0994985582336416	0.0986494282308321	0.0999213526229099	0.100704115986624	0.0992781688882299	0.0998342431937484	0.0984123884373578	0.100534848394958	0.0981095165728628	0.096936368803494	0.0966947690091026	0.0963228723583277	0.0952644425012326	0.0969892233783357	0.0947656652828812	0.0953659750906979	0.0957100520433787	0.0947444593117732	0.0949390879527506	0.0930955888083687	0.0961503046087937	0.09402403058459	0.0933372376867434	0.0929535699914134	0.0923505099610789	0.0928399197069891	0.0931634146597569
AAG	0.101228412143529	0.102819695718527	0.103136526024383	0.103804793141083	0.104934517842493	0.104663721780483	0.104855632830244	0.105276991544685	0.104585498915883	0.10629982600012	0.104932393811763	0.105379537867608	0.108337035950714	0.10765826852748	0.108343549476532	0.106964926699247	0.107152733924893	0.108587108584536	0.107933333706281	0.109733942527969	0.108105569882725	0.108517580513037	0.110331069679183	0.111609649266981	0.111448203416335	0.112315696181366	0.112045458600912	0.114213499628803	0.113248054614959	0.112438193873798	0.114502886075794	0.11461315383038	0.114197125313366	0.114039374155037	0.116093682946542	0.114240755684695	0.114777776204573	0.113584653231505	0.116196518960125	0.116388347658927	0.117268354463974	0.117718758816619	0.11820449138992	0.115989620400375	0.119984022940726	0.119904465446154	0.118564850640704	0.120622579859555	0.120331393968928	0.108268704441968	0.204212854245353	0.132551241073426	0.0899806276241257	0.114064997901842	0.129161881535561	0.100460963450863	0.115743661568047	0.123153421267399	0.140481336339299	0.11180930433183	0.114149654775019	0.118607467474406	0.120557344900719	0.117117445918059	0.115913356787469	0.117450592490421	0.117765638284016	0.117499505909129	0.114631194303048	0.116312818290306	0.115944727720915	0.114893275511751	0.116602574697338	0.11488387867179	0.116522522743304	0.114109146504022	0.11423569350308	0.113594827049682	0.113708621373996	0.11436644109696	0.112272798494051	0.11175840669807	0.110992147371108	0.111096234229926	0.110851712338148	0.109221477521427	0.110896144301053	0.109764397596848	0.109305606082605	0.109188980729208	0.108256616793719	0.108485606924481	0.108300202327123	0.108436508117695	0.106198940109053	0.107074744873617	0.107458444197176	0.105033379661555	0.106862302844539	0.104572785055211	0.105038674347969
AAT	0.0695476012475386	0.0701562138465107	0.0705108700785084	0.070525699776944	0.0702239091333108	0.0705682749356966	0.0710619312836877	0.0717858161495064	0.0719266912330363	0.0723321548498505	0.0726236990096916	0.0720526523081626	0.0722967802696041	0.0731869620001669	0.0729370254844992	0.0736497251371063	0.0733516544914201	0.0734061062292593	0.0729902655617982	0.0741504931927865	0.0743508781890877	0.0735669817118419	0.0738455468642244	0.0747524873232216	0.0742857388478958	0.0744324689082417	0.074857801863784	0.0753169514075663	0.0751467108436248	0.075217350345013	0.0753279881262558	0.0763171421453271	0.075795621773402	0.0767733704679239	0.0763665500820415	0.0762899331078082	0.0769970170346558	0.0777097500254546	0.0768923970741267	0.0769462155865218	0.0778284603440895	0.0781843193511608	0.0775414436478532	0.0779333463324163	0.0780795713384716	0.0775415681698969	0.0795680906260331	0.0792993245470509	0.0788934170677743	0.0737557692498106	0.0641896202071079	0.104101014017091	0.0676153358892018	0.0648147929615091	0.0765048933168481	0.0688359839550468	0.070437840553327	0.073145192255401	0.083717384822378	0.0682562643999072	0.0747617578892706	0.0764984464275481	0.0765968365147385	0.077152867423065	0.0768206820851268	0.0766669022795157	0.0758899625167749	0.0776724707128791	0.0767413050153482	0.076341066260795	0.0769269541143962	0.0767468854379932	0.0760469010992074	0.0754469575879906	0.0758182047217055	0.0748026674020373	0.074980757501918	0.0744098013365849	0.0745981061611072	0.0745681947919726	0.0753215444087678	0.0740917468934963	0.0733891636256759	0.074068072952307	0.0733290080366262	0.0733198919395506	0.0733612799276137	0.0727325704646013	0.073536661073773	0.0732793338154041	0.0733275344560466	0.0727461869789401	0.0712626455977275	0.072112440435672	0.0710245701767931	0.0721894857078565	0.0720162473822354	0.0710941182320917	0.0713702626790903	0.0710470465960612	0.071430845435795
ACA	0.0742594341430621	0.0742714125276555	0.0744045718041966	0.0763083824984536	0.0757030175732013	0.0750258965142055	0.075313341062364	0.0740037861770035	0.0756898968663419	0.0740369451087614	0.0753686200878182	0.0762649198311709	0.0760250244028936	0.0757698938565692	0.075575538298909	0.0777211143011307	0.0765029502170484	0.0765180900531946	0.0764822436205535	0.0774285904355959	0.077881815229104	0.0771922089995082	0.0786091610257989	0.0785185752725582	0.0777189565701774	0.0784970698241509	0.0782841064872665	0.0776018208889464	0.0794734928245657	0.0787260258347775	0.0783806372707504	0.079796588450146	0.0821969103823359	0.0802095095452491	0.0809649732746694	0.0796122848655497	0.0809464866320038	0.0805144682149786	0.0799908486081818	0.0802642410483237	0.0790981013801925	0.079145721623445	0.0806478589625782	0.0813180491492819	0.0818353951903766	0.0802474136471157	0.0825968363292447	0.0811107272225721	0.0824549839862116	0.0818897868646321	0.132077118044869	0.0730159066424914	0.0611213845122582	0.0706743367226406	0.0719443680766188	0.0705161956981111	0.0731406467085538	0.0704250840409954	0.0531446397601606	0.0629644258346932	0.075708788968867	0.0790053240725477	0.0791964609777057	0.0772052448770544	0.0779684797067999	0.0775194787679942	0.0776552011911018	0.0770008436974739	0.0771797168865295	0.0777992292440174	0.0754413203174186	0.075599137131323	0.0773187238218547	0.076521608719109	0.0754136916059435	0.0749356582088271	0.0766334145387907	0.0750686012588666	0.0762897014566056	0.0752878670800123	0.0740276882168576	0.0740468419538741	0.0758349718114972	0.0752003562816605	0.075288586524193	0.0730620630638759	0.0724387101465754	0.073119872569322	0.0728891989703328	0.0733927262956741	0.0730524029688994	0.0720650661167156	0.0714622455366444	0.0711058492279658	0.0705645510508393	0.0722198837573903	0.0714058041862349	0.0703740918977008	0.0719952605455051	0.0706590466113838	0.0690202643895533
ACC	0.103488976083932	0.102580634227797	0.103033985283827	0.102559435636467	0.104802747197516	0.105698109965793	0.10819510888897	0.103600886852605	0.105893218132953	0.106676321925394	0.106290227259812	0.106314284783868	0.108075157982527	0.106455761357894	0.107034186043866	0.10942620438366	0.10902918267698	0.110709458493931	0.109335208522302	0.108018094510439	0.111575771072526	0.109424699331058	0.110316082434171	0.112140325733885	0.111506111840021	0.113416654712111	0.11261301453712	0.112457599661604	0.112177906502263	0.113324939208816	0.114377867246081	0.112186851998228	0.115631701369814	0.11571852188265	0.114442024683328	0.112169928405041	0.113439016969298	0.113901293092194	0.115866237439873	0.115635450595276	0.115516259116822	0.117124475256444	0.115657310756431	0.118307190076635	0.118865096009492	0.117510923781704	0.117109757352748	0.115461098488006	0.118723369444204	0.136626641245167	0.174849870555979	0.11571417964025	0.099753973165588	0.109296883138393	0.105925845348957	0.0982944008146515	0.095380887372135	0.105399498435756	0.0981441134419747	0.0985095758613105	0.116531479181587	0.119001934772453	0.117903427096553	0.117877100448622	0.117038949008705	0.116492894920821	0.11510052941756	0.114623977978952	0.118630679244757	0.115094367114426	0.115239065632893	0.116003423418134	0.114210934133102	0.114603542210784	0.110787414655956	0.111904662338211	0.109710324267499	0.110818486887861	0.110082581968674	0.112936001828778	0.113701919303255	0.111219579717227	0.108965310721992	0.109812316065451	0.107748171439622	0.107645701868747	0.106365711227768	0.108267774170012	0.110906911413259	0.108169062984804	0.105909370917326	0.106645507270929	0.106866630692805	0.10537074361666	0.103607664613558	0.102765663782059	0.107120352464783	0.105554851895941	0.103894720382026	0.101825789278936	0.103112149820299
ACG	0.0693707381121597	0.069544392613161	0.0670818076046024	0.0681011823957639	0.0696458685447659	0.0695850927230552	0.0697090826004577	0.0689627927358345	0.07124436877273	0.069505087716605	0.0719394203904116	0.0702882949189897	0.0713740371450266	0.0703159262371689	0.0716162248203576	0.0723028620199097	0.0736181067609682	0.0737554975992287	0.0720094175566283	0.0735911995732847	0.0740738844816844	0.0746480868549331	0.0728223479963233	0.0737137968690814	0.0748877127073119	0.0744978547800482	0.0759385693638391	0.0758218145219192	0.077847171945569	0.0767546166013029	0.0763033833064112	0.076829561299697	0.0782685535533514	0.0753935469750256	0.0739481520954459	0.0765956782071118	0.0760860998604457	0.0750144040880186	0.0766727182857969	0.077527722186439	0.0754343976407831	0.0757832159359034	0.0755866251495375	0.077549668000343	0.0761710521415898	0.0762047000913928	0.078600784745892	0.0764665769619835	0.0761055232596355	0.0695896203197346	0.152120651977204	0.094313006940402	0.0640172763343093	0.0842268966542857	0.0915234204023208	0.0918185441857373	0.0836981891547891	0.08424947351903	0.0893137697626889	0.0712896433794386	0.0750029756984921	0.0764677818543218	0.072800867950333	0.0748372445850317	0.0747187552091056	0.0741717220864533	0.0736644765989354	0.073888471068097	0.0713266022785928	0.0720035147409416	0.0745795771609672	0.0740442014776922	0.0738946900819007	0.0739891127354277	0.072873031503504	0.0712844567286726	0.0704155686664114	0.0695712598732304	0.0744399072729071	0.0710573927514429	0.0701511274311528	0.071799965358309	0.0698609702970849	0.069302874644436	0.069411791282734	0.0713518802137972	0.0694750262376434	0.0672250200914333	0.0699108721612304	0.0680294459687202	0.0676534007515973	0.0653935055993223	0.0677108071055452	0.0682601002173346	0.0659884950352519	0.0666142108641064	0.0669055498720493	0.0665737386147306	0.0651117317840309	0.0659923574184744	0.0660299891528488
ACT	0.0953276972935462	0.0956507007654149	0.0951037158333451	0.0968211265565969	0.0953562800373902	0.0955281167998378	0.0961026838299388	0.0974472958031014	0.0981136037470466	0.0991369889071004	0.0978441968294479	0.0978577878385968	0.0981772207883109	0.0972241974958744	0.098756570787477	0.100324019049549	0.100282795675469	0.101328077406089	0.100400113222869	0.101052153684028	0.10201427924489	0.100909869469765	0.0993891363333062	0.101875919848978	0.101319838920717	0.100462893956506	0.10179067881234	0.101980754173525	0.102823429933818	0.10192495362741	0.103348279604047	0.104278991127108	0.104450226303662	0.104243520368575	0.105043726651563	0.10493111128405	0.104994162487607	0.103411419241969	0.104408378373008	0.103663467018043	0.104806744414542	0.106037777675587	0.10525801828766	0.104908698948212	0.107289172595813	0.103818840657788	0.108113228015767	0.10627108648525	0.104075884828082	0.0983911902760739	0.186874437831341	0.123326566931029	0.091049328416686	0.118490433111281	0.1070499252196	0.0917912564839347	0.0937157644530818	0.102793683333954	0.109321446365105	0.089558216644143	0.102301990806727	0.105435281525109	0.104527034403388	0.107215189605484	0.104767841069942	0.103581246033364	0.103959797911748	0.103488372662291	0.102383175647408	0.102349983612049	0.101803981671862	0.103365954860795	0.102510344933644	0.101740755346447	0.100750703168537	0.101738428505921	0.101644883398027	0.102408720391838	0.100548869377086	0.100658032742006	0.10035306402534	0.0996139403443967	0.099178675120156	0.100024755071882	0.0988065210724649	0.0987890225949332	0.098172731802268	0.0989853205966011	0.0979914545127791	0.0967330147796734	0.0983350540520805	0.0961769161740702	0.0945143765903294	0.0964544246850867	0.095905115164188	0.0962006586121504	0.0959530802950677	0.0956298906405503	0.095245451671356	0.0966010494371067	0.0953609703728528
AGA	0.0984490905401485	0.098024745971165	0.0969987080901763	0.0962146199067758	0.0989940431706853	0.0992977109834305	0.100774266273357	0.09851668003117	0.100016683202782	0.10117295725535	0.0996164332133139	0.102056966837184	0.101225574960879	0.100866408040617	0.102476179510901	0.103264345367468	0.104492073698729	0.104148494628662	0.103451136815788	0.104483941588931	0.104022956204717	0.106494752968985	0.108823950459519	0.108518104714791	0.108321982182345	0.108876859694502	0.108730077108916	0.107685768342627	0.108922189424991	0.108906402448543	0.107959340903262	0.109163138290871	0.111579803304005	0.108787485495784	0.110549790142771	0.112080447781811	0.109960847128166	0.110334965146268	0.111712656385336	0.115009544905097	0.115135991997095	0.113346074267603	0.114514465847671	0.117390829790933	0.115493835943379	0.116463625602445	0.115911976511106	0.118928927576864	0.116816353060657	0.122287788774655	0.163264241354422	0.140125731871937	0.0921648898749805	0.11656793348603	0.128279918377042	0.114030143047329	0.120871090213724	0.126865796052294	0.108460360839773	0.094027903498514	0.107928796693488	0.114278042936055	0.115663129078883	0.113880549618309	0.111940575016676	0.111497582923373	0.112354167015056	0.113726786085519	0.113890018294825	0.111468557228107	0.110510456806332	0.109327869807074	0.108590544146265	0.110512582548408	0.108832789827661	0.107157009974193	0.106112233249301	0.107282654783053	0.106420319002349	0.105834484893388	0.107094961320504	0.107123196730272	0.107179521057911	0.104927180317869	0.106017205729053	0.108155829342676	0.104869757223869	0.104832483979408	0.105088433526092	0.104384930439335	0.106950322528376	0.104204459499871	0.104613845605571	0.103505846895033	0.102458629375629	0.101964966426734	0.103934845390748	0.102146305005149	0.101127273888786	0.102221008193389	0.100566692138783
AGC	0.0677548637475593	0.0695153782582807	0.0694267680026768	0.0683530232490058	0.0685088555832976	0.0727079265548594	0.0727465306329185	0.0717681751899154	0.0709597953298295	0.0718302531047221	0.071455866752362	0.0704030943022234	0.0722812974641284	0.0724825622414794	0.072499519766751	0.0722546817649549	0.0741031872021508	0.0736533962723755	0.0734996765114309	0.07616893516355	0.0756269331001889	0.0744615328633948	0.0740858208718063	0.0760423370950912	0.0739066635025384	0.0750780518637191	0.0743075214052977	0.0741470709827153	0.0748519121526769	0.0770780667435933	0.0773622034407124	0.0753964288403888	0.0772986685385672	0.0773462600459974	0.0770435354160371	0.0775248667333862	0.0776147181897946	0.0777165252432571	0.0788174293083374	0.0769241661809589	0.0781894757705837	0.0781406636075022	0.0779835587815969	0.0783540209947877	0.0784834358833695	0.0812806882730566	0.0791298532889851	0.0790568249432687	0.0808013889201445	0.0866956089811377	0.0985784909833406	0.0740976446790131	0.0717996897594733	0.0784352864147156	0.0705500987090839	0.0900788027764335	0.0743193140201177	0.0742354236868271	0.0873808911176471	0.0691686799047679	0.074013739319417	0.078928605933107	0.0780185266079122	0.078658938417479	0.0756158469720487	0.0776084383155759	0.0792314290301168	0.0764877855542844	0.0762379216030833	0.0770084313557142	0.0769102066497119	0.0745717638793835	0.0756855151539086	0.0769244410200453	0.0749861382579331	0.0746711679940421	0.0768252538663412	0.0748546225094321	0.0730470076244585	0.0736984247944538	0.0750875119574976	0.0731643259376754	0.0750317598243948	0.0733247101479401	0.0709204923142626	0.0725826748637238	0.0717445698157406	0.0714531284708079	0.0734002247301417	0.0717089328608272	0.0717146219497737	0.0730213872758572	0.0732865773435389	0.0716451349508614	0.0706476266774727	0.0706320953632111	0.0682969082261124	0.0701576776295785	0.0690634152325511	0.0680959664276422	0.0676002141443151
AGG	0.0650352083589363	0.0660890341995044	0.0645044708060767	0.066291897940691	0.0660538924813132	0.0663880211767057	0.0666714403337842	0.0662195194346675	0.0676456986709344	0.0654148650434152	0.0663949584318704	0.0667791721451109	0.0690907601630053	0.0673624811848743	0.0694693923424421	0.0686135341290975	0.0685605376324294	0.0713249730472357	0.070127099410608	0.0704952470236162	0.0679303185339762	0.0709989563294262	0.0710719930013785	0.0699745764846828	0.0717996545700578	0.0713939058338663	0.0716543197660476	0.0730266195062861	0.0731773673428066	0.0733423758575834	0.0727925194418509	0.0730005802606281	0.0727227632766473	0.0725461839834586	0.0731259810165751	0.0734855260306767	0.0751498547581963	0.07499229744307	0.0756650237893607	0.0758788489726156	0.0749491882277354	0.0758548984786354	0.0762298123855366	0.0771724249099797	0.0770074002451705	0.0749856149669958	0.0756754479609837	0.0749059818019437	0.0770918729749166	0.0675979830178848	0.104031531380779	0.0855540148751521	0.0596279215893102	0.0710216210224418	0.0804826774278821	0.0945566815294737	0.081168779039238	0.0737513606696807	0.0859464369930925	0.0722621925772995	0.0711796008967471	0.0748501589711988	0.0739580396541936	0.0734737385033567	0.07438451096289	0.0749838416001639	0.0737722986066942	0.0746376055720829	0.0730144068221334	0.0725034573658213	0.0744559157055778	0.0720874788680092	0.0711138305370282	0.0705603752477941	0.0695601961358862	0.0702741108440017	0.0704704213158774	0.0717759070783285	0.0723579005198019	0.0714647292614637	0.0709093867826143	0.0691553339289764	0.0700977999523567	0.0695662299032864	0.0684503190556651	0.0691044137458853	0.0687289037519727	0.0693898408430245	0.0680163370716744	0.0695780275874319	0.0697002597547465	0.0686687679017795	0.0687432663993551	0.0685615406266492	0.0681500829414812	0.0667544775353511	0.0665224715455059	0.0666868079860375	0.0662777938304212	0.0671660090988458	0.0666351318058762
AGT	0.069335425363266	0.0695047916705101	0.0704358421635659	0.0694093244080358	0.0696642834775904	0.0693815168842971	0.0711539504117364	0.0703793123235755	0.070586851751447	0.0699572360225156	0.0700195259659772	0.0722039202407058	0.0705085494651325	0.0708228363531798	0.0709333533992473	0.0714581188399224	0.0721569781382048	0.0719369889076531	0.0714609519347692	0.0717897621217667	0.0725622957966827	0.0723015791093258	0.073337723956625	0.0731006854284688	0.0738862302745294	0.0728787675929177	0.0746526138266638	0.0747801062324394	0.0751882922912666	0.075185179829904	0.0763657816876102	0.0755232082068846	0.0744417413537003	0.0752579448469253	0.0764459716678516	0.0760140523570302	0.0754739099511797	0.0750031022584878	0.07638833155914	0.0743637329680256	0.0750258985877756	0.077355042526991	0.0760681324071961	0.0762324707139889	0.0770201501315446	0.0784768072930801	0.0761053167147742	0.0763819425495761	0.0774006957619033	0.072034834544564	0.103824839250871	0.0857895720494408	0.0645143387372396	0.075207155540154	0.0713795373170558	0.0854128052252606	0.0787764206585549	0.0811680378944368	0.0973599651105036	0.0721462425416995	0.0741235268597987	0.076816281089465	0.0776445988900191	0.0761136606830431	0.0749200685112673	0.0754778759657374	0.0769067148739999	0.0754691527996184	0.0752104575987123	0.0756596512362673	0.0756544592365401	0.0747768509143029	0.0749427329892462	0.0735023139463877	0.0738547503251926	0.0743369275517925	0.0742676763641259	0.0751726089453778	0.0737268503590259	0.0750907016812865	0.0739523842079742	0.0743791221014534	0.072475392809056	0.0722216044662358	0.073540148213615	0.0723963125686629	0.070758733566972	0.0721612202360208	0.0704830036032267	0.0728049388256052	0.0721101492698029	0.0698381941675876	0.0721071530733822	0.0710203093009846	0.071286585761228	0.0715211222366646	0.0711367534292834	0.0707897418262785	0.0702678656817508	0.0697338215564467	0.0695461940303145
ATA	0.0584678948470038	0.0591785235939789	0.0587356758636435	0.0592560130157128	0.0590862832326777	0.0608480779454878	0.0601434864432091	0.0600057350211429	0.060528702205711	0.0604777896499961	0.0606601487365698	0.0610513926431302	0.0609448103103202	0.0621241576720656	0.0621681008884268	0.0627001890880138	0.0615327817105601	0.0620518383777578	0.0616395928455192	0.0625608347319864	0.0627224265367066	0.0631415470374611	0.0631693657909031	0.0627050286776317	0.062784459415486	0.0630697682167905	0.0646808301173025	0.0636256517371003	0.0628525575478984	0.0638305296539168	0.0632352894916206	0.0632602835432433	0.0646876615796191	0.0660042699262888	0.0638525104541875	0.0650722992178057	0.0648996655331477	0.0649511448915301	0.0645077821545586	0.0655518457335689	0.0669507760560221	0.0665082179302769	0.0663530257246137	0.0664796367652443	0.0652645268181315	0.0661329680907668	0.0674117889029134	0.0661950497395848	0.0669640525953017	0.0703972170840621	0.105645016339686	0.055327766523078	0.058608406827466	0.0657995022973143	0.073410427366023	0.0791188510881057	0.0724726909091494	0.0611514719360244	0.0408421372055324	0.0537990890548632	0.065100142363783	0.0674036668185337	0.0655927219793565	0.0645492100668857	0.0655549708988601	0.0654597255418055	0.0649505122834684	0.0645439392710755	0.06487106145719	0.0644341106517296	0.0632162855174091	0.0650076882195568	0.0641854767820334	0.0633415044743766	0.0655032236817631	0.0644887747825323	0.0635744223851818	0.0641686780280397	0.0637181805991823	0.062753439985338	0.0626312612404021	0.0634293328173317	0.0626046646695298	0.0605288657625086	0.0616068075585806	0.0614971496541338	0.0620015455574058	0.0622277871852625	0.0622025056931816	0.0605329190789013	0.0605815721277836	0.0617416712937718	0.0605873944941461	0.0607692742042432	0.0599919393778989	0.0607006427308654	0.0599140915065108	0.0598753580886521	0.0603238466929419	0.059979790588695	0.0594508255152672
ATC	0.0960949447145265	0.095375837482707	0.0973227528578296	0.0985970048966766	0.0985923765172062	0.0991829149870566	0.101275374478031	0.0997072900058971	0.0991588609692841	0.0995277988121127	0.100951180483119	0.101636109819543	0.101861591680356	0.101672735735441	0.101707766093965	0.10294950305937	0.105116545900445	0.104513896872328	0.106452600170125	0.10517255878511	0.103682152307606	0.105951979935786	0.104574093365083	0.105776783025475	0.105565258823223	0.107965671573936	0.106566418057824	0.106808473504669	0.109329284542158	0.106788814386143	0.108777374444316	0.111451993760779	0.109281118629279	0.109652636315828	0.109500795439187	0.110121727242374	0.109992405211993	0.114357445013219	0.112485595818672	0.111672991092222	0.113177773837381	0.109886910977269	0.111335734283261	0.110929872296372	0.110866639437357	0.112547513969116	0.112950197424133	0.114440227626342	0.115116046735916	0.141761012903644	0.203885901153432	0.100881705174642	0.11610546711706	0.114915954354532	0.110742468143406	0.102125657094516	0.101703532118584	0.113784124958822	0.0918732056959715	0.0949654594285196	0.11403940044775	0.116423797110003	0.115279920757928	0.111256432542719	0.11345220085543	0.113829178994299	0.112732909842586	0.111186687174572	0.111286999536779	0.111370220778232	0.109988406086392	0.110460297308703	0.10961422668153	0.109307252099454	0.108194838049918	0.109164264032087	0.10875362754129	0.1100050936985	0.108404437910333	0.108757280921847	0.108750842841226	0.109814633712632	0.108409702579645	0.106779773693114	0.107089540535353	0.107576465918814	0.106507524549465	0.104785673530864	0.10470978247376	0.105502514657939	0.10244719365443	0.104805042961087	0.105335010246614	0.104891457930602	0.104119325501208	0.104767395932643	0.104735727330994	0.10340313280872	0.102043521512952	0.102999836904381	0.102627815716713
ATG	0.0867174510569961	0.0870777297103605	0.0862055739688035	0.0874243851242687	0.0865805632875465	0.0881935299660841	0.0880694646035716	0.0889630130771885	0.0882463616550726	0.0879759385631864	0.0892096968444068	0.0890360296199485	0.088653976484134	0.08982883919118	0.0909150048662086	0.0896041793630947	0.0905578078477199	0.0911292211054596	0.0907715263702821	0.0920956375702085	0.0914360953795222	0.0904114665495696	0.0901065585002335	0.0901318508587411	0.090016688659821	0.0913616959545039	0.0898703829430328	0.0922233764647893	0.0920810264311904	0.0917667596627265	0.0939145463663819	0.0923328120980877	0.0915168583824375	0.0903857246923131	0.0940637836595403	0.0929397254954988	0.0914884910302587	0.0916570252185117	0.09283253701869	0.0909199951439785	0.0919207443621837	0.0921860851744298	0.0907525843227698	0.0906247946191683	0.0920962517345879	0.091542753901697	0.0900989934224844	0.0916834965679054	0.091635170463046	0.0836882068590881	0.195723465587873	0.0803912894963259	0.0706320208726482	0.0814674678581965	0.0918208230959234	0.0814528643114097	0.085075010832412	0.0894488124923799	0.0815180102166413	0.0780530054030603	0.0858973433607978	0.0849558475123417	0.0837103482348304	0.0851775759498423	0.0861541189921353	0.0857205514289789	0.0841049019259503	0.0837441785071704	0.0851434345087177	0.0860136666177804	0.082842797250116	0.0844634601429319	0.0831136178607166	0.08430317322263	0.0815418743304697	0.0832424803513327	0.0826627978160148	0.0807787710602831	0.0819318420463351	0.0820281689617494	0.0814152245276664	0.0829754510520844	0.0814357231659277	0.0822763906147729	0.0825317428019273	0.0823174328967317	0.0815026044414337	0.0823517098327422	0.0819303293275399	0.0814205912636776	0.0791075173098646	0.0805360672107192	0.0806021777990167	0.079952729722637	0.0804337350617521	0.0795810967668507	0.0769607141403006	0.0791426849767383	0.0766236453933902	0.0778980796151935	0.0791394322020199
ATT	0.0847080264142584	0.0851530184854853	0.0860862952167859	0.0866671386815025	0.0861120699450271	0.0859861162552055	0.0874905339336384	0.0891020097463803	0.0871908042174428	0.0880788761934287	0.0879675492357919	0.0890101837310343	0.0901128944296042	0.090001841759261	0.088880708707648	0.0893766405808975	0.0896205628988902	0.0895400680298489	0.0906865617278798	0.0909933618852597	0.0926150196908797	0.0908943198081256	0.0921062903422801	0.0915615337355005	0.091859944927546	0.093035084642905	0.092013881142648	0.0935319721656764	0.0921223131498361	0.0936964739492813	0.0936122071836969	0.0941120192601938	0.0956438448547907	0.0957257675102584	0.0948379930174416	0.095195924394158	0.0962640768896409	0.0953335599612389	0.0960024233304903	0.0960643380229391	0.095250490438708	0.0962070381155328	0.0969458671158372	0.0961628549963128	0.0944172583701359	0.0969058401800558	0.0974585122374404	0.0975631024291834	0.0980128856505408	0.0953299447394966	0.187992558041436	0.0812871411649108	0.0995103539155048	0.100300081025335	0.104357587520664	0.0925192385481693	0.0870055188290387	0.0973452858570893	0.0825095768453446	0.0809516298919033	0.0973070587977396	0.0982000474432331	0.097556647285193	0.0982645062288671	0.0994854696339293	0.098562321593876	0.0966038529941182	0.094885817288077	0.0968646886834062	0.0968502765194282	0.0955830329746077	0.0952916484743653	0.0977522439693733	0.0970691866800898	0.0954348702585508	0.0942266097594718	0.0971108933472944	0.095140756090019	0.0945227923320164	0.0942592871639308	0.0944472523355608	0.0950264510318595	0.0931314258634953	0.0938721225296986	0.0934895104069539	0.0934021034747173	0.092704674820011	0.0932755888129139	0.0924953331465794	0.0899477238227	0.091242434358515	0.092360142971877	0.0921988493062758	0.0904678684532183	0.0906655248331078	0.0898567007731706	0.0899687333858039	0.0903556159301033	0.090847620200427	0.0884643368975661	0.0893792632955186
CAA	0.0929499312508982	0.0921310055658248	0.0925867713922295	0.0925811320764693	0.0937728503056326	0.0943025923995132	0.0938965722718429	0.0940752213805717	0.0957179701894302	0.0945977802711611	0.0953773893076721	0.0969793510767239	0.0955345308590684	0.09714581905629	0.0977890013812695	0.0955947196968337	0.0970068911348009	0.0971846349268545	0.0987284063079509	0.0989392581525098	0.100150536092232	0.0986560335836696	0.0999503524489325	0.0984333469459973	0.0997815320026154	0.100356837048706	0.0996746648718615	0.0994711653882096	0.100122534928049	0.100561764852273	0.100896013114713	0.102118598434932	0.103823517757922	0.103971515465157	0.104060427168486	0.103047993623241	0.102894553120047	0.10503587281385	0.103870357398528	0.106367521458537	0.1048331493312	0.102538068742942	0.103936127585129	0.103614285098692	0.105651007142095	0.104698821065899	0.103541823680609	0.104644199357235	0.105867260980905	0.104491761404522	0.108822756420554	0.0758273411155592	0.09706519107085	0.0834998244750348	0.090874814031223	0.0657337739364192	0.0970878171154135	0.0881860845068343	0.0835997942868908	0.0836880781331975	0.099791440358603	0.102495331248373	0.101912576189726	0.102672628417182	0.102664411938243	0.102076311578508	0.103745126142556	0.101404596644488	0.10146197902835	0.104205618699036	0.102226845438427	0.10242733154941	0.10139152848468	0.101179917232659	0.10074470174492	0.101065533744693	0.0997442756684667	0.101352998458633	0.0983986955525521	0.0987044383662634	0.0988077413963945	0.0993566652657727	0.0985424820776251	0.0968298712922313	0.0978614531689437	0.0970360867248347	0.0968619176907726	0.0977684541783778	0.0964534124709113	0.0966686022204903	0.0942079895094367	0.0946257199583539	0.0953775852303373	0.095310378608971	0.0950128371722046	0.0946264972503786	0.0932179598049176	0.0941482880723449	0.0942522249094755	0.0936032989850084	0.0932712907359672
CAC	0.0949285094970757	0.0953278409232261	0.0983105633494561	0.0969903284885891	0.096328093904481	0.0948112879795207	0.097325723661049	0.0977513154086698	0.0985750266771843	0.10040268588767	0.101467363998354	0.102982495374868	0.100596420579224	0.0999368908601236	0.104279259165405	0.10394572792095	0.101695138522949	0.101041220458979	0.104017276612781	0.104137242712683	0.103827091877949	0.104295997417374	0.0997578894791915	0.10008957966275	0.102372395516937	0.0997910174525882	0.104877753182491	0.104023170786222	0.106577550584351	0.104369284328463	0.106978881479325	0.104443217504186	0.107413935503302	0.106603073955132	0.104856649000453	0.107030589310389	0.108512757043249	0.105888801079271	0.10527941072375	0.107275145766892	0.109629746496019	0.109894872575096	0.108854458956203	0.111670328892966	0.105246373815346	0.110265571456727	0.113756167249683	0.110953567292694	0.108141505731313	0.126967002413984	0.0723974393355492	0.0766844858316314	0.119380667397769	0.103517691223221	0.0962368642637382	0.0892752144495147	0.111653035058439	0.0961692171904972	0.101283109935651	0.0922807601378015	0.099797700915375	0.107508295657212	0.108694521116029	0.109537704051938	0.109200252058555	0.105813179320003	0.106617620042812	0.107636891272037	0.105412951360209	0.1048455006578	0.102239267702146	0.105413782090016	0.100956440978274	0.102432951350806	0.106141000290054	0.104347069169421	0.100193717966583	0.10046868136725	0.103645537462014	0.102318267714058	0.101177181064903	0.10082230427141	0.100117894191195	0.10092482404635	0.103473122310065	0.100162998680409	0.10231902806512	0.100631683229091	0.100000121021818	0.0992665525799749	0.102265719360545	0.0992574438514603	0.0981645136864292	0.100086042461106	0.0980030101125969	0.0963877906566992	0.0953290413974459	0.0956934325481207	0.091525313256904	0.0934914159944986	0.0937771395954492
CAG	0.0722287109062743	0.0716907162406881	0.0727164297461822	0.0731104928518735	0.0731211958779455	0.0748628231400881	0.0744120563828227	0.0741159814650876	0.074453963430379	0.0751475630628669	0.0748016263594303	0.0749038986591697	0.0744790546733906	0.0752830715091115	0.0745656477353555	0.0745075314832263	0.0762939547517858	0.0764536811213886	0.0774051967659992	0.0766716075804942	0.0770201584170361	0.0791126666706953	0.0771195092538784	0.0764596924253728	0.0766242973231364	0.0766423999462091	0.0781998530670731	0.0770547103639777	0.0789337837285453	0.077999650673573	0.0783322514133516	0.0784401819917562	0.0774759093101163	0.0786169559936067	0.079607501995553	0.0802220094730767	0.0787216106966677	0.0817145860756553	0.0808968576045205	0.080586822457778	0.0804697769510017	0.0796382669109903	0.0790217964394571	0.0792243803144656	0.0825185687844499	0.0808880993322509	0.08041583104755	0.0816299329753	0.0810210304419429	0.0697328960191306	0.0706872305653757	0.0667956431554589	0.0748348709569829	0.0689029611934246	0.07688428478056	0.0565394780302574	0.0841011933384992	0.0769974445182225	0.0907615546859126	0.0754798709425035	0.0754381595825802	0.0772025123869257	0.076216479178538	0.0780448207161009	0.0756825121028169	0.0783639856967308	0.0786535276953465	0.0780165836220037	0.0768637516360482	0.0770810593559519	0.0774281889368192	0.0765814099737589	0.0753159626955525	0.0746457543421497	0.0767486543595604	0.07486072272579	0.0764227902898217	0.0747551111770556	0.0755624163056637	0.0754223513980466	0.0737504294994093	0.0738627773101019	0.0733213013856656	0.0745828472660165	0.0728590544069233	0.0722387876134123	0.0720592411450072	0.0730649048564141	0.0729204769664874	0.0739281622055874	0.0719965243747295	0.0719635382040349	0.0700832235181239	0.0704829087429231	0.0722691525981387	0.0710435152356142	0.0703751329885785	0.0700808597026695	0.0695666073382454	0.0694671551806783	0.070288619081462
CAT	0.0771724599237265	0.0749015791454618	0.0771015206510837	0.0785174187425132	0.0772838670768927	0.0760441245712474	0.0770246760207299	0.0786059766208336	0.0780733929883914	0.0797746611983933	0.0774322951341893	0.0779449121873462	0.079609389280831	0.0797916335137044	0.0813920889892992	0.0814637738386804	0.0798671617336159	0.0816836372512428	0.0828354516804387	0.081281872954427	0.0814735261211747	0.0812017480823636	0.0837074451533726	0.0810565945742997	0.0819789339301	0.0830370179441293	0.0843293543737168	0.0837315007260187	0.0838319939501374	0.0834013851996005	0.0832900897011766	0.0836524445725739	0.0836318658466393	0.0825615630265182	0.0834833709109122	0.0852250241214855	0.0840451756841891	0.0845090007142158	0.0856436404269139	0.0864458658678052	0.0864014516809577	0.0857607539683785	0.0851878683352843	0.0874335297283058	0.0867824011301095	0.0877358335575212	0.0876034616661224	0.0885606792403377	0.0881121934643704	0.0832455910962541	0.0686647191859653	0.0678048438625909	0.0938462329872523	0.0808514730043514	0.0770076756790906	0.0740613374154231	0.0917377947424111	0.0777975115640185	0.0878312027419457	0.0785828596455798	0.0842201374312141	0.083953680491175	0.0853610278336553	0.0872173656752401	0.0853846085839496	0.084422678057176	0.084651521607923	0.0849308104324931	0.0830723834949827	0.0849077903117016	0.0840643108615154	0.0839743232248882	0.0849991819156188	0.0839000419247314	0.0846556703275526	0.0842842214904048	0.0837986020589133	0.0832081645392365	0.0843738965501287	0.0826653464342105	0.082729608022315	0.0813284713791613	0.0815741665112849	0.0818629017597578	0.0819375144060282	0.0804014344158036	0.0807679002936113	0.079892191029476	0.0790324342207669	0.0807332613899977	0.0791279590054982	0.0796192674680753	0.0794407437098821	0.0800414697356786	0.0795873416851668	0.0795910602422763	0.0781204732427733	0.0776237223256984	0.0772158029474506	0.0767466910327398	0.078826761460784
CCA	0.103582798454188	0.105219616077709	0.105476025948786	0.10467493872853	0.10241097302618	0.104976272426075	0.107495485589743	0.105018625861262	0.107918189558583	0.105102663611208	0.106926635323786	0.108253628374232	0.109412788167604	0.108692587756421	0.106625187405134	0.107356980074853	0.108380201006569	0.107858389481045	0.109569870652214	0.10896153982049	0.109319775983399	0.111021319470258	0.109859867645788	0.112169534061632	0.11090778061134	0.109146148260926	0.111935721869641	0.111673875338321	0.110517037277795	0.115127629201003	0.112311292759167	0.11324390062061	0.11271648509519	0.115443170445789	0.113034487591511	0.113350816050294	0.115958446604297	0.114975293960343	0.116550495242517	0.115205936977573	0.117401145630342	0.117573809571394	0.118549928724308	0.119487282973999	0.118858033125422	0.115781830501219	0.118522416911793	0.11399920785206	0.113118002185297	0.116804363704631	0.118423036403599	0.0490633320282847	0.123308388088821	0.126852184209691	0.157462490386004	0.128648282382334	0.109262653554039	0.101021111768885	0.0721119397234111	0.0873754352444979	0.114842967664419	0.111682491407559	0.111243545119952	0.111571201184914	0.112796441676827	0.11385731993578	0.111476281128075	0.11306262473619	0.111537821766822	0.111536884318006	0.112254436680285	0.110811741338167	0.108480921807768	0.111124479224055	0.111456968167366	0.111221883897449	0.110549052885079	0.1104724673358	0.111843576008524	0.109516350252411	0.109266912704018	0.10632954876445	0.109105136824501	0.105402112553134	0.106357885273816	0.10590992635936	0.105515917063444	0.104544065630863	0.105000599348974	0.104107931548633	0.104468125782286	0.103113205571251	0.103020924743759	0.102059883008391	0.104420747897763	0.103678193708233	0.101407865819819	0.103134745484535	0.102509184562961	0.101840782510292	0.101180125563162
CCC	0.0723979578080507	0.0732257629186313	0.0726988124159424	0.0735773020963941	0.0724818665691915	0.0736718617198472	0.0730463826719897	0.0724547737327367	0.0744873711661163	0.0752061666305267	0.0755661268609303	0.0749968543970887	0.074663267370859	0.0744047698230017	0.0766856565101535	0.075677333023822	0.0759572503200226	0.0776885432748188	0.0768933810965521	0.0765222837025859	0.0776109295635935	0.0773132177190701	0.076770191601046	0.0770291358838337	0.0764345703610326	0.0781515684023616	0.0765357339550012	0.0768584193243709	0.0765955094723036	0.0780762554269647	0.0769252872386121	0.0801669666863941	0.0781141656996766	0.0785646689681981	0.0803424063752985	0.0790685563303782	0.0811607705306059	0.0815067864916192	0.0828211906376946	0.0786143208995673	0.0796659917415973	0.0806630085595482	0.0804442771262424	0.0809224376967291	0.0796549928285955	0.0802243392436886	0.0791814998539298	0.0806261996324323	0.0783641969223523	0.0898691091284872	0.0484336158241755	0.0454705737074875	0.0807398454356011	0.0840838470343229	0.094560299982518	0.101545086948616	0.0761107370541352	0.064218854234323	0.0640651634947907	0.0690913194561044	0.0786932382255574	0.0813473199501346	0.081147954461196	0.0794138774325865	0.0796498891165342	0.0776792600105971	0.0798869859109249	0.076754643730861	0.0763336531454617	0.0770954040000687	0.079920865003953	0.0771403146067441	0.0767911437147983	0.0776636359539282	0.077168574269633	0.0760305729941147	0.077603350537175	0.0767858188060276	0.0754523755961658	0.0754541128488467	0.0755535291953144	0.075311137049879	0.0735229608057615	0.0727306859703949	0.0726273338062045	0.0731508266926085	0.0740820284068057	0.0721452082955763	0.0734292093405954	0.0736118427414013	0.0719612848148506	0.071956218236205	0.0725531737103608	0.0707381423247687	0.0714063307969361	0.0693476829877026	0.0707045109480317	0.0708325422839834	0.0711157347590927	0.0694535598514204	0.0697581855921936
CCG	0.065132772843754	0.0656129987638382	0.0655442577141126	0.0650308751114797	0.0672170367735624	0.0671492671282013	0.067785057490159	0.0655548710766618	0.0678770942220954	0.069020199845539	0.0682019357087961	0.0688529004846908	0.0664955215698836	0.0698902874670385	0.0678020171735554	0.0691178968129622	0.0691180598602989	0.0697052382858297	0.0696997883050636	0.0715273535381185	0.0712956491056271	0.0701440895958881	0.070618952244074	0.070755799783638	0.0724665538415707	0.0702064132603469	0.0736672096258184	0.0722589534578993	0.0724047962569826	0.0740342726762316	0.0745708504275506	0.0735766773791727	0.0738469987622484	0.072918359916707	0.0722629161929569	0.0734074341822252	0.0737537499908654	0.0725638875493966	0.0711894272679295	0.0720781667077649	0.0754848737257567	0.0732444009308205	0.0753756591521844	0.0753937938253165	0.0735322078915664	0.0767779634118004	0.0746079335125649	0.0750023711840506	0.0750985449774936	0.0629080933239109	0.0768607016088089	0.0638652828237285	0.0846792467654168	0.0984195035337875	0.116279225164265	0.144941728036122	0.0953601969077332	0.0751178529469384	0.0703695323941646	0.0644931338703677	0.0687437342126692	0.0722843278112214	0.072663913982886	0.0712146023393469	0.0689145230457988	0.0720439653404015	0.0723828441455434	0.0720701138383757	0.0710431493667415	0.070339404885318	0.0692480363385486	0.0701128240473075	0.0682210523716843	0.0700524589848512	0.0684740871066945	0.0686450753627686	0.0685361829788577	0.0703582861120178	0.0666932333873768	0.0672099490977201	0.066859483608841	0.0684214888963901	0.0660670359588768	0.0649570016331699	0.0665486781053922	0.064575772216888	0.0653668174546893	0.0644045002362452	0.0627055846770237	0.0660425571666524	0.0647042447520583	0.064195029753479	0.0637770941275142	0.063523864952393	0.063979072731047	0.061843302117783	0.0610098030452259	0.0625986406346805	0.0627208774062945	0.0626491899421004	0.0621215319926758
CCT	0.0842656195913831	0.083414309555191	0.0841007132547851	0.0838102978811666	0.0842526487146608	0.0842738793145154	0.0850769033553117	0.0846569695590635	0.0839979007558219	0.084171562597229	0.0848639167740044	0.0852987447198437	0.0850472792167285	0.0846415291951007	0.0842842055115112	0.085971160977813	0.0843312004978839	0.0846428619177539	0.0859979387457825	0.0867620554449872	0.0884871358972573	0.0860891680429393	0.0879355336222085	0.0882647874783045	0.0878498931862428	0.0880386083376556	0.088818275070859	0.0896914810807725	0.0923918417074704	0.0896124374818732	0.0917071213494825	0.0911131944361179	0.0916927656085118	0.0888219307563415	0.0909719734655001	0.0914048072832536	0.0911752391302637	0.0896426318604038	0.0906303798848886	0.0926066223556077	0.0922225817992833	0.0916770628448983	0.0936553608116338	0.0940983948342666	0.0911474426465934	0.0918237093710301	0.0918783700595241	0.0909388387028019	0.0925039473858016	0.0852563528384107	0.068978832264662	0.0579731757297978	0.10303390859104	0.122080028506574	0.136459210909182	0.112087514740392	0.0870784295042707	0.0838534931963436	0.0856602739077395	0.0783366883399599	0.0892747179546612	0.0908172759445619	0.0898519454403924	0.0895173422779185	0.0893353236311881	0.0894819316538672	0.0902971479559371	0.0883462368994172	0.0889866209974461	0.0887838264798838	0.0875749483687321	0.0878798467693517	0.0901196772231048	0.0873801643641298	0.0874284306079448	0.0886774918121926	0.0875495416167567	0.0873607504819024	0.0867397181144434	0.0868826598544274	0.0872548807235064	0.087547239382878	0.0858223102959893	0.0864802961408681	0.0862085398543425	0.0843483493273824	0.0850190647886631	0.0827606859205342	0.0843857689641074	0.0841206168996424	0.0837550049326262	0.0840999336002199	0.0842912874007274	0.0829979620612887	0.0842452836938991	0.0815681848816206	0.0839340398872042	0.0813819449700267	0.0816033877739065	0.0818836854468045	0.081768633986736
CGA	0.0471967158528102	0.0477500298652034	0.0473020439752769	0.0480400073311681	0.0489782384161479	0.0480509658565473	0.0512022730000927	0.0478369490868076	0.0485300967461202	0.0498500932248894	0.0500303050380774	0.0502213062048985	0.0479903721151991	0.0493937743584973	0.0502155533801556	0.0522285222667459	0.050014865809422	0.0491599461675816	0.0502320576692977	0.0521989856925077	0.0501836228308897	0.0544249589628231	0.0513949315944433	0.050209146273637	0.0541744410345958	0.0540169657432262	0.0530681829490577	0.0528952082495555	0.0539078812556283	0.0534866370360925	0.0554370337233662	0.0513944553659058	0.0532081529351072	0.0534136650842497	0.0561998555096972	0.0578796565449109	0.0539070324438603	0.055709026370637	0.0524843032037456	0.0553450121339575	0.0573620721602795	0.0568467807351399	0.0615263876486366	0.057821515480096	0.056910059080736	0.0564812665833973	0.0543922316566153	0.0581322041097984	0.0561174117583078	0.0548670093481414	0.0357350679768409	0.0685391094487365	0.0727888849557445	0.0688808992034188	0.112391209580022	0.122566195834096	0.0974128217671645	0.0594668184965995	0.0505025230566138	0.045303894998529	0.0516728418462387	0.0517002543175716	0.0521757495370978	0.0537936245443922	0.0547838180038641	0.0562796466517055	0.0558987901656397	0.0539228852979445	0.0482528762138142	0.0495848286023505	0.0474112582102248	0.0484736364902479	0.049146376711613	0.0517302549181361	0.0490806381313597	0.049894322924035	0.0493933073390782	0.0522131315830536	0.0488403342531105	0.0493527416569908	0.0479588172410301	0.0479013346857044	0.0479469500811576	0.0483429388183838	0.0471934456981476	0.0468185986486718	0.0470584125626512	0.0468238841967083	0.0445248777027862	0.0448148767744597	0.044770228087899	0.0458734636762346	0.0452114481415254	0.043845535618622	0.0440085078568612	0.044892956297846	0.0433605157324046	0.044802415733515	0.0424945091998083	0.0434881711830069	0.0440440162381409
CGC	0.0680458491366811	0.0673294091980804	0.0666196010566553	0.0695029533528481	0.0675976219837152	0.0645891991179727	0.072879017011865	0.0678900874282008	0.0665626583026707	0.0677550145915687	0.0689802600459904	0.0674227444997644	0.0657497154706891	0.0659744071944823	0.0702887441978226	0.0672878299058287	0.066520183644935	0.0684185054919201	0.0717027356961423	0.0741783029986971	0.0679841164627384	0.0718470740039173	0.0711123744949032	0.0674734403826439	0.070810662135662	0.0712198469673222	0.0709446563284076	0.0726591853794718	0.0718270942422451	0.0715100040341573	0.0712313692410005	0.0696237557492383	0.0706760453002622	0.07328789218526	0.0772072392189571	0.0777855741039909	0.0708176760945112	0.0720465221131762	0.0769293879933881	0.0752878533530338	0.0756699274646196	0.0765158919881414	0.0780992879457267	0.0734078069433803	0.0744802097068418	0.0770249423521815	0.0765497776476894	0.0771597556074956	0.0762949007810438	0.0833379400056247	0.0448944660719958	0.0600778404908147	0.0982840271772029	0.0852563322180351	0.0697517603695807	0.0780491371394186	0.0774081770820093	0.0711188638990624	0.0727428660375037	0.0654169343549873	0.0767204298134996	0.0760098769446792	0.0761878991226804	0.0793770378971325	0.0734278486462527	0.0714493484244271	0.074637752432305	0.0707895070757478	0.074282326716683	0.0757065190460959	0.0742116435205009	0.0737483906778125	0.0724660656020751	0.0689012603047097	0.0722096986854663	0.0709353989569383	0.0680758093678863	0.0699488126422144	0.0724008077021188	0.0712507658323783	0.0691352662173672	0.0687234530867086	0.0695583109613538	0.0700382705123463	0.0697026312449088	0.0679650556494428	0.0698945376730319	0.0655783277880315	0.0682038708730805	0.0637263271110889	0.0665381574582389	0.0653988635666909	0.0669319684697408	0.0676974683753497	0.0683095500687116	0.064706449035688	0.067797685828549	0.0644645051396336	0.0651708772282682	0.0645196826291193	0.0642196259939383
CGG	0.048476788426039	0.049712515214914	0.0482390568275466	0.0472810093989753	0.0475269484584494	0.0454820698643472	0.0489423661597316	0.0494172624994457	0.0504016397997478	0.0496387989602669	0.0504773456842251	0.0508321442104117	0.04800583272609	0.0515748051756698	0.0506997653592028	0.0537981628533347	0.0522848690084494	0.0504006672549241	0.0501560219843895	0.0516642938912059	0.0518414970881406	0.0537667981731023	0.0590519654503652	0.0499454863631315	0.0521311730051853	0.0532205140167489	0.0533319173191799	0.0523989626633996	0.0513965544039303	0.0527942424794333	0.0545604030670144	0.0523305339164583	0.0601407984373264	0.0562825729257683	0.0566091303205308	0.0530240257220623	0.0541798047968377	0.063227680654854	0.0618669398557574	0.0555631924839134	0.0569720335283991	0.056431242256554	0.0549428768284692	0.0562848168574656	0.0561368092615506	0.0582578439354176	0.0560703718902366	0.0570019555145322	0.0622492131348114	0.0515008255129523	0.0365534634020225	0.0529255458413175	0.0748881432566283	0.0736375728259415	0.10903554305098	0.0993294128162683	0.081139890655377	0.0593597288163942	0.0645607011621049	0.0555660198902293	0.0558330677730303	0.0549310700388357	0.0601009792467881	0.0556191347583804	0.0563835748032032	0.0553004923417867	0.0577039998444765	0.0600085388068015	0.0522852103487968	0.049979388863643	0.0549186039010278	0.0608344902720813	0.0566492190210024	0.0530474060706995	0.0517152276378961	0.0540761587884816	0.053498782322998	0.0518448282495333	0.0514806051334211	0.0516546309875271	0.0552647383506048	0.0538248376028697	0.0501676927950412	0.0499737203204741	0.0518215054712198	0.0551358068408966	0.0511532344159444	0.048969095779272	0.0505206327680468	0.0472585902341725	0.0486156496225502	0.049957085117869	0.0493280317250652	0.0480060213583046	0.0492902961867727	0.0463816695410554	0.0464813635274874	0.0489088145548062	0.0482036545190977	0.0463954830456465	0.0469536052008395
CGT	0.098272544541905	0.102249087716199	0.102064985170102	0.101497772806979	0.101514983204214	0.100763292759576	0.101628718125977	0.104259195466447	0.103677214273228	0.104629515090825	0.103109748592193	0.101230769810064	0.102658477522368	0.104103121196745	0.10262272446905	0.104843258742232	0.105857726151173	0.107458654310246	0.104901720887298	0.10561008445482	0.10737794562072	0.104694034443298	0.108832494460393	0.107584473268444	0.110092963596762	0.108784103552652	0.111850629795793	0.111693730973871	0.113576964631897	0.108503391403626	0.111783196604272	0.112584440280928	0.107995777970394	0.112561871296611	0.110781977756927	0.111736105680708	0.110333465970728	0.108485364785908	0.111726294432802	0.111932145786751	0.112879449611078	0.111406210195933	0.114908013776752	0.114068463300719	0.115949997521267	0.11561217595656	0.117038318146276	0.116793297675632	0.114332204193481	0.107768989593283	0.0713848504768046	0.0922862472654594	0.148375111001303	0.157317201684962	0.134254139791447	0.117137692492551	0.124189362900322	0.125960621314154	0.145710205399587	0.102802733368171	0.111089032743238	0.115875882466359	0.11543027048985	0.112604093794076	0.115524262421906	0.11145410819306	0.112554933588747	0.111779709753843	0.110820985375088	0.110048268822997	0.104743572936562	0.109943869496063	0.10474866106533	0.105321345990769	0.10628662153949	0.108031292515453	0.104866310303322	0.10421259690231	0.110074780897858	0.106751215679922	0.10374492651317	0.10422903691425	0.104574399206718	0.101994530377378	0.103850516628282	0.106557557359986	0.10142583677649	0.102857131914446	0.104161560545183	0.100578311360686	0.100304123131048	0.099846681443655	0.101840792746954	0.0990124291423855	0.0989644963828403	0.0990240375911447	0.0966662035237393	0.101260561846393	0.0987259425887985	0.0993255691724442	0.0976554410884776
CTA	0.075055723953229	0.0756135826305519	0.0781792776158691	0.0769188498440524	0.0768810818553128	0.0781545272077632	0.0758124296466979	0.078075459798718	0.0789489586063591	0.0797747364066227	0.0791342629503034	0.0791032976366619	0.0796521463915058	0.0795301697786669	0.0790678892514542	0.0808520456664211	0.0796826354030151	0.0790536287897929	0.0814787170297037	0.0820226951744362	0.0799388300966385	0.0817392145003432	0.0822548112014302	0.0829430514951922	0.0807261419302662	0.0837484305264031	0.0836185333191963	0.0832864712508949	0.0828534418522153	0.0844605968359846	0.0823896180433625	0.083524602696046	0.0853681943274003	0.0841889138534411	0.0835531783564425	0.0844675085795367	0.0837550740610124	0.0849082987961103	0.0829692146090507	0.0840206132594551	0.0858331710123087	0.0859583322941238	0.0864796633727778	0.0849148384217731	0.0849741785350798	0.0878093368114609	0.0865299153859265	0.0851682514289215	0.0856717374615612	0.0872036976383101	0.06399581447741	0.0492875690207244	0.111615564626753	0.0867146239776459	0.0951308632036021	0.0748387864080201	0.0885214145552635	0.0870696740239181	0.0591256936925872	0.0656203081869535	0.0850328822537274	0.0862772744653454	0.0853686272038512	0.0878775531573759	0.0861792023812633	0.0854021152119988	0.0841121351407022	0.0840485179150257	0.0845207209464062	0.0841477815839633	0.0831654967582576	0.0844436348765203	0.0834217866982633	0.0834974279756843	0.0828497629149832	0.0827076300996224	0.0829566391209069	0.0801624424668218	0.0818543210990088	0.0809447857278395	0.0817902347427895	0.0819547799946222	0.0805404302645728	0.0819796211678505	0.0815121792844194	0.0806464629009738	0.079302949823378	0.0796505501619948	0.0797056014222037	0.079325780231785	0.0799164856564548	0.0795047154213913	0.0791773884684337	0.0782652213441619	0.0780695363864323	0.0781024137518269	0.0785675104904885	0.0768177952885059	0.0774808899499222	0.0786470013864583	0.0776379348895247
CTC	0.0596979235359265	0.0616293253970816	0.0596994989462752	0.0587470071872123	0.0595323723245327	0.0614902969948508	0.060456839352793	0.0622028983233843	0.0610983015151423	0.0618988077898162	0.0642047719154694	0.0603692328173112	0.0597579418529373	0.0618177194441045	0.064108273393826	0.0647872417491558	0.0638266569105325	0.0654618721759471	0.0640302035261813	0.0630622681584841	0.0676160012231039	0.0662234651427968	0.0677441106973864	0.0652701396242349	0.0669964326118613	0.0660475103450176	0.0634419661070592	0.0670375882091768	0.0656317908113582	0.0663507767727222	0.0674150097477958	0.0662290933210343	0.0666912900972811	0.0679267924202011	0.0676855823072395	0.0660193146001935	0.0685953119923773	0.0684153046348544	0.0692065256508551	0.0679529272863102	0.0715058268302422	0.0704388847819946	0.0729289923647095	0.0742894780217952	0.06905852941754	0.0677220351669193	0.0689881792256951	0.0695702550501786	0.0665765629708648	0.0756818887901344	0.0490524221769469	0.0388088256978154	0.0981610064629435	0.0809311569147481	0.081224876517428	0.0681224196399042	0.0760608229107708	0.0708036090201407	0.067269608426258	0.0581279533184032	0.0690585124975313	0.0715230795123767	0.0678460444061053	0.0689991331788797	0.0687495108481587	0.0685476864086957	0.0694542844320342	0.0650840389203558	0.067256799274904	0.0697548409368122	0.0651459555539177	0.0657513568365187	0.0658224289404265	0.0662954920524973	0.0648985636483224	0.0648471407150399	0.0659443586934844	0.0668007495360288	0.0641097806322923	0.0652753547368625	0.0655849620164791	0.0632590973047392	0.0632948779920403	0.0675208585420697	0.0649063265453527	0.0632025831255569	0.063474084379552	0.064942439957707	0.0614383313209851	0.0620711064997408	0.0597782753027293	0.0604331637019218	0.0605838358505189	0.0596146908594907	0.0606807239441205	0.0606605652667013	0.0602836139042795	0.0600615699856053	0.0608940166430341	0.0599540999369215	0.0608222419204095
CTG	0.0687924884253653	0.069654903022546	0.0696368857956447	0.0694143512046869	0.0698854024550298	0.0686260963449554	0.0718092045625699	0.0710605579696895	0.0708180133201555	0.0708058230401146	0.0709203143643859	0.0714643659375575	0.0711145610244617	0.0715564822799931	0.072337706326052	0.0733306142836289	0.0738211327044834	0.0735857173906534	0.0735800251124286	0.0750171463148395	0.0734339431730467	0.0740051046118571	0.0722243654723344	0.0736318325395861	0.0742357483446952	0.0766976884942677	0.0759844599523525	0.0751063428024555	0.0748149508762577	0.0763530447243804	0.0772595523892137	0.079765537401952	0.0786040244777651	0.0786180146631463	0.0778960692219153	0.0766462105135186	0.0775160696344589	0.0773141048637067	0.0788089946200609	0.078784595169339	0.0800663871537167	0.078498670430021	0.0762924128248957	0.076151405289148	0.0768412385316666	0.0779751438588115	0.078020713278054	0.0800337080763184	0.0793700674513381	0.0708811407373204	0.0695667028210678	0.0461354590957482	0.106071995870624	0.082698509240326	0.0922832579515252	0.0820983460407446	0.092907894957464	0.0879493540539995	0.0788412740389449	0.0698168624315584	0.0778805539170933	0.0803687982122754	0.0787145723910556	0.0779533277499171	0.0786501089837866	0.078822840090468	0.0769113866079444	0.0770183946349547	0.0759626185829218	0.0776513522976173	0.0752953506691895	0.0752640288438833	0.0742977971869827	0.0767036313116758	0.0763926940337149	0.0766551165558019	0.0743923130215195	0.0744815331744089	0.0736165967258909	0.0735593757522388	0.0747896277318632	0.0718648128169867	0.0751592084501817	0.073177488397679	0.0733353015202925	0.0723394701751449	0.0723178069056811	0.0707860043525508	0.0722900531260383	0.0714252883345574	0.0709285962247649	0.0712907554716631	0.0705978331821835	0.0715093611090623	0.0694263495694166	0.0700994809307185	0.0700291023807287	0.0711237603546665	0.0709160835385564	0.0701375442575033	0.0688603300330733
CTT	0.0679480835587399	0.0698406156449258	0.0701565046127689	0.0681112213135412	0.0700236836886486	0.0720614894271256	0.0693917458736088	0.0710083687018344	0.0710797310440281	0.0710480331581187	0.071789883961782	0.074343078621181	0.0723163029010256	0.0729007455250039	0.0737312810452935	0.0728547360975256	0.0757942843566271	0.0745911948782846	0.0731603964395085	0.0748252586305665	0.073855766648302	0.0779250254999647	0.0768031802856677	0.075480716069949	0.0759036833169479	0.0756844944422702	0.0777450654767934	0.0769657941174477	0.0763604681523311	0.0760615744993567	0.0789264466028606	0.0782777801110789	0.0759439937589597	0.0772109597421516	0.0779084662168231	0.0764089614822663	0.0760346546685355	0.078365068760248	0.0762310469411903	0.0777247572034262	0.076884791143745	0.0807012823756063	0.0792938456278835	0.0802855960268068	0.0796587330636427	0.0780346790287499	0.0799064553128293	0.0817542754712105	0.078796519581475	0.0745167300457216	0.0648634926646885	0.0464310422590761	0.110031502444456	0.091349741979401	0.0876187190685493	0.0780813197646947	0.0856110674359075	0.0860816349038528	0.0788422014009624	0.0709712349512221	0.0803251239164801	0.0822222024864182	0.0802936651522124	0.0814458855091958	0.0803974705151418	0.0801956202516652	0.0784864131621831	0.0791704171916124	0.0793688795462702	0.077366283309691	0.0788875937539706	0.0754850408662787	0.0769253140083674	0.078367117346078	0.076589862585905	0.0781207742027298	0.0781801104284364	0.0764726548192339	0.0757254753780154	0.0780756239591602	0.0780412259347388	0.0758885875037853	0.0756350476419897	0.077308959242201	0.0761107367005684	0.0744409669572353	0.0747574288642487	0.0753165678916452	0.0748727236227865	0.0729270810894703	0.0757427390986186	0.0722900501977123	0.0721208354970335	0.0727940454352668	0.0714189534648078	0.0727887180324917	0.0729850268905403	0.0698560826624057	0.0706948235021011	0.0710254765529375	0.0709516369074187
GAA	0.0904968954400626	0.0903209839623461	0.0911566390398642	0.0899526532875688	0.0906392206243906	0.091482550683758	0.0909794459046558	0.0915127594255319	0.091813990803389	0.0919649135922972	0.0929909722004766	0.09089862996849	0.0923270285977039	0.0944003330645952	0.0923636996468599	0.0934340226073072	0.0945606956051152	0.0950320741411081	0.0952664399960489	0.0945669760978284	0.096898194832931	0.0959450557683728	0.0972179057573937	0.0972294362159782	0.0967684725973228	0.0975947443989189	0.0967073596522777	0.0978932139991393	0.0981797983134597	0.0986989595754335	0.100672605351427	0.0999591989824901	0.0995383387712955	0.0992828598332304	0.0998203936623047	0.100461548936021	0.100583004040937	0.100614191741797	0.1015419816312	0.101655152209754	0.101798951790984	0.102258373481751	0.102264891345536	0.103224919468627	0.104553884145834	0.101877453965882	0.102943047769473	0.103722091367099	0.101131041953816	0.103109726281147	0.064238700847701	0.0931255769079322	0.101612809715457	0.10150299864138	0.0939952095319241	0.100738902190813	0.110684753164791	0.105668705572551	0.103914156751147	0.138432710270284	0.112901320096339	0.104573186504336	0.105550651702815	0.106514146581977	0.105490854734738	0.105126272456603	0.105234969499732	0.106144593277236	0.104019480174697	0.105511383366038	0.105886986525799	0.106215661041161	0.104335130630404	0.104447801582511	0.105001313024481	0.103771171699155	0.101988520071043	0.102329758345314	0.102848720599633	0.10189654901188	0.101832533325372	0.101767956307988	0.101063923345529	0.101659315349186	0.100176138577608	0.100460688503247	0.10225893863727	0.100451375097384	0.101190963565425	0.100418491007416	0.100606701336394	0.0995637386259916	0.0994699560928834	0.0981408844994908	0.0989277056539814	0.0978267262367399	0.0978000603200653	0.0982407147691978	0.0975434201079282	0.0977546378030521	0.0963828387980049
GAC	0.0928694800219717	0.0916074750908684	0.0928733196252826	0.0927546477008946	0.0937926331453369	0.0935718368611051	0.0937198761822073	0.0955868392968083	0.0934968704369172	0.0959365503272411	0.0970010037306261	0.0951710110488852	0.0953667338881514	0.0964302660951649	0.0969443026545703	0.0953148034708112	0.096877977683296	0.097207930310129	0.099570066139464	0.0973212550157123	0.0971121008363817	0.0989080283544495	0.0990627277047269	0.099691600626203	0.100049031180532	0.101079865450755	0.10084885826144	0.100665137457979	0.101514878319994	0.102934177051872	0.101826682093219	0.10488480616878	0.103036241361608	0.102366717137368	0.10481694115717	0.104695261655838	0.103928456196829	0.104390619991663	0.103343332201648	0.104302836308856	0.105638193522084	0.105081255118285	0.104549733834932	0.104844816601145	0.10514741314362	0.105969484407058	0.104894301322322	0.105994782648018	0.105032843251794	0.113391323950656	0.0544356351925305	0.102128343801266	0.147229917440444	0.129636092527912	0.0980219398618421	0.183732358319749	0.132071573055534	0.124547116625653	0.167803778311781	0.157254801471336	0.117374456108383	0.109816973917585	0.10899999143004	0.110228345864194	0.109226349272268	0.110255224497397	0.109116375408954	0.106973492938048	0.107228080206974	0.107520652169638	0.105476705062379	0.107144270891498	0.107776866718868	0.105964859207612	0.105933384746038	0.106077390402438	0.106348440073673	0.107259602542378	0.105265846458989	0.104264327056421	0.104510971783831	0.105339513421666	0.106254298968162	0.105480279344729	0.104439128102691	0.104858409692836	0.105652864674381	0.103258127499118	0.102203143128099	0.102420312787127	0.101000001244972	0.100616712758159	0.100045031201839	0.101711872070575	0.101074538648685	0.0993115794225956	0.100460175198198	0.0993811788628192	0.0977221264017655	0.0987320971373502	0.0976590864058064
GAG	0.0742231519378396	0.0761602436614855	0.0758751564120434	0.0763971286799565	0.0766024840846641	0.0769006836931131	0.0759549221893532	0.0762297758749848	0.0766567121082795	0.0766549783430287	0.0785670145524661	0.0781627289527832	0.07868787561649	0.0780646636290534	0.077419889447695	0.0778856822174511	0.0793402690907641	0.0783454034297391	0.0803921291167001	0.0783291179111941	0.0790502499163509	0.0811437675186344	0.0810020259857864	0.0785318968042154	0.0809137545844881	0.0823287096956905	0.0817740668081085	0.0822450269810278	0.082037735606645	0.0816580497692361	0.0809965254177523	0.0818324696650818	0.0834090251391383	0.0834959515865469	0.0831262883245176	0.0828113035960477	0.0829634910841043	0.0838896721569025	0.0845124325870686	0.083862889918488	0.0837247552925336	0.0840993119269676	0.0834264856391714	0.0840437776416705	0.0849682550718539	0.0858082625416163	0.0838178632679952	0.0833251910715108	0.0848113124357884	0.0748645567863884	0.0537888489257417	0.103274524283666	0.0803983916540931	0.0875699907188415	0.0756347665537454	0.0908674790044929	0.102211680063077	0.101905527324553	0.123979774243589	0.126870785946007	0.0931707583977334	0.0863238465708101	0.0880893418700225	0.0875329506901353	0.0855259418223673	0.0854928303094003	0.0865261496336096	0.0849720577300508	0.085114899888185	0.0866711573278648	0.0854053228647488	0.0838667582331168	0.0851323177622937	0.0842913692585916	0.0833791855623738	0.0829318038596581	0.0834204368033306	0.0833091007306859	0.0836641742458922	0.0823045184091479	0.0820117045709686	0.0821322455026096	0.0824834136563589	0.0817263720997039	0.0817994921200378	0.0817641945022317	0.0816390439617592	0.0822229603216364	0.0814055883313845	0.0803664924940043	0.0815889595940079	0.0803889245036169	0.0793584941972395	0.0796349709017711	0.0799732120419543	0.0788016216386415	0.0777478297216535	0.0796284051297519	0.0792846776645421	0.0785983187500462	0.0787496114394503
GAT	0.0806630957263102	0.0808615421107172	0.0818483059510124	0.0828511009813046	0.0822592604936078	0.0820375127178055	0.0815928272021935	0.0840571320538083	0.083314627874712	0.0819805533168923	0.0836496108101425	0.0850135337121862	0.0849391536852686	0.0847521971167169	0.0859898566898785	0.0849708486389507	0.0848541410105081	0.084085254532149	0.0852795394006887	0.0850378388476723	0.0853344744408765	0.0852719762832814	0.0864253902091383	0.086369262990634	0.0864612420762882	0.0874896389807291	0.0872836108789565	0.0866517524313177	0.0875370589740148	0.0884351768244954	0.0874518357744069	0.0883727881693649	0.0880405910023227	0.0888313421613136	0.0903089448728015	0.0887989916482021	0.0891269918261236	0.0886386807764443	0.0891667738695221	0.0898282634862831	0.0900191033479245	0.0894639926115166	0.0891325393241357	0.0890942119668508	0.0903703010726127	0.0910986682877894	0.0896914552789116	0.0894774270674838	0.0897240042805428	0.0810173250633706	0.0491229930753138	0.0851224265711324	0.122457493274201	0.106263231607826	0.0936732668010665	0.154259928889329	0.117611659087564	0.105082236259725	0.149931304933991	0.134633360497955	0.100300830739046	0.0940967526195913	0.0940668308723913	0.0925823301685582	0.0927622457076961	0.0936432084800621	0.0933345549192589	0.0929127443558444	0.0913401378997788	0.0914606824699292	0.0925569376266778	0.0910413111495624	0.0917905976082814	0.0905401406132626	0.090816114670828	0.0907810512592203	0.0908567088366966	0.0896334258497122	0.0890627743797997	0.0897732125655926	0.0886844347227212	0.0882809238482733	0.089842903010483	0.0883559892677479	0.0902303552923036	0.0882998075833138	0.0865648276855051	0.0892383650235116	0.0880566152530349	0.0868831404864646	0.0875041988124986	0.0870717616707046	0.0858116470362038	0.0853762088212029	0.0861094415391629	0.0854078222877861	0.0860900921468711	0.085634024322261	0.0856691986609696	0.0849169826041305	0.0856113194141693
GCA	0.0791984113667722	0.0793479221446226	0.0780644480494709	0.0784631056097349	0.0783386165148202	0.0783093958736579	0.0796245187409207	0.0795984346150203	0.080914261139168	0.0816042236005696	0.0804347043683094	0.0823962515339061	0.0804769394916076	0.082454980370301	0.0822226105979775	0.0826007820184688	0.0841799918024998	0.082023150265073	0.082748223523816	0.0829674224182109	0.0829257497653823	0.0839071912776942	0.0830413323843603	0.0828732636393464	0.0839238607545377	0.083493105855678	0.0845034882980005	0.0845604736760765	0.0845119993428826	0.0859741744864596	0.0868212139966683	0.0864929612167649	0.0849771770270368	0.0851967149669831	0.0831132316139251	0.0851499524166121	0.0871507756108223	0.0864615936852124	0.087743707071732	0.0881895320755498	0.0856950858497378	0.0855446225261614	0.0856850080917213	0.0880082742493209	0.088026997372988	0.0878843683354226	0.086990673950985	0.0884021831273307	0.0868558876195908	0.0874993821125456	0.0814278630277626	0.0686998039932601	0.0900694000941238	0.0805307529670791	0.0794649711894758	0.0893647026650173	0.0861972088429018	0.0828242173881116	0.063197035776584	0.104319723489634	0.0924502241558441	0.0878095904625313	0.0867201891437983	0.0878315857740773	0.0864755592340669	0.0864934213940102	0.0859449403237801	0.0865452589584282	0.0856250325257339	0.0831558266633937	0.0845134080888482	0.0859551902229109	0.0849219857075387	0.0853390555341538	0.0855163450491328	0.0832338589635257	0.0829650100803812	0.0843079913061567	0.0829553801190056	0.083233354197264	0.0826472835720734	0.0828594227580486	0.0824059652935064	0.0819928143542807	0.0820192794671143	0.0811870684924615	0.0817043468704535	0.0803064900698808	0.0799385877927807	0.0815420194325173	0.0807619801435406	0.0813351845051436	0.0794548139939575	0.0804201068930946	0.0781333405277964	0.0802224545545916	0.0791298413456035	0.0791822865889581	0.0785435203751457	0.0787844210516233	0.078762592383082
GCC	0.107712780187756	0.108995562896783	0.110146346322445	0.109055713107233	0.110479071144546	0.112363224063308	0.111367764886402	0.110300627482086	0.114044928798982	0.114928797110522	0.115598485968393	0.111075487844663	0.111076542674154	0.113266164423662	0.117609576477074	0.11401618699099	0.113139172792156	0.117329482452536	0.115768101051463	0.116060924446491	0.116206556090044	0.117208911961218	0.115978032814804	0.116965873388126	0.116929833983708	0.118780260695899	0.117801442998877	0.119364812653973	0.117501995080919	0.11964817029294	0.121109911011545	0.117783605827983	0.120184891946438	0.119722215441925	0.120557377277185	0.122438868819929	0.118841435342774	0.120409002828377	0.123820805727715	0.122132650382937	0.12331377198173	0.120110298706036	0.122142193099226	0.12139625145798	0.121504916002694	0.12397767298109	0.120554233507684	0.121276226279677	0.121840708643395	0.144877160416295	0.0707124608837835	0.10182570299019	0.136696746804898	0.111143049287696	0.0968752592289464	0.116371729689002	0.109043821864101	0.110383990377339	0.109445303175695	0.162901403791859	0.136108511461282	0.126885871275994	0.126832897357438	0.123393295275114	0.123952653775007	0.124179159996502	0.124529381252295	0.122927798607399	0.123302892271858	0.121206631609608	0.121311601362897	0.120812713156615	0.120618413182779	0.117120173081013	0.119611454160946	0.118245282301494	0.118741983660344	0.116351510439333	0.115804603621928	0.118103113537269	0.117771403681589	0.114394710691371	0.114037121126096	0.115238292356389	0.113585440526185	0.115477999746804	0.114596418986806	0.115695641153763	0.11513793624164	0.115140289238103	0.111763654640489	0.114975363838936	0.114715136212806	0.11212455625871	0.110363461750606	0.111249298172187	0.112388761190454	0.109630662306548	0.109971157580373	0.109331784644884	0.109298351940947
GCG	0.0749295217944696	0.0741421043041389	0.0746776886959617	0.0736964553389386	0.0732056379975922	0.0736551738172716	0.0739252827910331	0.0757911213759642	0.0753108826229292	0.0760940153668311	0.0747601094636626	0.0757855559373088	0.0762301707833243	0.0775486254438893	0.0751308842779945	0.0775208974102889	0.0752583437540521	0.0797091092936953	0.0790526686412465	0.0778591720544159	0.0786073226689114	0.0785249570454611	0.0777908565456635	0.0812998241781712	0.0832110783681857	0.0797645701614836	0.0782331468693554	0.0786796368819905	0.0796051351604358	0.0778516114413347	0.0806255169147724	0.0798055618829051	0.0803333799636074	0.0826020130364102	0.0813326941609903	0.0824452676610111	0.081920340398381	0.0833231777280737	0.0811948099234728	0.0796077125218343	0.0817063112760325	0.0816818742547666	0.0821137617825242	0.0817327809904927	0.0828766396614498	0.0816708126963089	0.0829381246626356	0.082361383271145	0.0829148522950393	0.0724286363360555	0.0826200431443216	0.096468747484703	0.0850161300397277	0.0844837063956872	0.0742258715038914	0.104965173796233	0.090597554110713	0.0906584321419028	0.0916377855187459	0.10850448772884	0.0896739084508835	0.0835015407178573	0.0828651083875385	0.0826839072615823	0.0807677966235341	0.0836455353692478	0.0812449999444892	0.0820385238808237	0.08123065811824	0.0795884178118536	0.078218540951287	0.0809961282114578	0.079782704492123	0.0794818522517819	0.0777458527168627	0.0770432299416784	0.0763547490512125	0.0771635569660245	0.0787438157971815	0.0781598778863272	0.0770698071320083	0.0769687525063953	0.0781371819910364	0.0745128059353033	0.0738717557914591	0.0761421352198431	0.0755214314854807	0.0756829839673747	0.0756704213158086	0.0751206397388821	0.0742982685858758	0.0741358747286325	0.0751046625730996	0.0748952569571742	0.0768620200150894	0.0732206619306003	0.073287495991191	0.0719158790495891	0.0737898828270746	0.0739717450174006	0.0721396937418152
GCT	0.116521531023265	0.115277126059088	0.115833700184732	0.116338831041967	0.116821590776245	0.117440202353091	0.116864905761826	0.117665854017473	0.120502612499345	0.118554721513645	0.118786350622784	0.120661372211039	0.11864560444639	0.120261602671093	0.121763288203834	0.122280783002872	0.121450080179461	0.123937678136587	0.123195093417144	0.121323255720916	0.120857906654262	0.122506623780578	0.122119718819173	0.124629639556133	0.124795317376421	0.124440702062921	0.125874232684214	0.126907660609487	0.129031942353971	0.12814059550986	0.126895373361656	0.127162664169794	0.127164500432221	0.13050414296713	0.130012965758322	0.13043811407709	0.130934645911138	0.12898339154485	0.130073450793731	0.132267159152023	0.128987135985875	0.130036164444357	0.129997114308879	0.129774199754646	0.129207716442269	0.131853756952026	0.130329261679086	0.131061195458211	0.131903969452068	0.124386412302603	0.0843598128022506	0.136197503984465	0.158782369413326	0.143942374208803	0.126394005061193	0.135472876237851	0.130647989462758	0.136934161476283	0.147688916297445	0.174092407039088	0.143609543406594	0.133355863156435	0.135232082909143	0.13600693806949	0.13444288964237	0.132472730014607	0.132648259922574	0.133362977858308	0.133284780216739	0.131582328093071	0.133279181510001	0.1312756638632	0.130351496526116	0.129562731627979	0.128644059750441	0.130334210408538	0.127622669996524	0.127963030816848	0.127221468042071	0.128470362717456	0.126045147822989	0.126087093430807	0.126193363419931	0.128239042274836	0.126394571447894	0.126597445014129	0.124125015165278	0.123811669259627	0.125333286423584	0.126076993125181	0.124497704228137	0.124801748534133	0.122640762224988	0.124811216305178	0.124801392323071	0.122564157457635	0.121328410345174	0.121203103672957	0.121139715698788	0.120265614159905	0.118231584909165
GGA	0.0686795751471274	0.0675683197654067	0.0684471976134629	0.0673485407337649	0.0688490791981587	0.0682667559116498	0.0685379992992882	0.0697180393665923	0.0705736593286835	0.071073985029878	0.0698389810094858	0.0705382799261067	0.0688718191106876	0.0713827912907194	0.07162094455988	0.0722320553795878	0.072003136158986	0.0704983888677276	0.0716193401534899	0.0724683285113525	0.0731053474398131	0.0726551884180484	0.0728609310102698	0.0734391918146084	0.0732098479250739	0.0735078793657911	0.0758081830101944	0.0749641392690546	0.074138936850779	0.0751835287932324	0.074248286234039	0.0741294420202373	0.0756297021109775	0.0769197423814791	0.0746740316714722	0.0743778776567757	0.0764497183391624	0.076729128768495	0.0754162102871852	0.0767183158902198	0.076430417594303	0.0760022936822493	0.0761240268248841	0.0769896376826304	0.0772079520675978	0.0778645753754129	0.0771234191079502	0.0780242783260817	0.0780533975347552	0.0801472318361953	0.0388482043807527	0.0796435087863406	0.072329624594458	0.0802630727503978	0.0886250911389361	0.0957649932059627	0.0913459796412195	0.0830841842500051	0.0774187856747285	0.0958536541494362	0.083320080108353	0.0773613711156658	0.077119933331595	0.0785988198466266	0.0784217140134977	0.0770779082010203	0.0765317062905688	0.0783081207726479	0.0776255473770903	0.0771853113844681	0.0769727038521127	0.0758382458823941	0.0742397695219522	0.0759147062570696	0.0756959585985858	0.0771451509539375	0.0751116634887172	0.0744889893208774	0.0748744572402596	0.0739351044619375	0.0745299828868308	0.0726636002352297	0.0733774461274949	0.0738664322556855	0.0728989953927632	0.0727268865939627	0.0723861758136025	0.0739367663406346	0.0732843855984847	0.0722931967485046	0.072497186528114	0.0727060894048001	0.0719874006041211	0.0724316069097719	0.072625733431306	0.0687829826211805	0.0708397888433334	0.0695716583054254	0.0699070172072394	0.0705074114410283	0.0685422770602008
GGC	0.0812485309776012	0.0811720237759478	0.0784159125258922	0.0807101787271368	0.0796938835939908	0.0811227529125379	0.0809992323714084	0.0826098513602616	0.082294252322684	0.0838746390571647	0.083550298916297	0.0839785848986271	0.0841777657708469	0.0842604475951187	0.0846809866020059	0.0847504802298992	0.0857608901910996	0.0846905820292816	0.0868611113736332	0.0851809310375522	0.087114062510244	0.0882185538799774	0.0883450219987643	0.0858736837963289	0.0874170918633803	0.0898741349679338	0.0886087939182984	0.0884806850075719	0.0884746729306525	0.090767081925511	0.0909998168158651	0.0895674057096154	0.0907934994095824	0.0915901078933648	0.0902863807118743	0.0914832697852165	0.0911249286256876	0.0930327529496299	0.0911390380516819	0.0922045147047241	0.0910222787811143	0.0919177314430939	0.0934295202329792	0.0930766240432788	0.095318330241836	0.0954211305753387	0.0946503096241991	0.0945441568324104	0.0947289616648933	0.0974877616242209	0.042459056899269	0.0766631852045168	0.104475154539072	0.102191120703992	0.0961085241025961	0.113706779450468	0.0889412872917682	0.0906365404840621	0.114800605941012	0.120597158752059	0.103716180157311	0.0959215812357783	0.095645340006078	0.0952537246905792	0.0938971052018686	0.0941966259771317	0.0966463672726886	0.095202954880379	0.0927283949830359	0.0949863149021692	0.0928769817619145	0.0940070090481419	0.0931715941050085	0.0947878623656597	0.0933578384706882	0.0917031468806392	0.0924722774699488	0.0909719791634891	0.0908447277617436	0.0917657927997891	0.0899377317501353	0.088310041180567	0.0903572139504138	0.0917378107014894	0.0886244942796085	0.0908126085109112	0.0901836971036688	0.0884991744293742	0.0873966383309681	0.086180384047703	0.089372280067435	0.0902673741521527	0.0894148952292506	0.0863370947504644	0.0886619469109044	0.0885679585308961	0.0865065396707646	0.0855207747999301	0.0877322831080626	0.0856641773990749	0.0840461088905829
GGG	0.0736014638135831	0.0736726821800032	0.0729065393951322	0.0731284767223288	0.0753209164104232	0.0741221959440037	0.0734741031215568	0.0724695946964465	0.0744498492907095	0.0740683611413315	0.074295594677061	0.07839595852801	0.0751343282941149	0.0754000885014173	0.0749981386328208	0.0774210922948769	0.076190081214409	0.076198015065023	0.0755307966090036	0.0789570762129968	0.0784708818677755	0.0781248712291881	0.0786329387439225	0.0780935228030171	0.0793685748212682	0.0785906893316607	0.0810488162144484	0.0804118956569538	0.0799967229078485	0.0796935189748342	0.0785685557707177	0.0818802820961769	0.0787259950734732	0.0816153675424519	0.0817538647537564	0.0832530307308677	0.0819291593404333	0.080556626360815	0.0834211678547258	0.0818250150196385	0.0822354834647438	0.0811744507897141	0.0853167013335115	0.0838915050777138	0.0832518758847876	0.0833032630369828	0.0836505446906053	0.0848076069801583	0.0844526943574818	0.0766524499045806	0.035427995824116	0.0859112386677541	0.0739360256703035	0.0852385177526271	0.0840808692312062	0.108420866629627	0.0943032731224673	0.0817053256283517	0.0989619164395699	0.10978601329874	0.0878914990976416	0.0828527063539889	0.0847092450917871	0.0835127062729513	0.0812828228649288	0.0820954554829201	0.08200125947352	0.0824725177379696	0.082383024332017	0.0820496732518475	0.0814926166791412	0.0833700626490322	0.0824731379930346	0.082093581907252	0.0809853392913647	0.078734283391325	0.0802869666804245	0.0812845070774556	0.0814902427154534	0.0807980875371272	0.0779117207532883	0.0808276971869761	0.0785895258383435	0.0759264789514463	0.0767291644389803	0.0775291503581188	0.0814084306596789	0.0787517528555211	0.0772632788608069	0.0769477507082473	0.0766664106890134	0.0765159863283753	0.077302443744058	0.077290035936765	0.0736494114898199	0.0749800176825292	0.0754680774227291	0.0753608995057559	0.0750673338798791	0.0740737372305573	0.0742632490406056
GGT	0.118845522604045	0.118363216050035	0.119136841755009	0.119259753776036	0.12186063326999	0.120786151850795	0.121212741608845	0.121244752637403	0.123570686639501	0.125405924600546	0.12482419712859	0.125844231219608	0.126741268120394	0.12704922267432	0.126286279891746	0.127186135078007	0.128521803846346	0.1290551736791	0.128839190822423	0.12593663913358	0.128462481272684	0.130479635727473	0.129735986309747	0.128605009498096	0.131272957664221	0.130368139925197	0.130559957980227	0.132061753641272	0.132837341528802	0.135205404213738	0.133530588459757	0.13263262404974	0.133132101984283	0.135183988468513	0.133189166477896	0.136248987456323	0.135040410969954	0.135892018708558	0.136046275386604	0.136520461997389	0.13590699503998	0.140331516062305	0.138151470700612	0.141076292514148	0.140185695644517	0.1394097043309	0.137148145775381	0.140620140334341	0.141667248673813	0.136659898668051	0.0615095508958343	0.151430923612016	0.142340548663214	0.158681269468896	0.154588364863014	0.15281640580884	0.142545940089213	0.143527822690864	0.188585244958313	0.180882993947428	0.147406601783498	0.139716717265551	0.141904766068288	0.138619078587078	0.139233492308633	0.14032583466449	0.140105026725107	0.138943438600691	0.137378474871927	0.137969577066295	0.139067819256159	0.135864002471529	0.135609839144432	0.135462657681319	0.134905079974052	0.134741828893185	0.136014691503279	0.135497304235558	0.132884068550487	0.132634284836006	0.132957042471392	0.131835954470054	0.133280177514571	0.133005779087547	0.132009196912778	0.132896119452211	0.130845725011612	0.129762778699767	0.130355495339725	0.130540425271128	0.130287633448629	0.128859274993881	0.12957896498975	0.128336824639864	0.127935013261598	0.127037038933395	0.126205888365231	0.125944581528133	0.126149305006989	0.124242059353483	0.124622145417519
GTA	0.0674921797242108	0.0693401503460598	0.0686562944498048	0.0713907475963352	0.0717250305654206	0.068615418814073	0.0713068052979549	0.0704285900676419	0.0710613364042064	0.0713687160404984	0.070272953079724	0.0715303203658412	0.0710871363702609	0.0722469210612533	0.0728030253965874	0.0728314923927406	0.0736909607230716	0.0747874975552695	0.0729888635646759	0.071837142789283	0.0725307426849279	0.072954433729381	0.0735157077898407	0.0752815526430431	0.0740588341715201	0.0735613329803328	0.0727588664202589	0.07391851130885	0.072379469794614	0.0746897180746504	0.075592198957678	0.0751468980203012	0.0767460746329805	0.0764872836554717	0.0759332821011044	0.0765299004042891	0.077950924801644	0.0762493469481721	0.0766538660729603	0.0762648865326924	0.0780110791962762	0.0780094318768692	0.077111868705145	0.0775490704514309	0.0758295601744963	0.0782732104453906	0.0772586709863436	0.0784810107999868	0.0772076307604961	0.0790187116653722	0.0586318374275585	0.0502462476494376	0.0924185124592909	0.0776288560579719	0.0801031913323432	0.0786805571966359	0.086608372082656	0.0827347068253838	0.0653536763312166	0.0983112754245202	0.085906206735472	0.0802406713710913	0.0791136018569944	0.0783646966919856	0.0785839328297219	0.0772580770329709	0.0768239137648836	0.0760903921260531	0.0770855018076315	0.0765412429655718	0.0765675635470745	0.0760377478468543	0.0760855565873283	0.07667869337986	0.0751044376677811	0.0733638558190894	0.0761294060847302	0.074428082465723	0.0749861668657995	0.0747539219112215	0.0736381548223222	0.0733150067435369	0.0736205901297955	0.0726319933669627	0.0733044473842006	0.0742573926540353	0.0729220107400443	0.0745803966786107	0.0730297213844177	0.0725715569497	0.0724034967640339	0.0733666949558107	0.07219926580337	0.071339095812732	0.0717396173667946	0.0717450819227691	0.0716972207458089	0.0714249635114945	0.0711661071308473	0.0707676159976607	0.0691107546070922
GTC	0.111549803519233	0.111538167384307	0.109579757930932	0.110675119818798	0.116210523508003	0.11298492519897	0.111352653641957	0.112855226886429	0.11432210311032	0.115421646077347	0.112986256306239	0.115772218814291	0.115359435602012	0.115395297551907	0.119329108881484	0.120553829090284	0.117438253235895	0.120996402561309	0.117094351310423	0.120504998723956	0.120632322274901	0.121877857724631	0.119935826211892	0.121117776624826	0.119985427302472	0.120154909100881	0.1242225365388	0.124079110364244	0.122832468946621	0.125144654210649	0.122364190829525	0.120052511842598	0.12589455003055	0.120840511129311	0.124680999954487	0.125318321718617	0.12454920627722	0.126698963947914	0.128997149396816	0.127663459607737	0.125515680562946	0.126984121398679	0.130814562931497	0.125111434413821	0.126590779233068	0.129501687895252	0.128980070554536	0.12815587004761	0.131795383703831	0.154396096540147	0.094838271349629	0.0830024666500543	0.188348647128625	0.133002042542944	0.109650730535607	0.121866004652231	0.147382749633197	0.14094275659829	0.125830229541973	0.165949585338684	0.140452222998454	0.135354945511996	0.132378712649242	0.132786886934258	0.1302968851015	0.129541788663083	0.129918094409496	0.128092276225059	0.127941894841455	0.130975530301954	0.127724871714527	0.122269710279782	0.124202532902466	0.124205367050535	0.121316330744487	0.121595068117826	0.124491312204899	0.122793522372006	0.123510482713237	0.119941984145643	0.121454744097103	0.123163476895115	0.120679615752242	0.121142215192803	0.120686164139712	0.121894276841728	0.11855304453291	0.118529072736746	0.118001050558806	0.116902904515376	0.117489042121774	0.116466076266807	0.113807666308312	0.116236008497154	0.117287738529494	0.116633181562747	0.11573098568112	0.115717752941138	0.115293061907929	0.118315347198395	0.114969668191232
GTG	0.0773290267707194	0.0793359008200969	0.0790427443946994	0.0778374047144526	0.0778789350047154	0.0795513427744017	0.0796130701148124	0.0802981317672941	0.0791547585342514	0.0792647087432982	0.0806715283748345	0.0821424236433117	0.081676933765684	0.0827014260920151	0.0832632471296186	0.0831282320950618	0.0829448370286945	0.083443802050448	0.0840011954657037	0.0835293904817974	0.0826483517289565	0.0841255772746442	0.0849321216695316	0.0835752141668969	0.0854390580887199	0.0848642972442825	0.0848078711120805	0.0862643743758343	0.0851137256203116	0.0855652050348856	0.0856993725595975	0.085648609677159	0.0872857370031329	0.0877771757058268	0.0878815870422971	0.0865428725787673	0.0893025107987521	0.0886132904502617	0.0878245829062387	0.0882665294773345	0.0878293285540462	0.0887446921516479	0.0894190284069735	0.0886899179736879	0.088874156894119	0.0893693079017749	0.0880909811295013	0.0885990812994965	0.0886991536960189	0.0787740508550667	0.0788652953856251	0.0726927830023291	0.112978389457717	0.0947342551167612	0.0961914139833981	0.100543863905155	0.109744890726583	0.104614460955311	0.10430090556429	0.121867292106095	0.0966899858945584	0.0927782849749725	0.0899099451139274	0.0897743639824753	0.0889867927698326	0.0888024091678739	0.0882932757426903	0.0864587874961881	0.088097736656031	0.0880608654940423	0.0869965474920163	0.086430070381727	0.0850574822999105	0.0861411258518191	0.0841730813176276	0.0863883071765927	0.0862454748278694	0.0864868545662916	0.0853840161393342	0.0853283934263474	0.0832607977653403	0.0850185764368231	0.0826199727167609	0.0846764649116869	0.0828839816707221	0.0839718524020528	0.0825511908416062	0.0827653485951076	0.0821671934931935	0.0817322837700036	0.0808834480194555	0.0801225063497722	0.0831010429801281	0.0819293846710101	0.0813205934214993	0.0807366755342341	0.0808679163280957	0.0804933239465718	0.0811144974299683	0.0818190352710214	0.0805491753098365
GTT	0.101363863042761	0.100425310347798	0.10135745972993	0.102920332007342	0.102457890009001	0.101903369997509	0.103227236007635	0.103791971855093	0.103165481557081	0.104429593423721	0.105649234768437	0.102360300603324	0.106213373145281	0.105567806949979	0.106257175497017	0.107606553077872	0.106385597490629	0.10644859389975	0.107147788611894	0.107191666947542	0.108201115285825	0.10973587938424	0.108821529623602	0.109016844512668	0.110268284205167	0.110809404398433	0.110244159071963	0.107857201310092	0.111492588619137	0.109168443440004	0.108312418335464	0.112249493758074	0.111820034111723	0.112125268668004	0.11234288281817	0.114470723767816	0.114428261408165	0.114624132399499	0.112190986559237	0.114504344504232	0.113723643745683	0.114388684809291	0.115068305777609	0.113276639416786	0.114455539946304	0.113497006715224	0.113494678630295	0.116250657148399	0.115786896879539	0.112674218165915	0.0967926858111451	0.071285184515589	0.160283073637555	0.127733685263997	0.107719057657414	0.113025539418077	0.125414864686845	0.126593099415892	0.120484485523685	0.150715443801276	0.126133985930763	0.117108041782657	0.118580197025155	0.118053278469571	0.119406876459791	0.117300884614283	0.115132451934597	0.115390953376212	0.116421300819415	0.113778729162406	0.115924489132069	0.115688865550302	0.115542530540045	0.11305765022125	0.111747178440582	0.113286271196584	0.111552650698954	0.111921221581331	0.112289694890508	0.112906240864372	0.113515384727147	0.112138714635355	0.1117173741788	0.111400892909071	0.111284345898805	0.110527425164282	0.110350415474399	0.108593274974054	0.108267712557677	0.108395581776422	0.110472558900912	0.10894039586798	0.108868135875101	0.106950826148935	0.10668255088823	0.108614675683742	0.106767085751751	0.106171828490575	0.10790731961705	0.105629813025824	0.105554464009684
TAA	0	0	0	0	0	0	0	0	0	0	0	0	0	0	0	0	0	0	0	0	0	0	0	0	0	0	0	0	0	0	0	0	0	0	0	0	0	0	0	0	0	0	0	0	0	0	0	0	0	0	0	0	0	0	0	0	0.00014324436174924	0.00353474929804164	0.00686171466041569	0.0874605950385444	0.114993961337717	0.109994031059073	0.129997354245367	0.12865862638153	0.135869549547878	0.144062895187356	0.164060588160024	0.143962486462577	0.135756592623901	0.131156235021408	0.138681051944311	0.134408975059575	0.14443664894048	0.135925759650611	0.130933784202544	0.136977702298925	0.148789322198208	0.135464244019055	0.131314422426831	0.134024025052917	0.129977141962774	0.138855954370775	0.144985938946494	0.13063451563607	0.143733402183329	0.13205948063051	0.137533605921258	0.133451404899106	0.138662333402275	0.140661024377953	0.144217657959726	0.144668974291399	0.13346448834095	0.121216444989393	0.154174065010817	0.12977614949256	0.130830646542111	0.143005786067028	0.142319730046528	0.129660891245725	0.136060444237176
TAC	0.0906010132779432	0.0921272003983575	0.0912862382798369	0.0943548605351895	0.0938201880795042	0.0943423724079822	0.0930169494181991	0.0969153427254474	0.0976825717190004	0.0940405875261358	0.0964566868561879	0.0961810047817005	0.0961007925234472	0.0974519574840154	0.0992926192120088	0.0983470144205842	0.0995378299056322	0.101338533611963	0.101586816147456	0.103123633543528	0.101132572278562	0.101378079586898	0.102672340372443	0.102249889661295	0.105382620408449	0.103048321791011	0.105969596732605	0.104523598999701	0.101787151285192	0.103864628107691	0.104500164208387	0.105373104488379	0.102239066854472	0.105702821901038	0.107891411750828	0.104426300411387	0.105906117787233	0.107375959587856	0.108161134087777	0.108251776514765	0.107322409346808	0.109689595456053	0.109415422324478	0.110548810163813	0.111116820817236	0.109853221705329	0.113939351071308	0.114168193521127	0.113592602329929	0.131654072370899	0.116834222567917	0.127820019208574	0.0950866084177497	0.102766785692197	0.0812637952162424	0.0965133380426876	0.10717735489601	0.109540185049771	0.109913480268298	0.103911293241598	0.106913963633054	0.108903992015393	0.108323851909695	0.107531091379989	0.109004409657996	0.107268897502364	0.107200368354011	0.110226712806207	0.107028897050887	0.105644328361556	0.107886222499559	0.109025836032048	0.107725107888675	0.109255031008329	0.109064802563762	0.108274795282116	0.10710956683463	0.106329246585827	0.106878092076617	0.10403907359951	0.103422216270707	0.10450633647544	0.106035324981909	0.104844724889051	0.105136470018393	0.101378622097241	0.106174667008069	0.104433129611183	0.0989327085900019	0.102723147931146	0.101485338813889	0.101963429980536	0.100876899796809	0.101093449327436	0.0991338081614467	0.0996736244916094	0.100298525588419	0.103496409871027	0.0979558649043505	0.0999004092794627	0.0981986470523429
TAG	0	0	0	0	0	0	0	0	0	0	0	0	0	0	0	0	0	0	0	0	0	0	0	0	0	0	0	0	0	0	0	0	0	0	0	0	0	0	0	0	0	0	0	0	0	0	0	0	0	0	0	0	0	0	0	0	0.000339062287162005	0.00346623666904506	0.0080874197164234	0.072392857148297	0.0906392737938948	0.0954234612539637	0.119740422555225	0.113418536758202	0.0979314524295017	0.115637473409727	0.122508334034082	0.116123693586272	0.107393763593084	0.106058555554624	0.09666282251132	0.107682008862238	0.112012251347438	0.106597502169317	0.102576383060068	0.116559974068143	0.115275616421736	0.117033776457397	0.111590483361143	0.117506723073858	0.11196661235993	0.106150044622746	0.112821397862022	0.108509015829878	0.108863137691841	0.102501306352693	0.103830863568287	0.104481013542649	0.111207788326025	0.11076871539094	0.10840929049854	0.106947590160338	0.11256237082476	0.117884479057745	0.102806272530769	0.106883354736717	0.0997940093506762	0.102648033270262	0.101784327842279	0.110726044494885	0.112232097534046
TAT	0.0726649240506482	0.0731412231084889	0.0725778483353788	0.072973776845722	0.0728025637192556	0.0740675660622826	0.0722791102899881	0.0742250654741368	0.0733691419610591	0.0734107281745019	0.0746004870270047	0.0737565970322927	0.0748012101527594	0.0758223333148589	0.0753860647973495	0.0754986609202891	0.0764210600789216	0.0763281609540765	0.0772582804355509	0.0768582962417645	0.07696580215145	0.0771991776251928	0.0775538598863307	0.0791257112760848	0.0776761995892002	0.0774514254675938	0.0794253683870231	0.0802608153886184	0.0800307762501714	0.0804822728769719	0.0793583053834744	0.0783137356126493	0.0801251018095531	0.0795288946373769	0.079962763707596	0.08039169881841	0.081821444760612	0.0823714916103697	0.0823812258580204	0.0800347297750355	0.0809804247468097	0.0800471632026383	0.0814611634457254	0.0839812911783772	0.0822363023738278	0.082316526300019	0.0838497050537713	0.0836513340993263	0.0861990006336862	0.0816886839182012	0.089100228536848	0.102450498543201	0.0708796475893306	0.0775573138896966	0.0671838697413036	0.0759863330827912	0.0818236904661221	0.0794717598073267	0.0868322744427295	0.0787176695438655	0.0803411838536208	0.0823636480294452	0.0808251097985269	0.081548500325336	0.0839155006800137	0.0803654499035081	0.0806232138264607	0.0799722599821578	0.0811309560208188	0.0811605208932591	0.0811006608894186	0.0811791560187638	0.0805202434324793	0.0795010503854931	0.0802117806449237	0.0797819632521994	0.0786824568960274	0.0794487105090084	0.0799105047802194	0.0796621453433907	0.0793324829126125	0.0779397234859965	0.0794874955805346	0.0777533476680793	0.0787986173886432	0.0777112787154811	0.0773518000488402	0.0764235619148267	0.076394989323888	0.0763522787495275	0.0756459914179535	0.0764332092671786	0.0757610373759107	0.0756519998466727	0.0768654130369191	0.0752131400102529	0.0751341370446221	0.0747855211557618	0.074205095516515	0.0753701547679852	0.0766928694774471
TCA	0.0722508756789949	0.0708231897767341	0.0732305632527587	0.0720398997698348	0.0719421400376624	0.0715486955509014	0.072713213092677	0.0733552856409181	0.0725192876536068	0.0731688081094226	0.0715653825161065	0.072670651607682	0.073780173665747	0.0729566685754608	0.0722752289649457	0.0738414906093561	0.0734808943886592	0.0736608988291116	0.0741475983291399	0.0754174467901444	0.0752742925431432	0.0754486923831408	0.0753167804892678	0.0763705719930982	0.0755081132846683	0.0751625031194561	0.0758352877718411	0.0757874549003762	0.0763317427569397	0.0766714375744692	0.076026135984112	0.0777395680813829	0.0757868547291477	0.0754321390061838	0.0768747076035119	0.0779237254063277	0.0780343955236383	0.078058237156148	0.0772713093765003	0.0764930078556934	0.0774906208633598	0.0783322405908508	0.0780345334275893	0.0774548094558185	0.0773997505190021	0.0769545373611342	0.0787296583489522	0.0767332749442959	0.0769465260382229	0.0776383917262307	0.104149569924067	0.0737427369484972	0.0675011436942782	0.0711130263067861	0.0725205057328598	0.0639633681804187	0.0678463503721229	0.0715412687769862	0.0492463254938811	0.0597540917254201	0.0715515519232901	0.074674643023161	0.0731333494579866	0.0744102632651813	0.0744492704340996	0.0744892415943493	0.0725814119290164	0.0739807571370175	0.0743987953070384	0.0731200752942648	0.0742161580809211	0.0747418425674675	0.0735913151245208	0.0725567442890158	0.0734184283822548	0.0730566354477903	0.0717136595699382	0.0719668585436838	0.0732324833375908	0.0714659670391714	0.0706418971961724	0.0710169294255026	0.0704808584175954	0.0712778851594174	0.0703411233142987	0.07058674542036	0.0702303627191176	0.070208862899196	0.0691976828906656	0.0703092456456557	0.0698680578120326	0.0695323295183807	0.0697355893367542	0.0692737343670358	0.0690820659010511	0.0696229394031401	0.0691752967321647	0.0681092215350759	0.0675049924279768	0.0670021609745599	0.0669862957406131
TCC	0.096324661904446	0.0977879819784189	0.0990875960765005	0.0996063672057238	0.100774937645825	0.0982400737009088	0.098667810021928	0.100279754502052	0.101578383821597	0.10027712458411	0.10010502056933	0.102651131508152	0.101960768458351	0.102032203600134	0.101628124512826	0.102843639845217	0.102315005112518	0.10184480944091	0.103026672466288	0.106068336576671	0.100887048722753	0.102631673053704	0.102546334694863	0.105022809079943	0.105710797159957	0.10387941178415	0.10350727118261	0.104553315838149	0.106223341187013	0.105941464832718	0.10602565301705	0.107976168606478	0.106300021184974	0.104491934886199	0.106768243915304	0.109003920104218	0.105719592821054	0.107815967204384	0.107492634391961	0.106652033526137	0.107038497369672	0.109200946914412	0.109254213641768	0.108074261219815	0.108660660178846	0.109758534227629	0.111404902667785	0.105023446226434	0.108578658600828	0.131888249950304	0.130247680473735	0.114274778491659	0.105647233360825	0.104658772405393	0.0959653281160156	0.0957187903027979	0.0945917013785431	0.100601412009703	0.0947525884589743	0.0953382156007526	0.10504254483428	0.107317428161256	0.107863817240332	0.10897209711964	0.105879538110049	0.108697618848129	0.103255995004114	0.105680014236098	0.105807208000522	0.105213924352471	0.103574938749007	0.10349219441808	0.103805904026706	0.103500392459926	0.103232282197453	0.102317494959904	0.102264359735991	0.102353394982785	0.101734186921878	0.101773183457385	0.100132542901911	0.0998211707634868	0.0987243829839016	0.0993630861584329	0.0998648852391686	0.101579936539752	0.0984667421937455	0.0980660675513387	0.0986965977830381	0.0991706804151175	0.0969681499745619	0.0963562316575188	0.0976974024805319	0.0984387615997579	0.0986944173476367	0.0979232771994231	0.0959001906846817	0.0955468325657321	0.0950847397766167	0.0949010517712598	0.0945995969457162
TCG	0.0708752664418943	0.0713095051608858	0.0721227957946342	0.0708041825207542	0.0720245685336331	0.0706757350812486	0.0742372603790177	0.0728791425498096	0.070877451735569	0.0717668525607789	0.073245281825941	0.0722541760236825	0.0726316859414378	0.0738759124758187	0.0732931210154165	0.0751670050154298	0.075334085055167	0.0744138558157646	0.0735538316389413	0.0744484960569157	0.0735726082076098	0.0772578455524581	0.0745671384249964	0.0750149752406913	0.0771935698174414	0.0760211313538044	0.0740558334208133	0.0762677755792235	0.0756811408074756	0.0751135713146715	0.0747664564081061	0.076243685209332	0.0748585713647388	0.0758944113094781	0.0775976685190867	0.0770057466871365	0.0792979253772987	0.0764543901031173	0.0772689168800967	0.0776838299519641	0.0771169258751252	0.076442562946252	0.0785255427888178	0.0794019940150277	0.0802069456793997	0.0779158049244963	0.0750336163987011	0.0773968741437163	0.0784190086254622	0.0734349427524934	0.11139531563515	0.0955934589989756	0.0642190362546047	0.0818763015702143	0.0790358387114421	0.0805750355787511	0.0760514080057428	0.0835261190758714	0.0726541498140368	0.0696694367953232	0.0731905545606157	0.0780308835380231	0.0770601766254261	0.0748667292862728	0.0749296993874469	0.0743893884465853	0.0734148709157083	0.0735879611515016	0.0741663515480654	0.0720783680485458	0.0739152720941821	0.0725654371178175	0.0729235870054874	0.072858715309404	0.0716580626397533	0.0732153193089583	0.0723764557211605	0.0736896766843169	0.0701816668502098	0.0713099213802296	0.0705209312728307	0.070645097680494	0.0694582787956559	0.0705149391324233	0.0715846851037621	0.0680574906467745	0.0679984789733987	0.0706115818762952	0.0687972574713288	0.0681718834735913	0.0677598689623244	0.0665908972358679	0.0674168408417691	0.068682637932196	0.0669564970287204	0.0690997607207125	0.0668049198772244	0.0667290114171918	0.0662176277206038	0.0670291719294212	0.0663007171830225
TCT	0.0937282630972339	0.0942118263567409	0.0953894721214384	0.0955621800209642	0.0955724820517406	0.0957010011340396	0.0964118032991554	0.0970414667618002	0.0957184578105391	0.0969084698432552	0.0969897836243058	0.0973509352808227	0.0992534062595925	0.0979478041977038	0.0994322654997354	0.0988941234724587	0.0994619401801177	0.0989680037415683	0.0995609727764678	0.100139943630981	0.100777413316798	0.100709425504837	0.0996431632665794	0.100290673716805	0.0999304004992659	0.0996361331768417	0.101941931852672	0.101735915575638	0.101973473497429	0.101954389276331	0.1040178203109	0.102696739497099	0.1028113958653	0.103020306333838	0.102500194212428	0.102255964137041	0.104515044076762	0.104416318847042	0.104311342032197	0.103819658653169	0.104275318816081	0.10174752221287	0.103731829634148	0.104409830050248	0.103223852457737	0.106261215357411	0.105492939440634	0.103704873076556	0.10352821842002	0.100166647655347	0.131231559566138	0.128516708830378	0.106141701692455	0.121474578823805	0.107604089550819	0.0981569280227735	0.0996575374422007	0.108522955763537	0.10210826542931	0.0945455426198448	0.100854176688899	0.102885848022293	0.104618796302862	0.104683305657885	0.103500805398537	0.102108179924206	0.102429115106607	0.102503086292113	0.103003042244568	0.100295789089297	0.0996776094246186	0.100721269666524	0.100131772448493	0.100071350091776	0.101081988399209	0.0999796203717278	0.101196647237145	0.100088377441401	0.100486699402979	0.0983566710831155	0.0999356514762181	0.0997298772319371	0.0997227505471426	0.0985762462194751	0.0976102260490426	0.0959293599552386	0.0984135720559051	0.097047351116574	0.0974564301860955	0.0978826537604047	0.0959320879954938	0.0953388803731516	0.0950601110726453	0.0944967114037148	0.0951017686983683	0.0960099279124403	0.0953552910324959	0.0930493813826046	0.0933626967697762	0.0939161216448219	0.0928442821597761
TGA	0.000408844512121332	0.000706209207139684	0.000218551835046851	0.000521580744055892	0.000346908682679138	0.000612946082454408	0.000493931340385648	0.000367301334322368	0.000645193054333684	0.000553920190361601	0.000643314138071179	0.000377743207951838	0.000436723638877896	0.000804297949196548	0.000595237976992626	0.000386078166765991	0.00039378813905553	0.000481161132681552	0.000546212258213576	0.000276589932030927	0.000755515350401711	0.000475165083882449	0.000435918011512638	0.00061366821226494	0.000439507149996508	0.000432151015882577	0.000358514202754642	0.000445559392403494	0.000563068583335542	0.00035136185032819	0.000782083165820408	0.000266622888578149	0.000134625661897009	0.000348114888000882	0.000257858201446723	0.000206103549020537	0.000212978371971597	0.000437862379446508	0.000396795466037938	0.000303438514849825	0.000584375548100998	0.000524589871263078	0.000556630854130652	0.000424724168601698	0.000463575793784883	0.000510762423957767	0.000308114045030818	0.000246965075479619	0.000268217150010673	0.000457511360877733	0.000210938765258776	0.000937223611151528	0.00105858994984189	0.00063572031368538	0.000460295232803997	0.000584507212165762	0.000695605104994448	0.00375312766173516	0.00636365085674417	0.056790462311039	0.0963203009725839	0.0920562542985186	0.0912105600353421	0.0955432180716052	0.0885121276795667	0.105422368331898	0.111168485335075	0.100683238121992	0.092877141558532	0.0882943268079884	0.092427138119906	0.0931174494760348	0.0891673445744603	0.106068208117805	0.0872593141565831	0.0915604080346223	0.103137149499709	0.0953502573475262	0.0991455153483885	0.106924179899596	0.102937778692534	0.102544243031339	0.097867002796822	0.0958330458331537	0.0915562011947052	0.0944147853851655	0.0929519835925283	0.107416706871015	0.094906679738929	0.0931794633377633	0.094165794191121	0.101747211058403	0.103343362533647	0.0978002797778089	0.109767097616939	0.0876053910476637	0.0985960484569418	0.101969978389907	0.0971793739518597	0.101724206321317	0.10302541780647
TGC	0.0595743153990621	0.0596820198377502	0.059949462293439	0.0610511936517993	0.0651658513435045	0.0629381680067523	0.0618694426045693	0.0620739174234958	0.0617273104645846	0.0635881713923587	0.0610601602286774	0.0636632743614465	0.0645249537874797	0.0626877109019853	0.0633663957358202	0.0636219002639835	0.0672710261867946	0.0662736486777273	0.0654010987220345	0.065677248574981	0.066805231163128	0.0686873833465559	0.069984746096187	0.0734155506751138	0.0683095633810706	0.0673191491564101	0.0678761380162203	0.0701548856990163	0.0675087228396781	0.0695826625390725	0.0711751099208399	0.0688377847593847	0.0698720118972282	0.0720209683450234	0.0703550193656636	0.0693975945996501	0.0735460878548555	0.0716277826922719	0.0722735037840419	0.0728756922401486	0.070398687704304	0.071816213929085	0.0763328810912793	0.0751667675099896	0.0737801419657744	0.0733984382434472	0.0716071895866034	0.072954701641183	0.0746192740847834	0.0792361342999193	0.0509627675874891	0.0856584220929577	0.0762063003482156	0.0692000337863737	0.0604061443180133	0.0763552780604888	0.0758245254356417	0.0776075438740304	0.0793807720872484	0.065915073666889	0.0697763268774628	0.0733917294839507	0.0716317734634042	0.074864099197676	0.0744509724494453	0.0753755186579736	0.0731248954355067	0.0736039424832365	0.073994032151612	0.072517311593015	0.0701095770170621	0.0694358758768698	0.0706778904831084	0.0732866605213721	0.0691817828104113	0.0701647982727988	0.0696574001635329	0.0688164964971217	0.0704527343643426	0.0672034236434542	0.0673773308292984	0.066181994529865	0.0710559818308375	0.0692019905610285	0.0670711456080175	0.0680948142914727	0.0665897150447542	0.0681430580951902	0.066545711522378	0.0686153079671507	0.0671781823488961	0.0673657757595436	0.0643704131494857	0.0663194558779761	0.0670058712596851	0.0666163428340226	0.0627620938401997	0.0622663143524894	0.0648633001193544	0.0637582570488245	0.0639463663837835
TGG	0.0784891502085453	0.0779540789527226	0.0810711694040001	0.0787034892234895	0.0780955449925805	0.0808168024469856	0.0793571023176093	0.0786589278524338	0.0827331824990207	0.0796961770912153	0.0831294465393682	0.080692191612475	0.0829347080403154	0.0836752622201804	0.0809859233904415	0.084495807732136	0.0820204588524822	0.0838488037566676	0.0862230571355724	0.0857248638510204	0.0876273229680174	0.0852480096678305	0.0889284984398377	0.0874881398845146	0.0860425657027496	0.087204811977003	0.0862226667127319	0.0898636651405128	0.0881859696270582	0.0902148212546109	0.087586476951333	0.0898571697362347	0.0909739327108933	0.0910840551771247	0.0919258442347872	0.0903090488417067	0.0915308481271811	0.0942848955422405	0.092215825882798	0.0926153960071132	0.0944619976110844	0.0938920413252195	0.09621420649434	0.0960358836481556	0.094521703684764	0.094564022538627	0.0963993941626431	0.0967833343472271	0.0983129227006927	0.0915537058900141	0.0620380518921948	0.155891760392057	0.0846054893504726	0.091847760002326	0.097192304940486	0.134605219527725	0.127011198166651	0.10453548572258	0.114687415562664	0.092982050462439	0.0967323751802112	0.102095657317499	0.098516007029268	0.099964489849183	0.100292324802442	0.099934580503182	0.097381053885627	0.0963158549164111	0.0955452899056934	0.0952649699384266	0.0946819133629682	0.0946826646939051	0.0969809674979247	0.0954500451645781	0.0947484737446259	0.0942218253224902	0.0953501713973348	0.0940353350115147	0.0923926250547995	0.0934875798536815	0.0946887161296224	0.0938092241205627	0.0926996467779744	0.0935191219276714	0.0885829778291626	0.0925700350302665	0.0923862040179388	0.0906715450890554	0.0903318704229487	0.0887833263458944	0.0916957944396038	0.0873471181942296	0.0885516653750467	0.0892508152353103	0.0883243236291212	0.0911432157311162	0.0924853014630885	0.090925550848258	0.0898035435976955	0.0906617013831243	0.0880753747715237
TGT	0.0797098343134886	0.0774372803541263	0.0801211398519514	0.0821332899547992	0.0802543396276969	0.0807702230937883	0.0811005111002028	0.0827038432553011	0.0834703015912538	0.084670130014804	0.0866937369288428	0.0877501901638026	0.0813450307277255	0.0821894927408281	0.0836197418816983	0.083733530350901	0.0851994221283903	0.0855903809396138	0.0834304783697478	0.0862220748506033	0.0898698321942041	0.0858408131085074	0.0898758973906237	0.0879752432216464	0.0885087017781398	0.0882246406785239	0.0894021762486146	0.0894727774237123	0.0909776794563733	0.091085872831461	0.0913347985979607	0.087686001951017	0.0919743057643764	0.0927788305874026	0.0902614386170331	0.0897167157446084	0.0901614349642478	0.0912284771869296	0.0960215360453869	0.0944899987958442	0.0936143577994763	0.0963753433600714	0.0961793241597236	0.095924603005578	0.0954937100079798	0.0984522368244634	0.0946952081625782	0.0949902244680781	0.0977925281152054	0.0947321152560663	0.0660724794592059	0.130127008269503	0.0959444490783552	0.0948575691522476	0.0894780584130946	0.0913689307277287	0.0987311556120908	0.107427129785269	0.121297303287377	0.087218969331488	0.0932771491332213	0.0990572297176316	0.0935364842002499	0.0958482760042816	0.0971512424853008	0.0968818181884436	0.092889745248913	0.0948209087365865	0.0938248905505902	0.0929305963852336	0.0939432988630106	0.0925608422889997	0.0937005835189269	0.0942898164645122	0.0955339839480847	0.0933630490994548	0.091857919334037	0.0891854983753024	0.088396483536262	0.0909153899939674	0.0894789671394484	0.0897203687344656	0.0913551592158726	0.0911475137434722	0.0876011429813137	0.0901576706577678	0.0914195344016588	0.0906254818101077	0.089893211886188	0.08754333039519	0.0906972676324977	0.0879464182624008	0.0864411958199552	0.094627768378059	0.0884454568462694	0.0877216272082247	0.0889345167679233	0.0896937323439932	0.0873885788873975	0.0856189012002135	0.0850677860487024
TTA	0.0777139619115954	0.0774324444465772	0.0789867198882229	0.078803836379012	0.0787172241959099	0.0804543689111827	0.0794008993415591	0.0791513617956896	0.0792799036127658	0.0810664783350192	0.0803694238327168	0.0804263183140775	0.0807858765567179	0.0805318837776976	0.0820044264438658	0.0810804443687824	0.080792469696149	0.081675834974246	0.0821586622021649	0.0825038012383807	0.0827422203532107	0.0819336957423027	0.083639243406478	0.0834420176572097	0.0833095368970125	0.0852769973598426	0.0849418541637524	0.0837687741554037	0.0835299602934214	0.0850234798798363	0.0844310248626688	0.0846711925674908	0.0848444466310863	0.0857169920014493	0.0849417156814729	0.084451951953207	0.0866058120264	0.0858827399410998	0.0860630462812339	0.0860118987971973	0.0851865469729734	0.0877976272281652	0.0880201888783463	0.0864286696238927	0.0875288514159614	0.0884430983282413	0.087885818413951	0.0885992741345913	0.0871288289752321	0.0919055057452575	0.0749666753971174	0.109116988340929	0.0812397595102181	0.0798006718147046	0.100285025797029	0.0761883950761936	0.0807673823893688	0.0883556194409485	0.0561938745740599	0.0648811734390071	0.084544363902441	0.0894588790179194	0.0882568929738227	0.0870739741359804	0.0884019304797648	0.0855836459316687	0.0858621909304852	0.0856074683187996	0.0874717408702089	0.0850326441332568	0.0857980307428989	0.0853857724077755	0.0846156441737181	0.0853183217945282	0.084734479267615	0.0854025268902061	0.0850287974238785	0.0842119885958984	0.0839496415178416	0.0849672293052429	0.0842232494105954	0.0820390731702678	0.0830739113860341	0.0832166959571687	0.0848814693245698	0.0816328590882232	0.0831053839519989	0.0823641981846129	0.0826601930145299	0.0819120515877443	0.0816577081377804	0.0818231195267925	0.0811204313806054	0.0813788788871149	0.0806035872431091	0.0811407214338056	0.0809065411632355	0.0809192049288882	0.0803733925286592	0.0811970230033929	0.0812825631081207
TTC	0.0927116054283807	0.093224076745164	0.0922172398101405	0.0958147504082649	0.0933872272779474	0.0949821698945785	0.0941247582558522	0.0954180441072479	0.0950197613964378	0.0967874679882845	0.0971445937492676	0.0980872480860898	0.098290842021402	0.097974876726633	0.0995724954311707	0.099437975413259	0.100057922381778	0.0997877050104298	0.101656929223906	0.102062743091946	0.101686843158186	0.102087785800756	0.103776054001844	0.101755492041042	0.102623798201744	0.103216877473244	0.10223889315364	0.105083206911568	0.104177197377741	0.103563123819285	0.103770484201744	0.104677505069878	0.105445467850329	0.105236318598261	0.10602260255831	0.105873082352472	0.107642789868367	0.106959248715003	0.107197090275738	0.107110369453574	0.108080949636821	0.108392487665359	0.108482711865312	0.110179793784724	0.107277508949351	0.10809738494014	0.111589511194927	0.110476755865943	0.113447373511033	0.133386179260292	0.0832195131422933	0.143491504097476	0.120063582348828	0.121751712649432	0.114928501497877	0.100395776247088	0.10257880499483	0.110393347298431	0.0974687820056427	0.0917394273685405	0.109118627277016	0.112247806787229	0.109694209040491	0.109189248420193	0.108968447208549	0.108952697364786	0.109476121362953	0.105713973898237	0.109485110136668	0.108180958058499	0.106500758228324	0.106969616670111	0.105194395247417	0.108600260814326	0.107318738530264	0.106209229065898	0.106590179560924	0.105474801773645	0.105679967928615	0.104953801902104	0.104510658180135	0.103794197984624	0.100758872443912	0.101112321999	0.101851464729173	0.101963079109071	0.103170472161937	0.101763476963182	0.101087650668955	0.102831049881579	0.0997371426793546	0.10250169994273	0.104163908140792	0.0998885725176085	0.100775453776513	0.0999321378817718	0.0988046392505169	0.0998968333634521	0.1002725086705	0.0964137170858525	0.0993636120637016
TTG	0.0983715701034287	0.100019428106148	0.10008749246246	0.10045965408597	0.101462682669703	0.101687519866041	0.101968683844611	0.102210346183467	0.101691477650277	0.103412977638986	0.103874189535198	0.103830121627319	0.104130993414501	0.103944255175397	0.104267983001595	0.103710842529948	0.106283211905859	0.103423651395837	0.10586574583304	0.106755189227353	0.107931632088456	0.108862261594685	0.107897058338976	0.110158546204155	0.109753876375905	0.109545933659205	0.11059436939975	0.108298098036755	0.109010117353065	0.110243440592699	0.11095562189597	0.111905063885056	0.112161113932758	0.110552628440112	0.111136746125139	0.112488682946814	0.112316642706316	0.114488176080645	0.112259564339875	0.114060989961114	0.11511608918359	0.115466795451548	0.114740898202451	0.114350856292117	0.114390584571624	0.11610353412936	0.115302787661295	0.115626332752995	0.117177446634974	0.107165116159032	0.0969288985213019	0.182245379321347	0.108783482856797	0.117688727782817	0.127841843463555	0.102186216450896	0.117184058637196	0.137841366559932	0.119444661790328	0.102134415574682	0.11544462695978	0.119070910447554	0.116364086299093	0.116923270433716	0.116754452312743	0.116559203049988	0.116682431124177	0.114812776703944	0.116174507559018	0.115598564333478	0.114463361563361	0.114215082266226	0.114558552519104	0.114534094311466	0.115454331825638	0.115952954765931	0.112263396442564	0.112967715989849	0.112576886762054	0.111033481980404	0.112434415536907	0.112490954670498	0.111036018149194	0.111158329528123	0.110832849602834	0.111552614586201	0.109461394243989	0.110274348045471	0.108542920710003	0.107069949322869	0.10897968642526	0.109331416735054	0.107695452740838	0.108431962733139	0.10614470094822	0.106863807893881	0.107123657718951	0.107722160659602	0.105398652597392	0.106298932841302	0.105244526791697
TTT	0.0709475890784754	0.0720609875686188	0.0719694208227529	0.072923108338151	0.0727324365578638	0.0724215456428609	0.0727249963338984	0.0733710542321625	0.0720490690272534	0.072703663985897	0.0738623145300843	0.0736856215477592	0.0738717655228474	0.0753315669961939	0.0740343644428882	0.0761428435311265	0.0766846568074094	0.0775836613188365	0.0758835866741797	0.0774061574955818	0.0782131590689213	0.0759244187112122	0.0778419328773684	0.0779016316172465	0.079278491193238	0.0790620620127546	0.0766399301460283	0.0785848858344044	0.0791632263551008	0.0775313075374468	0.0785554277243136	0.0782541021796941	0.0791562408497101	0.0790435153145272	0.0804487393207707	0.0800425117998092	0.0808446808693967	0.0805347127178397	0.0798116664764552	0.0805418276050589	0.0803864495969104	0.0809370469408435	0.0813226750245686	0.0810853060643272	0.0800570826810924	0.0805966849409247	0.0817309861881342	0.081987868154814	0.0836134477188634	0.0816686050427605	0.0523433920489798	0.11873737525046	0.0873913919978925	0.0803318454785604	0.082369046044585	0.081540116357954	0.0802263854433551	0.0885968391368569	0.0766835621179257	0.067101560715316	0.0807835390791134	0.0825422128894522	0.0824570243227557	0.0817796096993386	0.082512870880285	0.0820801590440142	0.0814093815733974	0.0817127419941056	0.0809784464031729	0.0810833262766986	0.0811243124059916	0.0813893690638974	0.0801589005080159	0.0786037127943124	0.0795289551411445	0.0793535114751572	0.0799255238708456	0.0788175097109822	0.0783712991841992	0.0778143147883264	0.078004940744036	0.0794379535468487	0.077964892752143	0.0779875855644577	0.0761438256566575	0.0772158255265472	0.0768308180578689	0.0766954792812676	0.0777716930717738	0.077217865653155	0.076666829678399	0.0765081581138489	0.076762319356854	0.0765923375705557	0.0762683734220385	0.0751789115009417	0.0748302993945511	0.075278043487897	0.0749396229090412	0.0750010047911948	0.0747637675845982
