KEY	511145-E_coli_Wisniewski_2014_cpc.txt_Unnamed: 1	511145-Ecoli_APEX_arike_2012.txt_Unnamed: 1	511145-Ecoli_Krug_2013.txt_Unnamed: 1	511145-Ecoli_Krug_2013_emPAI.txt_Unnamed: 1	511145-Ecoli_emPAI_arike_2012.txt_Unnamed: 1	511145-Ecoli_iBAQ_arike_2012.txt_Unnamed: 1	511145-Ecoli_strainK12_PRIDE.txt_Unnamed: 1	511145-Escherichia_coli_SC_biomart_12189_E__2reps.txt_Unnamed: 1	511145-Escherichia_coli_SC_biomart_17112_E__2reps.txt_Unnamed: 1	511145-Escherichia_coli_SC_biomart_18119_E__5reps.txt_Unnamed: 1	511145-Escherichia_coli_SC_biomart_29780_E_BTO0000214cellculture_2reps.txt_Unnamed: 1	511145-GPM_201408.txt_Unnamed: 1	511145-Lu_ecoli_2007.txt_Unnamed: 1	511145-PXD020761_Midha_Sci_Data_2020_Ecoli_DIA-SWATH.txt_Unnamed: 1	511145-Taniguchi_2010_Table_S6.txt_Unnamed: 1	511145-WHOLE_ORGANISM-integrated.txt_Unnamed: 1	511145-WT-lewis-peptide_count.txt_Unnamed: 1	511145-ecoli1_HCD_CID_PRIDE.txt_Unnamed: 1	511145-ecoli2_resolutionCombination_PRIDE.txt_Unnamed: 1
b0001	0	0	0	0	0	0	0	0	0	0	0	0	0	0	0	1e-07	0	0	0
ENSB:TC_ql9IPoUOjz7v	1021	703	546	26.9	560	437	207	719	601	666	467	625	3582	55.0	0	592	334	835	507
ENSB:Wr8Lw-5Lq5ybTy7	296	99.9	250	3.49	56.2	52.0	52.7	416	232	236	95.0	416	127	17.1	0	256	746	1185	125
ENSB:uuIEhPyS6z4d5qN	1102	973	652	12.4	1268	1100	366	952	1503	706	1022	791	5222	104	0	918	1024	1120	657
ENSB:u4DlC1PM6Ow1zQ8	0	0	0	0	0	0	0	0	0	0	0	0	0	0	0	1e-07	0	0	0
ENSB:PbtaX2ZIbnL6PZa	137	19.0	175	7.82	41.0	20.2	160	292	67.9	200	22.1	170	0	34.0	156	91.0	61.5	24.9	140
ENSB:aKXFlTaUBrUN3bd	0	0	0	0	0	0	84.2	0	0	0	0	0	0	0	0	1.46	0	0	0
ENSB:XUf3TEiueeQRPF6	4372	2168	2502	35.9	4605	2135	1230	1617	2414	2190	1861	2138	4262	4175	0	2515	1267	4006	2649
ENSB:awSsBJ8jwbqPMf0	250	163	85.9	2.95	59.6	66.1	245	229	175	90.7	70.1	75.9	0	84.7	224	87.9	0	1.95	41.9
ENSB:Za4By_2KlRelW5P	0	0	0	0	0	0	0	0	0	0	0	0	0	0	0	1e-07	0	0	0
ENSB:DxeZlKv6LUP5yrs	0	0	0	0	0	0	28.9	0	0	0	0	0.039	0	0	0	0.505	0	0	0
ENSB:m9nkSIBlA-fHgG0	0	0	0	0	0	0	24.1	0	0	0	0	0	0	0	0	0.419	0	0	0
ENSB:GFT2YwcirFuEkap	4797	3022	4898	643	4120	2751	5974	1399	5347	5061	3047	4406	5583	5781	25763	6182	1934	16435	5722
ENSB:_QyudZyG2LpeUDC	158	172	258	4.89	96.7	162	172	209	218	316	236	719	547	268	729	242	318	23.3	172
b0016	0	0	0.249	0	0	0	0	0	0	2.31	4.72	3.48	0	0	0	1.3	0	0	1.06
ENSB:S8co08BIKOYrRNQ	0	0	0	0	0	0	0	0	0	0	0	0	0	0	0	1e-07	0	0	0
ENSB:NKHy6664De1Poaz	0	0	1.64	0.079	0	0	0	0	0	77.6	0	0.596	0	0	0	11.1	0	0	36.0
ENSB:NM5jtlCkpdodPkb	3.85	0	7.05	0.631	0	0	5.24	0	0	0	0	2.54	0	2.26	0	0.925	0	0	0
b0022	0	0	0	0	0	0	15.0	0	0	0	0	6.42	0	0	0	0.515	0	0	0
ENSB:j_l0MDUQ4rp7ALY	6515	1353	1815	24.8	1131	3758	7056	3579	4085	3359	2875	5356	3901	4217	0	4661	25159	4749	5260
b0024	0	0	0	0	0	0	0	0	0	0	0	0	0	0	0	1e-07	0	0	0
ENSB:dQTKuCROkCGCUCv	83.5	0	82.9	2.07	0	0	7.31	229	0	95.3	0	146	0	29.9	140	39.8	0	2.3	44.6
ENSB:BJ77-AmnMiz_rE1	313	1071	198	11.1	466	510	995	530	440	748	583	494	319	802	678	538	38.7	379	715
ENSB:HmwEgidpv5710lo	0	0	3.76	0.208	0	0	0	17.7	0	0	0	1.78	0	0	0	0.451	0	0	0
ENSB:IC53rINVXrAGFRS	1.44	1213	52.7	1.45	286	316	740	293	292	465	451	136	0	40.3	0	260	0	0	208
ENSB:PcG9wGBklh85xJc	117	10.2	10.3	0.348	32.7	59.1	0	75.0	31.5	213	78.1	111	0	58.2	324	101	344	0	126
ENSB:JCcr_txKYF8h5vL	65.5	421	2.78	0.328	37.1	85.3	0	153	0	0	234	40.2	0	9.29	0	74.6	0	0	5.87
ENSB:Gzh3JIUYfrE6jt8	92.9	428	290	27.1	385	202	91.8	475	113	183	533	373	352	69.2	533	287	41.3	508	84.8
ENSB:kWJiQrFuCEXpeeI	58.6	273	516	64.8	134	331	1117	412	571	841	105	574	1176	189	5047	692	783	605	829
ENSB:k1AVJhcq2tvf1FY	54.2	619	396	15.6	314	299	1191	519	459	1257	434	651	647	349	0	666	433	1504	1210
ENSB:B32wk2Eypk28YZz	0	0	0	0	0	0	0	0	0	0	0	0	0	0	0	1e-07	0	0	0
ENSB:WSOD3fC1dQG_MqG	0	0	0	0	0	0	0	0	0	0	0	0	0	0	0	1e-07	0	0	0
ENSB:EUljdnj9It9fPMF	73.6	0	0.325	0.155	0	0	31.7	0	0	0	0	1.5	0	0	0	5.84	0	0	0
ENSB:XvFDM-wf5BWXfop	0	0	0	0	0	0	0	0	15.6	0	0	0	0	0	0	0.479	0	0	0
ENSB:mH49vrQnz0ZDbsw	10.3	0	0	0	0	0	13.2	0	15.2	0	0	0	0	0	0	1.42	0	0	0
ENSB:_mSx4ub2S8Iky8f	2.41	0	0	0	0	0	11.6	0	44.8	0	0	0.298	0	0	0	1.76	0	0	0
ENSB:xlghFVia4MofJX3	0	0	0	0	0	0	0	0.733	0	0	0	0	0	0	0	0.191	0	0	1.06
ENSB:4iSkAr_3IELmEyS	0	0	0	0	0	0	0	0	215	0	0	0	0	0	0	6.62	0	0	0
ENSB:ABMTM-jLKEw3r7U	0	0	0.059	0.045	0	0	0	4.72	234	9.07	0	0.363	0	0	3.45	8.7	0	0	4.2
ENSB:HbO2iUcAEfGkeD1	0	0	0	0	0	0	6.43	2.23	20.6	0	0	0	0	0	35.5	2.46	0	0	0
ENSB:ZwPlaumbpcp-96h	0	0	0	0	0	0	0	0	0	0	0	0	0	0	0	1e-07	0	0	0
ENSB:QmTeySKVs4U7t-X	0	0	0	0	0	0	0	0	0	0	6.25	0	0	0	0	1.94	0	0	4.9
ENSB:B8FWjBJoyTGZ9sr	0	0	22.0	2.65	62.0	0	0	6.46	0	0	45.5	0	0	0	0	12.6	0	0	0
ENSB:iAhVCUCitFahiM-	1.73	0	5.44	0.839	0	0	21.6	3.06	0	11.5	0	2.6	0	0	32.9	4.15	0	0	5.34
ENSB:O5ZnALAaSmhQai8	103	0	129	3.77	69.4	135	862	350	0	39.4	79.7	263	0	45.4	401	88.5	0	0	18.1
ENSB:n9wOECOWc6H-iqB	6.06	25.3	31.8	2.38	41.0	32.4	0	56.5	0	0	42.9	40.4	0	15.2	0	16.2	0	0	0
ENSB:GmFu20fQVWp5q5t	54.7	0	27.2	0.143	0	0	0	124	58.5	0	0	11.1	0	2.27	8.67	9.26	0	0	0
ENSB:eS3nEl8iAooqe1_	77.8	317	94.5	2.89	109	81.6	268	120	0	45.7	115	88.0	0	81.0	0	72.0	0	0	21.1
ENSB:iMaWJ3ECzID-g26	22.9	0	60.6	1.42	0	0	79.8	59.5	0	94.3	0	49.1	0	17.4	0	24.2	0	21.8	43.1
ENSB:q_OV25jljNYDElm	217	1026	320	9.8	1013	686	1168	474	469	608	1149	694	239	103	72.6	588	176	572	404
ENSB:5nFwe_A-4GEoyHB	128	0	218	9.94	25.9	26.7	5.61	233	189	353	30.7	139	0	85.5	0	98.4	0	5.0	185
ENSB:I1RxmsJ3oKi4yU4	55.8	0	33.8	0.634	0	0	28.9	56.2	0	186	0	49.2	0	26.1	0	52.8	0	0	184
ENSB:x2mQTbGaoDvLkb_	6.31	0	13.7	0.727	0	0	0	78.8	0	18.6	0	2.04	0	0	57.5	8.2	0	0	13.0
ENSB:gYoHfegbXv1PBV8	121	32.2	62.1	3.32	22.0	31.9	31.9	150	35.4	104	14.0	43.3	40.1	164	274	57.1	0	0	57.6
ENSB:UsTXrQw0ZqDJhAe	3.74	0	1.75	0.164	0	0	41.7	0.764	0	0	1.1	0	0	0	0	1.29	0	0	0
ENSB:DmxqdMYw5ZgVm8f	0	0	0	0	0	0	0	0	0	0	4.01	0	0	0	0	0.698	0	0	0
ENSB:I-j4ILcP1WjL4ax	4.55	0	0	0	0	30.0	19.0	26.3	70.2	0	2.29	0.622	0	0	0	5.01	0	0	6.56
ENSB:FAHIOFat1c_lcde	1.89	0	0	0	0	0	19.9	7.77	5.61	6.0	0	0	212	0	16.9	8.52	0	0	14.0
ENSB:FbG4AT273vogXag	0	0	0.925	0.127	0	0	0	68.8	0	0	17.8	1.26	0	0	0	3.86	0	0	0
ENSB:FMvVBY0OvUOReYw	0	0	0	0	0	0	0	0	0	0	0	0	0	0	0	1e-07	0	0	0
ENSB:6j_7Y84G18ET37v	6.95	0	0	0	0	0	28.0	17.4	0	13.3	0	5.43	0	0	0	3.24	0	0	6.12
ENSB:_Eth5SP7C8Z2lx9	1.11	0	0	0	0	0	0	0	0	0	0	0	0	0	0	0.078	0	0	0
ENSB:EpmdYTfmDmsikMw	19.0	824	0.019	0.015	256	217	19.6	219	212	0	403	84.8	0	8.36	0	144	23.3	0	0
ENSB:DE3KWdORboKJgKU	1.18	0	0.396	0.062	18.1	0	24.6	2.13	0	0	71.7	2.4	0	3.07	0	14.2	0	0	0
b0070	0	0	0	0	0	0	0	0	0	0	4.26	0	0	0	0	0.742	0	0	0
ENSB:q4u17ZKkygsXCSR	0	1825	40.0	1.36	1589	2550	0	1228	160	34.7	1227	503	2946	20.1	0	616	509	790	16.0
ENSB:SDqe7NUaux8CeD9	0	1307	52.3	1.58	724	1534	17.8	940	164	0	1358	439	1828	27.4	0	607	620	1850	0
ENSB:ZoyZxR8PRHHZJOA	5.59	1066	1901	7.26	858	1353	0	755	211	194	1407	975	0	7.57	0	767	518	2512	92.5
ENSB:kbExxKq4-45EfIB	0	1542	1485	126	2718	1714	13.2	813	123	7.56	1957	724	1326	23.8	0	955	131	2665	9.5
b0075	0	0	0	0	0	0	0	0	0	0	0	0	0	0	0	1e-07	0	0	0
ENSB:Jn2jnGFsZgARG4w	0	0	0	0	0	0	0	0	0	0	0	0	0	0	0	1e-07	0	0	0
ENSB:UQWT4uuEitXKjB-	7.84	439	203	19.0	263	270	0	279	90.2	123	304	215	0	6.56	0	151	49.6	75.4	91.7
ENSB:N2yhsfubZYp-Jwe	60.8	536	630	86.4	587	351	0	660	341	356	639	261	0	5.06	0	441	1040	1063	245
ENSB:_7Q3hWqXT84wFYa	117	0	34.1	1.14	0	141	171	191	298	84.6	20.4	83.9	0	18.9	304	59.9	0	0	39.4
ENSB:N1a6JaIUinzujvc	42.9	0	108	5.98	0	0	0	52.1	0	0	0	30.7	0	3.75	62.0	15.8	0	25.1	0
ENSB:46GZ9t23zDP52lL	65.3	45.8	187	4.74	37.1	68.9	358	237	48.7	407	26.6	158	0	133	212	124	32.3	78.8	210
ENSB:oiJpCqmFf0MKNNv	0	0	20.1	1.43	0	0	0	31.0	0	0	0	12.7	0	3.15	0	3.09	0	0	6.14
ENSB:Ijhw00h9x61_l6i	0	0	1.97	0.213	0	0	36.4	13.8	0	59.0	0.248	11.5	0	12.2	0	10.1	0	0	27.5
ENSB:w5pQBBjPIBn8xa1	126	107	243	9.29	35.2	30.9	86.6	129	104	363	70.9	135	61.8	86.3	336	140	0	20.8	246
ENSB:CvQdoNTLnotmKDj	57.0	0	159	3.65	0	44.1	32.6	107	0	164	0	79.7	0	21.9	202	63.3	0	29.4	130
ENSB:yaEzJFveEoSkgbY	4.88	0	16.5	0.659	0	0	0	0	17.5	94.9	2.03	2.71	0	5.35	0	15.8	0	0	43.8
ENSB:w3QVo5VAPRK40Jv	56.0	40.0	187	3.44	25.4	32.8	50.8	86.4	27.0	411	28.5	122	0	37.3	0	92.2	0	23.4	195
ENSB:RiIX9-_Ryt95NoW	0	0	2.12	0.138	0	0	27.4	1.98	6.12	12.6	0	0.914	0	1.98	0	2.7	0	0	6.01
ENSB:CV1N2zsH-oxibq-	197	0	61.6	1.77	0	0	49.4	94.2	304	51.9	27.6	59.1	0	69.5	131	51.1	0	1.1	23.8
ENSB:8_Tl9r58H1jgkYk	67.7	0	175	9.91	0	35.2	81.5	226	36.2	377	5.76	128	0	167	0	95.2	0	67.4	212
ENSB:oRIUPX3_6gxBOcA	53.2	0	203	2.35	37.1	34.7	207	150	86.4	128	28.3	135	0	70.5	0	58.0	0	40.0	57.4
ENSB:GRh7H2UrTjn_xc4	0	0	12.2	0.887	0	0	11.8	7.98	0	34.8	7.17	10.7	0	9.86	0	7.83	0	0	16.1
ENSB:FygEmic6HgdWP2J	120	169	162	14.1	138	126	52.0	120	34.2	150	258	228	0	62.3	623	162	0	25.1	154
ENSB:P-bZKHJzXEHlmub	1484	1391	1293	585	1436	833	956	508	721	942	834	1377	1152	696	0	899	591	432	811
ENSB:xOIiMExu9pQ3Xb8	109	0	212	4.95	36.6	0	0	137	14.2	160	9.49	32.0	0	26.9	0	49.5	0	0	74.9
ENSB:wn6pEm0Fh6qXQHq	0	0	0	0	0	0	41.9	7.15	0	0	8.64	0	0	0	0	2.3	0	0	0
ENSB:2fvb-wC-2YPNVxW	238	383	369	22.9	282	252	356	498	191	542	387	412	249	336	754	372	50.6	615	365
ENSB:AgfyVikjyM0_Am1	21.5	0	3.84	0.187	0	0	0	41.6	0	0	0	5.87	0	3.75	40.9	4.42	0	0	0
ENSB:LiC90BjNkSUlRfF	1.68	0	0	0	0	0	65.9	0	99.0	126	0	26.0	0	12.8	232	34.6	0	0	58.4
ENSB:PUaS1IxBQ44hHEz	180	0	81.5	2.18	68.9	61.0	55.5	241	21.0	314	44.1	47.3	0	95.0	0	88.5	79.7	0	159
ENSB:TXski3s81YgbOSm	5.98	0	35.8	1.31	0	0	54.3	155	0	0	0	18.6	0	9.89	0	5.83	0	0	0
ENSB:E2RDIAxhdXIHMcL	242	111	326	14.1	128	95.7	15.4	264	527	845	184	544	104	0	714	412	329	966	646
ENSB:BLEMsIa4aFLF-Sj	0	0	0	0	0	0	0	0	0	23.8	0	0	0	0	0	3.41	0	0	11.2
ENSB:7lqb0bbNmjzgYNQ	0	0	0	0	0	0	20.5	0	0	0	3.77	0	0	0	8.19	1.4	0	0	0
ENSB:WRoTjhJ7BCU9m_o	0	0	0	0	0	0	0	0	0	0	0	0	0	0	0	1e-07	0	0	0
ENSB:8TBDY5ydBeXJd5m	93.6	475	92.7	7.87	202	135	99.5	96.7	22.1	101	412	131	0	42.9	414	173	29.5	62.7	57.8
ENSB:r_YMmv80BZE6sIX	58.6	0	8.52	40.4	0	0	41.6	69.0	0	0	0	32.9	0	4.22	0	8.58	0	0	0
ENSB:n44l9c_QiofUHiH	0	0	16.0	0.369	0	0	0	86.2	27.9	53.8	0	17.0	0	1.35	0	10.9	0	0	24.8
ENSB:Mvnq36OEEq0Lqea	0	598	49.2	8.27	51.8	132	0	122	0	0	281	37.2	0	2.63	0	90.0	0	0	0
ENSB:xQ-TNb1WggoaAfz	84.0	0	32.6	0.953	0	38.9	0	125	0	31.6	17.2	124	0	11.2	0	23.9	0	22.4	14.9
ENSB:MEzV63vtsBIKHQ1	2884	1733	3054	119	2374	1995	2985	1467	1984	1447	2597	2764	2443	8183	8918	2507	389	1321	1730
ENSB:yURk1pShxSflPSV	3070	1562	2136	108	1519	1198	1324	1275	1134	1421	1256	1796	1875	2702	8997	1864	433	804	1612
ENSB:HdyppMpN7TYbqKF	4664	1889	2741	81.8	2113	2567	2875	932	3094	1285	1919	2796	3059	3321	5132	2281	2808	1221	1437
ENSB:afB0shYKHkxRMD5	0	0	0	0	0	0	30.7	0	0	0	0	0	0	0	0	0.534	0	0	0
ENSB:hm9F5rJQF1TqJb5	2870	2657	93.9	7.87	3781	3081	1293	1942	905	879	2661	1466	4011	2556	2449	1713	1298	160	789
ENSB:HHvLu_FXEgOc_Ly	41.7	0	61.0	29.7	0	0	0	134	0	383	0	29.2	0	14.9	40.9	64.0	0	0	165
ENSB:Sy1u0jHXnHimmh0	52.2	0	389	26.0	0	0	121	183	0	138	0	226	480	21.3	515	118	127	244	66.1
ENSB:x7UJvvN-hUMNbBg	214	155	430	19.4	37.1	108	20.8	223	36.8	385	35.7	248	726	90.9	0	172	0	26.8	343
ENSB:c1FhIdvb2IUueFf	0	0	22.5	1.56	0	0	0	180	0	0	0	18.7	0	9.32	0	36.7	618	24.1	0
ENSB:kaZqdjPWEiKPrDs	12.6	347	89.1	1.08	107	174	10.2	90.0	0	65.9	172	77.2	0	42.7	6.99	79.3	54.6	0	30.4
ENSB:B-hTmJCiRaeLWv2	15.9	114	364	20.8	66.9	67.0	314	79.9	0	51.5	88.1	75.1	0	112	0	66.7	0	0	23.7
ENSB:U2vBboTkwyw1tqb	332	276	431	60.3	267	237	2171	509	107	730	377	233	0	225	0	345	103	40.2	486
ENSB:73pBGmJs0e03pSo	294	1113	876	15.4	758	939	318	980	276	484	816	518	1795	354	0	603	157	339	741
ENSB:_gtxJpzkzlHqSDd	36.1	65.8	149	7.11	74.3	92.8	76.6	230	22.1	7.77	92.2	95.3	0	86.5	121	53.5	0	0	7.96
ENSB:1SBAL_76gezF_MX	0	0	0	0	0	0	0	0	0	0	0	0	0	0	0	1e-07	0	0	0
ENSB:V2iitlgBbSORKXj	0	0	0	0	0	0	0	0	0	0	8.64	0	0	0	0	1.5	0	0	0
ENSB:__7dMHg3zk6VzP5	0.305	0	0	0	0	0	6.89	0	0	0	0	0	0	0	20.6	1.85	0	0	4.14
ENSB:mfgb360C_9jFGF6	89.4	0	37.9	3.11	87.5	0	0	1196	709	123	23.0	234	0	8.53	0	133	584	361	51.3
ENSB:W9p5x-o2lfeSJ_p	0	0	0	0	0	0	0	0	0	0	0	0	0	0	0	1e-07	0	0	0
ENSB:dtHSq4a2j3SoFDr	432	1139	740	115	694	388	250	754	435	410	883	485	297	307	564	519	89.9	114	380
ENSB:2Z-3R7jpvN3YXzv	80.4	2692	1322	309	391	1005	160	879	244	1380	977	1053	1116	254	0	891	339	584	1297
b0135	0	0	0	0	0	0	20.6	0	0	0	0	0	0	0	0	0.358	0	0	0
ENSB:4Jj9bGVEm0rXFqa	0	0	0	0	0	0	0	0	0	0	0	0	0	0	0	1e-07	0	0	0
ENSB:b-bQbB1yopJ6dY7	0	0	0	0	0	0	91.5	0	0	0	0	0	0	0	0	1.59	0	0	0
ENSB:IBDLeKrQUTeoVb5	0	0	0	0	0	0	0	0	0	70.9	0	0	0	0	0	10.1	0	0	33.4
ENSB:G2lRAETrpuauFEU	0	0	0	0	0	0	43.6	0	0	11.2	5.16	0	0	0	13.5	3.87	0	0	5.09
ENSB:4sfD3e7zzPAi9k0	0	0	0	0	0	0	31.9	0.921	0	0	0	0	0	0	0	0.564	0	0	0
ENSB:0N80J4fEd-C2Jao	0	0	0	0	0	0	0	0	0	0	0	0	0	0	0	1e-07	0	0	0
ENSB:Px3fYtuLP-l7RKJ	0	0	34.7	1.25	0	0	0	31.3	0	0	0	42.5	0	2.83	0	3.98	0	0	0
ENSB:6YY_912o5WqTXWD	34.6	0	61.2	1.28	0	0	88.8	109	86.8	85.9	4.14	54.2	0	55.8	282	42.8	0	5.32	47.2
ENSB:RojF4OgXLoImGaL	9.69	0	4.34	1.02	0	0	0	34.0	0	0	0	5.2	0	3.68	23.9	2.72	0	0	0
ENSB:QsSfTArMUM83T2D	879	1262	106	5.86	601	1252	600	743	727	525	792	501	2266	454	0	657	912	317	682
ENSB:dcw4jQ0c-2e_ke0	17.9	0	21.2	0.746	0	0	25.8	13.2	0	0	0	16.8	0	5.83	0	3.83	0	0	0
ENSB:GrnnJI7M6N0ZP-7	2.99	0	1.39	0.158	0	0	0	70.8	0	0	6.84	4.31	0	0.806	16.5	3.14	0	0	0
ENSB:ekGRjmAvi_TFmWH	31.5	0	10.4	0.347	0	0	15.3	1.0	0	0.92	0	2.49	0	35.9	0	4.6	0	4.43	0.424
ENSB:I7oCq4j10KlsC7Y	61.7	9.26	63.4	2.16	11.2	98.0	36.8	93.5	32.2	60.3	3.08	38.6	0	9.43	9.99	30.0	0	5.59	59.6
ENSB:5IYYbrqSfH-ZIZr	70.5	0	438	4.32	0	0	4.27	292	0	350	2.55	130	0	0	41.3	110	43.8	0	270
ENSB:4h-tvEYyQV--AhP	10.8	0	75.9	12.1	0	0	11.6	29.5	0	87.7	0	17.0	0	0	117	25.3	0	0	45.9
ENSB:6QidRQ2X9kgKlBb	0	0	6.16	0.749	0	0	9.12	0	0	0	0	0	0	0	0	0.515	0	0	0
ENSB:-SQN-vApuhl5k72	0	0	0.317	0.038	0	0	0	1.43	0	0	0.503	0.452	0	0	0	0.137	0	0	0
ENSB:12Vs2kItLBo2VBR	571	675	668	11.8	234	402	1007	301	465	651	382	456	116	748	0	521	148	1877	340
ENSB:4OEMcPkex1gBAsp	8.81	0	7.83	0.649	0	0	0	0	0	10.6	0	2.97	0	0	0	2.72	0	0	5.08
ENSB:s0WEFn0raozR7O7	24.6	547	7.01	0.637	172	302	2242	420	366	193	214	262	646	848	2108	323	165	83.0	87.2
ENSB:xkczhaq7O5jqfJI	0	0	0.205	0.143	0	0	0	0	0	0	0	0	0	0	0	0.015	0	0	0
ENSB:GjKNwZ_o9fY3mCI	12.8	0	1.7	0.147	0	0	14.0	23.5	0	0	0	6.51	0	0	0	1.73	0	0	0
ENSB:M51zE8VWUluIlk9	279	141	458	43.9	107	186	242	411	121	570	41.7	279	881	468	0	300	112	596	532
ENSB:dTn7eS-32bHDhW3	2.26	0	10.5	0.617	0	0	7.98	18.6	0	25.7	0	25.2	0	1.38	0	6.38	0	0	15.6
ENSB:CzJ5c86H21K_cvv	135	1234	628	15.8	640	648	728	326	1139	1310	658	2025	708	216	0	726	131	548	1044
ENSB:5fucWXBaB2ZcGbU	35.0	0	0	0	0	0	0	0	0	19.1	1.46	1.03	0	0	6.79	6.36	0	0	12.1
ENSB:8JOzmxiNy7F1UKW	1067	1022	1171	4.48	2202	1545	1157	1295	647	984	1563	1010	0	145	1588	1060	873	1101	552
b0164	0	0	0	0	0	0	0	0	0	0	0	0	0	0	0	1e-07	0	0	0
ENSB:VAbMIIO6nT7aDqc	1061	1731	1760	49.5	1081	803	3577	1311	3439	1422	1289	1400	4642	1946	0	1672	454	4444	1655
ENSB:__j7oIGIUMO9T8U	36.7	30.7	49.3	2.52	16.6	7.03	11.7	83.7	11.2	56.0	13.5	33.7	0	8.73	81.6	26.5	0	0	34.4
ENSB:zG4_cL22jHYUVta	210	458	662	36.4	295	289	1524	382	98.4	560	301	388	97.7	468	1322	398	181	209	373
ENSB:Li80daz5hm_JIqA	5516	3574	4078	1254	3368	4026	5125	3719	3252	2349	3142	3393	5294	2868	0	3504	6919	4863	2809
ENSB:J-QAee8sAZZvnqq	6721	3180	4553	807	5709	2835	2519	2040	2602	2039	2613	2882	6100	12839	7686	3902	3101	4675	2688
ENSB:kU-OLDyv8N_Wg2_	395	105	271	21.3	131	161	161	409	288	913	203	346	235	31.8	1448	431	40.7	430	821
ENSB:u8bG6oiqeqJWtn0	1724	894	1667	208	2084	1419	3372	1267	1243	1037	2893	2351	1712	1122	94.7	1794	1915	2164	1725
ENSB:PCZatbZKnvcj-Fr	44.3	0	20.3	0.972	0	0	26.7	0.674	17.8	0	0	13.6	0	15.5	0	6.23	0	0	0
ENSB:ToNeEEKt-agpvwa	0	0	568	1.62	0	0	73.3	16.7	0	73.2	0	16.2	0	16.0	223	54.4	0	0	33.4
ENSB:-xg2LstrC2z0ihT	7.5	0	20.1	0.17	0	0	0	0	0	0	4.43	5.36	0	0	0	2.61	0	0	0
ENSB:j3bxInMhcjX_iMQ	3.19	0	66.0	2.02	0	0	0	34.5	0	20.0	3.27	18.4	0	9.91	0	8.95	0	0	11.3
ENSB:v07ihfqervmzLSG	342	222	577	12.1	132	167	99.1	517	689	684	209	384	0	249	0	295	5.27	2.11	514
ENSB:19-xAaoeAC70RBt	3689	1410	1518	11.0	1283	2742	2245	1142	538	973	1101	1913	1354	2866	215	1620	3873	1812	1494
ENSB:uVD-ulileM02lWO	54.3	422	260	7.77	156	375	122	118	0	129	288	194	0	34.1	1018	191	162	12.5	59.8
ENSB:hAnwdkxdoZvdHoR	1083	2066	669	288	943	677	0	199	261	260	859	573	324	1118	1790	704	335	275	336
ENSB:4j8MUmC_gZzWMiZ	227	433	443	4.48	241	362	0	359	307	616	708	484	164	119	0	380	63.9	105	511
ENSB:MNsA3LVnjMjJsC0	14.2	52.1	20.3	1.26	29.8	230	6.1	35.1	0	0	18.8	27.0	0	11.7	138	40.2	382	0	0
ENSB:Nctxk6DoFaOkgN8	0	0	0	0	0	0	0	29.7	0	0	0	14.9	0	9.28	0	17.0	319	0	0
ENSB:VacUkNhNDGPEbtn	7.45	0	1.46	0.294	0	0	10.1	10.6	0	5.41	3.87	7.03	0	7.13	86.2	7.07	0	0.307	3.23
ENSB:5hrrsIx_2ch4_Yn	772	942	437	205	1503	715	606	786	274	887	940	750	780	578	0	852	631	2115	744
ENSB:DroNgOarBBSq4xD	0	0	17.1	1.44	0	0	0	4.27	0	38.8	0	3.52	0	0	93.9	11.2	0	0	18.3
ENSB:AyUk9gv7RX7K8HN	0	0	63.9	4.51	136	108	0	123	0	0	87.9	48.1	0	0.347	325	46.3	0	0	0
ENSB:ppoMDpT-HslT6YK	7.8	0	15.5	0.732	25.4	0	67.4	46.4	0	33.7	5.63	9.26	0	2.63	0	10.9	0	0	17.1
ENSB:WShytfMnUbqOT7R	89.0	245	68.9	2.65	228	254	862	373	0	131	199	157	0	11.8	0	118	0	11.4	60.3
ENSB:5PM-1hsLyswJwWo	48.2	0	4.61	0.351	0	0	22.9	44.8	0	0	0	3.83	0	0	89.6	8.93	0	0	0
ENSB:G-JjtXip3Oh1KRl	0	0	0	0	0	0	75.9	13.3	0	0	0	0	0	0	5.56	1.71	0	0	0
ENSB:JL2QyyaTv11wPDB	34.2	0	33.4	1.94	0	0	17.4	113	0	28.2	0	35.3	0	12.2	0	11.5	0	0	13.4
ENSB:mbRSgsicuA3IL0e	0	0	0	0	0	0	0	2.46	0	0	0	0	0	0	0	0.024	0	0	0
ENSB:NC9uVxfqT_kkTmJ	567	850	1089	178	750	782	968	761	533	598	872	763	1358	997	0	734	429	1014	708
ENSB:2mdq2URTsYw52Hj	5.7	0	10.9	0.696	48.9	0	10.7	23.7	0	0	8.42	12.9	0	0	0	6.06	0	0	0
ENSB:y3niEK_hjVS_MVI	497	0	200	3.85	0	0	0	277	1094	267	0	221	0	37.8	0	165	0	0	323
ENSB:zRkkP06x3iICdOq	1020	2472	4978	47.0	2186	3160	0	3588	3259	1037	3335	1694	69.2	107	165	1871	1459	1312	1201
ENSB:1DilMyuwqKnumgX	0	0	42.6	1.52	0	0	0	128	61.2	104	0	74.3	0	16.0	0	23.7	0	0	49.0
ENSB:NS5LPYW-n220EWp	43.4	245	248	12.8	108	104	0	95.0	26.1	241	139	121	0	41.6	0	110	0	57.6	126
ENSB:1LnCmI-QUF4oWWp	0	0	33.8	0.833	0	0	19.9	131	0	263	0	146	0	34.8	0	52.8	0	58.7	127
ENSB:4n9PWgD_iIBnKH0	0	0	234	11.2	115	146	140	317	55.1	214	207	97.5	0	5.64	0	107	0	106	102
ENSB:AWWSFdVG4ta7pZW	40.3	0	25.1	1.8	0	13.1	0	91.5	0	16.0	6.54	30.0	0	6.96	197	19.5	0	0	7.51
ENSB:hDAlIM8RnWw-kkT	24.5	0	26.2	1.11	0	0	123	87.7	0	62.2	0	16.9	0	3.7	84.3	21.3	0	0	37.3
ENSB:1HBqv6CKPivqXtd	0	0	0	0	0	0	0	0	22.6	0	0	0	0	0	0	0.696	0	0	0
ENSB:FLxKG4K2T25wQiv	0	0	0	0	0	0	18.8	0	0	8.17	0	0	0	0	8.16	1.89	0	0	3.88
ENSB:zCF5V7-gGglrjJS	44.7	1126	55.5	2.76	274	221	14.8	328	25.8	33.4	518	97.8	0	11.4	77.1	189	0	0	15.1
ENSB:8-wW1Fbm4SJ4-54	0	0	4.74	0.331	0	0	0	0	0	0	0	0	0	0	0	0.267	0	0	0
ENSB:uFMd3BU5mRr5kJh	3.45	0	32.0	1.38	0	0	21.4	25.1	0	25.6	0	17.9	0	1.25	0	7.01	0	0	11.9
ENSB:GTl6rbbi_EwrHwG	1.56	0	0.219	0.021	0	0	0	12.9	0	0	7.98	2.45	0	12.5	0	2.06	0	0	0
ENSB:FTjrLlhYfGdtU_X	0	0	0	0	0	0	54.2	3.79	0	0	0	0.589	0	0	0	4.6	0	0	20.7
ENSB:5U25NNLhs2dY-mv	25.6	0	59.9	7.69	0	0	0	131	0	0	0	28.8	0	8.15	239	19.3	0	0	0
ENSB:T9Z_b995W3CsY0s	729	1788	294	105	731	551	278	728	0	421	781	433	2898	80.2	0	613	651	540	453
ENSB:U-pI7MbIdyHBZuL	3.54	190	25.6	2.03	57.2	94.7	25.0	256	9.57	12.6	189	101	0	6.06	126	63.9	0	0	5.86
ENSB:CXhBsfP4SPjmVYv	1262	1832	783	35.5	1266	933	279	887	431	1237	1040	990	1679	376	0	968	210	921	1226
ENSB:NvfWx-Q1mfxj6Dr	112	0	156	3.85	0	0	59.4	28.8	0	50.5	0	45.0	0	14.3	0	27.8	0	0	27.6
ENSB:q4-YQmM4ySujAb7	0	0	0.077	0.043	0	0	13.0	22.4	19.7	0	0	5.35	0	1.83	0	1.31	0	0	0
ENSB:P72V6TgWSaOea2Z	0	0	3.71	0.737	0	0	0	0	0	0	0	0	0	0	0	0.223	0	0	0
ENSB:3QGYHfUjGk--741	0	0	5.3	0.967	0	0	118	230	0	39.4	0	56.6	0	3.66	582	40.4	0	0	18.6
ENSB:sKEz-bQdBVrxDSu	0	0	0	0	45.4	0	39.2	3.0	0	0	18.6	0	0	21.6	0	6.99	0	0	0
ENSB:HE91U2QD_kfxKTe	0	0	0	0	0	0	54.5	0	0	29.2	0	0	0	0	1.66	5.15	0	0	13.4
ENSB:Mc_INGL09BlxHEC	0	0	0	0	0	0	0	1.87	0	0	10.3	0.006	0	0	0	2.35	0	0	3.13
ENSB:TbmZwgvyimeV3tL	0	0	3.47	1.48	0	0	36.0	9.76	0	0	0	0	0	7.0	0	1.14	0	0	0
ENSB:7ZTiZsM9YMEYCuq	0	0	0	0	0	0	0	54.5	0	0	0	0.824	0	0	24.7	1.74	0	0	0
ENSB:ovFweToebdMNAGV	0	0	0.054	0.032	0	0	0	0	0	0	0	0	0	0	0	0.004	0	0	0
ENSB:OyfL1EBw5grPeQp	862	1005	1710	65.8	666	808	1789	716	773	919	878	891	125	1431	1750	982	1375	349	1167
ENSB:YGL1f3yMdcIrVSL	1261	107	399	19.5	74.3	400	98.2	380	573	52.5	70.0	548	0	805	0	240	128	277	30.9
ENSB:T_Fa5w08wkG6_k7	125	59.0	95.3	9.76	25.9	43.1	172	71.7	0	77.1	24.3	64.1	0	51.8	52.0	47.9	0	25.6	43.6
ENSB:wTWzopIy3p7Y8UE	1350	0	38.4	0.091	0	0	9.13	36.0	456	0	11.0	20.1	0	0	0	129	263	19.8	0
ENSB:UkvugW0RA5cYC5P	193	196	286	23.6	163	127	231	199	267	178	133	161	289	152	0	143	214	41.8	83.5
ENSB:_hT-Mqqw7e1Da_d	157	778	420	20.9	385	254	245	178	242	206	322	212	0	195	539	256	54.3	185	109
b0245	0	0	0	0	0	0	0	0	0	0	0	0	0	0	0	0.729	0	0	4.19
b0246	0	0	0	0	0	0	2772	56.1	0	0	0	0	0	0	0	48.7	0	0	0
b0247	0	0	0	0	0	0	0	0	0	0	0	1.07	0	0	0	0.042	0	0	0
b0248	0	0	0	0	0	0	0	0	0	0	0	0	0	0	0	1e-07	0	0	0
ENSB:xxQoxMSzftc289j	0	0	0	0	0	0	0	0	0	0	0	0	0	0	0	1e-07	0	0	0
b0250	0	0	0	0	0	0	0	0	0	0	10.9	0	0	0	0	1.89	0	0	0
b0251	0	0	0	0	0	0	0	2.14	0	0	10.1	0	0	0	0	1.78	0	0	0
b0252	0	0	0	0	0	0	11.5	0	0	4.06	0	0	0	0	0	1.1	0	0	3.77
ENSB:GYDYayBRl4lK2UK	0	0	0.037	0.072	0	0	0	0	0	0	0	0.376	0	0	0	0.019	0	0	0
b0254	0	0	0	0	0	0	11.7	3.56	0	0	0	0.032	0	0	0	0.239	0	0	0
b0256	0	0	0	0	0	0	11.6	0.324	0	16.5	0	0	0	0	0	2.54	0	0	7.66
b0259	0	0	0.048	0	0	0	9.48	2.76	0	0	0	21.4	0	0	0	1.04	0	0	0
b0260	10.2	0	13.9	1.0	0	0	0	0	0	0	9.37	1.44	0	0	0	3.19	0	0	0
b0261	0	0	27.2	3.8	0	27.2	0	52.0	0	98.1	20.7	13.6	0	3.71	0	20.6	0	0	45.6
ENSB:vPIw5m8FLPOVL-r	0	0	0	0	0	0	0	4.3	5.18	0	2.84	1.5	0	0	0	0.754	0	0	0
b0264	0	0	0	0	0	0	16.5	0	0	0	0	0	0	0	0	0.287	0	0	0
b0265	0	0	0	0	0	0	0	0	0	0	0	2.29	0	0	0	0.09	0	0	0
b0267	0	0	0	0	0	0	18.7	4.48	0	0	0	0	0	0	0	0.369	0	0	0
b0268	0	0	5.22	0.364	0	0	46.2	51.6	41.4	84.1	13.8	735	0	0.997	0	61.3	0	0	125
b0269	0	0	0.1	0.088	0	0	0	0.541	0	0	0	211	0	0	0	8.37	0	0	0
b0270	0	0	0.976	0.128	0	0	0	3.99	0	0	4.72	7.11	0	0	0	1.2	0	0	0
b0271	0	0	12.8	0.656	0	0	0	0.35	0	0	0	26.2	0	0.66	0	2.08	0	0	1.79
b0272	0	0	13.1	0.989	0	0	0	95.9	0	0	0	26.1	0	16.4	0	3.13	0	0	0
b0273	84.5	0	28.2	1.16	0	0	2.68	95.9	163	12.7	62.4	199	189	0	0	49.8	86.7	88.0	11.7
b0274	0	0	0	0	0	0	16.5	0	0	0	0	0	0	0	0	0.287	0	0	0
b0275	0	0	0	0	0	0	0	0	0	0	0	2.29	0	0	0	0.09	0	0	0
ENSB:33bvT-FbUVQgZ29	0	0	0	0	0	0	0	0	0	0	0	0	0	0	0	1e-07	0	0	0
b0278	0	0	0	0	0	0	0	0	0	14.5	0	0	0	0	0	3.86	0	0	17.1
b0279	0	0	0	0	0	0	0	0	0	0	0	0	0	0	0	1e-07	0	0	0
b0280	0	0	0.708	0.083	0	0	0	0	0	0	0	0	0	0	0	0.041	0	0	0
b0281	0.2	0	1.2	0.104	0	0	28.2	5.55	0	5.61	0	1.91	0	0	0	1.51	0	0	2.66
ENSB:mAdPw4iTrZCrlG5	0	0	0	0	0	0	28.7	5.64	0	0	2.1	0	0	0	0	0.92	0	0	0
ENSB:taxhAdQlMN4tQt8	0	0	0	0	0	0	8.85	1.01	7.26	0	7.06	0	0	0	0	2.1	0	0	2.82
ENSB:2EF24I8A3jgR_U1	0	0	0	0	0	0	0	0	0	0	0	5.66	0	0	0	0.224	0	0	0
ENSB:FlMUEyON-qWrAtn	0	0	0	0	0	0	199	0	0	0	0	0	0	0	0	3.46	0	0	0
ENSB:gOcMRg7jEXgfJBM	901	0	380	39.0	0	0	15.0	481	401	828	0	183	0	253	0	274	0	0	614
b0288	0	0	0	0	0	0	0	0	0	0	0	0	0	0	0	1e-07	0	0	0
ENSB:3-_1m5G6IIkTMKS	0	0	0	0	0	0	14.6	6.71	0	0	11.0	0	0	0	0	2.23	0	0	0
ENSB:ka-mQFdYEIHfo6b	0	0	0	0	0	0	0	2.63	13.6	47.7	0	0	0	0	0	7.19	0	0	22.0
ENSB:zYBbMAsPgTCSZbT	0	0	0	0	0	0	8.41	1.88	0	4.17	1.75	0	0	250	0	9.78	0	5.76	11.6
ENSB:E0JcknimvkR7dwY	0	0	0	0	0	0	0	3.24	0	18.6	0	0	0	0	0	2.64	0	0	8.45
ENSB:ND03BYs_O2aCFmD	0	0	0	0	0	0	0	7.32	0	0	0	0	0	0	0	0.07	0	0	0
ENSB:gYVz-yXRTjAvMc2	0	0	0	0	0	0	111	14.3	0	0	0	0	0	0	0	2.07	0	0	0
ENSB:SFPf2NYONZ_g_Bs	0	0	0	0	0	0	215	20.0	0	0	9.84	2.6	0	0	0	5.75	0	0	0
ENSB:JgZ6rgrv7HQjZkQ	0	0	2281	259	0	0	0	25.5	0	0	0	830	0	0	0	360	1241	1745	0
b0298	0	0	2.21	0	0	0	21.4	3.71	0	0	0	4.43	0	0	0	0.704	0	0	0
ENSB:IFeKleE7iyJBiLV	0	0	0	0	0	0	0	0	0	0	2.61	0	0	0	0	0.453	0	0	0
b0303	0	0	11.3	0.668	0	0	0	0	0	0	0	0	0	0	0	0.633	0	0	0
ENSB:mApz1yHcs5oLo6O	55.7	0	53.5	2.14	0	0	17.1	131	24.9	0	3.16	22.2	0	2.37	0	10.7	0	0	0
ENSB:8xmntGFjmkW_O-b	4.31	0	0.058	0.034	0	0	10.3	2.77	0	0	0	1.75	0	0	0	0.584	0	0	0
ENSB:TGS0Z8Ke1VybgPs	66.6	0	0	0	0	0	44.8	11.4	0	0	0	2.88	0	1.15	0	5.74	0	0	0
ENSB:rtmjKSY8l9l9tI5	88.5	0	0.002	0	0	0	21.0	0	26.4	0	3.02	3.62	0	0	0	10.1	39.3	0	0
ENSB:3JEiM4B28a6nL_h	32.1	0	0	0	0	0	9.64	28.9	21.8	40.5	1.06	11.8	0	0	0	11.0	24.4	0	18.9
ENSB:COyHpnU_xLALGLz	0	0	0	0	0	0	0	0	0	0	0	0	0	0	0	5.73	0	0	33.0
ENSB:fMPVGAkRJtbN01-	1.26	0	0.382	0.064	0	0	15.8	0	1.05	0	2.12	9.45	0	5.13	0	1.3	0	0	0
ENSB:063vCCpi1tJkgq4	49.3	0	76.0	2.52	0	0	34.1	0	0	88.3	0	157	0	12.2	0	32.9	0	0	72.8
ENSB:g6a0jXaTJqji_Kd	5.03	0	0	0	0	0	29.7	19.1	0	0	0	6.76	0	0	0	1.32	0	0	0
ENSB:TQVMRAzd9blS96y	0	0	3.7	0.169	0	0	10.7	5.24	0	0	8.61	7.83	0	0	0	2.69	0	0	2.53
ENSB:cW8byyfOlcO827W	8.92	0	5.43	0.373	0	0	0	5.77	0	7.75	0	3.26	0	0	0	2.23	0	0	3.67
ENSB:iT8wT0ID7KRODpM	0	0	0	0	0	0	6.14	1.23	0	0	0	0	0	0	0	0.119	0	0	0
ENSB:3g8lyUthAzxgrT2	0	0	0	0	0	0	0	0	0	0	0	0	0	0	0	1e-07	0	0	0
ENSB:mNBkc4EDCscBoW6	0	0	0	0	0	0	0	3.99	0	0	0	0	0	0	0	0.038	0	0	0
ENSB:1DdAbJ2cv0SzBVG	0	0	0	0	0	0	31.3	1.07	0	0	1.43	0	0	0	0	0.803	0	0	0
ENSB:zZibSn-W3__aEkV	0	0	0	0	0	0	5.16	3.28	0	0	0.916	0	0	0	0	0.935	13.1	0	0
ENSB:ekEEA6UbDAKQb7Q	0	0	5.6	0.026	0	0	59.0	16.4	0	0	0	0	0	0	0	1.49	0	0	0
ENSB:wLO5qV96UICDueY	0	0	0	0	0	0	0	0	0	0	3.54	0	0	0	0	0.616	0	0	0
ENSB:TfmwSrXHIOGxaol	0	0	22.7	0.982	0	0	18.9	9.92	0	0	0	2.72	0	267	0	8.85	0	0	0
ENSB:QvAQJMgEQuUBMfB	0	2537	461	66.7	2551	2457	6.78	694	64.5	480	1443	307	0	86.9	0	721	185	4.93	453
ENSB:_khBLz_gjqeVapQ	0	0	0	0	0	0	9.34	0	0	0	3.32	0	0	0	0	0.74	0	0	0
b0327	0	0	0	0	0	0	0	0	0	0	0	0	0	0	0	1e-07	0	0	0
ENSB:DJsWfx-uGa_DEvD	0	0	0	0	0	0	0	0	0	0	0	0	0	0	0	1e-07	0	0	0
ENSB:pkJ_KXzZPUsfrsM	0	3159	63.2	0.674	2841	7014	0	1645	0	870	3251	654	0	30.5	0	1157	297	0	400
ENSB:t477ao4wCBdUiGF	0	0	0.633	0.094	0	0	0	20.4	0	41.7	0	1.12	0	0	0	6.14	0	0	19.1
ENSB:FdsWglMyNEnWm9o	0	317	0.061	0.067	178	191	0	259	0	0	176	55.8	0	0	0	63.8	0	0	0
ENSB:GQ89bT0WEw2RoOZ	0	206	0	0	128	140	0	89.7	0	3.9	167	53.4	0	0	0	52.0	0	0	1.78
ENSB:LKVoqkSQGZlLlDM	0	341	9.54	0.081	345	263	0	179	0	0	243	37.9	0	0	0	85.8	0	0	0
ENSB:W3vJcfNHvv3cqAA	0	0	0	0	0	0	0	3.53	0	0	0	1.53	0	0	0	0.094	0	0	0
ENSB:3z28aZdl7utP_Jr	0	0	7.19	1.43	0	0	37.5	0	0	50.7	0	11.9	0	0	0	8.61	0	0	22.8
ENSB:3OnkLUGfxy2ugz9	21.4	566	82.8	7.87	165	220	0	256	1019	894	354	378	545	208	0	430	50.8	128	1087
ENSB:tgGujevrOIMiuHS	0	0	0.39	0.183	0	0	0	0	0	0	0	0	0	2.57	0	2.14	0	0	11.8
ENSB:sMZ-GkEfWZRJbH2	0	0	0	0	0	0	21.6	4.88	0	0	0	0	0	0	0	0.423	0	0	0
ENSB:9FLqD6u7oCHRXXU	0	0	0.045	0.074	0	0	42.3	8.56	0	0	0	0.667	0	0	0	0.849	0	0	0
ENSB:hYDT_Q2B2g6FO67	0	0	0	0	0	0	0	3.68	10.4	6.29	4.07	0	0	0	0	1.94	0	0	2.85
ENSB:YkHLLlwB0GSWEZO	0	0	0	0	0	0	0	11.2	61.9	19.8	51.9	71.0	0	0	0	18.3	0	0	18.8
ENSB:V7B7_piQRm38Z5J	0	0	0	0	0	0	13.7	0	239	0	40.0	13.9	0	0	0	15.1	0	0	0
ENSB:b5e6UYtXcwWlB6r	20.1	10.2	0	0	0	0	12.7	0	3198	0	0.827	356	0	6.32	0	115	0	0	0
ENSB:1S7X96vgLBXghUw	7.18	0	7.6	0.523	0	0	468	44.0	0	0	0	515	0	4013	0	136	0	0	0
ENSB:q18sS-H9sIE3NKQ	0	33.6	0.492	0.382	41.5	16.4	14.3	169	0	10.1	15.6	38.9	0	18.4	0	12.3	0	0	4.64
ENSB:yluUlXMJoZCQZHM	0	0	0	0	0	0	23.8	0	0	0	2.9	0	0	0	0	1.25	0	0	1.88
ENSB:-mkSaBfd7m6fOcP	0	0	0	0	0	0	0	0	0	0	0	0	0	0	0	1e-07	0	0	0
ENSB:bhk2IcYFgmxDcCY	0	0	0	0	0	0	49.6	0	0	23.1	0	1.9	0	0	0	4.24	0	0	10.9
ENSB:h-j5eotPEh5749u	0	0	1.56	0.143	0	0	19.0	0	0	0	3.84	0	0	0	0	1.09	0	0	0
ENSB:XgRPNrcHga6D2Aa	0	0	3.59	0.239	0	0	0	0	0	0	0	0	0	0	197	9.62	0	0	0
ENSB:VJeICBlOSBlLaBh	0	16.1	1.89	0.351	32.7	0	241	6.91	0	0	49.0	0.362	0	0	18.6	16.4	0	0	0
ENSB:uBmLUEk7lGoxNjE	0	0	0	0	0	0	0	0	0	0	0	0	0	0	0	1e-07	0	0	0
ENSB:AXtd3njQHLrqGXE	35.6	30.2	63.7	0.361	62.0	77.8	244	224	223	73.1	35.0	108	0	5.6	0	46.2	0	0	34.4
ENSB:rJh2ITFwJ1MXo9V	3.21	0	3.48	0.268	0	0	0	6.37	0	20.9	0	58.7	0	21.0	0	6.31	0	0	9.61
ENSB:eW9GF7-5Xz6d4Ls	137	393	17.6	1.4	100	229	201	148	17.1	228	158	178	0	414	302	139	0	0	118
ENSB:NWtFbXLFmB90tWJ	131	161	32.6	2.23	123	59.5	150	466	0	31.3	133	110	0	36.9	1936	187	378	116	15.0
b0358	0	0	0	0	0	0	35.7	0	0	0	0	2.27	0	0	0	0.711	0	0	0
b0360	0	0	0	0	0	0	7.18	0	0	0	0	31.1	0	0	0	1.36	0	0	0
b0361	0	0	0	0	0	0	140	0	0	1.9	9.42	0	0	0	0	4.34	0	0	0.886
b0363	0	0	0	0	0	0	19.3	3.24	0	0	1.89	0	0	0	0	1.25	0	0	3.19
b0364	0	0	0	0	0	0	37.0	0	0	0	0	0	0	0	0	0.644	0	0	0
ENSB:a7qPotZ4oN1aoFZ	0	0	9.28	0.394	0	0	469	0	0	0	0	1.24	0	0	0	8.71	0	0	0
ENSB:XTJrZbHPnB4MSM9	0	0	0	0	0	0	30.7	0	0	0	0	0	63.8	0	0	1.79	0	0	0
ENSB:W8zZLDFjcG-C6MH	0	0	0	0	0	0	0	0	0	0	0	0	0	0	0	1.67	0	0	9.58
ENSB:XV0NitR3-GM0V61	0	0	7.44	0.244	0	0	51.1	0	0	0	0	5.62	0	0	0	1.52	0	0	0
ENSB:eL3n_ANfO_ZE9yE	227	245	361	45.6	187	430	413	46.0	130	139	176	222	0	58.3	0	161	0	236	95.7
b0372	0	0	0	0	0	0	0	0	0	0	0	0	0	0	0	1e-07	0	0	0
b0373	0	0	2.21	0	0	0	21.4	3.71	0	0	0	4.43	0	0	0	0.704	0	0	0
ENSB:D0E7ommyCDPBWiM	0	0	0	0	0	0	0	8.63	0	0	0	0	0	0	0	0.083	0	0	0
ENSB:Ry-CBM_KbZ6IF65	0	0	0.846	0.124	0	0	77.4	7.37	26.3	0	0	28.3	0	6.98	0	5.12	31.0	0	0
ENSB:jDhHRYxYnAGPp7W	7.65	0	5.98	0.603	0	0	0	7.92	0	0	0	1.35	0	0	0	1.01	0	0	0
ENSB:ovEB0HwXQ_hBaQ7	3.54	0	56.3	0.916	0	0	18.3	39.8	0	0	0	18.1	0	9.48	0	5.0	0	0	0
ENSB:VetsK0Gwryg59wJ	0	0	0	0	0	0	0	0	0	0	0	0	0	0	0	1e-07	0	0	0
ENSB:oDCt_5YYQMMd3hx	0	0	0	0	0	0	0	29.5	0	0	0	0	0	0	0	0.284	0	0	0
ENSB:3FzMkhSSG7lMhyc	710	0	179	5.81	0	175	314	82.0	372	335	5.86	154	0	368	271	184	310	47.4	201
ENSB:AXCoRWcIHnwNv_K	104	1291	52.2	0.546	902	780	0	322	0	704	738	386	0	7.93	0	520	0	496	899
ENSB:_VEPUMC_1TY2MHC	2.85	0	0	0	0	0	0	3.36	549	13.3	0	86.7	0	0	0	22.5	0	0	6.32
ENSB:1ni9UV_D_4ax45B	0	144	26.2	6.98	107	93.3	367	90.4	0	0	161	113	0	4.52	0	60.6	93.0	0	0
ENSB:LXbtNqBoxZ2D4OQ	0	0	0	0	0	0	11.2	0	0	0	0	0	0	0	0	0.195	0	0	0
ENSB:szABclISrBYoDiu	313	795	337	11.6	353	423	238	414	180	320	493	295	163	38.2	0	278	143	42.0	149
ENSB:joL4haYb45STeUo	76.3	0	5.93	39.2	0	0	84.8	52.6	0	60.6	0	19.5	0	4373	37.0	136	0	0	28.3
ENSB:grHW9v9P3gZUuPr	50.9	144	148	20.5	63.0	85.8	29.3	267	0	0	134	91.6	0	23.6	0	64.1	0	122	0
ENSB:-K9iUri8ZQ65sme	0	790	95.7	2.1	446	450	235	443	0	0	471	56.5	0	2.85	433	190	0	0	0
ENSB:roFmPpPx7n1-hZ7	0	506	66.4	0.909	107	149	0	256	0	0	257	34.3	0	0	0	86.1	0	0	0
ENSB:8IwteMxrGQobUWw	171	1263	259	16.0	290	442	263	965	207	1148	867	498	0	132	1087	652	907	370	852
ENSB:cy4rWBh1Ykxms2V	122	67.2	234	4.35	143	134	827	259	585	254	233	175	0	154	0	170	0	12.0	186
ENSB:SU37mXlsqdBw7dd	46.1	356	5.24	0.872	290	159	23.2	223	0	26.2	361	88.5	0	10.2	0	114	0	0	21.3
ENSB:jMo465y-Gvw2APX	0	0	0	0	0	0	0	2.02	0	0	0	0	0	0	0	0.019	0	0	0
ENSB:T6LXmXHOUMBHgRA	0.696	0	0.295	0.06	0	0	20.0	13.7	0	10.6	0	6.68	0	836	31.9	26.0	0	0	5.29
ENSB:FKSgIE16nkqcTrX	3.45	0	0	0	0	0	0	0	0	0	0	1.52	0	3.29	0	0.391	0	0	0
ENSB:JserwtprSfJ9n53	5.68	0	51.6	3.24	0	34.2	0	102	88.0	0	0	24.0	0	15.8	0	8.8	0	0	0
ENSB:U6oKMXG-Dz6mbEU	2.59	0	3.68	0.748	0	0	0	2.23	57.5	39.3	7.84	2.22	98.7	2.12	116	16.8	0	0	18.5
ENSB:kUl9aoDosVhj_bb	11.3	0	66.9	0.351	0	0	14.9	0	0	0	4.29	4.5	0	0	0	5.63	0	0	0
ENSB:Ug4CsXFv5usXirL	1.79	0	5.71	0.858	0	0	17.7	0	0	0	0	10.0	0	3.7	0	1.26	0	0	0
ENSB:ycLMZ3d65kJxOcu	0	0	9.24	1.16	0	0	27.4	4.32	0	0	0	3.28	0	1.57	0	1.23	0	0	0
ENSB:C8HZf_kFgnBa0zb	16.8	0	0.242	0.096	0	0	0	34.0	0	0	0	1.4	0	1.78	0	1.63	0	0	0
ENSB:-B4HMjjvLdaeIoE	57.2	0	45.2	0.724	0	0	0	31.5	19.0	0	0	38.5	0	92.0	0	11.4	0	0	0
ENSB:wBdyb-SZCNdD9XS	193	0	68.2	5.61	29.3	28.1	120	46.3	34.9	93.7	9.44	146	211	48.2	0	55.5	0	50.6	57.6
ENSB:SGdtFiql7BAYsEg	1506	782	1811	56.8	424	1010	210	1295	3089	1369	442	2175	0	767	16269	1766	0	155	1812
ENSB:F_fTuVxXhV0naQw	279	153	170	4.51	101	59.5	107	169	292	231	87.8	124	0	420	0	131	108	75.7	106
ENSB:wRpGLN3VTTTEzmN	56.3	55.5	122	5.8	34.2	41.3	69.8	101	107	338	16.5	89.2	0	28.0	0	76.6	0	0	157
ENSB:2mGPZGtJi4Thj_n	12.9	571	0	0	212	180	0	152	636	0	1156	52.1	0	38.5	0	270	0	0	0
ENSB:I52QkQX_bPzMlgu	859	66.3	235	3.86	78.2	94.2	14.5	759	245	487	60.8	358	0	325	0	226	0	0	377
ENSB:MTlR5tnWyvhVehB	0	0	27.6	2.59	0	0	13.5	55.1	0	17.8	0	8.83	0	0	0	6.31	0	0	14.6
ENSB:KEgEYCYDwa08-ex	624	92.6	4.04	0.483	114	86.7	313	447	307	152	157	138	0	36.6	0	131	0	0	70.9
ENSB:5rTFhYmkbRtrNC8	272	95.0	68.2	13.2	30.3	17.8	106	60.3	27.3	236	38.1	73.1	0	45.7	0	84.4	0	14.2	143
ENSB:yCvnZDrzXEZXiXG	935	2916	601	175	1925	1670	1353	2680	506	1859	2021	1638	2377	420	0	1614	2557	2940	1309
ENSB:ScVpo98uUySVF6x	546	260	597	1.14	178	514	284	575	621	299	153	297	0	395	0	230	92.1	46.4	141
ENSB:ZXsHmtO75ucaSca	134	145	20.6	1.21	53.7	65.6	30.8	97.1	0	0	117	50.2	0	28.6	0	47.8	0	17.6	0
ENSB:fHObO80ujQjBwJa	0	0	0	0	0	0	0	59.7	0	0	40.2	0	0	0	0	7.56	0	0	0
ENSB:swUULi3IkUCchFc	54.6	490	306	24.1	312	387	47.0	297	15.4	270	448	124	0	29.0	0	198	0	0	147
ENSB:RJY7Tm1azT18vUP	56.7	114	37.1	1.83	66.9	37.5	89.4	162	0	70.3	76.4	72.8	0	42.9	631	76.6	0	0	32.3
ENSB:s_ToJZG6EuBl_mQ	41.0	120	34.7	3.25	37.1	62.8	253	137	0	0	142	92.7	0	82.0	240	61.7	0	0	0
ENSB:76tW-vltfZQV6le	0	68.7	6.34	0.45	145	168	223	597	793	528	139	214	0	131	0	289	415	594	612
ENSB:pn0XM2TCj9jvFh3	76.4	0	71.7	2.95	0	0	20.5	89.7	64.9	276	7.26	87.8	185	87.5	0	70.7	0	3.64	174
ENSB:Ew0aVJQR6Jl4HsK	275	254	334	17.7	130	139	370	245	64.1	262	129	127	0	89.6	0	145	0	80.3	127
ENSB:uwUbSxSxfeV5hqe	33.4	0	51.9	1.86	0	0	10.8	15.4	0	0	1.03	20.4	0	16.1	0	6.98	0	0	0
ENSB:YWlPx2sO4a2o8gz	1347	1401	2110	265	1090	1837	2049	1543	1092	1361	1234	1053	0	694	1356	1300	1097	1097	1616
ENSB:SaGz2wq6myzc0-0	5.03	0	0.543	0.094	0	0	21.6	0	0	0	0	0.579	0	0	0	0.786	0	0	0
ENSB:W3lCy0fhhsR_Tbm	0	0	0.14	0.036	0	0	0	0	0	0	0	0	0	0	71.8	3.44	0	0	0
ENSB:JVgJkT7X6nEikFL	0	0	0	0	0	0	0	0	0	0	0	12.5	0	0	1207	58.2	0	0	0
ENSB:GdMuNkEhRuNf_Z-	53.2	0	30.7	0.659	0	0	0	0	0	0	0	36.2	0	0	495	30.6	0	0	0
ENSB:CC39qemxVlEWDpM	248	66.3	279	8.09	24.4	258	56.1	132	27.3	307	64.1	191	0	92.4	0	120	0	8.66	203
ENSB:nkCHUcsIEJrMKfc	1277	337	527	24.9	164	295	120	287	0	347	398	442	0	152	0	328	373	114	194
ENSB:XYG5yEGD-F-eQoT	0.731	0	0.209	0.039	0	0	0	9.23	0	0	0	0.389	0	0	0	0.168	0	0	0
ENSB:FMY1C1LJFX9rqrP	485	747	154	1.46	535	377	99.4	463	439	299	798	512	0	277	101	377	0	37.4	287
ENSB:aYZJyNw2gxEDLxw	186	540	73.3	71.1	175	183	235	1059	0	261	366	320	0	14.5	868	273	0	0	379
ENSB:AWG14uw6N3P5BsR	3887	2157	2410	48.2	2444	2164	3372	1713	2622	1765	1883	2460	4058	7097	7718	2869	4640	3978	1884
ENSB:h_UbWFghOReBSF8	183	599	1450	98.8	264	1199	610	843	1167	1026	373	1163	2338	395	4591	991	2507	516	957
ENSB:nbP2qPYZiDKLdVS	360	679	216	4.94	316	272	357	356	260	647	404	447	1484	1095	0	835	686	5683	391
ENSB:sUKWxIcHEuqS_FY	626	366	598	37.5	299	478	178	511	459	455	454	654	202	716	1680	465	74.4	120	431
ENSB:er1pkElN72tockR	10821	17574	2429	6.75	4698	8498	6794	2622	2000	2624	20164	5141	2381	5566	12127	8637	12980	4747	3474
ENSB:Yk35oMSPuH6uZ3s	438	416	606	8.38	400	287	341	435	923	431	462	405	0	368	0	352	210	67.6	312
ENSB:X8405VZXQVLoF0v	0	0	0	0	0	0	0	0	0	0	0	1.18	0	0	0	0.047	0	0	0
ENSB:93DSteFPloWWuuh	0	404	23.8	0.665	197	198	0	258	0	0	360	39.7	0	6.09	0	102	0	0	0
ENSB:pEGzSDrHICFRYTs	119	103	12.7	0.977	73.8	104	129	153	0	58.4	55.1	78.7	0	35.9	167	53.4	0	0	26.9
ENSB:kJzhERd88a13l5l	0	0	1.62	0.053	0	0	0	0.416	0	0	0	0	0	0	35.4	1.79	0	0	0
ENSB:0eTJ1dpVzrjZDwS	0	0	0	0	0	0	0	0	0	0	0	0	0	0	0	1e-07	0	0	0
ENSB:TSo58VgTEs4rEfz	0	0	3.33	0.706	0	0	110	60.4	0	0	0	4.48	0	2.91	0	2.95	0	0	0
ENSB:mnYkv-ic_NPQDww	0.722	0	3.21	0.312	0	0	0	0	0	25.9	0	1.11	0	1.49	19.8	4.95	0	0	12.1
ENSB:lkC7TBSffuk0hCu	7.13	0	7.99	0.286	0	0	4.28	0	0	0	0	1.54	0	2.63	57.4	3.9	0	0	0
ENSB:EuVmyXyblHsIq5A	0	0	41.1	1.38	0	0	25.2	132	1581	784	0	80.5	0	0	0	234	0	0	748
ENSB:T8jwaFpbceDkLwZ	0	0	15.0	0.17	0	0	131	9.49	1705	1338	0	2.25	0	0	0	243	0	0	610
ENSB:GB6mO-DbTiWRjFy	32.9	241	281	7.7	59.6	81.6	109	262	106	171	184	123	0	117	0	117	94.3	19.9	106
ENSB:HB9ZuSp2k1CqSfY	43.1	1545	1709	16.7	453	889	0	924	0	220	1198	1270	0	32.6	0	522	0	0	162
ENSB:wbeDhGdMSW1cb0O	0	0	2.05	0.143	0	0	0	9.47	0	0	0	3.7	0	0	42.5	2.39	0	0	0
ENSB:rGzIA7ncjtSc5AT	0	152	12.2	1.61	155	154	0	151	0	0	262	50.3	0	0	11.2	68.5	0	0	0
ENSB:Kr-FNW7qXFOPa7m	8.48	0	4.67	0.537	0	0	12.5	0	0	0	0	2.57	0	0	0	1.19	0	0	0
ENSB:TgRYs-P93-zcXUU	0	0	3.79	0.187	66.9	0	24.5	266	0	168	35.9	116	0	86.0	0	43.6	0	0	77.3
ENSB:apOjRn245R4R60a	0	0	2.39	0.162	0	0	0	73.9	0	0	0	52.9	0	7.24	86.5	7.27	0	0	0
ENSB:ywKOSb5GIarA0nl	0	0	0	0	146	0	49.2	477	0	0	71.4	20.6	0	11.3	0	26.9	0	0	0
ENSB:LtlT4gdnCTp4GnB	0	0	0	0	0	0	0	0	0	0	0	0	0	0	2.97	0.142	0	0	0
ENSB:iFyNyEUjmxKycwB	71.9	128	197	8.12	33.7	76.9	0	76.7	209	73.2	55.6	100	86.1	121	0	61.5	0	0	33.5
ENSB:63Zlkdc_BXuy3tL	652	391	888	8.45	236	435	182	308	1316	731	383	437	0	624	0	430	155	128	505
ENSB:ogHuREY0fydYqMP	4.73	0	4.64	0.161	0	0	0	15.1	0	0	0	6.78	0	0	0	1.64	0	0	3.67
ENSB:fYk5T3HEHJMdts8	25.4	0	27.7	1.18	0	0	7.02	0	32.9	21.4	0	12.5	0	30.6	0	15.1	127	0	10.0
ENSB:6mWSOjnjqEjSiM9	0	0	0	0	0	0	0	0	0	0	0	0	0	4.42	0	0.117	0	0	0
ENSB:6gXygXA2MyyS7OM	0	0	4.86	0.41	0	0	107	21.1	0	0	0	15.9	0	5.56	0	25.3	0	0	127
ENSB:u5awwE-uMGJWnX7	0	0	18.4	0.267	0	0	0	11.6	0	72.8	0	0	0	0	0	11.3	0	0	33.2
ENSB:FMsl3vE87nFYx9H	223	331	812	70.1	323	239	274	654	433	258	337	584	1234	712	0	350	158	742	119
ENSB:Pyp6lgHZFNGBCMH	7.25	8.77	9.34	0.555	18.6	14.1	58.4	30.9	0	5.14	12.4	19.0	0	53.1	152	16.3	0	0	2.39
ENSB:klLGZ3FS10mPdyc	873	1663	418	86.4	4795	795	631	1132	28.1	454	2526	895	0	9.68	968	1187	616	1317	223
ENSB:2POO9nSs6Mj5PjW	37.5	0	0	0	0	0	12.0	43.7	0	88.5	0	27.0	0	13.4	0	17.4	0	0	41.9
ENSB:CEz7r3gCLMZcczJ	2227	628	1009	59.1	501	471	1444	548	1466	977	599	842	1168	1127	0	867	70.9	800	1134
ENSB:ddP5WcwrxmifosJ	2004	903	1120	61.5	1579	1142	4972	1059	2182	1777	1255	1576	1549	1831	7270	2757	3341	7408	3973
ENSB:8WDndJ5scYHpOXl	11.5	0	7.31	0.714	0	0	0	12.9	34.0	21.8	0	20.9	0	6.49	5.31	8.56	0	0	20.5
ENSB:pMUfSADUGcPvvYk	4.29	0	0	0	0	0	0	13.8	0	0	0	114	0	0	0	4.95	0	0	0
ENSB:wzIuDdbjtcJ9fzy	37.5	0	26.3	1.62	0	0	166	8.3	0	70.2	7.83	70.7	0	28.6	0	24.6	13.6	0	44.2
ENSB:Kq9xui3M9WXR2so	0.84	0	22.6	0.64	0	0	17.7	34.5	25.6	67.4	0	43.0	0	33.2	0	19.9	0	0	59.9
ENSB:3qm9KjV2FXdCq3p	0.595	0	0.895	0.613	0	0	0	0	34.8	0	0	4.0	0	0	0	4.28	0	0	16.9
ENSB:SD6Eqv6GII7Bowh	70.9	369	80.3	2.58	239	211	38.2	275	62.9	106	307	179	0	19.6	0	147	56.4	239	51.2
ENSB:nrtktKicMUV3qAs	289	29.7	398	319	116	88.1	697	321	0	65.0	101	185	194	27.1	292	146	0	22.9	120
ENSB:4w1ZHnMfI6g0bZ2	0.513	0	5.58	0.376	0	0	10.1	0	0	0	0	0	0	0	86.7	4.67	0	0	0
ENSB:86hNO_tsU8RgnGh	3.62	0	18.9	1.3	0	0	55.6	96.3	0	0	0	26.0	0	7.18	0	4.43	0	0	0
ENSB:oSx5-JcyQ16Tz_y	56.1	131	172	4.36	52.3	108	147	332	185	270	130	86.7	0	6.26	0	109	147	0	131
ENSB:YBZu2gHaNiRKs11	0	0	115	3.19	0	0	390	128	0	331	0	167	0	29.4	234	80.9	0	0	160
ENSB:h4fRA4GHi1usPj2	0	0	0.381	0.087	0	0	0	0	0	0	0	14.5	0	0	0	0.597	0	0	0
ENSB:o36Tr1UaIYHV9Yr	0	0	8.01	0.818	0	0	32.7	72.4	0	30.9	0	11.0	0	12.4	0	6.91	0	0	14.6
ENSB:hnqbgJnftlICbAF	25.6	0	0	0	0	0	0	46.5	155	0	9.65	3.06	0	0	0	8.83	0	0	0
ENSB:7iBBq6al5gfWizQ	381	0	84.8	6.33	36.6	0	0	103	109	234	29.2	65.0	0	12.5	0	80.6	0	0	117
ENSB:KyZJNucScpLPjdn	31.6	0	35.0	1.92	0	0	41.5	90.1	32.0	0	0	36.9	0	15.0	0	8.62	0	0	0
ENSB:qIAbhz2CVkYXHcQ	25.4	0	3.91	0.33	0	0	0	33.9	0	22.0	0	5.96	0	0	0	5.78	0	0	10.7
ENSB:kzc4L8v0R31FSyS	249	800	446	40.4	237	531	78.5	483	58.6	1261	457	529	0	39.4	1349	575	0	171	1188
ENSB:SFdVdbD6kG6LMrx	6.63	0	24.7	0.416	0	0	50.5	45.1	181	166	6.88	26.1	0	15.6	306	49.5	0	0	76.7
ENSB:c5VTFg6zeH1n8Qp	20.6	73.6	110	6.07	82.1	69.9	8.72	67.9	0	0	63.4	304	0	8.74	0	43.9	61.1	0	0
ENSB:ULJRfZAsiGbfhmi	3.83	0	42.7	4.63	0	0	159	51.8	0	0	0	27.3	0	2.41	0	11.1	79.1	0	0
ENSB:KwcgzXxBq5d1hQn	1.28	0	7.48	0.291	0	0	5.22	0	0	9.49	0	2.87	0	0	0	2.18	0	0	5.14
ENSB:2y_zdoehRDpRpmp	0	0	0	0	0	0	5.59	0	0	0	2.11	0	0	0	0	0.465	0	0	0
b0498	0	0	0	0	0	0	0	0	0	0	0	16.7	0	0	0	0.662	0	0	0
ENSB:x86RXnTy6ekXNN1	0	0	1.44	0.157	0	0	85.1	0	0	11.0	0	1.09	0	1.55	72.1	6.64	0	0	5.05
ENSB:w3D4LB04RtWCDeW	1.12	0	0	0	0	0	0	0	0	0	0	0	0	0	0	1.32	0	0	7.12
ENSB:DfnQPYor2k_KbUi	18.3	0	0	0	0	0	11.7	0	0	0	0	0	0	0	0	1.5	0	0	0
ENSB:OwvOozoJSUUj-w_	26.9	0	203	6.58	40.1	19.2	298	247	50.6	361	6.95	125	0	115	0	92.6	0	98.3	168
ENSB:EFtV1tJNp6fKZRb	0.062	0	1.88	0.081	0	0	0	1.49	0	0	3.84	0.258	0	0	12.5	1.4	0	0	0
ENSB:4iXIXboWVXBjFXq	0	0	0.118	0.032	41.5	0	0	5.65	0	0	20.4	0	0	0	0	5.87	0	0	0
ENSB:kmv-OGzsY6WxYMb	0.676	0	0.237	0.073	0	0	29.6	0	0	0	0	0	0	0	0	0.577	0	0	0
ENSB:kHdBPMqEmnu71uy	0	0	0	0	0	0	0	0	0	0	0	0	0	0	0	1e-07	0	0	0
ENSB:tGAE0hPyLql2icf	0	0	0	0	0	0	0	3.15	0	0	5.82	5.43	0	0	0	1.63	0	0	2.17
ENSB:BWMzKq5BjD6ZUDP	0	0	0	0	0	0	0	0	0	0	0	0	0	0	0	1e-07	0	0	0
ENSB:OhDgbFzjaCQ9jSN	1.04	0	0.879	0.118	0	0	17.3	0	0	0	0	1.03	0	23.0	44.5	3.2	0	0	0
ENSB:jjRVIlqee7zgJ0F	23.2	0	113	2.37	0	49.7	0	26.0	86.5	208	99.3	62.9	0	12.7	0	64.4	0	50.2	93.9
ENSB:3mrFU-mVuudjl7L	4.95	0	0	0	0	0	14.3	0	0	0	0	26.7	0	0	10.9	2.18	0	0	0
ENSB:VjYwPGV8ErKLBtl	6.75	0	0	0	0	0	0	2.97	9.28	0	0	0	0	0	0	0.791	0	0	0
ENSB:JsAylM73kt3CJu7	0	0	0	0	0	0	0	0.297	0	0	0	0	0	0	0	0.003	0	0	0
ENSB:pm-9MgVkfycr1Ig	0	0	0	0	0	0	19.5	0	0	28.1	0	0	0	0	0	4.27	0	0	12.7
ENSB:DHDOgYQzZ2zRouf	0	0	0	0	0	0	0	0	0	0	0	0	0	0	0	1e-07	0	0	0
ENSB:2B18WAvIV-loeNn	3.75	0	52.6	1.18	0	89.1	125	119	0	181	16.8	84.9	243	476	0	60.9	0	57.5	81.3
ENSB:qPSmGmRFiF1IlTY	2.45	525	271	9.89	256	400	249	702	449	1645	652	573	1191	1019	0	701	965	658	1318
ENSB:o54zt-WnShOetMs	0	0	7.39	0.482	45.4	0	0	37.6	0	0	3.74	6.03	0	0	57.3	6.87	0	0	0
ENSB:pkC05bNomyIm8ei	2420	846	2085	320	871	1349	4427	1068	1632	1591	1395	2114	1925	496	4070	1649	1036	672	1939
ENSB:qo-1idGfJzsFOND	237	354	321	30.8	180	133	712	246	111	494	253	337	0	225	846	308	0	501	300
ENSB:iDT5usV-A-a1gNz	0	0	0	0	0	0	0	0	0	0	0	0	0	0	0	1e-07	0	0	0
ENSB:Av8XLPrM9Tz4CJB	331	353	177	13.9	806	267	0	618	0	298	242	146	0	173	0	200	0	3.0	140
ENSB:18UUBOw42Y8sL8q	235	145	523	17.8	61.6	123	335	299	27.9	195	62.9	240	0	450	0	151	147	17.5	176
ENSB:CLbpHU_EZCLto2x	0	0	0	0	0	0	0	0	0	0	0	0	0	0	0	1e-07	0	0	0
ENSB:BLToTxXySrwv1DU	0	0	0.715	0.776	0	0	0	2.01	0	0	0	0	0	0	0	0.642	0	0	3.23
ENSB:VWsRmJdVfQ0xHxh	0	0	0	0	0	0	0	0	0	0	0.574	0	0	0	0	0.1	0	0	0
ENSB:hed2sf625Cc1Mf_	0	0	0	0	0	0	33.2	0	0	0	0	0	0	0	0	0.577	0	0	0
ENSB:ZM_wdsV89TNm7-Y	0	0	0	0	0	0	0	0	0	0	0	0	0	0	0	1e-07	0	0	0
ENSB:zSEczexrMpcQ0kS	0	0	0	0	0	0	0	18.1	0	4.46	0	0	0	0	0	0.812	0	0	2.1
b0537	0	9.26	0	0	0	0	0	0	0	0	59.4	0	0	0	18.7	11.7	0	0	0
b0540	0	0	2.21	0	0	0	21.4	3.71	0	0	0	4.43	0	0	0	0.704	0	0	0
b0541	0	0	0	0	0	0	0	0	0	0	0	0	0	0	0	1e-07	0	0	0
ENSB:1_4t8w2QbpKvt0Q	0	0	0	0	0	0	0	8.89	0	0	8.31	0	0	0	0	1.53	0	0	0
ENSB:lQES2p3a1wGfOLA	0	0	0	0	0	0	28.6	0	0	14.9	4.73	0	0	0	0	3.57	0	0	7.71
b0545	34.0	0	2.33	0.179	0	0	63.9	27.6	0	0	0	0.811	0	0	0	3.95	0	0	0
b0546	3.27	0	2.51	0.097	0	0	0	9.69	0	0	0	2.48	0	0	0	0.562	0	0	0
ENSB:SzYyxawaIyVKHi-	0	0	0	0	0	0	0	0	0	0	0	0	0	0	0	1e-07	0	0	0
ENSB:8v1dMDVi4Gkl_-y	0	0	0	0	0	0	103	0	0	0	0	0	0	0	0	1.8	0	0	0
ENSB:BbzSerJpKXhhFbj	0	0	0	0	0	0	0	0	0	0	0	0	0	0	0	1e-07	0	0	0
ENSB:NL-5_Y73hOXmAH3	0	0	0	0	0	0	0	0	0	0	0	0	0	0	0	1e-07	0	0	0
ENSB:fYe8feOEEkmtDlc	0	0	0	0	0	0	0	0	0	107	0	0	0	0	0	15.2	0	0	50.1
b0552	0	0	0.048	0	0	0	9.48	2.76	0	0	0	21.4	0	0	0	1.04	0	0	0
ENSB:0VBM_CQ9Q2wdWt6	0	0	0	0	0	0	235	0	0	0	0	0	0	0	0	4.08	0	0	0
ENSB:-JPJ18EdRAt77DA	0	0	0	0	0	0	82.9	0	0	0	0	0	0	0	0	1.44	0	0	0
ENSB:5ZKPx-746KaGiJA	0	0	0	0	0	0	46.4	10.1	9.6	0	10.3	0	0	0	0	2.99	0	0	0
ENSB:SGiwTAjyNr5zX5i	1319	0	123	0.9	0	0	0	247	2865	0	0	151	0	0	0	196	0	0	0
b0558	0	0	0	0	0	0	0	0	0	0	0	0	0	0	0	1e-07	0	0	0
ENSB:BJVVRMgHy9Q5j2A	0	0	0	0	0	0	150	0	0	114	0	0	0	0	0	18.6	0	0	51.9
ENSB:pwGo36lPjoW2jDt	0	0	0	0	0	0	0	0	0	0	0	0	0	0	0	1e-07	0	0	0
b0564	0	0	9.06	0.645	0	0	33.3	2.43	0	0	0	3.6	0	1.28	0	1.29	0	0	0
ENSB:fCNxx21-ZsSw2yk	201	290	3698	266	213	174	13.8	1383	1974	1510	201	1388	84.4	110	0	778	40.3	248	1403
ENSB:p_v8l_Dk_6uJmFs	0	0	0	0	0	0	29.9	0	0	0	12.2	2.0	0	0	0	2.73	0	0	0
ENSB:dVsJrcUi8PEOoJG	16.6	0	4.7	0.372	0	0	0	10.4	0	0	11.0	2.2	0	0	0	3.54	0	0	0
ENSB:ynpJKqKVQTgGkuQ	32.4	0	9.73	0.492	0	0	1.3	1.26	0	2.29	0	17.9	0	0	11.4	5.01	0	0	4.29
ENSB:dYL4SbPS5o9KZ_V	0	0	0	0	0	0	25.6	1.36	0	5.23	4.29	0.412	0	0	29.5	3.37	0	0	2.43
ENSB:MmHhWG149pUpzW6	0.238	0	1.27	0.157	0	0	19.3	67.5	0	11.4	0	3493	0	1.75	22.6	142	0	0	5.32
ENSB:A3Kf_Zg592X863i	8.37	418	8.84	1.32	167	104	0	325	0	0	396	43.0	0	2.89	0	107	0	0	0
ENSB:wlsd2WjzkXuILlb	0	247	0	0	154	101	7.68	151	0	0	172	25.4	0	0	0	55.0	0	0	0
ENSB:tDLcWLvFYfLRPN2	0	0	0	0	102	902	0	1819	0	0	16.4	150	0	0	0	43.5	0	0	0
ENSB:QzqlBk2lWo14ebG	0	168	0	0	160	120	5.06	189	0	0	132	22.7	0	0	0	47.1	47.2	0	0
ENSB:aRYZarFE9ajqzis	0	0	0	0	0	0	10.1	87.3	6.79	1.86	1.75	14.3	0	0	0	4.58	0	0	13.6
ENSB:5p5lCFO5RqMO5-J	0.974	0	1.01	0.041	0	0	14.3	0	0	0	0	7.46	0	0	0	0.669	0	0	0
ENSB:eNbYfetHid6sBxc	52.4	0	24.0	1.11	0	0	0	4.54	0	11.6	0	35.8	0	8.58	95.9	13.0	0	0	5.47
ENSB:ZmNqsAC3YT73t-0	741	1030	1169	109	914	511	3342	679	536	1217	893	773	194	371	0	847	1174	628	899
ENSB:yS5fJc7_epTUDdb	0	112	17.5	0.665	88.9	0	39.7	92.8	0	109	111	36.3	0	3.82	63.4	52.4	0	0	49.9
ENSB:aYB6uw6xXU8Eygq	0	0	0	0	0	0	0	0	0	0	0	0	0	0	0	1e-07	0	0	0
ENSB:eOflRcwTV3_NGJV	0	59.4	104	1.06	58.6	329	0	45.9	0	0	51.5	27.2	0	0	124	35.1	0	0	14.3
b0582	0	0	0.249	0	0	0	0	0	0	2.31	4.72	3.48	0	0	0	1.3	0	0	1.06
ENSB:0YtqdFqraAKbDF6	0	0	7.1	0.2	0	0	0	0	0	0	0	0	0	0	0	0.391	0	0	0
ENSB:KNlm5GDXmSPBSAW	2.41	0	1605	24.3	0	0	20.2	37.4	0	968	1.13	559	0	3.34	0	404	586	342	1024
ENSB:aPtjrCCrsCn_eQt	0	0	56.0	1.86	0	0	0	5.12	0	201	0	134	0	0	0	44.3	0	76.2	102
ENSB:I7i7xqHCqqCqf-o	2.85	0	277	11.1	0	0	5.72	1.46	0	726	0	398	0	25.4	341	219	17.3	499	501
ENSB:Q_cfctJ98pSh3tp	0	0	0	0	0	0	0	0	0	0	0	0	0	0	0	7.34	40.9	0	30.4
ENSB:cCOh_1LtXSnNYst	3.19	0	92.4	3.6	0	0	13.2	26.7	0	243	4.48	12.1	0	0	0	41.6	0	0	113
ENSB:_rGeDHY_GDqALdl	0	0	0	0	0	0	8.24	0	0	0	3.17	0	0	0	0	0.695	0	0	0
ENSB:5PNeRhyluVAO9uA	0	0	3.98	0.115	0	0	0	0	0	0	0	0	0	0	0	0.22	0	0	0
ENSB:93RNYGpjdfvGs-W	0	0	3.46	1.16	0	0	0	0	0	0	5.13	0	0	0	0	1.11	0	0	0
ENSB:OUQ9Q5IsDKE-nQq	6.43	57.5	223	2.28	0	42.2	13.0	88.0	0	334	41.3	73.1	0	5.41	89.4	96.8	0	0	257
ENSB:VHmg_HDFMvVldfV	0	0	1035	113	0	0	0	10.8	0	549	0	382	0	6.94	0	240	0	629	479
ENSB:mIU7eh-fprQR0BM	3.49	0	417	2.93	0	0	6.68	35.3	0	744	0	415	0	2.73	350	280	0	647	736
ENSB:KOuT0JScG55XwXo	1.21	0	2771	181	0	0	0	94.4	0	1284	43.2	694	0	11.7	0	603	249	1032	1384
ENSB:ZuruVF0HiUFd0VR	3.19	0	328	3.6	0	0	0	35.1	0	752	0	343	0	1.51	0	232	0	509	661
ENSB:rClHQDHI3z0_5qo	0	0	73.2	5.09	0	0	0	0	0	112	0	144	0	0	941	87.0	0	181	65.4
ENSB:YtY3XyRcchwoxTj	39.0	1513	14.2	0.742	152	489	14.6	629	20.9	79.8	570	194	0	4.64	0	221	0	0	36.0
ENSB:aP4cTNyWjrA6riO	0.6	115	31.5	0.417	29.8	0	0	75.3	0	54.8	24.7	39.5	0	0	0	23.7	0	0	25.5
ENSB:bff1LbHcW9cS1w8	0	0	76.5	6.6	0	0	12.7	72.4	0	0	0	51.4	0	0	0	7.3	0	0	0
ENSB:XIWfe1m6OFWrMws	0	0	0	0	0	0	0	0	0	0	0	4.12	0	0	0	0.163	0	0	0
ENSB:lauyV-3FBL8zOGj	0	0	0	0	0	0	8.1	3.1	0	0	0	0	0	0	21.1	1.18	0	0	0
ENSB:br6SiLShGVFMhkw	0	0	0	0	0	0	37.0	4.21	0	0	0	0	0	0	0	0.684	0	0	0
ENSB:wvspRab5TBQaNzy	15.6	10.7	32.2	2.61	44.0	18.3	9.61	86.2	0	0	16.9	55.6	0	17.0	164	20.5	0	0	0
ENSB:EqcqT8JSeJLMQM_	5414	3463	8276	464	7269	6283	10206	3897	10688	2859	2535	6383	10349	4052	0	4389	4211	4383	3550
ENSB:XJRihzwEGMXNNXW	680	288	793	14.7	212	235	495	298	1212	971	191	855	0	504	0	512	263	338	941
ENSB:CL7RNskxsBAShhG	1548	1528	237	1305	2202	1188	99.2	1550	2237	1469	1832	866	0	234	850	1628	617	229	3623
ENSB:UEmTGEDmKy0Bkz3	0	224	1.04	0.121	88.4	74.1	7.7	31.9	0	0	125	15.1	0	0	0	40.2	0	0	0
ENSB:tsjHOLmO8h8Kn09	0	271	0	0	429	284	0	529	0	119	194	156	0	27.1	46.3	111	96.0	0	56.9
ENSB:CVjGjy92vN_4CQz	50.2	0	93.1	3.39	0	0	656	115	0	193	9.35	87.0	0	19.2	15.6	54.8	0	1.58	88.6
ENSB:CHMVNS9D9WqL_kM	0.533	0	0	0	0	0	0	0	50.5	0	3.38	0	0	0	0	2.18	0	0	0
ENSB:wCr2h9cM8ILAwpi	0	0	0	0	0	0	10.9	0	0	0	0	0	0	0	4.81	0.42	0	0	0
ENSB:yT1neEK5vAROJgo	0	0	0	0	0	0	21.8	0	0	0	0	0	0	0	0	0.922	0	0	3.12
ENSB:kdzxPOOA6zf9BrM	1.65	0	0	0	0	0	7.49	0	34.8	0	0	0	0	0	0	1.32	0	0	0
ENSB:O3S8jJBp42FzEm3	2.28	0	0	0	0	0	22.4	9.99	81.4	0	0.789	0	0	0	0	3.29	0	0	0
ENSB:pUWxhbla3e1JjXX	0	0	0	0	0	0	0	13.8	75.3	0	0	0	0	0	0	2.45	0	0	0
ENSB:upfpq8uKlMwTeqw	0	0	0	0	0	0	19.2	0	0	5.5	0	0	0	0	0	1.12	0	0	2.61
ENSB:5fwqXLnyPc3lr0Y	9.6	0	0	0	0	0	17.5	1.92	0	0	21.8	0	0	0	0	4.79	0	0	0
ENSB:e0lXm4Hyl5aAhvX	12.0	0	13.8	1.88	0	0	0	9.53	0	22.1	0	20.0	0	2.72	11.2	6.31	0	0	10.5
ENSB:RyHP9QfjytNaYWv	44.9	0	0	0	0	0	0	2.45	168	0	0	0	0	0	0	8.37	0	0	0
ENSB:Q9TOy3wI2zZcYm_	0	0	0.976	0.072	0	0	0	0	0	0	0	20.8	0	0	0	0.879	0	0	0
ENSB:UZMOXK-oxkxIQhG	1521	2762	502	4.09	4365	5239	566	2411	1289	1345	2146	1737	5262	3983	32333	3413	2076	497	1933
ENSB:dMeV50D8z-M9Led	0	0	0	0	0	0	0	23.4	0	0	0	0	0	0	0	0.225	0	0	0
ENSB:vJmjdvNrqJJAjYV	43.3	0	53.5	2.95	0	0	36.1	71.7	0	37.6	0	28.8	0	14.0	287	37.1	182	0	17.7
ENSB:6AKtwMbhhgVEsiA	395	170	7.99	0.594	90.9	178	627	183	194	215	111	262	0	448	326	159	159	0	99.9
ENSB:wM9t8UVfDcyXxB0	0	0	0	0	0	0	18.8	0	0	0	0	0	0	0	0	0.327	0	0	0
ENSB:XTF9hH0061o6kQ_	7.65	0	27.7	1.4	0	0	38.7	24.7	38.9	163	0	38.7	0	53.2	0	35.2	0	0	104
ENSB:YlyQYx-Gt-XQKVc	217	3525	409	117	1103	1087	85.7	2273	554	788	2061	783	790	199	2255	1296	286	934	1759
ENSB:6QHiqIjJucJ7qCq	342	309	585	24.1	287	207	198	286	395	349	246	698	0	338	54.2	268	54.1	79.3	271
ENSB:SBtKR_NUOcDsLIi	152	17.1	109	2.77	32.7	12.7	0	94.3	29.8	114	11.2	271	0	56.8	0	51.7	0	0	53.3
ENSB:_krYzoUPFDT0B1G	1.36	0	4.63	0.204	0	0	26.5	3.04	0	0	11.5	20.9	0	3.67	0	3.77	0	0	0
ENSB:5x62D7jISfBYrOD	47.8	0	4.14	0.417	0	0	9.77	14.9	0	10.5	0	26.9	0	12.4	0	6.82	0	0	4.92
ENSB:wXJIiO6yqYdOOc5	16.4	0	12.7	3.82	0	0	118	119	0	92.8	0	104	0	18.0	155	32.1	0	0	53.2
ENSB:WoRMwQrBtiVsjq4	45.4	0	62.6	2.04	0	0	337	894	61.3	471	0	221	0	22.1	645	135	89.8	4.5	221
ENSB:0jnV6E_RQj_tMkx	4.98	0	5.66	1.26	0	0	0	0	0	0	0	12.6	0	0	21.9	2.24	0	0	0
ENSB:J4m1mafB6qTvOtS	6.85	0	14.7	3.23	0	0	0	24.9	0	0	0	15.4	0	0.632	0	2.24	0	0	0
ENSB:0sn2dJddLezyDcg	11.9	0	1.24	0.108	0	0	0	22.1	0	0	2.84	14.4	0	2.82	0	2.46	0	0	1.11
ENSB:qomNRbOyzDlvEEi	337	0	348	14.9	0	0	278	318	1277	327	24.9	213	0	18.1	0	168	330	0	164
ENSB:Di8BvnagZrTHmeD	388	803	740	30.4	531	592	817	544	440	876	657	688	460	437	1021	612	58.3	740	623
ENSB:4n7SIKUH2O_QRDC	459	1192	8.81	0.558	1244	558	232	594	139	235	1079	363	0	40.8	725	455	0	0	111
ENSB:_5k3eAckVDMqqIk	0	0	0	0	0	0	52.2	12.2	0	0	0	0	0	0	0	1.03	0	0	0
ENSB:krUzNY-emprW6gu	0	0	0	0	0	0	24.2	0	0	0	11.7	0	0	0	0	3.19	0	0	4.2
ENSB:40ecv0GCbvY1buv	0	0	0	0	0	0	0	0	0	0	3.88	0	0	0	0	0.675	0	0	0
ENSB:67egNG6-cKNc6tj	0	0	0	0	0	0	0	0	0	0	0	0	0	0	0	1e-07	0	0	0
ENSB:41XpBmB38d8K03P	0	0	0	0	0	0	0	0	0	0	0	0	0	0	0	1e-07	0	0	0
ENSB:RUj-xQZpKPXhdGo	0	0	0	0	0	0	6.04	0	0	0	0	0	0	0	0	0.105	0	0	0
ENSB:ioD6Rl-Gquo5BOO	0	0	0	0	0	0	0	3.96	0	12.9	1.71	0.378	0	0	3.17	2.33	0	0	6.0
ENSB:sM7XDxckRYeMEKv	504	717	6.06	0.213	55.2	48.3	423	139	0	368	219	186	0	16.9	0	199	282	0	177
ENSB:F23efkjm_zwlSiR	4.0	0	42.1	2.25	0	0	4.02	193	348	81.1	0	164	0	5.25	0	33.6	0	0	38.8
ENSB:vzlPqzV2QKyRkOg	0.679	0	3.12	0.295	0	0	0	35.6	46.6	0	0	19.1	0	0.902	0	2.78	0	0	0
ENSB:SMynXfpG49V3QMB	2.03	0	2.13	0.493	0	0	17.2	97.5	0	0	0	83.9	0	0	0	4.83	0	0	0
ENSB:KUhJzk3QzofXN-j	215	1778	100.0	9.86	2381	1472	114	1049	1230	581	2161	1872	0	101	2.19	987	603	906	507
b0656	0	0	0.048	0	0	0	9.48	2.76	0	0	0	21.4	0	0	0	1.04	0	0	0
ENSB:QsSoUcAH5-835pC	19.1	0	26.2	2.06	0	0	0	9.73	0	28.7	0	18.3	0	14.8	0	8.11	0	0	13.3
ENSB:-I0WHR1qNBqPcVy	96.4	51.6	226	93.3	57.2	61.0	118	311	145	78.5	144	170	0	61.7	462	105	0	11.2	36.4
ENSB:hEuz-Wnf0cPw92W	4.22	0	135	0.143	0	0	1438	73.4	0	733	0	63.0	0	24.2	219	152	0	0	346
ENSB:QRGIV1HzaCCMbnr	143	496	536	7.94	339	228	613	291	236	380	409	348	0	336	599	314	137	245	203
ENSB:Iiz9FkWXqR9OF3T	265	0	54.5	0.038	0	0	28.4	106	215	30.1	13.7	99.0	224	475	0	66.5	128	0	30.1
ENSB:l2Afa5CVMVTETII	17.2	124	48.8	1.2	44.5	30.0	24.8	130	0	176	56.5	48.3	0	9.29	196	66.7	0	0	114
ENSB:GcSsc7gF5dBOluJ	208	97.4	401	42.2	109	141	278	170	980	1167	60.5	320	94.1	340	0	431	162	182	1244
ENSB:No6lSKaq--8JeWr	161	104	228	11.9	124	202	297	356	138	145	97.8	198	0	83.3	0	128	0	333	87.1
ENSB:djyKWf1PXxSYdPl	47.1	0	64.0	5.8	54.7	14.1	87.4	94.3	0	252	11.3	51.0	0	25.3	399	73.2	0	19.6	116
ENSB:q2lGJqipVLoluN4	95.7	211	275	30.2	115	84.9	536	41.5	139	168	112	152	0	25.3	0	143	623	13.6	113
ENSB:I5gOvOz-P_EnToj	383	599	716	21.4	256	548	305	272	404	312	278	289	0	50.9	0	285	231	174	236
ENSB:fLaxTuRF6s_lyFg	97.5	144	310	1.5	107	305	26.6	382	243	364	236	140	0	80.7	0	192	75.4	0	370
ENSB:WCU2NfDJoJv3zuY	335	643	684	18.9	437	409	590	473	231	671	603	494	468	419	712	546	91.6	532	778
ENSB:VKFolzYI6AjVAkM	0	0	0	0	0	0	0	0	0	0	0	0	0	0	0	1e-07	0	0	0
ENSB:nKJe1VDiNUtz_Tm	0	0	0	0	0	0	0	0	0	0	0	1.32	0	0	0	0.052	0	0	0
ENSB:x9b0JbJ92xpSQ7y	683	815	22.0	0.558	639	1099	1421	598	372	433	656	355	680	216	2043	556	569	20.9	412
ENSB:jVvdOHhVCH62FQj	726	44.3	149	7.1	101	91.4	333	816	1108	2365	105	578	753	6.46	3755	1028	205	760	2663
ENSB:IQu3mGEqWakd-7E	14.9	0	7.76	0.719	0	0	187	281	0	0	0	43.4	0	21.1	0	9.72	0	0	0
ENSB:4royA9o7wcEkygz	56.1	166	91.5	21.4	118	213	48.9	292	0	70.2	80.4	931	0	30.5	140	100	13.9	1.58	32.8
ENSB:-hUKbiN160cCz2b	621	29.2	557	46.5	58.6	178	551	437	236	428	15.5	232	105	199	529	221	57.9	127	195
ENSB:BugS7UtLcctjssF	862	922	773	42.3	520	576	594	287	779	549	554	481	390	322	1043	544	302	249	406
b0689	0	0	0	0	0	0	22.1	17.6	0	0	0	0	0	0	0	0.554	0	0	0
b0692	0	0	0	0	0	0	0	0	0	0	0	0.013	0	0	0	0.0005	0	0	0
b0693	144	0	1.22	0.603	0	0	3.89	3.88	19.9	7.17	0	4.26	0	0	0	12.8	0	0	6.68
ENSB:TjHNcslRocY9usz	15.7	0	21.7	1.08	0	0	9.61	30.7	0	0	1.74	6.15	0	0	58.8	6.36	0	0	1.26
ENSB:SYzHqN5GtUYQQ3p	6.3	0	9.22	0.767	0	0	17.3	15.0	0	0	14.6	4.32	0	1.81	92.7	10.1	18.8	0	3.4
ENSB:HDMflet7l9yVhBQ	0	0	0.702	0.267	0	0	0	0	0	0	0	4.31	0	0	0	0.217	0	0	0
ENSB:8sT3K-GocAUS9qp	0	0	1.04	0.166	0	0	9.93	7.44	0	6.52	0	3.59	0	0	0	1.89	0	0	5.99
ENSB:aspFmYS-1flRJLW	0	0	0	0	0	0	0	0	0	0	0	0	0	0	0	0.508	0	0	2.92
ENSB:oWplvoIIOPBjAiG	0	0	65.0	4.61	0	0	0	50.8	0	1273	0	40.9	0	0	0	284	0	0	1151
ENSB:sP7B93UwG3dV4NB	0	0	0	0	0	0	0	0.248	0	2.33	1.37	0.06	0	0	0	1.27	0	0	5.11
ENSB:ehVsy3VNq_ZyAq7	0	0	0	0	0	0	0	0	0	0	0	0	0	0	0	1e-07	0	0	0
ENSB:j9A3yeSxlF8P4fa	0	0	0	0	0	0	29.0	0	0	0	0	0	0	0	0	0.504	0	0	0
b0706	0	0	0	0	0	0	0	1.26	0	26.7	0	0	0	0	0	6.49	0	0	27.9
ENSB:zGBxiSjlWPoHDb9	0	0	54.9	4.61	0	0	0	48.6	0	7.82	0	11.6	0	0	0	5.15	0	0	3.63
ENSB:Rlkoye6tDTN6nS4	0	0	7.09	0.705	0	0	9.9	3.8	0	0	3.15	3.36	0	0	36.8	3.06	0	0	0
ENSB:8nzwM6L6OJyrOgv	0	0	0	0	0	0	11.5	0	0	0	0	0	0	0	0	0.201	0	0	0
ENSB:A1EzbAPCj0sf_Fn	249	499	1000	15.5	167	306	400	439	493	689	290	481	148	138	0	409	0	593	620
ENSB:aWXxPBHlm3ZDWzB	3.09	0	93.0	0.858	0	0	151	183	69.6	463	0	91.7	0	11.9	0	87.5	0	0	250
ENSB:c5KDnlaugMznMEL	3.1	12.2	95.2	3.26	36.6	32.8	10.8	142	31.8	283	10.6	88.8	0	21.3	0	75.8	352	2.86	137
ENSB:R4eZGUVIYVuGYR0	9.69	0	4.45	0.222	0	0	0	105	0	0	8.35	39.7	0	3.51	0	8.91	77.4	0	0
ENSB:ovYaFaDN7BlhAXP	20.4	0	1.24	0.054	0	0	0	18.1	0	0	0	6.56	0	2.29	9.36	2.45	0	0	0
ENSB:RNgUEd56DfSj_EQ	0	0	0	0	0	0	0	0	0	0	0	1.13	0	0	0	0.045	0	0	0
ENSB:CoC_w_vM8sJqsks	0	0	0	0	0	0	6.12	11.0	0	0	28.0	0.025	0	0	0	5.62	0	0	3.1
ENSB:4s11_cf3NaYaxwQ	0	0	0	0	0	0	0	0	0	0	0	0	0	0	0	1e-07	0	0	0
ENSB:mKVLYhvpFXPnKbN	0	0	0	0	0	0	0	1.65	0	0	0	0	0	0	0	0.016	0	0	0
ENSB:V8ZScPg1w3IxIlv	0	0	0	0	0	0	0	0	0	0	2.68	0	0	0	0	0.466	0	0	0
ENSB:-7so5woin44Qqeo	2376	1497	1779	61.8	1067	2836	965	2103	1237	497	1286	1956	3341	1675	942	1343	369	1561	1176
ENSB:N2LRmnDOP_aNavR	681	0	19.8	1.11	0	0	0	541	49.2	494	0	189	0	0	0	257	0	0	940
ENSB:JnmaPLBDjAuf72Y	937	1152	6.33	0.187	100	105	138	242	526	496	158	90.2	0	184	0	420	0	0	1149
ENSB:PnzNjlX4Zsh_m4x	2543	1232	196	9.72	903	1001	189	790	1227	453	772	987	46.1	1516	0	792	276	93.5	943
ENSB:n8ObHtmsyxkFTaz	2271	821	60.0	7.3	1133	1039	708	1137	1880	604	1182	1073	0	991	0	851	46.0	118	954
ENSB:KXhX1atXMPWB-nx	1630	1054	266	12.4	617	695	1279	564	772	437	645	828	1625	1505	1676	757	205	258	719
ENSB:iI4UQ1CH45hOnRJ	3208	1256	982	16.2	1047	1208	5096	1029	3041	826	1156	1521	1647	3504	0	1407	418	735	1626
ENSB:Z8RY7olrM-nNBxS	4611	2708	839	12.9	3321	2565	1795	1727	1930	952	2014	2092	3561	2297	0	2117	2368	3146	1735
ENSB:GRhl4nNlyX_4N7n	3707	2380	1043	53.9	4230	2186	2097	1979	1953	1138	1563	1888	4146	2556	0	1971	2337	797	2361
b0730	0	0	15.6	0.665	0	0	0	41.6	0	0	0	10.4	0	1.37	0	2.12	0	0	2.33
ENSB:Ven4Wv4cvqYRLpa	0	0	0	0	0	0	14.0	0	0	0	0	5.5	0	0	0	0.461	0	0	0
b0732	0	0	0	0	0	0	20.7	8.61	0	0	2.69	0	0	0	0	2.83	0	0	11.0
ENSB:n48cgrRuDOEV5LF	863	738	285	3.94	160	418	207	177	1221	1222	385	360	0	1283	5130	857	71.5	0	1417
ENSB:mNSWJU7SZ9pjd2e	404	180	271	12.7	75.7	228	443	143	1518	1689	74.8	116	0	82.7	0	598	0	0	2064
ENSB:EWDU9K9Vs19fpOI	0	0	0	0	0	0	0	0	0	0	0	0	0	0	0	1e-07	0	0	0
ENSB:gCRPr78HSyDnV53	135	0	76.9	1.97	0	0	0	109	0	55.7	0	65.2	0	22.6	348	42.6	0	0	26.4
ENSB:T9e_pyNxmNzgwga	137	0	144	2.78	0	46.4	24.5	231	208	170	18.0	88.6	0	134	0	61.5	0	0	78.7
ENSB:DyqPXM46AXUyepd	109	0	105	4.67	0	0	0	309	60.1	160	0	57.3	0	108	0	46.4	0	0	75.5
ENSB:dJE40F3NxFrbQBv	43.5	0	18.4	0.559	0	0	84.4	27.3	0	143	142	38.3	0	8.61	0	55.6	44.4	0	70.9
ENSB:BErxe77lawaMRfd	441	1235	451	6.13	794	819	868	469	589	733	1492	833	308	338	35.5	732	117	885	534
ENSB:-Fjt-SMi03N84Hr	3023	450	2386	93.4	66.9	31.4	36.1	809	1578	975	213	962	0	9.7	0	729	41.6	0	927
ENSB:X3ho1XrSLHnrf4b	227	198	124	4.32	214	241	227	432	333	500	340	358	92.3	37.3	2.68	270	0	43.6	535
ENSB:uexnSCoLqx71dr_	0	27.8	11.4	0.416	32.7	64.2	44.1	64.3	0	0	65.0	101	0	0	0	21.4	0	0	0
ENSB:66soVMUwTLsY4mj	0	0	64.6	0.437	0	0	0	22.4	0	0	0	0	0	0	0	3.74	0	0	0
ENSB:Wa-_gs9Pq0QGG-1	0	0	13.7	1.61	0	0	0	0	0	0	0	8.38	0	0	0	1.12	0	0	0
ENSB:gF_E95FJnxQiHi0	0	1816	0	0	1140	1059	847	34.0	0	1531	4735	907	0	1.78	0	1569	0	0	2477
ENSB:4ae8uiKHsUu-_CX	195	674	2145	221	408	452	1381	461	594	1834	418	685	2050	201	0	862	304	1124	1473
ENSB:pPHcteJTFg4Bvjr	1718	3347	9588	485	4613	3567	4057	3262	861	3132	5531	3834	1969	2338	8039	4591	3954	6112	5058
ENSB:Df4FVZ-nzNxbtHW	749	615	363	20.8	293	294	90.3	169	2480	741	638	275	345	167	508	554	32.9	270	715
ENSB:Bgjn-hDa68oDiB2	99.0	66.8	60.2	1.34	78.2	111	46.4	185	1996	649	207	116	0	44.9	0	255	521	0	369
ENSB:p7t15KUPWG2Ub0O	357	0	1.51	0.395	0	0	18.9	26.8	1482	0	0	252	0	6.58	0	463	7646	0	0
ENSB:ytBiVuQocG1W2BE	215	284	126	16.2	149	218	59.4	259	2857	481	249	231	0	107	0	281	0	6.35	323
ENSB:aKd3S_H_eSILMW_	6.25	13.6	66.8	7.33	45.4	16.9	0	100	16.7	0	16.1	92.4	0	4.5	0	16.5	0	10.1	0
ENSB:5xW2b1jftNc6Hu5	50.4	0	83.4	2.11	0	0	22.1	220	0	237	57.1	176	0	22.5	0	68.9	0	90.9	111
ENSB:4Sa5DIUItLY08r6	0	0	0	0	0	0	0	0	0	0	0	0	0	0	0	1e-07	0	0	0
ENSB:BzHdFa_29sXAYOK	579	525	55.2	2.57	428	300	39.7	210	1574	1644	327	151	0	0	0	634	96.6	0	1819
ENSB:IlAL15IvpCxtBEF	2.88	0	1.34	0.32	0	0	0	0	0	0	0	0	0	0	0	3.22	0	0	16.9
ENSB:rfqI3bMdREdGtnY	21.8	0	3.13	0.185	30.3	26.3	0	41.0	0	119	17.1	14.3	0	0.421	0	25.6	0	0	61.1
ENSB:B1WcNTY0VEvg_8O	35.1	0	36.6	2.41	0	0	0	122	0	0	0	73.0	0	16.0	0	9.03	0	0	0
ENSB:SaH6Zt5SKN3um3U	288	1176	847	133	410	933	231	445	151	1512	752	590	0	34.7	0	691	186	327	1327
ENSB:aCjSuejjCa_4m02	0	0	0	0	0	0	9.65	0	0	0	11.4	0	0	0	0	2.15	0	0	0
ENSB:1XnPH15XxhhG1qu	0	0	0	0	0	0	0	5.06	0	0	0	0	0	0	0	0.049	0	0	0
ENSB:DZWeBQhiTSDxVOk	0	0	0	0	0	0	0	4.57	0	0	16.7	0	0	0	0	2.95	0	0	0
ENSB:YOxFm8TKTap70DF	0	0	0	0	0	0	3.22	4.33	0	0	0	0.612	0	0	0	1.59	0	0	8.42
ENSB:kOuAuVVZr_Wi8n0	120	0	190	19.6	0	24.4	26.1	176	20.4	205	23.1	224	0	107	0	77.8	6.3	0	154
ENSB:4Kf2mtmGHWKazPs	12.7	574	434	23.9	157	171	128	777	270	319	169	213	0	5.51	0	165	0	0	138
ENSB:HjJP2PwJZd7mlgG	0	0	157	13.0	0	0	0	22.6	0	67.8	0	54.7	0	0	0	23.9	0	38.1	31.8
ENSB:1LYt20aY7RnJdvZ	0	0	1.79	0.125	0	0	37.1	0	23.5	0	2.57	32.4	333	0	0	9.78	0	0	0
ENSB:6CmtWlXNuCXazzJ	0	0	13.6	0.598	0	0	25.7	15.3	0	37.5	0	3.92	0	0	10.2	7.99	0	0	21.3
ENSB:zc1FSMjWjURfatZ	0	0	0	0	0	0	14.8	11.4	0	0	0	0	0	0	0	0.367	0	0	0
ENSB:_p2qPeFSaWIe_9R	0	0	128	3.65	51.3	26.7	228	269	0	21.9	22.8	231	1940	0	0	78.5	0	94.0	10.2
ENSB:sTMLJQrrffLFnyl	70.8	0	196	7.63	40.6	38.4	181	116	11.4	128	136	68.3	0	59.2	122	75.4	0	0	61.2
ENSB:qSHBSyuGbhBkz-t	42.4	0	14.2	1.8	0	0	0	12.6	0	0	0	14.8	0	15.7	0	4.94	0	0	0
ENSB:ZuuYDX0j9mm4aNE	7.45	7.8	0.384	0.068	0	0	6.65	1.79	0	0	0	1.7	0	4.55	0	2.03	0	0	4.36
ENSB:YxpUbgsQMREELbQ	398	1801	689	43.7	1416	1138	265	762	633	715	850	561	0	161	0	608	114	514	355
ENSB:DKVuUuYCUPpZhVv	125	113	311	94.8	158	94.7	0	310	49.8	54.5	61.0	223	0	69.9	1.91	104	432	56.1	25.4
ENSB:FaT4FYEfvKRt1Xs	50.9	0	39.3	0.656	0	131	0	666	0	0	30.5	237	0	20.3	93.7	54.3	0	271	0
ENSB:3JkqkMWKALStydb	109	0	174	40.3	214	106	17.1	417	0	155	234	292	0	32.9	80.6	124	0	117	72.0
ENSB:dIJVPshgqPqWir_	0	0	22.3	1.3	0	0	105	48.9	0	0	0	3.66	0	28.4	0	4.44	0	0	0
ENSB:bahpHmM5rAe1GLg	0	0	0	0	0	0	34.7	0	0	0	0	0	0	0	0	0.603	0	0	0
ENSB:ISiAsnRJaB9q9EG	0	0	0	0	0	0	0	0	0	0	3.6	0	0	0	0	0.626	0	0	0
ENSB:K9lmhL3sK5aTDmJ	0	0	12.2	0.475	0	0	7.44	13.4	0	0	5.54	0.923	0	0	0	2.93	0	13.0	0
ENSB:w_Ee6_a6y-79DG8	0	0	34.2	2.4	0	0	8.57	28.7	0	0	0	7.79	0	0	0	2.66	0	0	0
ENSB:yTxB7EB-Pdmu2VA	0	0	0	0	0	0	0	0	0	0	0	0	0	0	0	1e-07	0	0	0
ENSB:FPql1u5Pec7I0ob	0	0	4.78	0.512	0	0	0	6.01	0	10.5	11.5	4.04	0	0	0	5.21	0	0	11.9
ENSB:HXY2fdj4oX9nMwI	22.5	0	1.4	0.089	0	0	0	3.67	0	0	0	2.52	0	0	0	1.8	0	0	0
ENSB:Qwh2PXUzlMs2G5X	22.5	0	10.1	0.766	0	0	13.7	5.34	0	0	1.39	1.4	0	0	11.0	3.28	0	0	0
ENSB:-NgNH6qzrEvPetj	175	0	113	9.58	0	0	15.8	41.5	80.3	12.1	0	22.4	0	16.9	0	25.0	0	0	5.59
ENSB:P_Pt163c0clpvuw	20.1	0	26.2	1.74	0	0	39.5	12.4	0	0	0	5.11	0	3.06	0	3.98	0	0	0
ENSB:5q8778OuhOiLFHd	34.3	0	5.99	0.383	26.4	0	255	11.9	0	9.26	31.1	21.5	0	44.6	0	17.5	0	0	4.33
b0798	0	0	0.361	0.147	0	0	18.5	6.1	0	0	35.7	0.654	0	0	0	6.63	0	0	0
ENSB:pXsTMM34PrXQ0VS	0.485	0	1.41	0.098	0	0	17.3	4.27	0	0	0	1.06	0	0	0	0.498	0	0	0
ENSB:Fh-elmQoYqfNGlE	299	271	295	6.72	240	345	157	348	87.2	652	293	244	0	148	548	279	27.5	62.0	375
ENSB:z2YHC4jnTE9lScI	16.4	493	241	7.61	142	264	424	263	120	464	268	423	547	14.8	586	291	91.9	517	293
ENSB:3mkw2SydNo55V2d	0	0	111	4.15	0	0	210	0	0	0	0	26.3	0	0	0	10.8	0	0	0
ENSB:eXbF7s-36mtU9Tc	0	0	0	0	0	0	0	0	0	0	0	0	0	0	0	1e-07	0	0	0
ENSB:rN4W08zXnKMrOsH	0	0	194	27.0	0	0	11.8	58.9	0	160	0	198	0	0	0	118	0	527	274
ENSB:yZ6Sr7oReKI_Q0R	0	0	329	5.13	0	0	5.65	44.0	0	587	7.77	164	0	0	0	173	325	190	460
ENSB:5JBzEyUSjZc5rIp	0	0	0	0	0	0	0	0	0	0	0	0	0	0	17.3	0.827	0	0	0
ENSB:Et45Y3gUGsEtrKm	49.5	0	14.9	0.618	0	0	30.9	81.1	0	32.4	2.0	47.4	0	19.4	213	23.2	0	0	15.1
ENSB:o23hDksvxn6Oebq	0	0	6.48	0.251	0	0	7.48	0	0	0	0	4.44	0	0	0	0.665	0	0	0
ENSB:EzPL9-VQR_8WZsl	252	451	324	5.07	297	501	31.4	519	438	390	403	265	0	44.6	0	270	61.0	0	349
ENSB:Vo7WVVcIISBV2a0	145	0	18.2	0.654	0	0	10.8	85.1	120	303	0	20.8	0	11.5	0	60.5	0	0	143
ENSB:F7tJj4qJMrRrN1h	1851	2733	65.4	2.22	8101	4170	752	1711	2121	1696	3121	1250	857	50.3	0	1996	968	401	1942
ENSB:UWCdPAJM2qKFjhi	3334	2950	3538	435	7701	2662	221	603	954	2717	2555	3392	0	637	91.9	2453	1252	52.1	3080
ENSB:z36WDtlEN0L1Rlk	0	0	0	0	0	0	0	18.1	0	0	0	0	0	0	0	0.174	0	0	0
ENSB:QyuAvZPKGyld_D-	2153	0	4228	128	0	0	34.5	3547	3462	693	0	2460	0	65.9	0	893	140	898	855
ENSB:AB_65_m7-4HJOjO	0.758	11.2	1.35	0.076	0	0	8.28	0	0	0	0	0	0	11.5	0	1.54	0	0	2.22
ENSB:7Ut0bhNNi-Yidf3	83.9	0	6.97	0.593	0	0	0	162	0	0	0	30.4	0	21.8	0	9.67	0	0	0
ENSB:PbYEAXjJ_rErstP	0	0	0	0	0	0	29.5	0	0	0	0	0	0	0	0	0.514	0	0	0
ENSB:5sLxH7G-jv2MhEO	214	960	645	11.1	545	562	1628	715	315	379	1306	506	214	221	101	573	541	600	189
ENSB:_WXANyA4lpviHht	102	82.3	316	4.42	64.5	68.9	273	161	95.5	51.4	63.6	135	93.0	89.1	270	144	1037	71.2	43.9
ENSB:n8XDLh8CtG4QMG3	0	0	2.0	0.381	25.4	0	11.8	41.1	98.9	0	4.19	29.1	0	0	0	12.5	92.9	10.7	0
ENSB:v-KbDTO2suphww8	18.3	0	161	9.41	0	0	107	127	0	42.2	13.2	67.3	0	7.52	143	31.4	0	0	19.7
ENSB:nwjVigSpPs9SYVc	1.14	0	0	0	0	0	4.22	0	0	0	5.32	0	0	0	0	1.17	0	0	0.544
ENSB:Yl9GmVkEXnyMAfa	0	0	0	0	0	0	0	2.05	22.2	0	0	0	0	0	0	1.27	0	0	3.24
ENSB:8modq3DNrzCxoV6	16.3	0	30.7	1.37	0	0	38.5	96.0	2363	62.6	0	21.2	0	1.97	0	91.8	0	0	57.3
ENSB:RJrDXVemXnZST_1	54.0	0	1.1	0.496	0	0	91.0	54.8	0	10.4	0	4.8	0	10.3	14.9	8.6	0	0	4.56
ENSB:lQ8jWYsYzIxR0y-	163	169	161	1.68	40.6	90.0	267	350	124	347	102	193	117	134	242	182	38.0	268	294
ENSB:dWy_jFT0yuD15jB	0	0	49.7	4.48	0	0	0	112	0	10.5	0	23.4	0	6.0	0	8.6	0	27.8	4.85
ENSB:dNHYJe-eAD7LurW	0	0	35.2	2.44	0	0	4.32	66.8	0	0	6.72	13.3	0	2.67	0	4.51	0	0	0.262
ENSB:28vlgJOE4B3sTmh	3.84	778	72.0	2.07	383	283	21.5	305	0	14.8	467	162	83.7	3.55	22.9	173	0	96.8	10.7
ENSB:i7wIdcAgfI5BO81	1.91	0	8.04	0.861	0	0	0	77.4	0	0	11.2	8.31	0	0	0	3.61	0	0	0
ENSB:Xqf84LmHWjPm0Nl	0	0	10.5	0.13	0	0	0	7.62	0	0	0	1.85	0	0	0	0.722	0	0	0
ENSB:IlcKuf_tWVcZhpB	2.2	0	1.85	0.178	0	0	22.4	4.11	0	22.4	2.88	0.281	140	0	0	7.32	0	0	11.4
ENSB:cGSRCYijzwWdYy_	1.64	0	1.08	0.153	0	0	0	2.77	0	10.6	0	1.71	0	0.544	0	1.82	0	0	5.07
ENSB:vMAb3abZbb2J34G	94.5	0	20.7	0.919	0	0	93.2	33.4	150	145	20.9	70.8	0	84.5	0	65.2	0	221	93.6
ENSB:8KkGmDJjKYwrWKR	0	0	4.06	0.35	0	0	0	0	0	0	0	0	0	0	6.52	1.14	0	0	3.41
ENSB:xePX2Zn6Uy04s7J	0	0	3.25	0.281	0	0	0	2.89	0	1.95	0	3.18	0	0	0	0.613	0	0	0.893
ENSB:8RbMr9tbpzbaNzZ	185	1524	1385	288	698	666	186	852	71.9	984	797	461	0	111	1131	653	0	337	675
ENSB:UCV4ubsDvqiJrZQ	241	409	606	11.9	557	604	24.6	353	336	335	470	456	0	80.6	0	308	34.7	0	347
ENSB:EB22UJSf1xUHf2K	23.3	0	27.6	1.4	0	0	21.2	5.0	0	16.4	0	13.8	0	5.69	0	6.64	0	0	7.7
ENSB:G4COo0IlJjOilp1	0	0	0.15	0.041	0	0	0	0	0	0	8.81	0	0	0	0	11.1	0	0	55.0
ENSB:n7JHXhwNer6Rxqc	0	0	0	0	0	0	0	0	0	8.16	5.33	0	0	0	0	2.13	0	0	4.07
ENSB:o1TVsMMk1zKWDTa	0	0	0	0	0	0	0	0	0	0	0	0	0	0	0	1e-07	0	0	0
ENSB:3YR20ppKOYRUoNz	320	0	20.7	0.941	0	0	0	61.3	0	12.1	0	25.5	0	18.6	67.1	30.8	0	0	5.77
ENSB:8SukW-ArNBwVqRV	0	0	1.29	0.149	0	0	37.3	7.43	0	0	0	0	0	0	0	0.795	0	0	0
ENSB:FgsHbU8YKDelpgs	0	0	0.437	0.155	0	0	20.2	0	0	21.2	0	1.15	0	0	0	3.37	0	0	9.51
ENSB:uAWZnzU2x5_v4QF	1.49	0	23.5	0.506	0	0	13.0	0	0	0	0	5.12	0	7.89	0	2.04	0	0	0
ENSB:6hTrRGeiqI-saDN	0	0	0	0	0	0	0	0	0	0	25.5	0	0	0	0	4.44	0	0	0
ENSB:GAqJE1RACdUlpY0	22.5	0	45.1	1.63	0	0	126	649	735	332	0	160	0	72.4	0	105	125	14.9	196
ENSB:I-pTJTqNwZFXshH	0	0	0	0	0	0	0	0	0	0	0	0	0	0	0	1e-07	0	0	0
ENSB:QGH1CK9zypLXgNc	145	0	265	14.8	44.0	50.6	729	296	59.1	768	44.9	219	0	183	0	182	0	43.9	374
ENSB:Eo1KO25y5hL9cBx	3.8	0	5.3	0.39	0	0	0	4.42	7.19	0	0	7.5	0	2.59	0	1.2	0	0	0
ENSB:7-LK0p8pjMCnecO	10.9	0	0.97	0.258	0	0	0	40.1	0	0	0	12.2	0	4.29	0	1.81	0	0	0
ENSB:IIigbQvFsW0e5rv	1.36	1719	62.4	1.01	1129	1915	16.7	409	121	0	1260	230	0	24.2	0	428	57.5	113	3.1
ENSB:FSaYaJkKG3AoWVY	0	13.6	59.0	3.56	44.5	67.5	15.9	20.8	0	0	24.8	5.87	0	0	0	12.3	0	0	0
ENSB:iDop12uUPlEdDJW	0	0	3.6	0.836	0	0	12.4	0	0	0	0	0	0	0	0	0.436	0	0	0
ENSB:zsnWaQN8NxWHK3W	0	0	0	0	0	0	96.0	0	0	0	0	0	0	0	0	5.23	0	0	20.5
ENSB:riwp5-RYeNgCGv6	0	0	0	0	0	0	0	0	0	0	0	1.89	0	0	0	0.075	0	0	0
ENSB:UGGGzgiGLYpTCYE	2.93	0	0.503	0.183	0	0	0	0	0	0	10.1	0	0	3.17	0	2.32	0	0	1.38
ENSB:jSnIzEKCDd3A4F2	78.1	1121	36.0	2.1	553	696	97.8	610	628	393	577	424	1317	0	0	405	716	434	214
ENSB:y6kQLHdbxJPzZVl	0	0	11.6	6.27	0	0	0	31.1	0	0	0	17.1	0	0	0	1.79	0	0	0
ENSB:8oL2cc_bpX9JI1B	3.76	0	38.4	2.52	0	0	0	78.9	0	0	0	13.7	0	0	0	3.73	0	0	0
ENSB:tPrgkMbbM5hspMh	230	1568	126	3.19	1647	1135	514	560	493	1141	1459	635	70.9	14.6	0	828	561	210	1126
ENSB:LHXmsVgSH6aO0Fj	20.4	186	359	7.97	70.8	116	233	288	61.6	684	105	159	0	26.2	379	217	0	0	503
ENSB:dWP5Q1sCs1jReQ3	60.4	128	1076	0.993	105	156	0	536	1225	492	56.6	411	0	89.5	9.75	260	0	0	469
ENSB:hK-jA_Z32LQkRKk	0	0	388	1.11	0	0	554	953	383	1208	0	132	0	20.6	593	363	227	184	1024
ENSB:WEqVUBmxjr90wbN	0.859	0	12.2	0.471	0	0	0	53.0	0	18.8	0	30.9	0	0	0	5.13	0	0	8.72
ENSB:ahUlcJQWWh3aFZv	34.4	0	15.0	1.68	0	0	22.3	34.1	19.9	3.54	3.9	15.4	0	17.6	0	6.87	0	0	1.63
ENSB:4K3IeZEhgclxSYd	4.19	0	9.4	0.49	0	0	19.7	35.3	0	0	0	0.922	0	0	0	1.54	0	0	0
ENSB:zo8h4qUFIgXA9Eg	224	213	209	5.39	200	175	129	162	212	433	161	212	0	110	0	175	0	65.5	241
ENSB:IIatYW4BJdZ0QmD	0	1036	1055	0	494	832	811	350	15.3	688	616	217	0	19.5	0	395	0	0	406
ENSB:c3xsWD0fZF1XwWe	71.1	0	0	0	0	0	0	0	22.7	0	0	0	0	0	0	5.72	0	0	0
ENSB:pwQZTxKd8VSKgDP	226	0	0	0	0	0	46.1	0	10.0	0	5.83	0	0	0	0	18.1	0	0	0
ENSB:a0zhmpDnDY1Be5m	0	0	0	0	0	0	70.0	0	0	0	10.6	0	0	0	0	3.07	0	0	0
ENSB:YiQQC1VjSUpVSZE	0	0	0	0	0	0	0	0	0	0	0	0	0	0	0	1e-07	0	0	0
ENSB:LzgHOND6be9rsCD	58.7	0	12.2	0.423	0	0	9.54	21.6	79.6	13.6	28.2	8.4	0	12.4	0	15.4	0	0	7.6
ENSB:ZA8nZkxK6KgsvGv	1.5	0	41.7	3.38	0	0	7.56	14.0	0	0	6.33	32.3	0	24.6	98.0	10.8	0	0	1.77
ENSB:XzX1ranullgnQrv	6.42	23.4	65.0	3.72	30.3	3.28	17.4	25.9	0	0	11.5	20.9	0	6.02	2.65	10.7	0	0	0
ENSB:1ov0-TATPtt8u2O	3.09	0	15.8	1.24	0	0	15.4	4.08	0	20.9	2.03	3.36	0	0.969	0	4.89	0	0	9.71
ENSB:cihCbya1WSa0IQS	3.15	1374	26.3	1.14	988	1711	42.8	1247	393	360	1007	202	0	3.3	567	481	642	180	166
ENSB:PPjB3eeIybKDM9o	0	0	12.7	0.437	0	0	28.9	47.8	0	59.7	0	23.1	0	2.87	0	11.8	0	0	31.9
ENSB:6W39ZEBMZBa-dTs	630	131	195	7.47	87.9	300	282	243	451	324	136	212	0	350	2091	291	9.8	77.8	185
ENSB:LQevYmZqW-BDhQu	817	801	1147	1243	386	912	3138	2555	93.8	701	448	825	0	354	6745	1020	975	188	913
ENSB:3_08Z0XkfLILxW1	0	0	1.22	0.155	0	0	0	0	0	23.2	0	0.903	0	0	0	3.42	0	0	10.9
ENSB:ZkhBQGDZq6P7Cy9	39.5	0	51.4	1.11	0	0	0	79.9	26.2	149	0	36.5	0	21.7	174	41.7	0	0	86.7
ENSB:8D7t_1w4drCxzBZ	21.9	0	38.6	1.48	0	0	0	40.4	8.67	113	0.296	30.2	0	508	167	44.0	0	0	57.8
ENSB:1JeEvoklcqGXUMj	528	873	753	30.5	510	506	1740	423	558	462	820	674	1217	220	0	562	327	733	300
ENSB:Kt0-pze7kcN97Ju	580	1439	2132	422	2063	2100	1212	1337	183	1439	1093	756	798	891	0	1105	820	520	1464
ENSB:cVEoOnTFUlx6hof	1.62	0	62.3	1.79	0	0	40.1	0	0	109	1.69	28.6	0	11.0	48.5	32.7	0	24.6	91.1
ENSB:a41qcCzMoE6rbp6	221	854	50.2	3.67	609	243	415	200	371	460	526	178	124	66.4	30.4	297	0	0	259
ENSB:TFuEkszFDWiqI-i	35.6	0	34.7	4.01	0	0	62.3	16.0	12.1	29.4	4.28	15.3	0	51.2	91.6	17.4	0	0	13.7
ENSB:uHlZS4BVdAlrHIW	1075	999	1169	44.6	595	638	1762	552	1049	710	734	791	434	1023	1778	819	260	594	782
ENSB:-EL_wexC2ROf4qL	212	0	0	0	0	0	7.86	0.35	202	24.1	0.816	6.25	0	4.73	0	25.9	6.98	0	12.7
ENSB:_tkNuTf3tgp88UM	109	0	0	0	0	0	6.17	0	52.3	37.0	0	5.3	0	0	0	14.8	0	0	17.0
ENSB:Mx0eu5kfqFT5njU	12.0	0	0	0	0	0	0	10.5	0	0	0	0	0	0	0	0.95	0	0	0
ENSB:QOaNP2Q_KbRApP5	0	2203	2200	84.2	1161	2173	235	498	0	551	1815	604	0	115	0	760	0	0	275
ENSB:yystBTl2j8rf3wu	0	0	0	0	0	0	0	0	0	0	0	0	0	0	0	1e-07	0	0	0
ENSB:yPv4f81mz-HFLll	0	0	0	0	0	0	27.3	0	0	0	0	0	0	0	0	0.475	0	0	0
ENSB:v_G_pAf99R9P1sJ	0	0	0	0	0	0	27.3	0	0	0	0	0	0	0	0	0.474	0	0	0
b0901	0	0	47.6	2.04	0	0	0	0	0	0	0	10.7	0	0	7.63	3.43	0	0	0
ENSB:CU8sq9FOHEHcdMS	406	78.0	78.0	4.51	44.5	112	484	193	233	401	79.9	115	0	66.1	0	137	0	0	198
ENSB:1Pi78t7MRwf5DNK	4214	2731	5059	1299	4990	3750	1419	1870	6503	5605	3113	1893	2064	1421	2527	3560	717	978	5615
ENSB:RSRH1xAX01BkJ5y	29.9	0	31.7	1.95	0	0	115	35.1	0	647	0	24.9	0	0	0	108	0	0	355
ENSB:tPat_h4Rp_RJ6TZ	107	0	28.3	0.938	0	0	56.4	75.8	42.0	54.1	0	141	0	173	3.44	34.0	75.2	1.22	25.2
ENSB:tHdwWYzx-XWXlv7	0	0	0.441	0.06	0	0	16.6	32.0	0	0	0	0.618	0	0	0	0.646	0	0	0
ENSB:awNemo6b_C_9CEr	643	1874	2909	803	1249	1439	263	1017	765	1066	1583	1302	3356	411	1986	1491	561	3198	1180
ENSB:9_4zy9jNkpHwZQN	64.0	346	376	15.2	210	136	110	265	62.4	344	119	213	453	58.1	0	197	32.3	440	221
ENSB:lPZbivelwUVaC5j	0	0	0	0	0	0	0	0	0	0	0	0.4	0	0	0	0.016	0	0	0
ENSB:zXlymWZy6mdkzZw	432	424	162	21.4	207	138	95.5	325	312	490	296	208	0	175	0	247	97.4	245	226
ENSB:89GuWrlCgomxXph	4280	2582	4298	182	3853	3274	3405	2245	3741	2566	3059	4731	8345	8376	0	3071	2826	914	2735
ENSB:mH_DmYA2DwFdwjP	1216	1824	2700	92.6	1954	2926	2605	5494	537	2166	1874	2141	407	153	0	1837	832	2638	2584
ENSB:GYDHR0Aremo3Wft	0	0	0	0	0	0	0	0	0	0	0	0	0	0	0	1e-07	0	0	0
ENSB:G1hiHbsAiLmxPBB	60.9	54.6	68.2	2.4	27.8	23.4	8.3	65.0	9.34	68.6	46.7	64.2	0	136	257	50.8	0	0	36.0
ENSB:9Ji4N0a6r-Glljj	2.41	0	7.22	0.364	0	0	29.3	0	0	0	1.22	4.49	0	6.64	0	2.2	0	0	3.15
ENSB:0P62W2soNSL998d	0	0	0	0	0	0	4.9	0	0	0	9.17	0.192	0	0	0	1.69	0	0	0
ENSB:7axWbSMY321S8sO	3.24	470	3.04	0.239	330	173	688	627	338	818	1354	243	0	23.5	0	451	0	208	380
ENSB:8NV3FjnwfsJnPab	313	549	193	33.8	282	122	78.9	256	170	137	330	214	0	157	380	215	0	61.7	146
ENSB:YIIjwgfWcYneTw8	108	0	2.66	0.518	0	0	0	27.9	20.7	79.9	9.15	2.8	0	1.31	12.5	22.3	0	0	36.5
ENSB:qAbUNO8kt6nDmNG	1.78	0	9.55	0.364	0	0	0	0	95.3	45.2	11.1	3.45	0	26.6	0	12.8	0	0	21.2
ENSB:AFhGkvPryPBWw1d	15.2	0	11.7	0.718	0	0	12.6	7.45	0	0	0	10.8	0	23.2	0	3.06	0	0	0
ENSB:eBT-n6hm786AXD4	97.0	0	31.6	2.59	26.4	0	38.4	48.4	26.5	5.36	9.91	176	0	1156	116	57.9	0	0	4.24
ENSB:CzJsoqlo7nwmEwN	178	183	128	5.31	187	85.3	190	213	20.1	254	535	202	114	61.7	0	188	0	0	119
ENSB:QEagO9_NvGDmTBn	119	74.1	63.1	3.99	33.7	30.9	125	1.69	30.7	128	40.8	343	0	128	401	113	3.59	191	149
ENSB:ISF3xUJuMTRpLaw	0	0	16.4	1.04	0	0	3.76	32.6	0	44.2	0	17.4	0	14.5	28.5	16.6	13.5	0	54.4
ENSB:7YIHWvgptYoGMBl	197	0	1.37	0.179	0	0	0	7.4	0	0	0	0	0	0	0	14.1	0	0	0
ENSB:WnDbVtVdqJlNJJK	60.3	234	45.7	1.59	82.1	329	72.2	290	29.3	297	86.4	155	0	73.9	447	151	0	77.2	288
ENSB:bF82G7BINx_K8ti	2774	1278	1887	23.4	2303	1630	2713	1039	1311	1977	1668	1573	3366	1020	2624	1752	614	1103	1929
ENSB:coIRYPMwS6vftNs	1350	1331	1342	11.9	672	857	0	5007	3589	0	639	2380	0	136	0	705	455	384	0
ENSB:_K6my_za5i9KXgi	1160	812	1509	11.0	802	802	1831	841	771	1240	812	755	1773	3202	0	1110	282	2596	1189
ENSB:23UFpLpTc4qCYuN	18.3	301	401	11.4	171	137	0	301	0	75.3	169	171	231	35.1	292	135	0	200	35.4
ENSB:agM5CM-GfcC0JGE	217	487	642	9.88	263	430	665	353	256	545	262	603	196	675	1414	408	42.4	142	487
ENSB:DL3_0XnTibyIbHt	0	0	0	0	0	0	43.5	2.74	0	0	0	0	0	0	2.71	1.7	0	0	4.53
ENSB:i1Sqpp07f8zGpWh	0	0	0.005	0	0	0	24.4	0	0	0	0	0	0	0	0	0.425	0	0	0
ENSB:Qe9FfTrewejLb-E	0	0	0	0	0	0	0	0	0	6.66	11.8	0	0	0	0	3.0	0	0	3.11
ENSB:zijJYycwLmZ5H3g	0	0	0	0	0	0	66.9	81.8	0	15.3	0	0	0	0	0	4.79	0	0	11.0
ENSB:JsVDgUV0Jaa7hMX	0	0	0.19	0.127	0	0	0	4.98	0	0	0	0	0	0	0	0.062	0	0	0
ENSB:scksv2bNfi2sFV3	0	0	0	0	0	0	0	0	0	0	0	0	0	0	0	1e-07	0	0	0
ENSB:MWKL922eiZOhNyz	0	0	0	0	0	0	0	0	0	0	0	0	0	0	0	4.68	0	0	26.9
ENSB:eL2JlL5XSbsAK4B	0	0	0	0	0	0	39.4	0	0	0.852	2.44	0.044	0	0	0	1.23	0	0	0.396
ENSB:7GNO3qsPZvnEVE2	0	0	0	0	0	0	5.67	0	0	0	0	0	0	0	0	0.099	0	0	0
ENSB:_nxlVRfEMCSTyYx	0	0	0	0	0	0	163	0	0	0	0	0	0	0	0	2.83	0	0	0
ENSB:yvEG8fqSQ8RrY7y	0	0	0	0	0	0	0	0	0	0	0	0	0	0	0	1e-07	0	0	0
ENSB:ql2oghbwiQ9K2PN	0	0	0	0	0	0	0	0	0	0	0	0	0	0	0	0.743	0	0	4.27
ENSB:6fNpwW_hZ0OVMqG	172	121	96.7	3.74	51.8	40.3	0	246	575	687	112	203	0	215	0	269	10.6	252	729
ENSB:J7PNR-audMmI9Mx	0	0	2.47	0.201	0	0	91.2	8.7	0	0	0	5.49	0	0	0	2.03	0	0	0
ENSB:ypgJBuUsxpBOtn5	17.1	158	44.9	2.18	63.0	80.2	127	89.2	0	101	84.3	89.4	0	13.4	0	61.2	133	31.8	46.1
ENSB:R0gzANGeabsF_c_	42.9	0	43.3	3.0	0	5.63	82.8	110	33.3	122	0	50.9	0	48.6	4.42	29.8	0	0	56.2
ENSB:ifK3r1RugA7je7z	31.8	0	57.7	2.17	0	0	21.1	73.3	0	96.3	18.3	74.0	0	30.1	148	38.4	56.0	0	53.2
ENSB:QFAzIGlaKKfR6ZC	0	0	0	0	0	0	0	3.53	0	0	3.23	0	0	0	0	0.595	0	0	0
ENSB:6uey8CThVrcxCyQ	41.2	0	44.8	3.21	41.5	0	17.1	8.01	0	34.8	40.7	17.9	0	87.3	8.0	24.0	0	0	19.4
ENSB:lzmZEvfTLObJa6Z	70.6	0	106	12.8	0	0	0	160	0	0	0	56.4	0	9.4	7.87	15.5	0	0	0
ENSB:Qdivb_WbAsQwIoG	0	752	339	7.94	999	1625	143	1507	0	2602	1707	511	0	7.07	0	1010	0	0	2205
ENSB:jovUDP8_jVi_4L8	1129	1115	2307	59.6	1111	1958	577	1335	276	1093	1529	1402	1228	560	6457	1344	621	201	1036
ENSB:tsmn45ps0fzOAcP	5.55	0	15.9	1.53	0	0	30.8	47.9	0	0	0	25.2	0	19.6	0	3.93	0	1.53	0
ENSB:5cpDNknpc0dsxiZ	98.8	318	53.3	3.05	256	73.6	0	207	0	269	374	106	0	6.73	0	156	0	22.5	144
ENSB:nuNg_X40L1kJ47u	10051	1455	14884	150	1081	1437	1477	5966	19102	5234	1246	6340	0	11120	0	5377	19557	2223	4623
ENSB:Y5StcCDE3rSY_Mu	0	0	0	0	0	0	0	0	0	0	0	0	0	0	16.6	1.66	0	0	4.98
ENSB:2Y8PzpM3HVsiZ62	0	0	0	0	0	0	30.7	0	0	0	0	0	0	0	4.05	0.727	0	0	0
ENSB:VbuxX0IMelY7lVR	0.63	0	1.5	0.187	0	0	5.26	0	0	22.8	2.04	2.69	0	0	0	6.07	0	28.7	10.3
ENSB:w-eRBtz4ivK5TJQ	93.1	0	156	0.815	0	0	0	156	0	537	17.2	54.3	0	15.6	0	97.3	0	0	244
ENSB:Iatw_XJpZot870K	90.2	38.0	20.7	1.58	24.4	105	22.9	59.8	10.4	63.9	51.8	57.2	0	4.91	0	34.0	0	0.297	29.7
ENSB:cAxNsKabcNR5m9p	33.9	613	223	55.3	331	354	0	477	0	133	462	380	0	34.3	0	213	67.7	111	122
ENSB:wnQhA2btnBP-Uf5	0	0	0	0	0	0	22.0	10.4	0	0	0	0	0	0	3.38	0.644	0	0	0
ENSB:7kzrVzBK-TMoGFv	143	929	641	18.1	794	660	757	1161	371	561	477	398	0	68.5	261	436	134	201	492
ENSB:mFbA0j_N7Fw5goF	33.2	0	2.08	0.096	0	0	551	0	1940	1333	0	0	0	11.1	0	260	0	0	615
ENSB:m_vV01WTwQad0Kq	144	0	122	3.66	0	17.8	0	100	26.2	197	11.8	84.0	0	76.7	0	53.9	0	0	89.5
ENSB:UAz9-oYRQ6MTOt1	0	0	106	3.85	125	78.8	32.6	831	0	40.1	46.7	34.1	0	14.2	156	45.3	0	0	19.0
ENSB:B4WB-eR9MCaT3xy	15.1	0	58.3	2.23	0	0	64.6	439	94.8	0	0	80.7	0	10.6	0	16.0	0	0	0
ENSB:XIed6WviefkmV6o	0	0	4.23	0.215	0	47.4	121	0	0	0	148	0	0	0	0	28.7	0	0	0
ENSB:ymVbXyJl0ayrNz1	2.01	0	0	0	0	0	0	0	38.0	38.8	0	4.8	0	0	0	6.95	0	0	17.7
ENSB:S-pKmXQ3KFhPsK1	32.7	0	0	0	0	0	0	0	53.6	295	3.64	16.0	0	5.41	0	49.9	0	0	153
ENSB:Kvs5LynqklYw8ZH	0	0	0	0	0	0	0	0	0	46.0	0	0	0	0	0	6.42	0	0	20.8
ENSB:V-jVgPOi2b1JNKF	0	0	0	0	0	0	0	0	0	0	0	0	0	0	0	1e-07	0	0	0
ENSB:gdduFQD4TQhhnv8	0.37	0	0	0	0	0	123	0	0	0	0	1.45	0	0	0	2.22	0	0	0
ENSB:w4I_jTlgrahPAsG	0.414	0	0	0	0	0	0	0	0	0	0	0	0	0	0	0.029	0	0	0
ENSB:Md8xGKV1uU1Sp19	0	0	0.182	0.03	0	0	10.2	0	0	79.2	0	0.751	0	0	32.7	14.6	0	0	45.9
ENSB:e4UQibm-BgQnAbe	0	0	0	0	0	0	0	0	0	0	0	0	0	0	0	1e-07	0	0	0
ENSB:IsGlEp3Qwr_pJo5	0	0	27.9	1.11	0	0	59.7	15.0	0	39.5	0	14.3	0	2.37	0	9.06	0	0	18.9
ENSB:FkNQqyDnGZ-twMk	20.5	16.1	0.102	0.061	15.1	0	20.4	3.77	131	0	2.51	0.908	0	0	0	13.1	0	0	29.3
ENSB:cPanoqlMzG2V9y4	0	0	0	0	0	0	0	0	131	27.7	82.4	0	0	0	0	23.5	0	0	19.7
ENSB:DXcutiwbaEd19l2	0	0	0.46	0.155	0	0	23.6	0	256	0	0	12.6	0	0	0	8.81	0	0	0
ENSB:nzIRhjmy1MLP6W0	0	0	0	0	0	0	25.1	0	68.7	0	4.76	0.623	0	0	0	3.59	0	0	1.05
ENSB:v58HhV3bOfiD_5e	0	0	0	0	0	0	0	0	68.2	0	0	0	0	0	0	2.1	0	0	0
ENSB:mXaw9-2itu2Bm3U	0	0	0	0	0	0	13.2	0	0	0	0	0	0	0	0	0.23	0	0	0
ENSB:_HMtNlLjbFtVjle	0	0	0	0	0	0	0	0	0	0	0	0	0	0	0	1e-07	0	0	0
b0988	0	0	0	0	0	0	0	0	0	0	0	0	0	0	0	1e-07	0	0	0
b0989	0	0	0	0	0	0	0	0	0	0	0	0	0	0	0	2.02	0	0	11.6
ENSB:pfb0SWGPtaoKCyB	142	0	4.1	0.163	0	0	711	157	682	268	0	168	0	49.7	0.635	183	0	0	653
b0991	0	0	0	0	0	0	0	0	0	0	0	0	0	0	0	1e-07	0	0	0
ENSB:85rz_KXR3Rc_4Wj	0	0	0	0	0	0	13.6	0	0	0	0	0	0	0	0	0.236	0	0	0
ENSB:LPbQ2LbeZsyAsog	1.97	0	0	0	0	0	24.8	2.15	3.58	0	1.79	0.341	0	0	29.2	2.71	0	0	1.63
ENSB:kX-hU-JreG5t6ww	1090	0	0	0	0	0	0	0	0	14.9	0	0	0	0	0	79.2	0	0	6.78
ENSB:wNaI_WiAedjhVQC	6.71	0	7.94	0.358	0	0	0	32.4	0	0	0	5.94	0	5.53	0	2.71	0	0	6.31
ENSB:aHG2wawVptIsoAH	0	0	0	0	0	0	54.8	0	0	0	20.1	0	0	0	0	4.44	0	0	0
ENSB:gU5nFJf3fzWSNuq	0	0	0	0	0	0	7.58	0.802	0	0	1.01	0.332	0	0	8.58	0.738	0	0	0
ENSB:9xidStn9qe7Z9Lo	0	0	0	0	0	0	0	0	0	0	0	0	0	0	0	1e-07	0	0	0
ENSB:fKx802GLbRK48S1	0	0	2.72	0.143	0	0	0	62.6	0	251	0	23.7	0	0	474	58.9	0	0	111
ENSB:v9EbLgkrtifMZPu	208	473	297	25.6	245	192	227	491	158	1108	315	299	0	54.4	0	376	0	0	889
ENSB:ExMr4HzqIkmKJtB	0	22.9	0	0	0	0	0	11.7	0	0	1.19	0	0	0	0	1.5	0	0	0
ENSB:_Bstd_mq0BL1VGY	177	1263	258	4.53	716	1123	592	323	377	642	994	495	0	48.5	0	457	6.75	4.36	304
ENSB:LzC3_qSp8_PWvyX	15.8	1507	144	11.5	3155	1168	474	1353	68.8	1232	2026	600	0	15.0	1143	1069	1251	0	1168
ENSB:GUZjCA4-xkeDtE-	700	3002	2205	247	2213	3021	2065	2405	0	1933	3118	1825	0	86.8	2316	1813	103	428	2181
ENSB:Ewu8TH8qWBurEB6	0	0	0	0	0	0	0	0	0	0	0	0	0	0	0	1e-07	0	0	0
ENSB:uv5unOU_nAiZE1b	0	0	0	0	0	0	0	0	0	0	0	0	0	0	0	1e-07	0	0	0
ENSB:430bl35aHrxK3Ld	0	0	0	0	0	0	0	0	0	0	0	0	0	0	0	1e-07	0	0	0
ENSB:hgW3Y5r5Ci3oRr2	0	0	0	0	0	0	0	0	0	0	0	0	0	0	0	5.28	0	0	30.4
ENSB:-x-QVowVeOoGu8N	0	0	0	0	0	0	0	0	0	0	0	0	0	0	2.31	0.11	0	0	0
ENSB:2bxCatCZO0jTmFG	0	0	0	0	0	0	36.4	0	0	0	0	0.043	0	0	0	0.635	0	0	0
ENSB:iQ5se1gbplbgndg	0	0	0	0	0	0	0	0	0	0	0	0.046	0	0	0.984	0.049	0	0	0
ENSB:WxlDADGlDn5AMD2	25.8	0	13.1	0.668	0	0	0	47.3	0	0	0	10.2	0	1.98	0	12.0	0	0	48.8
ENSB:b0yS8ifX6ezK8fZ	277	0	8.12	0.761	0	0	63.3	0	320	203	0	183	0	158	136	77.5	0	0	93.3
ENSB:yV2eJrOtRZjKpGL	20.3	0	37.1	1.29	0	0	9.17	23.1	89.2	53.4	1.76	31.1	0	0	343	33.3	0	0	31.7
ENSB:nxT3LZIE1GC3CO5	156	195	18.5	1.08	62.5	92.4	627	304	0	326	127	435	0	84.7	62.1	228	75.2	1031	234
ENSB:A2p3Y8XsvRSFOxO	2.34	0	0.903	0.38	0	0	49.4	0	0	0	0	7.05	0	3.55	0	11.4	0	0	56.9
ENSB:dBJydU1BWXGt6WV	25.4	0	0	0	0	0	6.47	0.85	0	0	0	1.03	0	0	153	9.27	0	0	0
ENSB:e5up9M1g63uszre	0	0	0	0	0	0	0	0	0	0	0	0	0	0	0	1e-07	0	0	0
ENSB:KNZ8k2E74IOjPtM	0	0	0	0	0	0	75.2	0	0	0	0	2.83	0	0	0	2.24	0	0	4.72
ENSB:vFBZyTexJ3WdPSi	0	0	0	0	0	0	0	1.03	0	0	0.651	0.003	0	0	0	0.123	0	0	0
ENSB:D0TshR6z7535Ead	0	0	0	0	0	0	24.6	0	37.6	0	0	0	23.7	0	13.9	2.76	0	0	0.211
ENSB:Mw8KYkv9_Tmiwgy	0	0	0	0	0	0	22.5	6.46	0	0	0	0	0	0	0	0.453	0	0	0
b1026	0	0	0	0	0	0	0	0	0	0	0	0	0	0	0	1e-07	0	0	0
b1027	0	0	2.21	0	0	0	21.4	3.71	0	0	0	4.43	0	0	0	0.704	0	0	0
ENSB:E5XVKehaMcnfH29	0	0	0	0	0	0	7.88	0	0	0	0	0	0	0	0	0.137	0	0	0
ENSB:yiO3diFl7E7r-vM	24.8	202	219	12.9	116	129	340	293	58.2	531	213	222	0	63.8	142	221	79.3	211	410
ENSB:3n1Oi0QIe9uAfVc	167	0	61.5	1.81	0	0	137	200	46.2	245	0	109	0	100	0	72.4	39.4	96.4	116
ENSB:SEjG-uG6kZvG6ak	170	694	208	4.73	169	150	157	472	43.8	259	438	232	1329	85.1	0	256	0	182	191
ENSB:IIV98TdnBzI2HNk	0	0	0.621	0.058	0	0	0	0	0	0	0	0	0	0	0	0.035	0	0	0
ENSB:IfRsyiniUeS0S_Y	0	0	83.7	8.39	0	0	43.8	385	0	0	0	13.8	0	0	30.1	11.2	0	0	0
ENSB:4nuHNhVU9hVSvhw	0	245	6.46	0.986	87.0	234	0	55.0	0	0	54.2	3.87	0	0	0	30.9	0	0	0
ENSB:ysRG4i_Xq6EGPq6	0	0	2.04	0.072	0	0	0	46.3	0	0	0	1.63	0	0	0	0.623	0	0	0
ENSB:ch17ydtxfcQwsjP	0	94.5	15.4	1.52	78.7	37.5	10.2	131	0	0	55.5	11.7	0	0	247	33.9	0	0	0
ENSB:VV5pT1HzyKQ2IcQ	0	0	0	0	0	0	96.5	16.4	0	0	0	0	0	0	0	1.84	0	0	0
ENSB:ZWM48MpuL4FBlGW	0	808	0	0	85.5	819	0	55.3	0	0	472	6.55	0	0	0	140	0	0	0
ENSB:2LvV8EJP3yEgMaM	0	484	0	0	245	175	0	91.2	0	0	121	4.17	0	0	0	62.6	0	0	0
ENSB:h7XXg7wYZ1V89ho	0	0	0	0	0	0	0	0	0	0	0	0	0	0	0	1e-07	0	0	0
ENSB:WdE0IGKcIagy8u8	22.1	278	211	8.0	287	158	71.5	250	0	82.2	127	73.4	0	8.44	0	89.6	76.8	0	38.2
ENSB:TpsT5V_l4WhSqYU	2.11	0	3.51	0.38	0	0	7.15	23.3	0	24.7	7.79	3.55	0	0	33.2	10.1	0	0	27.4
ENSB:_GgBny6T65cCLVY	0	0	0	0	0	0	12.6	46.6	0	43.2	17.6	0	0	0	0	14.6	0	0	47.1
ENSB:g6HGY1kxZAlU8Lq	228	406	782	19.0	370	544	193	177	138	794	537	422	132	587	0	459	40.8	470	734
ENSB:KcnPXBOYCl4dq2C	42.5	6.33	98.0	2.09	18.6	14.5	19.0	11.6	24.6	144	11.4	35.4	0	26.0	319	57.4	62.1	0	86.4
ENSB:flFF-hHuOxZqCGB	0	0	0	0	0	0	0	0	0	0	0	0	0	0	0	1e-07	0	0	0
ENSB:1xyQKu91O5Oynb3	0	1060	172	30.9	501	259	234	2257	0	328	2841	722	0	44.3	0	722	0	0	324
ENSB:5Hj5pqLaCKWK09c	1.24	0	0	0	0	0	18.4	0	0	0	0	0	0	0	0	0.408	0	0	0
ENSB:QRmKOfm4EJfgVxd	33.4	0	11.1	0.514	0	0	9.68	0	0	0	0	11.1	0	10.7	0	3.87	0	0	0
ENSB:ykasqGJJymwc6a2	0.482	0	0	0	0	0	0	15.5	0	8.97	0	7.37	0	39.4	390	21.4	0	0	4.14
ENSB:hdog343A-JTzDgs	10.7	287	57.7	1.94	184	309	89.5	258	0	60.4	140	188	0	14.7	0	93.2	0	132	60.4
ENSB:Zj277Q25GZl7hra	0	0	0	0	0	0	0	0	0	0	0	0	0	0	0	1e-07	0	0	0
b1058	0	0	0	0	0	0	0	0	0	0	0	0	0	0	0	1e-07	0	0	0
ENSB:mXgBEIuT812yoco	127	63.3	146	12.7	97.7	93.8	107	192	0	294	125	223	0	38.7	0	119	0	146	158
ENSB:eNgpZHLgJ951sug	0	0	0	0	0	0	0	0	0	0	0	0	0	0	0	1e-07	0	0	0
ENSB:lhkVQVkF0pCpdAy	1.81	0	0.949	0.072	0	0	242	216	0	0	0	18.5	0	8.07	0	7.41	0	0	0
ENSB:Ybhn5q2HqMEdFiP	22.0	694	711	52.5	310	385	44.7	731	82.6	1272	534	726	886	328	0	747	1071	2257	1063
ENSB:Slxx3cP8km64PYY	142	0	125	10.2	0	0	0	216	0	196	11.7	101	0	24.5	0	53.5	0	0	90.0
ENSB:A1FK7vGXE1OxtAF	263	696	2929	47.0	602	514	368	729	105	1165	464	870	0	154	0	678	260	389	1001
ENSB:7lyQ2YXvULNmNqE	0	0	0	0	0	0	0	0	0	0	0	0	0	0	0	1e-07	0	0	0
ENSB:d6MzWMqkCMsFL-l	54.3	0	98.5	4.37	0	0	23.3	145	0	81.8	0	63.5	0	13.5	0	25.6	0	0	38.2
ENSB:gVeh1ZU3DS-IcSP	366	608	429	45.3	291	162	110	288	236	894	480	475	189	115	0	487	0	1146	712
ENSB:Duoc_P8Z7nDHwd2	73.4	0	37.9	1.79	0	0	0	95.4	0	30.1	14.1	23.8	0	7.56	187	25.0	0	0	13.7
ENSB:WzA0OKP-W7wRzIS	4.69	0	1.44	0.169	22.5	0	0	0	0	0	4.4	6.21	0	3.66	0	5.42	0	0	15.3
ENSB:zNr4-gdAORAORad	8.81	394	0	0	78.2	52.5	0	50.4	0	550	170	37.8	0	0	0	177	0	0	495
ENSB:xPkMEvPMcXWM1U7	83.8	995	0	0	513	184	1223	116	0	342	525	43.2	0	6.04	0	286	0	0	356
ENSB:_xv8W9Ry5a-NsM4	0	0	0	0	0	0	0	10.2	0	0	0	2.06	0	0	0	7.38	0	0	41.4
ENSB:lcrlHqdK3DoJQEF	0	0	0	0	0	0	0	0	0	7.52	0	1.22	0	0	0	3.26	0	0	15.8
ENSB:zY2YfbDgggJ-5LD	19.1	0	0	0	0	0	0	0	0	0	0	3.83	0	0	0	1.5	0	0	0
ENSB:lHyOd-AB0q9Yvdy	0	0	0	0	0	0	0	56.5	0	0	0	9.32	0	0	0	0.912	0	0	0
ENSB:qldsdfO7O2fPGsa	37.8	0	0	0	0	0	414	13.2	0	179	0	23.1	0	0	0	35.6	0	0	79.4
ENSB:CKyTuBSv3ioclQD	1.02	0	0	0	0	0	0	29.4	0	0	53.1	1.55	0	0	0	9.65	0	0	0
ENSB:ds1lMOsG_NyV3_j	12.7	0	0	0	0	0	58.9	16.7	0	52.5	14.5	7.96	0	0	0	12.4	0	0	24.6
ENSB:CE7sJJhcPH1nm5r	177	151	0	0	52.8	36.1	368	78.6	0	491	55.1	40.8	0	0	0	112	0	0	229
ENSB:vnQ1W2eM1u3gZga	38.8	0	0	0	0	0	64.7	0	0	0	0	3.84	0	0	0	4.02	0	0	0
ENSB:Y34vJ84lZCXHn93	0	0	0	0	0	0	8.24	0	0	0	0	0.748	0	0	0	0.173	0	0	0
ENSB:DcwbvTRTevZ0h62	10.1	293	0	0	80.1	48.8	0	66.5	0	61.4	110	11.6	0	0	0	49.7	0	0	27.7
ENSB:BdyqqQpOmULyxcu	116	151	0	0	148	109	54.9	128	0	152	237	26.0	0	0	0	99.9	0	0	120
ENSB:qCmt7-IBuahuuIz	336	525	402	20.6	352	411	304	17.7	438	578	590	522	258	591	0	411	99.8	218	535
b1085	0	0	0	0	0	0	36.5	0	0	0	0	0	0	0	0	0.634	0	0	0
ENSB:PGH2ZGipzCIpms8	73.3	19.5	43.6	2.31	32.7	19.7	20.6	131	0	78.3	24.1	64.4	0	78.4	137	38.8	0	0	36.6
ENSB:NNkDf5iObhikBJe	59.3	121	450	13.1	123	235	0	375	33.9	164	155	182	0	11.4	251	130	0	137	73.7
ENSB:rS2nRl5lxg9Imeb	75.6	121	205	4.34	63.0	97.1	144	279	245	202	46.9	208	0	34.8	454	116	0	94.1	96.1
ENSB:q7jJ_SkOeUhFOZ2	2030	3505	631	83.8	5385	1620	7425	5624	493	3867	2410	2913	0	493	0	2607	3941	3234	2901
ENSB:zPglcKcxP2J89LR	6.7	0	32.9	1.88	0	0	0	55.1	0	16.3	2.97	11.4	0	7.99	193	23.3	0	0	52.2
ENSB:vE_lV837PVV6hDJ	265	1148	828	27.2	380	595	713	461	240	977	587	427	1064	861	896	747	188	450	1505
ENSB:NOEhFXbPdIMCiwR	1198	1604	1537	259	762	1158	406	1029	1038	1892	1664	1467	1707	84.4	56.2	1256	826	945	1591
ENSB:xXoYGKJH-sBfG4p	1470	1749	862	138	2308	1238	1313	920	1316	709	1770	1283	1040	3917	0	1253	929	748	942
ENSB:Efkr2V6EV0lYACe	8037	5500	5892	398	2477	11976	4702	3673	8252	8302	4493	10910	30679	3538	0	6028	324	1670	9313
ENSB:0zIfYb1IrfY-YPC	836	366	248	12.9	150	242	320	241	780	828	182	493	457	1070	779	433	182	105	598
ENSB:m4ZExxIx3VAJs1Y	376	0	9.62	0.866	0	0	53.8	61.7	0	0	0	12.2	0	1.37	0	29.2	0	0	0
ENSB:waySqNP7UcNKlZf	4.99	0	24.7	0.845	0	0	0	77.5	0	19.9	0	19.1	0	8.19	0	6.27	0	0	9.33
ENSB:sP3lIOO3xI7k9zv	67.7	0	82.1	7.83	51.8	18.8	29.8	96.5	18.1	133	19.9	49.1	0	44.1	143	47.6	13.5	0	62.2
ENSB:vi7eonOWbag8dAD	9.83	0	4.99	0.448	0	0	0	71.1	0	0	0	21.4	0	2.66	123	8.46	0	0	0
ENSB:PnWjEn3dqQMktBA	66.1	0	77.8	5.03	0	0	333	80.9	0	70.7	0	29.1	0	18.5	75.6	34.0	0	40.2	32.7
ENSB:tiOAn8b9W9HbqTY	259	547	519	27.9	204	542	111	1397	176	1302	286	506	0	136	0	508	9.55	0	1382
ENSB:XhwVL8lJ0nVyEve	0	0	192	5.77	0	0	12.0	15.5	0	111	0	23.2	0	0	0	45.2	0	1.84	152
ENSB:eCr5H86bovyC6LC	446	1985	316	55.8	1107	1323	367	1023	420	510	1662	764	0	223	774	866	1658	573	496
ENSB:9bBIBEFXeKbHJ3e	0	0	14.1	0.572	0	0	0	95.5	0	78.4	0	16.8	0	0	0	13.6	0	0	37.3
ENSB:bdevgIbr_XlUaGS	200	614	138	5.32	119	130	143	280	111	119	319	276	0	46.0	0	155	0	0	54.5
ENSB:8jgheurYxveZzI0	0	0	0	0	0	0	57.5	0	21.5	8.95	0	1.92	0	0	0	12.3	0	0	57.4
ENSB:WeyL9NR2Srap-KB	74.9	0	32.4	5.47	33.2	28.6	312	148	19.3	10.9	25.5	50.5	0	32.9	55.8	28.3	0	0	4.99
ENSB:cvEunXE9G6ku7jM	737	839	628	75.7	657	476	785	389	639	405	672	319	0	157	546	482	0	87.6	460
ENSB:eL3pmJak4oOjQz6	138	255	593	25.2	83.1	120	85.1	111	106	1506	112	215	0	377	622	443	0	25.6	1228
ENSB:hkW8Jg456byjNS4	0	0	0	0	0	0	0	0	0	83.8	0	0	0	0	0	11.9	0	0	39.0
ENSB:vju595yWAmWARDi	23.8	0	12.6	0.833	0	0	0	85.9	0	0	0	4.86	0	34.8	0	5.29	0	0	5.55
ENSB:hzSv4u2U4XobSjG	0	0	265	1.68	0	0	415	0	0	0	10.6	17.4	0	12.0	12.0	26.9	0	23.5	0
ENSB:WmJGrwdZ_wpAqEI	0	0	0.003	0	0	0	6.99	6.03	0	0	0	17.7	0	4.06	0	1.8	0	0	4.65
ENSB:vKBU3fyFWYSaaeS	83.8	36.1	111	5.95	18.1	21.1	151	115	35.1	114	16.8	81.9	0	71.8	114	56.2	15.7	14.9	79.0
ENSB:dDnVhB8HsDl7iSv	0	0	0	0	0	0	0	0	0	0	0	0.005	0	0	0	0.0002	0	0	0
ENSB:3tNewra-Lo54p0J	33.7	0	42.1	2.02	0	0	10.2	28.8	0	68.6	0	20.9	0	18.1	0	16.3	0	0	32.3
ENSB:TsqCJlsjoH-2Zd3	80.2	262	106	2.67	76.7	41.3	22.0	335	27.6	193	144	114	0	68.7	600	129	112	23.7	90.8
ENSB:MxT5fzKp5d9uMiu	6.87	0	41.3	1.17	0	0	0	30.0	0	6.97	0	11.4	0	43.8	0	5.65	0	0	3.27
ENSB:7lsgTAtZ0uQrJaD	26.8	0	12.4	2.4	36.6	37.0	15.9	42.3	0	65.7	60.3	37.2	0	6.58	103	32.5	0	2.76	31.0
ENSB:39myeurRfHW0GeW	121	41.9	62.5	5.14	41.0	85.8	11.4	229	149	16.4	46.4	22.7	0	32.5	270	50.8	15.2	4.79	7.61
b1121	0	0	0	0	0	0	21.6	0	0	0	1.12	0	0	0	0	0.571	0	0	0
b1122	0	0	0	0	0	0	0	0	0	0	0	0	0	0	0	1e-07	0	0	0
ENSB:t7UiaahvhA9Uo6c	642	1865	169	10.2	1059	1604	15.7	715	567	721	1270	569	270	9.35	0	699	73.8	214	756
ENSB:63rgmHFt3JtDF3m	1.93	0	29.5	0.48	0	0	0	123	0	260	18.1	6.75	0	7.7	0	60.8	0	0	221
ENSB:R9RpXfAuLrLqCWm	3.88	0	12.1	0.351	0	0	49.0	6.3	0	19.3	0	1.87	0	0	0	4.72	0	0	9.26
ENSB:3jHQi5VN0FcYula	70.0	126	136	3.19	75.7	72.2	44.2	88.2	56.4	203	89.9	76.8	0	123	0	87.8	11.5	81.5	111
ENSB:JklsI4PBxH1MtkB	417	547	315	12.0	242	198	215	249	376	482	371	254	0	28.9	158	279	0	42.4	314
ENSB:hnmZ6by_k445vso	21.8	420	126	6.49	149	287	64.8	130	0	530	253	151	0	77.5	303	209	0	30.3	364
ENSB:unmplyF4nJk4pE1	14.0	0	9.9	0.633	0	0	27.7	9.4	0	21.9	0	13.8	0	6.28	74.6	11.2	0	0	19.9
ENSB:XB-HtyrXgie09CT	525	724	623	150	562	461	262	696	241	608	563	461	0	286	0	552	91.3	323	1113
ENSB:tQDl5IzgRn3u2_S	398	610	1569	47.0	342	469	996	750	1033	1213	396	670	1329	997	1067	731	98.2	524	1069
ENSB:q0GRT35Pr08qm3M	189	0	54.3	1.86	0	0	0	275	227	212	0	105	0	49.9	0	62.2	0	0	102
ENSB:hFEeZKLBsLV_LLU	182	0	436	4.74	0	47.4	162	115	105	156	7.14	118	0	82.9	636	139	651	11.8	75.5
ENSB:JWLi7VF2rQRycJS	55.0	0	45.0	3.84	0	0	123	122	0	23.2	0	49.1	0	17.7	0	15.5	0	0	10.7
ENSB:wZnRa9Mz6nvXOjV	0	0	19.3	0.715	0	0	10.2	59.5	0	7.9	0	10.7	0	3.04	0	3.97	0	0	6.73
ENSB:Hm7UGRw65ZMaXuI	4331	3412	6778	152	4275	4038	3756	4188	1901	2225	4324	4607	7872	4736	0	4017	6567	3958	4203
b1137	0	0	0	0	0	0	0	0	0	0	5.36	0	0	0	0	1.56	0	0	3.62
b1138	0	0	0	0	0	0	189	9.03	0	0	0	0	0	0	0	3.38	0	0	0
b1139	0	0	0.577	0.171	0	0	0	22.3	0	0	0	1.38	0	0	0	0.306	0	0	0
ENSB:zjh1sYP-wANE466	0	0	0	0	0	0	0	0	0	0	7.19	0	0	0	0	2.55	0	0	7.47
b1141	0	0	0	0	0	0	0	0	0	16.9	0	0	0	0	0	2.43	0	0	8.02
b1143	0	0	0	0	0	0	0	0	0	0	0	0	0	0	0	1e-07	0	0	0
b1144	0	0	0	0	0	0	90.7	0	0	0	0	0	0	0	0	1.58	0	0	0
ENSB:x2ZzJBLDMtvj5Xd	0	0	34.8	2.26	0	0	0	40.7	0	0	0	10.2	0	0	0	2.75	0	0	0
ENSB:SBPC9Nsb6iWozbf	0	0	0	0	0	0	0	38.7	0	0	0	0	0	0	0	0.372	0	0	0
ENSB:JB-dDtHXBaZsIB5	0	0	0	0	0	0	0	0	0	0	0	0	0	0	0	1e-07	0	0	0
b1148	0	0	0	0	0	0	0	0	0	0	0	0	0	0	0	1e-07	0	0	0
b1150	0	0	0	0	0	0	0	0	0	0	0	0	0	0	0	1e-07	0	0	0
b1153	0	0	0	0	0	0	0	6.86	0	0	0	0	0	0	0	1.44	0	0	7.89
b1154	0	0	0	0	0	0	19.4	0	0	0	0	0	0	0	0	0.337	0	0	0
b1155	0	0	0	0	0	0	0	0	0	0	0	0	0	0	0	1e-07	0	0	0
b1156	0	0	0.613	0.099	0	0	0	0	0	0	0	0	0	0	0	0.036	0	0	0
ENSB:Gul_PFCCbdufNXf	0	0	0	0	0	0	25.3	1.34	0	0	0	0	0	0	0	0.453	0	0	0
b1159	0	0	0	0	0	0	11.3	0	0	0	14.6	0	0	0	0	2.75	0	0	0
ENSB:rp17ber3didj_Q_	0	0	0	0	0	0	0	0	0	0	0	0	0	0	0	1e-07	0	0	0
ENSB:v9MeXDdsnfSgxGP	0.297	0	0	0	0	0	22.6	0	0	0	0	0	0	0	0	0.414	0	0	0
ENSB:Yn6-ETmWmeuoJnO	7.01	0	7.64	0.532	0	0	0	26.3	0	7.94	0	9.19	0	2.96	120	8.49	0	0	3.7
ENSB:LOhlSOf3HGO5sve	0	0	0	0	0	0	29.9	7.21	0	0	0	15.4	0	0	95.3	5.76	0	0	0
ENSB:mvvlf3Ig-y-P-Of	0	0	0	0	0	0	35.8	0	0	0	0	0.886	0	0	0	0.657	0	0	0
b1165	0	0	0	0	0	0	0	0	0	30.6	0	0	0	0	0	4.34	0	0	14.2
ENSB:RGn0b77s8r6p_yk	0	0	0	0	0	0	0	0	0	0	0	0	0	0	0	1e-07	0	0	0
ENSB:LsVx2Lj7wD5X9Ed	0	0	0	0	0	0	0	0	0	0	0	0	0	0	0	1e-07	0	0	0
ENSB:OPGwKazi61QdKhP	0	0	0	0	0	0	32.6	0	0	0	0	0.593	0	0	0	0.59	0	0	0
ENSB:_q75kSLLM-iBfEv	70.0	0	0	0	0	0	0	59.9	0	116	0	153	0	2.38	0	27.9	0	0	52.6
ENSB:y5ohpT3UrDrkdaW	0	0	0.933	0.259	0	0	0	0	0	0	0	7.25	0	0	0	0.345	0	0	0
ENSB:SNyo9ghhh3LTDmv	783	1794	488	227	1279	677	229	1272	732	1054	1430	651	1329	93.7	0	920	1021	1085	692
ENSB:zSd1BPMj8g5eqRC	1103	1083	2176	67.3	1230	1015	888	1036	1010	821	1231	935	149	1053	0	964	868	786	792
ENSB:m6mu7v0CS4USz9-	67.0	0	152	39.6	47.4	38.4	475	171	0	14.2	16.6	112	0	23.1	0	37.2	0	2.46	6.41
ENSB:pgtqYyvxGR6P5yc	0	0	0	0	94.3	0	0	92.6	0	0	156	41.3	0	0	0	34.7	0	0	0
ENSB:iJcJrp_bimRqndG	411	0	2698	32.9	0	0	207	207	0	402	18.5	435	0	15.5	0	429	0	950	738
ENSB:NabRc-f-Onbn6NF	267	0	152	81.6	102	147	888	597	259	179	70.1	75.9	0	74.4	0	114	0	65.7	83.4
ENSB:1l_waGBSz200ctJ	30.1	0	189	10.9	111	58.1	0	260	0	0	104	187	0	4.11	0	50.6	0	38.8	0
ENSB:ZrIBQjBiPZK9SyR	0	0	0	0	0	0	0	11.5	0	0	0	0	0	0	0	0.111	0	0	0
ENSB:Cidmss6_loFihOe	0	0	18.8	0.948	0	73.6	0	36.5	0	26.2	0	2.05	0	0	0	6.13	0	0	12.1
ENSB:IhRD0nXfcG-5mQa	0	0	0	0	0	0	0	0	0	0	0	0	0	0	0	1e-07	0	0	0
ENSB:0sv7r_ZR4IADb6L	0	0	0	0	0	0	15.5	0	0	0	0	0	0	0	0	0.27	0	0	0
ENSB:le0pholnw5FS4H-	62.2	0	15.0	0.369	0	0	0	32.3	0	294	0	12.7	0	0	0	51.5	0	0	158
ENSB:hS14qk0itFRm4Ni	74.6	0	24.3	0.415	0	0	0	54.4	13.8	215	0	18.1	0	14.7	0	101	0	0	454
ENSB:_ZSSlDMZP4UN_lU	138	477	24.8	0.915	96.7	86.7	32.7	408	0	261	253	103	0	74.0	304	159	64.5	0	164
ENSB:jeeYNSVCX7YCpzO	0	78.4	45.8	1.65	18.6	25.8	0	114	0	0	72.8	13.9	0	0	0	22.3	0	0	0
ENSB:7ifrba8Zsy5y-8D	1686	61.9	292	31.5	96.2	108	91.5	102	0	126	50.3	313	0	320	0	199	49.9	0	63.6
ENSB:xWCatdI0ZSgwe_l	313	38.5	14.0	1.05	47.9	22.0	179	79.2	0	34.7	18.1	129	0	22.1	115	51.0	0	0	16.1
ENSB:hKgOnaSZlrWJK3B	5.0	0	12.6	0.647	0	0	9.81	12.3	0	133	0	5.87	0	0	0	20.5	0	0	62.4
ENSB:9hOCE-6T4DffxKM	56.8	0	57.3	4.66	0	27.2	0	122	0	48.6	0	281	0	9.23	0	27.1	0	0	22.7
ENSB:hIWonnORYv78ehA	2.48	0	4.88	0.466	0	0	0	80.9	0	0	0	77.0	0	22.5	0	4.87	0	0	0
ENSB:Zp0LduPwWG8DWlY	108	0	0.432	0.077	0	0	0	118	0	426	0	44.5	0	0	0	77.8	0	0	237
ENSB:atuJdfRAcgwZVRS	0	0	0	0	0	0	0	0	0	0	30.8	0	0	0	0	5.35	0	0	0
b1196	0	0	0	0	0	0	0	12.2	0	0	0	0	0	0	0	0.117	0	0	0
ENSB:_iADVPTq1ax0AXk	15.7	1075	137	4.42	594	591	41.8	257	0	15.8	777	115	0	10.3	21.9	253	41.0	0	7.27
ENSB:66qbEVf2IYMMRiF	103	0	238	6.01	22.5	21.1	60.9	56.2	0	152	10.3	152	0	27.7	205	71.5	46.6	73.9	71.3
ENSB:dg4b__pQ_crcmWt	206	308	57.1	2.8	271	111	261	325	25.8	364	278	143	0	77.8	0	178	0	61.6	211
ENSB:MYrCGq0s7tVAxaV	377	958	228	10.0	551	613	140	217	115	118	609	177	0	65.2	683	318	54.5	99.7	106
ENSB:6c_eRYXGmLi_tF2	1.79	0	0	0	0	0	19.1	2.75	0	0	0	0.892	0	0	0	0.521	0	0	0
ENSB:JH00pGUJWFcc8O6	0	0	0	0	0	0	0	0	0	0	0	0	0	0	3.61	0.173	0	0	0
ENSB:wXuuwlRoUO-d-MJ	299	493	162	4.99	365	207	710	248	411	310	322	537	78.0	664	0	339	281	355	441
ENSB:S3MA5ChQOiTvqB1	196	0	58.7	1.73	0	0	75.3	325	82.9	378	33.2	159	0	47.7	169	100	0	16.8	176
ENSB:q99O-g8EOW4cYwE	0.743	0	0	0	0	0	0	313	0	173	0	40.7	0	0	0	29.6	0	0	82.3
ENSB:1SEWHB-r1wsQl_R	44.3	0	0.885	0.266	0	0	0	0	194	0	0	2.59	0	7.33	0	9.45	0	0	0
ENSB:K30DqXmEzU1xgHj	1346	1086	729	23.0	482	956	1452	786	1066	851	611	784	2515	1761	2996	1075	1282	1410	1027
ENSB:pB5NdsymTSZhu6N	28.6	0	96.3	18.6	0	0	0	83.9	0	10.1	3.35	29.0	0	14.4	90.7	16.5	0	0	4.69
ENSB:oSP4cpWnHb0rrbe	202	0	269	12.4	52.8	35.2	25.9	344	39.2	408	28.3	186	0	9.23	0	114	0	0	225
ENSB:4fGo123uJS2WiSV	3.85	0	0.12	0.031	0	0	15.0	13.4	0	0	0	6.75	562	9.76	0	12.4	0	0	0.669
ENSB:BlPmjTyVRLTaLZK	120	0	26.3	2.32	0	0	195	38.1	29.0	90.9	0	42.9	0	63.1	271	46.5	48.4	0	43.8
ENSB:Jl2rLKyzoSbpSBr	35.3	0	0.654	0.089	0	0	0	0	0	0	0	0	0	1.7	0	2.58	0	0	0
ENSB:tQaHwdHoVslFwx8	0	0	0	0	0	0	0	0	0	3.58	0	0	0	0	0	0.516	0	0	1.71
ENSB:HqnebBc94PePkVN	0	0	0	0	0	0	7.8	0	0	0	6.2	0	0	0	0	3.79	0	0	14.8
ENSB:C3KXz_Hq2WEkGV6	1946	1092	1622	14.1	1725	829	2808	905	1428	1062	1442	966	777	845	1004	1309	1243	1853	1014
ENSB:0i9yvrQdFK0uWwf	11.7	0	4.69	0.508	0	0	24.2	0	0	19.6	0	3.45	0	0	0	4.51	0	0	9.57
ENSB:Jv-IXyZTAIWQ8qt	0	0	93.4	0.9	145	130	0	708	97.1	181	202	86.3	0	0	0	88.6	0	0	83.6
ENSB:TM3NaYuqz-39F6v	0	0	0	0	48.9	0	13.8	0	0	0	5.77	0	0	0	0	3.91	0	0	0
ENSB:Cr_KDpu6No6QFA6	514	987	108	4.63	1856	1133	152	1732	59.0	1109	1534	493	0	50.3	0	728	0	62.8	793
ENSB:3BohsmpKA8CJNOk	0	0	1.31	0.164	0	0	0	0	0	0	0	0	0	0	0	0.076	0	0	0
ENSB:WtBCr4SNDDtY0VR	248	326	1035	550	183	202	943	433	205	1256	184	358	0	171	0	431	191	171	776
ENSB:uOsNCKAzDgRvpjl	19.9	0	9.64	0.589	0	0	25.7	0.666	0	0	0.339	7.7	0	3.56	0	4.35	0	0	8.6
ENSB:4pE7pfmxCPgVDHn	3.69	0	0	0	0	0	0	0	0	27.3	0	0.921	0	3.68	0	4.37	0	0	13.3
ENSB:ULve1WpWK0UHcFk	152	0	0	0	0	0	9.2	0.964	78.5	252	0	19.5	0	11.1	31.5	60.9	6.86	0	168
ENSB:2GhI2vi2d_mrC66	113	0	0	0	0	0	7.51	1.06	152	282	5.19	32.5	0	3.62	11.6	56.6	0	0	136
ENSB:qea_oB76fxaRiM5	4.67	0	0	0	0	0	10.3	0	0	0	0	1.75	0	0	57.5	3.33	0	0	0
ENSB:lBF-AvEh5G1JRPi	19.2	0	0	0	0	0	0	0	0	12.3	0	0	0	0	0	4.03	0	0	11.1
b1229	0	0	0	0	0	0	0	0	0	0	0	0	0	0	0	1e-07	0	0	0
ENSB:LN1jKDnF_Zm8nyC	292	170	984	72.2	126	175	172	457	149	532	229	361	993	392	0	332	18.0	147	558
ENSB:OvGqjgk5Vs6UGln	18.0	0	1.62	22.9	0	0	0	0	0	0	11.8	3.97	0	0	129	11.7	0	0	7.43
ENSB:rXdFFFj0XXbryxx	6.95	0	18.0	1.68	0	0	11.9	17.5	0	24.4	0	116	0	11.1	138	16.8	0	0	11.4
ENSB:CmclFAzcfU4eaLo	2.06	0	42.2	6.47	0	0	11.5	15.8	18.4	0	0	8.22	0	0.652	0	3.89	0	0	0
ENSB:o8-3l_4aMkbX1Ku	1006	802	1069	130	397	570	520	492	667	634	388	693	546	799	0	548	155	415	606
ENSB:e7jOYYBfnXUko82	4656	5630	2868	19.6	12637	8922	9013	4107	11586	8779	10644	6288	7092	4006	0	7274	12796	5247	7013
ENSB:HCQan7UItk9Cj9y	37.2	0	11.2	0.883	52.8	0	0	105	0	85.1	1.87	40.4	0	12.3	0	21.5	0	0	39.6
ENSB:CND1kS4kc7wSGYi	971	1862	3158	324	2242	2582	1120	1137	6883	4335	1604	2176	1763	439	0	2323	699	1285	4427
ENSB:xj9aYLS63vHtnGP	0	0	0	0	0	0	0	0	0	0	10.0	0	0	0	0	1.75	0	0	0
ENSB:aq9IAnmPGJ_ATNm	636	1945	4594	68.8	1738	2933	647	1051	1255	2904	1728	1754	2124	2129	0	2088	2970	1337	3463
ENSB:_9vhIBMlVTnaxH-	38.0	0	49.0	3.91	0	0	0	69.4	0	288	0	67.2	0	150	0	72.2	0	0	241
ENSB:1L_DfKNR5bPsMq9	7.79	0	67.2	1.35	0	0	0	153	108	242	0	321	0	6.03	0	56.2	0	0	112
ENSB:_C-YM67B9SGWMPl	51.8	0	49.0	2.76	34.2	0	20.6	92.8	0	243	14.7	144	0	268	0	64.9	0	0	145
ENSB:FhLTYs-EvfpGTzU	100	0	46.6	2.16	0	0	24.6	132	0	231	0	182	94.9	614	0	69.3	0	0	107
ENSB:QncQrdjwwOYxg_z	35.6	0	37.2	12.6	0	0	0	103	0	0	0	47.4	0	7.19	185	16.8	0	0	0
ENSB:MnDbizo1j6m30_d	20.7	0	46.1	0.951	0	0	12.9	61.9	0	81.4	9.1	21.6	0	5.16	0	19.4	0	0	40.7
ENSB:snz8ztNqT8TfMZv	11.6	0	16.8	0.314	0	0	0	44.4	0	98.0	0	16.6	0	15.3	311	31.9	0	0	44.9
ENSB:6MiwFB5cNqn9zIL	466	1096	1213	11.5	392	994	8136	3372	683	740	1361	1889	0	43.4	992	1206	1283	941	1607
ENSB:xbUyek0Cupm_nC3	0	0	389	0	0	0	44.4	0	0	463	0	97.5	0	8.85	0	93.9	0	0	228
ENSB:aGFAdmNsYIt_Frq	30.5	0	29.6	1.73	0	0	0	231	0	0	0	50.9	0	110	0	11.0	0	0	0
ENSB:tMQk3neUpdWX2dq	0	0	2.36	0.303	0	0	0	0	0	0	0	0	0	0	0	0.137	0	0	0
ENSB:UsoYSS347XUZa9I	0	0	19.9	0	0	0	0	87.1	0	314	0	10.2	0	3.02	0	46.7	0	0	144
ENSB:z7BNVTtsWKR3C-3	3934	0	5.9	0.374	0	0	0	240	814	210	0	365	0	14.3	0	404	0	0	406
ENSB:W1Zfb6sw5HzRN_b	2.41	935	522	246	1003	436	309	294	0	0	584	90.9	0	1.77	43.4	267	139	0	0
ENSB:z-5H0TK-Jlmw99v	0	1258	940	46.5	725	616	44.0	271	0	0	729	129	0	6.76	663	332	0	0	0
ENSB:k9jdbr2pE7HVzhA	0	641	0	0	398	181	148	322	0	0	1846	105	0	0	0	388	0	0	0
ENSB:kRp6rxJvs2nMZq_	82.1	1027	4370	240	629	580	154	705	192	1282	413	609	896	290	0	1150	1022	4314	1194
ENSB:hYtXBPNRyahRjNS	21.7	887	5971	214	377	432	108	537	161	595	732	573	1803	193	0	1027	200	3029	811
ENSB:5LUvAgN4kp0F3K8	1.21	207	2413	27.8	161	163	13.2	198	15.7	288	114	194	0	85.2	0	264	0	475	140
ENSB:PIn1xqXftZnQowM	0	116	3328	230	66.9	74.1	0	92.3	0	485	92.4	156	183	26.5	0	314	0	202	247
ENSB:o8iALgBR_92JoMj	0	43.9	2611	155	44.5	30.9	0	143	0	394	25.8	96.7	0	109	0	245	111	181	213
b1265	0	0	0	0	0	0	0	0	0	0	0	0	0	0	0	1e-07	0	0	0
ENSB:bpOsOCfyqLiJHb5	5.62	0	1.87	0.096	0	0	20.5	8.19	0	93.2	5.59	0	0	0	0	15.5	0	0	45.5
ENSB:XlLIqb-JJVDTcXI	198	839	358	20.5	353	216	621	278	40.4	608	435	269	0	88.5	0	304	21.3	36.1	345
ENSB:mDfhMWiJ4zE_VXb	0	0	0	0	0	0	0	0.809	0	0	3.1	0.517	0	0	0	2.73	0	0	12.4
ENSB:oLILo37pI15X1Oc	75.4	51.2	182	2.51	36.6	42.7	84.3	281	0	81.6	23.3	153	0	166	547	88.4	0	149	38.4
ENSB:aTULF4lcr4yer6r	17.0	0	29.3	0.725	0	0	28.2	146	242	217	0	23.8	0	14.0	0	44.2	0	0	101
ENSB:FPmL2lC4H2sbfws	138	0	148	21.8	0	0	276	166	46.0	81.0	0	84.6	0	48.3	0	43.2	0	11.9	37.3
ENSB:I2Jg3NX6RjVREqn	75.1	56.5	304	24.8	29.8	21.1	20.3	138	16.6	390	38.1	164	0	78.8	448	151	329	0	257
ENSB:bDyJ6zCIrA0Smd1	746	325	46.6	4.1	323	222	2557	869	733	810	230	360	0	132	941	459	0	13.5	789
ENSB:qdJ2vcinMBZZruk	96.1	175	88.4	2.22	135	152	298	180	101	252	141	213	0	167	636	156	29.7	22.0	172
ENSB:HMOE6mB8OJ5cq_U	198	89.2	201	5.62	33.2	51.6	66.9	233	60.4	407	35.6	144	0	134	487	146	0	0	259
ENSB:da57jVIf5acis3A	119	805	241	2.98	580	683	789	811	46.0	760	687	483	0	176	0	431	93.2	29.0	618
ENSB:BxZYJ51gCRjErOQ	38.9	0	73.5	4.22	0	0	22.2	149	113	408	11.4	47.5	0	66.2	0	94.6	185	14.6	239
ENSB:KnFlz61ovQPi1H0	3.75	0	15.3	0.437	0	0	0	0	35.0	0	10.0	1.08	0	0	0	3.97	0	0	0
ENSB:9MDzqWLHYG32F4j	0	0	173	1239	0	178	0	155	0	747	0	145	0	3.07	0	159	0	0	338
ENSB:oHlwEJvgRkHsd8p	23.3	0	8.04	0.671	25.4	11.7	0	49.6	15.7	8.48	8.52	10.6	0	5.6	144	19.2	0	0	29.5
ENSB:mH0gdT0iDf78VHI	95.2	0	239	6.23	48.4	57.7	50.8	286	39.3	111	72.0	268	0	137	0	88.1	0	99.2	108
ENSB:kTvpIzBgaol-AOP	11.5	0	21.0	0.441	0	0	717	91.7	0	0	113	41.8	0	30.2	0	37.5	0	0	0
ENSB:cpE4Ubr38RRYNwl	24.7	0	377	1.56	0	0	0	674	0	0	0	2805	0	0	0	1036	0	0	5151
ENSB:ulLKV2FT_47ptSi	36.5	85.3	153	25.7	92.8	74.6	211	193	0	91.8	55.3	108	0	92.6	0	58.3	26.4	0	42.9
ENSB:XJqbpJR7JgAf9zl	0	0	4.67	0.13	0	0	0	0	0	4.79	1.94	3.52	0	0	0	1.41	0	0	2.22
ENSB:Z-zy0xI0DSBPID2	213	293	228	17.5	90.9	96.1	575	366	151	391	141	284	592	272	0	214	9.45	423	202
ENSB:2OmY6Qg7XJTDJvR	0	0	45.7	0.804	0	0	0	49.1	0	0	0	24.5	0	0	0	6.06	0	0	12.1
ENSB:7n3cL3JoROfvpCw	1626	2246	2428	219	1744	2464	1961	1425	1572	1738	1664	2023	2095	3555	3620	1835	1285	655	1980
b1289	0	0	0	0	0	0	0	1.25	0	0	0	0	0	0	0	0.012	0	0	0
ENSB:25JKZc6ENqLUlkW	21.3	0	14.9	0.725	0	0	0	23.1	0	0	0	11.3	0	4.33	80.6	6.97	0	0	0
ENSB:U3PI712woax-gRj	18.6	0	10.2	1.02	0	0	47.9	1.97	0	0	0.507	6.48	0	8.28	0	3.31	0	0	0
ENSB:e5IR35yKC4xKMAa	0.276	0	7.49	12.4	0	0	0	54.6	0	0	0	2.69	0	0	0	1.42	0	0	0
ENSB:_EC50ol7-C_LLig	6.87	0	4.23	0.158	0	0	0	0	0	7.4	5.21	0.509	0	0	0	2.67	0	0	3.26
ENSB:NumGtoLZJtrMvl9	5.48	0	20.5	1.09	0	14.5	20.5	45.9	0	0	7.34	13.3	0	14.0	37.5	6.48	0	0	0
ENSB:z_Aig47rwtVxFI3	5.35	126	0.674	12.6	135	71.7	0	128	0	0	17.7	82.8	0	0	416	49.4	0	82.2	0
ENSB:asUmcREmWog7IS_	0	0	0	0	0	0	0	0	0	0	0	0	0	0	0	1e-07	0	0	0
ENSB:Qcbbyi-dlwkrQpD	0	0	0.008	0.014	0	0	0	9.53	0	0	0	6.04	0	0	0	1.73	0	0	8.06
ENSB:y0khzs0pOnEsG6L	0	0	0	0	0	0	0	144	0	0	0	28.3	0	0	0	2.5	0	0	0
ENSB:4zl8iteYYizY4WP	0	32.2	3.3	0.166	62.0	0	0	75.6	0	0	31.8	11.0	0	2.44	0	12.0	0	0	0
ENSB:0AmO0ew0TAKqcek	0	0	7.82	0.391	0	0	58.3	28.1	0	0	0	19.5	0	0	0	2.64	0	1.88	0
ENSB:jT1M1zvR5Ra5obJ	0	0	0	0	0	0	8.5	0	0	0	0	0.476	0	0	0	0.167	0	0	0
ENSB:XC8TC7dEWfvluEO	0	0	0.156	0.044	0	0	6.54	4.92	0	0	0	27.2	0	1.61	0	2.31	0	0	5.84
ENSB:CiMzN5i-SwG2Ddv	39.5	0	9.68	0.905	0	0	19.3	17.3	0	6.39	0	8.67	0	2.13	0	5.15	0	0	2.95
ENSB:JIgB5rR7VBDgnaC	198	362	8802	444	620	511	373	560	725	694	661	450	0	58.7	0	878	0	66.6	564
ENSB:P09Ugz00eZMarPt	118	0	670	19.1	151	15.0	0	791	256	246	23.0	74.5	0	3.79	0	112	0	0	120
ENSB:5ODwETfL0O7HqLc	35.7	0	261	7.57	0	0	32.3	81.4	0	0	0	7.05	0	0	0	18.6	0	0	0
ENSB:F-6LUay5qdldfRr	0	0	25.2	1.3	0	0	0	41.3	0	0	305	2.56	0	0	0	55.0	0	0	0
ENSB:FI3aEYrUE9MSrLk	122	307	0	0	256	318	869	317	586	1529	377	102	0	18.1	0	626	115	0	2175
ENSB:PfPqMU-OLlrMyfk	0	0	0	0	0	0	5.39	1.55	0	1.55	0	0	0	0	0	0.33	0	0	0.729
ENSB:qYR7cLjqa69BkOR	0	0	0	0	0	0	0	3.74	0	0	0.565	20.8	0	0	0	0.958	0	0	0
ENSB:Vcsc7zTf-jvBcTv	0	0	0	0	0	0	0	0	0	0	0	0	0	0	0	1e-07	0	0	0
ENSB:9RGn9lBdXWYodBz	0	0	0	0	0	0	0	0	0	0	0.96	0	0	0	0	0.167	0	0	0
ENSB:oFNu4PkEDlQd5zY	0	0	0	0	0	0	0	0	0	0	0	21.4	0	0	0	0.848	0	0	0
ENSB:n2BTmowd9fVrz-Q	0	0	0	0	0	0	66.5	3.84	0	22.4	0	0	0	40.1	0	5.44	0	0	10.4
ENSB:yPsEtaLr-xSUgPu	0	0	0	0	0	0	6.58	3.38	0	9.66	0	0	0	0	0	1.52	0	0	4.52
ENSB:M1k2M_HD7m99pTq	0	0	0	0	0	0	4.34	0	0	4.83	0	0	0	0	0	0.756	0	0	2.21
ENSB:aOlwgtpiDATAiyU	0	0	0	0	0	0	0	0	0	0	8.4	0	0	0	0	1.46	0	0	0
ENSB:IIWLDeKLPIuLiA-	0	0	0	0	0	0	0	13.8	0	0	0	0	0	0	0	0.133	0	0	0
ENSB:1DffflEoEHB60L1	3.61	0	9.36	0.749	0	0	21.6	46.4	0	0	0	13.2	0	4.87	0	3.65	0	0	7.99
ENSB:j9lNqE7kexY_oLH	26.5	0	4.87	0.266	0	162	15.0	18.4	0	37.2	0	32.7	0	5.77	62.3	14.3	0	0	17.1
ENSB:wEs2HxCgV8pODxg	64.7	0	13.5	0.593	0	0	0	5.7	126	172	0	22.2	0	15.2	0	35.4	0	0	82.5
ENSB:oLjLiZVHQbOurRB	119	38.0	75.1	12.2	55.7	28.1	0	123	15.4	65.8	39.3	79.5	0	43.1	109	46.6	0	14.5	30.3
ENSB:u15pacFAYddTlE3	4066	4645	2887	288	1374	3497	1542	1475	5556	3526	2005	3061	4107	1038	0	3195	9443	3216	3792
ENSB:HD5qi8wGU5e9N38	3.39	104	28.2	1.6	33.2	101	45.7	109	0	0	106	36.0	0	3.92	0	37.0	0	0	28.0
ENSB:kxnNiTtT-xA4OmC	0	86.7	11.0	0.9	44.5	37.5	0	35.9	0	0	63.7	12.7	0	1.22	0	20.0	0	0	0
ENSB:UQX723INRmTRtXJ	4.4	0	14.1	2.53	0	0	9.74	30.4	0	0	9.14	9.2	0	2.17	90.7	7.96	0	0	0
ENSB:0gqTAvsmYU4ZdJQ	2.11	0	0	0	0	0	0	0	0	0	0	0	0	0	0	0.149	0	0	0
ENSB:lfB-xtTxGMcdkMJ	27.2	404	73.5	1.68	214	173	59.2	173	0	72.4	236	96.7	0	84.2	0	110	161	15.0	33.1
ENSB:K6VKi6qxB4__nto	18.5	0	7.62	0.363	0	0	0	3.05	0	322	0	1.42	0	2.53	0	47.5	0	0	150
b1331	0	0	0.048	0	0	0	9.48	2.76	0	0	0	21.4	0	0	0	1.04	0	0	0
ENSB:VRqQbDXKKkQfIZW	0	0	0	0	0	0	0	0	0	0	0	0	0	0	0	1e-07	0	0	0
ENSB:PjOK5t6VuZBRXN8	975	1829	884	47.0	569	654	119	651	577	856	1505	518	214	107	924	797	0	245	658
ENSB:nAdV1IlpYPBr67T	64.8	367	273	1.16	121	283	24.4	487	72.4	392	320	176	0	22.1	0	179	0	0	203
ENSB:xYzC09DGgeY5fmW	0	0	9.66	1.23	0	0	0	57.4	0	59.3	66.0	10.3	0	1.9	23.4	22.5	0	0	27.3
ENSB:pV1W6r9cLUds2BO	0	0	0	0	0	0	105	0	0	0	0	0	0	0	0	1.82	0	0	0
ENSB:rbaqbHzexGXNGln	0	0	0	0	0	0	10.1	5.0	0	0	0	0	0	0	1.83	0.981	0	0	3.85
ENSB:xXA6SGIA5nGo7EV	1.9	0	0	0	0	0	68.9	0	0	0	0	13.5	0	0	0	1.87	0	0	0
ENSB:s4p9TYwjn86Rz5F	0	0	0	0	0	0	0	0	0	0	4.72	0	0	0	0	0.979	0	0	0.902
ENSB:00wAky27BlLU_oZ	10.0	0	15.1	1.56	0	0	0	68.5	0	24.5	0	7.89	0	5.09	0	6.22	0	0	11.8
ENSB:YbFvx036n832DRT	0	27.3	0.497	0.139	56.7	12.2	0	55.7	0	1.29	14.2	14.6	0	0	310	24.8	29.5	0	0.609
ENSB:0-z3joOSRACEBq-	46.5	0	20.7	1.11	0	0	22.2	39.6	0	218	0	15.1	0	3.46	0	36.6	0	0	99.8
ENSB:LC-RIXVWbw73jPE	3.31	0	0.315	0.024	0	0	23.3	7.34	0	0	2.05	4.36	0	7.24	0	2.27	0	0	4.72
ENSB:R9E0U0xz4P5Z3uk	25.9	0	8.91	0.586	0	0	22.8	26.2	0	69.5	18.5	34.4	0	72.0	0	19.4	0	0	32.7
ENSB:cpCjrtQ6Dgx0n3-	0	0	0	0	0	0	5.83	3.51	0	0	0	0	0	0	0	0.135	0	0	0
b1346	0	0	0	0	0	0	0	0	0	0	0	0	0	0	0	1e-07	0	0	0
b1347	0	0	0	0	0	0	0	0	0	0	297	0	0	0	0	51.7	0	0	0
b1348	0	0	0	0	0	0	0	0	0	0	0	0	0	0	0	1e-07	0	0	0
b1349	0	0	0.583	0.149	0	0	0	5.56	0	0	0	0	0	0	0	0.089	0	0	0
ENSB:MlVx6APVW8BjiSF	0	5.36	0	0	0	0	39.5	0	0	21.5	0	0	0	0	1.94	4.12	0	0	10.1
b1351	0	0	0	0	0	0	0	0	0	0	0	4.17	0	0	0	0.165	0	0	0
b1352	0	0	0	0	0	0	0	20.4	0	0	0	0	0	0	0	0.196	0	0	0
b1353	0	0	0	0	0	0	17.8	0	0	44.5	0	1.76	0	0	0	8.03	0	0	28.4
b1355	0	0	0	0	0	0	0	0	0	0	0	0	0	0	4.26	0.204	0	0	0
b1356	0	0	81.7	2.23	69.4	42.7	40.2	140	0	140	26.0	75.5	0	0.597	0	38.1	0	0	64.3
b1357	0	0	0	0	0	0	63.2	0	0	0	0	0	0	0	0	1.1	0	0	0
ENSB:3iE438s6KrMRIk_	0	0	0	0	0	0	0	0	0	0	0	0	0	0	0	1e-07	0	0	0
ENSB:GBhenv3KIFEkWwP	0	0	0	0	0	0	0	0	0	0	0	0	0	0	0	1e-07	0	0	0
b1360	0	0	0	0	0	0	0	14.7	0	7.36	0	0	0	0	0	1.19	0	0	3.44
b1363	0	0	0	0	0	0	0	0	0	0	0	0	0	0	0	1e-07	0	0	0
b1365	0	0	0	0	0	0	0	0	0	0	0	0	0	0	0	1.73	0	0	9.95
b1370	0	0	0.051	0.016	0	0	9.33	2.86	0	0	0	14.1	0	0	0	0.749	0	0	0
ENSB:IIkYIrGhE9qbJL_	0	0	0	0	0	0	2.37	2.09	0	12.7	0	1.06	0	0	0	3.25	0	0	13.6
ENSB:rhWAzRyekcDtb0y	0	0	0	0	0	0	54.8	0	0	0	0	0	0	0	0	0.953	0	0	0
ENSB:Swk2Fy4p5kgHbxy	0	0	0	0	0	0	0	0	0	0	19.9	0	0	0	59.5	6.3	0	0	0
b1375	3.75	0	2.62	0.261	0	0	37.8	49.2	0	0	0	0	0	8.45	0	1.77	0	0	0
ENSB:ZtRS27TvU9FHvZ_	3072	3000	395	29.5	1705	2064	779	1068	3981	723	1200	585	0	186	1331	1190	550	188	825
ENSB:t2JiTTJWnnZHdXD	0	0	149	0	0	0	0	110	883	4.54	14.0	109	0	0	0	47.6	23.5	25.3	6.34
ENSB:HKhry-IF3yzS7hQ	34.6	18.5	6.99	0.511	18.6	28.6	166	108	0	78.5	15.8	32.4	0	57.0	156	34.4	0	0	42.9
ENSB:hXQjtPsfym8t4Aq	26.0	0	66.5	2.58	0	0	29.9	153	76.8	11.3	0	90.4	0	2.72	29.4	16.5	0	0	5.25
ENSB:DHgxALwG_Fm46CG	122	545	582	13.3	179	279	739	203	403	385	411	518	160	142	0	300	35.9	82.9	344
ENSB:Un-bt0QuF_R0IJ8	4.45	8.28	3.25	0.365	0	0	4.32	19.9	0	4.15	1.46	1.57	0	1.97	0	2.15	0	0	1.9
ENSB:sLm-hF2U0Y69w6o	49.4	0	51.8	5.06	0	0	0	580	0	163	0	44.5	0	0	0	36.9	0	0	75.6
ENSB:HVPAKQikst6S6sd	0	39.5	0	0	0	0	0	0	0	0	17.8	7.85	0	0	0	5.45	0	0	0
b1384	0	0	0	0	0	0	17.9	5.32	0	1.8	4.79	0	0	0	0	1.45	0	0	0.845
b1385	0	0	4.25	0.23	0	0	0	1.85	3.14	0	1.99	3.84	0	0	0	0.85	0	0	0
b1386	0	0	0	0	0	0	6.54	1.06	0	0	0	3.61	0	0	0	0.526	0	0	1.49
b1387	0	0	0	0	0	0	9.02	0	0	0	4.96	0.42	0	0	0	1.04	0	0	0
b1388	0	0	0	0	0	0	19.0	0	0	0	22.6	0	0	0	23.4	5.38	0	0	0
b1389	0	0	0	0	0	0	0	0	0	0	0	0	0	0	0	1e-07	0	0	0
b1390	0	0	0	0	0	0	0	0	0	27.1	0	0	0	0	0	3.95	0	0	13.2
b1391	0	0	0	0	0	0	0	0	0	0	0	0	0	0	5.15	0.246	0	0	0
b1392	0	0	0	0	0	0	0	0	0	3.46	0	0	0	0	0	3.32	0	0	17.9
b1393	0	0	0	0	0	0	26.8	0	0	14.0	6.09	0	0	0	7.39	3.88	0	0	6.57
b1394	0	0	0.002	0	0	0	0	0	0	10.7	0	0	0	0	0	1.5	0	0	4.91
b1395	0	0	0	0	0	0	0	0	0	0	0	0	0	0	0	1e-07	0	0	0
b1396	0	0	0	0	0	0	0	0	0	0	0	0	0	0	1.8	0.086	0	0	0
b1397	0	0	0.196	0.043	0	0	6.1	1.67	0	0	0	0.71	0	0	0	0.162	0	0	0
b1398	0	0	0	0	0	0	7.02	23.6	0	0	5.38	0.772	0	0	0.529	1.34	0	0	0
b1399	0	0	3.41	0.387	0	0	0	114	0	0	0	10.9	0	0	65.9	5.31	0	0	2.55
b1400	0	48.7	6.7	0.238	59.6	83.0	65.8	130	0	0	203	36.3	0	4.35	0	46.4	0	0	0
b1402	0	0	0	0	0	0	140	0	0	1.9	9.42	0	0	0	0	4.34	0	0	0.886
b1403	0	0	0	0	0	0	7.18	0	0	0	0	31.1	0	0	0	1.36	0	0	0
b1404	0	0	0	0	0	0	11.6	0.324	0	16.5	0	0	0	0	0	2.54	0	0	7.66
ENSB:CjsMET1IUCXr5-e	53.9	1235	285	42.2	668	967	32.6	446	87.6	115	818	117	0	8.73	69.4	307	0	0	52.9
ENSB:YEq-sze5qdcB1gU	0	0	0	0	0	0	40.4	0	0	0	1.58	0	0	0	0	1.52	0	0	3.14
ENSB:cBMCz83LQlrvUGb	0	0	0	0	0	0	0	0	0	0	0	0	0	0	0	0.567	0	0	3.26
ENSB:JtBhFRsNUrIPNO6	0	0	0	0	0	0	0	0	0	0	0	0	0	0	0	1e-07	0	0	0
ENSB:h4eK2wYLE5M784m	0	0	0	0	0	0	17.7	0	0	0	1.63	0	0	0	1.18	0.949	0	0	1.73
ENSB:daRFIA_1nwbuTtT	0	0	0	0	0	0	0	0	0	0	0	0	0	0	0	1e-07	0	0	0
ENSB:Ub8iiF46wToQcqP	266	348	342	21.0	200	207	31.1	353	121	401	478	330	87.5	88.1	0	243	45.0	88.0	185
ENSB:zwrGX1TgUcpdYrr	14.9	0	25.6	2.15	0	0	15.5	3.13	11.6	51.1	0	22.1	0	24.7	108	19.0	0	1.64	33.7
ENSB:LfOj9Uy_fI_RV7r	5.75	432	291	26.9	197	485	202	312	24.2	400	473	144	0	35.9	0	234	0	173	250
ENSB:FHHv5BktljSdIYs	46.0	3801	280	15.1	12392	7854	692	1746	240	673	5702	1439	833	437	1323	2347	608	450	426
ENSB:W8eOsqDto6oAzvT	0	0	0.792	0.546	0	0	41.5	218	0	0	0	16.7	0	0	0	4.69	0	0	6.64
ENSB:9fUTMSmB8wiMRFd	0	0	0	0	0	0	0	0	0	0	0	3.79	0	0	0	0.15	0	0	0
ENSB:YQvyPfBuRRtmBW6	0	0	0	0	0	0	0	0	0	0	0	0	0	0	0	1e-07	0	0	0
ENSB:APJWJ-_HHpXeGmh	0	166	0	0	130	63.8	0	128	7.1	55.7	86.7	17.9	0	0	0	41.7	0	0	26.4
ENSB:riPL2PMGeEnLpc_	3.33	278	3.8	0.22	173	116	13.7	194	0	0	146	48.6	0	27.1	18.7	57.7	0	11.5	0
ENSB:kd1jC-OJhv22xgP	0	266	24.1	0.771	167	188	67.2	188	0	0	271	18.9	0	0	41.5	79.8	0	0	2.07
ENSB:GuT_qPfmT1g-alT	78.8	0	37.8	3.48	41.0	49.2	28.5	68.4	45.2	44.1	25.9	65.1	0	6.9	0	27.9	0	7.0	24.8
ENSB:cvDRzYKW2ZsdVY-	1168	470	55.5	1.83	684	536	586	2236	0	826	1573	606	0	11.0	0	618	0	0	482
ENSB:tw-imLy8t1C1p31	10.7	72.1	64.1	4.9	59.6	63.3	0	61.9	0	0	101	20.7	0	0.813	0	31.2	0	0	0
ENSB:-Qjz__2CoA3pADD	0	0	4.62	1.27	0	0	0	0	0	0	0	0	0	0	0	0.288	0	0	0
ENSB:ft-5T03JwD33Ojx	2.24	0	2.43	0.064	0	0	0	0	0	26.3	0	3.46	0	0	0	4.22	0	0	12.6
ENSB:_mB7Gf5Fd_oB3my	116	111	604	149	119	60.0	0	262	74.5	514	81.7	113	0	27.9	122	188	0	1.09	394
ENSB:ZHBAz-3--AP3PTT	43.4	1837	1124	16.3	1244	929	31.1	912	0	341	1233	377	0	13.2	0	539	0	0	229
ENSB:RknpZPtCzr1YbJg	0	0	0	0	0	0	16.1	0	0	0	0	0	0	0	0	0.281	0	0	0
ENSB:2L04-m-NBU1BaL9	0	0	0	0	0	0	0	0	0	0	0	0	0	0	0	1e-07	0	0	0
ENSB:-rEvcpQ9XHeja-j	0	0	1.37	0.225	0	0	0	10.8	0	0	0	0	0	0	46.9	2.43	0	0	0
ENSB:7V8CN263nqgqbA3	0.774	0	0.056	0.037	0	0	4.95	21.3	30.3	0	3.42	30.1	0	52.5	116	10.0	0	0	0
ENSB:D38fMVuuyce47Cn	0	0	0	0	0	0	0	0	0	0	0	0	0	0	0	1e-07	0	0	0
ENSB:1OY5JMbjMUvOCGT	0	0	0.184	0.058	0	0	0	67.7	0	0	0	0.794	0	0	0	0.694	0	0	0
ENSB:YCXvIvAhmK8E-_8	1.1	0	2.85	0.048	0	0	6.29	4.87	0	0	0	1.47	0	0	0	0.448	0	0	0
ENSB:AfL2XS0S_vwkEkh	0	2296	26.3	3.64	2765	2136	73.9	455	0	0	1818	186	0	2.43	0	633	96.4	0	0
ENSB:FMMEE8oKGKCKupM	0	228	0.461	0.07	107	120	44.0	97.2	0	0	122	17.9	0	0	0	42.9	0	0	0
ENSB:Om9D_2QOfKaxMCG	0	0	0	0	0	0	0	24.8	0	0	0	0.513	0	0	0	0.259	0	0	0
ENSB:npTkgk-rt98QA2q	0	0	0	0	0	0	0	0	0	0	12.2	0	0	0	0	2.11	0	0	0
ENSB:Jq78-oVXWu0-4l_	0	2501	11.0	0.938	1643	1394	30.2	301	0	0	2011	177	0	0	0	598	0	0	0
ENSB:86Y4Q2BEr1VpMZG	0	0	0	0	0	0	0	0	0	0	0	0	0	0	0	1e-07	0	0	0
ENSB:YXJ1VPyNiH7eTeW	231	310	176	0.719	646	210	719	60.9	714	793	420	438	0	197	0	356	0	0	560
ENSB:hA7MYWPPGu0t11v	0	0	0	0	0	0	0	0	0	0	9.84	0	0	0	0	1.71	0	0	0
ENSB:tCOeBZ43YVugW5M	6.03	0	28.3	1.73	0	0	0	201	0	74.0	0	42.7	0	0	0	16.4	0	0	35.9
ENSB:PQd2UuOhZqmf2Fh	0	750	309	9.41	357	386	174	220	0	52.2	670	109	0	16.5	555	242	0	0	29.1
ENSB:o7r6JlRMW1DpQu0	0	0	3.69	0.382	0	0	21.6	57.5	0	27.5	0	2.15	0	0	0	5.96	0	0	17.6
ENSB:O9fj2ByFcNpc0Ca	7.33	0	2.97	0.384	0	0	7.52	10.7	0	0	0	13.0	0	0	0	1.97	0	0	3.05
ENSB:dGyLUJSTOxRRrck	37.8	430	1038	11.4	240	176	28.8	230	30.4	1758	364	1341	0	186	0	843	1217	959	2181
ENSB:BX4wb6e8GSRzNXs	0	0	0	0	0	0	29.8	0	0	0	0	1.13	0	0	0	0.564	0	0	0
ENSB:ueHAZJzaQJM1FtC	0	0	5.59	0.454	0	0	80.9	39.2	0	0	0	0	0	0	0	2.1	0	0	0
b1455	0	0	0	0	0	0	0	0	0	0	0	0	0	0	0	1e-07	0	0	0
b1457	0	0	0	0	0	0	30.5	10.2	0	0	0	0	0	0	0	11.3	0	0	61.6
ENSB:J3e7QYlANNg5OmH	0	0	0	0	0	0	0	0.769	0	6.68	0	0	0	0	0	2.55	0	0	12.3
ENSB:YVBI1OVM8h6pU_b	0	178	0	0	149	121	0	251	0	0	246	59.7	0	5.95	0	86.5	0	259	0
ENSB:fQXaJ7PCXv-PwoE	0	115	33.8	2.45	92.3	68.0	0	111	0	0	351	15.3	0	0	0	76.4	0	0	0
ENSB:18Qpzto3vsPIawY	0	0	0.832	0.089	0	0	0	0	0	0	0	0.723	0	0	0	0.076	0	0	0
ENSB:ew_uPNfBy-Y50Qr	0	0	29.0	2.06	0	0	0	80.4	0	0	0.584	23.8	0	4.75	0	3.58	0	0	0
ENSB:_XJZm-PR6NpBR3A	19.2	0	0	0	0	0	0	0	0	8.57	0	0.499	0	0	0	3.31	0	0	8.08
ENSB:5IZItuevuNta8MH	0	0	0	0	0	0	0	5.93	0	0	0	0	0	0	30.9	1.53	0	0	0
ENSB:RC84Y5LEq9Cqwml	113	0	0	0	0	0	237	1.13	13.1	21.6	4.94	8.21	0	0	0	17.7	0	0	15.1
ENSB:fmjgGbwygQ8mCSm	0	29.7	0	0	0	0	5.81	6.94	12.8	3.86	2.29	4.58	0	0	10.4	4.23	0	0.201	4.59
ENSB:LAjIhPCh9SZdAt-	0	0	0.73	0.079	0	0	0	7.31	0	32.5	0	1.75	0	0	0	4.92	0	0	15.8
ENSB:gqioifZuoEhJjMD	0	0	0	0	0	0	0	0	0	0	0	0	0	0	0	1e-07	0	0	0
ENSB:yWUyMiQsGuXOqbw	111	0	0	0	0	0	9.98	1.29	41.8	0	0.067	9.86	0	4.18	2.21	9.94	0	0	0
ENSB:o7r6ZR7sXa7RSeL	148	0	0	0	0	0	0	7.94	29.2	23.3	17.8	13.4	0	5.8	0	20.0	0	0	19.5
ENSB:s6rjd2y98BhujAh	24.8	0	0	0	0	0	0	0	0	0	0	0	0	0	0	1.75	0	0	0
ENSB:Tqs1Zo_maLFauVR	11.6	0	0	0	0	0	0	0	0	0	0	8.02	0	0	0	1.14	0	0	0
ENSB:KvpeIIBDt4gYtTR	0	668	2.82	0.344	358	254	57.0	164	0	0	370	105	0	0	0	129	0	0	0
ENSB:g3t4UFaNnMGSCSL	352	820	119	6.31	383	298	386	342	35.7	364	520	392	0	1205	0	342	0	320	277
ENSB:attL7Pmsupx6gz5	97.8	1555	84.6	4.15	1118	2477	811	3281	376	1878	2384	2438	0	46.0	33037	3340	7554	1846	2142
ENSB:fKsc8issHZN1QuC	0	0	0	0	0	0	0	0	0	0	0	0	0	0	0	1e-07	0	0	0
ENSB:bhBYkrNNs--QyQC	94.8	2385	6553	42.4	2417	7694	487	2904	92.3	1152	2694	2130	0	35.4	12.7	1843	2408	1134	1459
ENSB:hb7wgJ-71VVvd6u	0	0	0	0	0	0	0	4.03	0	1.84	0	0	0	0	0	1.58	0	0	8.19
ENSB:8AVuLZRBwivg9Qz	0	0	0	0	0	0	0	1.13	0	0	5.13	0	0	0	0	0.904	0	0	0
ENSB:5v7sXNodXFVt0Jj	0	0	0	0	0	0	157	5.04	0	0	0	0	0	0	0	2.78	0	0	0
ENSB:cLlmhOK8A5Hb3AF	0	0	0	0	0	0	0	0	0	18.5	0	0	0	0	0	2.58	0	0	8.35
ENSB:-6QrAkdEygCmpJ_	0	389	5.5	0.463	275	156	4.05	120	35.6	0	337	18.8	0	38.6	148	108	0	0	2.22
ENSB:xvaueR2zXTBjJ_f	0	0	0	0	0	0	0	9.87	0	0	0	0	0	0	0	0.095	0	0	0
ENSB:WqC6g2BXBfHpP3S	0	0	0.084	0.02	0	0	9.6	11.4	0	0	0	0.156	0	0	0	0.288	0	0	0
ENSB:8gM7SGNtTt9VeT5	0	86.2	4.97	0.448	61.1	51.1	12.7	85.2	0	0	67.5	6.96	0	0	0	21.8	0	0	0
ENSB:ra3TEbqLT8qiIzl	50.8	0	0.422	0.055	0	0	12.1	0	0	0	0	1.3	0	0	0	3.88	0	0	0
ENSB:9Xz9MfMzlrKibN5	42.9	419	509	2.96	44.5	235	451	137	530	876	200	184	0	143	0	335	0	0	878
ENSB:lrqJDc4FGvQ3EFh	771	56.0	694	98.6	1251	96.1	579	210	1027	1232	867	2008	0	681	0	1086	0	18.3	3164
ENSB:ZXfq4sBuPfxNets	9.09	0	11.3	1.37	0	11.7	22.2	0	0	93.7	1.27	12.8	82.2	4.51	9.0	18.2	0	4.68	42.7
ENSB:VChDgrITeI5H9hU	0	0	11.0	0.7	0	0	0	1.29	0	31.7	0	8.37	0	1.18	0	5.49	0	0	14.8
ENSB:kf6NMrAN-Q0ZvIi	1.86	0	1.66	0.291	0	0	8.8	0	0	10.1	0	0	0	0	0	2.52	0	0	8.77
ENSB:BFawVqnuIUXqWfH	0	0	0	0	0	0	0	0	0	0	3.01	0	0	0	0	0.523	0	0	0
ENSB:0umnEFh6X5Ptmb5	110	8.28	0.942	0.11	18.1	210	54.9	25.6	410	58.0	3.25	36.8	0	1.68	0	36.4	0	0	28.9
ENSB:tbYrgs33egpQQgL	0	0	0	0	0	0	0	0	0	0	0	0	0	0	0	1e-07	0	0	0
ENSB:9EKysoOpdAH6g8a	0	0	0	0	0	0	78.3	0	0	0	0	0	0	0	0	1.36	0	0	0
ENSB:_6-Qpf-eeXJM_Q-	0	0	0.473	0.063	0	0	0	6.75	0	4.71	1.37	0	0	0	8.24	1.4	0	0	2.23
ENSB:VvBHzOVL-0iCxiH	0	0	0	0	0	0	0	0	0	0	0	0	0	0	0	1e-07	0	0	0
ENSB:0WdzRKu4etMmXoH	0	0	0	0	0	0	0	0	0	0	23.1	0	0	0	0	4.01	0	0	0
ENSB:g6dJD8XU2-LVIpF	0	0	0	0	0	0	41.9	0	0	0	0	0	0	0	0	0.729	0	0	0
ENSB:DUhZv7EdFiKOJjt	0	0	2.78	0.245	0	0	10.6	17.1	0	0	26.3	25.3	0	0	45.6	9.07	0	0	4.59
ENSB:D4BlK0Z1ChVk7P_	0	0	15.2	1.56	0	0	0	0	0	44.4	0	4.85	0	0	0	7.25	0	0	20.0
ENSB:MozoynWvBmq00O3	0	97.4	0.558	0.12	22.5	32.4	0	115	0	0	52.6	4.17	0	0	0	17.1	0	0	0
ENSB:0e35bNh-zk_c8gu	0	0	2.16	0.195	37.6	21.1	16.0	54.8	0	9.9	7.09	8.53	0	2.7	0	6.28	0	0	4.53
ENSB:iribj2Unon8kVRu	0	0	0.637	0.164	0	70.3	21.5	52.7	0	0	0	0	0	0	0	1.83	0	0	0
ENSB:REn6VpjOyCX1A2s	0	0	1.62	0.149	0	0	0	8.13	0	0	0	0	0	0	0	0.171	0	0	0
ENSB:-lZ8OHrF7hrGzYl	0	0	0.531	0.115	0	0	0	66.5	0	0	0	0	0	0	0	0.671	0	0	0
ENSB:hbvjz01Ea3YADRs	0	1469	4.6	0.539	828	1318	15.4	531	0	0	1617	142	0	0	0	442	219	0	3.76
ENSB:5lzIGl2RZAS0ArK	0	725	63.2	13.3	530	363	310	519	0	21.9	636	138	0	1.59	0	204	0	0	10.3
ENSB:iGahlL2GfaEJhEy	0	0	1.26	0.094	0	32.4	0	383	0	0	23.3	30.6	0	0	0	9.43	0	0	0
ENSB:7EzGdq30IgLIMQ-	5.12	173	51.5	1.4	64.5	90.0	79.9	133	0	0	53.8	32.1	0	1.92	0	30.2	0	0	0
ENSB:zcpDWxrxDyWrTeb	0	0	1.25	0.173	0	0	0	0	0	76.2	0	0	0	0	0	10.9	0	0	35.5
ENSB:NEWUM2Xhon2x62e	89.6	0	508	31.5	0	0	6.66	7.21	11.8	30.4	2.44	10.6	0	0	0	40.7	0	0	15.0
ENSB:b8LVWpfz510y4wA	0	0	0	0	0	0	0	0	0	0	0	3.74	0	0	0	0.148	0	0	0
ENSB:a6259NPFjoFLD2i	0	0	0	0	0	0	0	0	0	0	0	2.1	0	0	0	0.083	0	0	0
ENSB:u-TdsTXNgenVaAh	13.5	0	9.51	1.37	0	0	48.6	19.0	0	0	2.66	7.88	0	7.28	0	3.51	0	0	0
ENSB:n4f089DuOxVfnzx	0.813	0	12.3	1.32	25.4	0	434	15.4	0	0	12.5	32.7	0	4.29	0	14.5	1.1	0	5.7
ENSB:R3UIW3DANW63bHx	0	0	0.407	0.041	0	0	85.9	6.83	0	3.47	0	1.45	0	0	0	2.13	0	0	1.58
ENSB:1qZDQeM_k1VCs2q	0	0	0	0	0	0	0	0	0	0	0	0	0	0	0	1e-07	0	0	0
ENSB:SeVQt1Mz3udfHJg	0	0	2.04	0.064	0	0	0	0	0	0	0	0	0	0	0	0.113	0	0	0
ENSB:CGdlrHSLmgbZ2eQ	0	0	0.614	0.064	0	0	0	9.06	0	0	8.11	4.62	0	0	0	1.71	0	0	0
ENSB:SOUzeaok-0Mm4_F	21.1	0	0.981	0.164	0	0	0	65.0	0	0	0	10.5	0	2.85	0	2.67	0	0	0
ENSB:iAN0DB-TIUBfsW0	147	0	0.638	2.0	0	0	0	0	0	0	34.2	0	0	0	0	16.4	0	0	0
ENSB:cN9APiq5Vs7V7HB	0	0	0	0	0	0	0	0	0	0	0	0	0	0	0	1e-07	0	0	0
ENSB:ZPex1w_X3lSHF85	0	0	0	0	0	0	0	0	0	0	0	0	0	0	0	1e-07	0	0	0
ENSB:rKWOoigpwL8PqM7	0	0	0.272	0.022	0	0	31.7	0	0	0	0	0	339	0	0	9.97	0	0	15.6
ENSB:d4EbsHhdno5hAFv	0	0	0.07	0.016	0	0	9.03	0	0	4.48	0	2.59	0	0	64.7	3.99	0	0	2.07
ENSB:9cPMc4X5YKB16S9	0	189	20.0	1.48	338	237	297	93.9	0	143	275	88.9	0	0	6.91	110	0	0	66.7
ENSB:JlVXOhCXNRrTAFh	0	194	156	1.63	149	117	34.0	102	0	0	296	29.5	0	0	124	88.3	0	0	0
ENSB:pVgaIdMk69mua8_	66.1	433	440	20.6	181	243	72.9	363	73.2	438	376	329	139	68.5	345	265	0	70.1	353
ENSB:5Lkk_-CboT5zKAr	520	1160	869	36.8	619	1081	1055	648	534	496	910	916	726	186	1340	684	487	395	503
ENSB:_WQhVi8ufKqZ0BG	2.88	0	0.089	0.038	0	0	106	22.9	39.2	44.5	1.29	23.2	290	79.2	0	18.7	0	0	20.5
ENSB:h8ZF69F0o8SkNGn	194	242	23.2	3.77	314	55.8	140	222	2996	1370	114	241	0	27.8	0	489	0	165	1270
ENSB:VuWNVRK80qV46TU	7.63	0	10.9	0.488	0	0	0	0	0	0	6.17	0.227	0	0	0	2.23	0	0	0
ENSB:M_QODgcVhvBAVv-	3.75	0	2.71	0.261	0	0	38.4	51.6	0	0	0	0	0	0	0	1.58	0	0	0
b1545	0	0	0	0	0	0	0	0	0	0	19.0	0	0	0	0	3.31	0	0	0
ENSB:58QR0ZLMQqi4X8t	4.99	0	0	0	0	0	54.8	0	0	0	0	0	0	0	0	1.31	0	0	0
ENSB:MyvULi3D0LGSWFD	0	0	0	0	0	0	0	0	0	0	0	0	0	0	0	1e-07	0	0	0
b1549	0	0	0	0	0	0	0	15.2	0	38.8	0	0	0	0	0	15.4	0	0	73.8
ENSB:HCshW0t2j8VV3m4	1841	578	1787	131	1368	883	1378	1768	0	1612	1118	1007	0	274	0	1098	1450	691	1410
b1551	0	0	0	0	0	0	57.6	0	0	0	0	0	0	0	0	1.0	0	0	0
ENSB:-YdonHtvIPV6JW7	4.78	0	0	0	0	0	15.5	0	0	0	0	22.5	0	8.38	573	31.5	0	0	13.6
ENSB:ihy6E1vTrhVxWnr	0	0	0	0	0	0	16.1	2.47	0	0	0	0	0	0	0	0.303	0	0	0
ENSB:AmbUxx2KiEYxV-O	0	0	0	0	0	0	79.9	4.51	0	0	6.51	0	0	0	0	2.56	0	0	0
ENSB:Q3FSwKGT63B9LUA	0	0	0	0	0	0	0	0	0	0	17.7	0	0	0	953	48.7	0	0	0
ENSB:bwAynrdmS-CY5c5	0	0	0	0	0	0	117	0	0	0	0	0	0	0	0	2.04	0	0	0
ENSB:zpiYpgwOjsiFOPF	134	0	0	0	0	0	15.7	181	45.9	61.7	29.3	6.19	587	69.5	565	126	0	0	365
ENSB:4LzSLkSq1pZgDx4	0	0	0	0	0	0	127	0	0	0	0	0	0	0	0	4.29	0	0	11.9
ENSB:EmCaM7gd2qutoeo	0	0	0	0	0	0	0	3.94	0	0	7.39	0	0	0	0	1.32	0	0	0
ENSB:_QtVPkMq6gd05_v	0	0	0	0	0	0	0	0	0	0	0	0	0	0	0	1e-07	0	0	0
b1561	0	0	0	0	0	0	20.0	10.7	0	0	15.0	0	0	0	0	3.06	0	0	0
b1562	0	0	0	0	0	0	0	0	0	0	0	0	0	0	0	1e-07	0	0	0
ENSB:Y561GoQjSDuBERc	0	0	121	9.09	0	0	82.2	155	0	0	0	19.9	0	6.62	20.5	18.6	140	0	0
b1564	0	400	17.1	2.23	338	136	51.1	283	0	39.2	431	24.0	0	40.9	358	145	0	0	18.4
b1565	0	0	0	0	0	0	0	0	0	0	0	0	0	0	0	1e-07	0	0	0
b1566	0	0	0	0	0	0	179	24.5	0	97.6	0	0	0	0	0	17.4	0	0	46.4
b1569	0	0	0	0	0	0	0	0	0	0	0	0	0	0	0	1e-07	0	0	0
b1570	0	0	40.6	0.946	80.6	0	23.3	212	0	0	37.4	131	0	1.38	0	20.8	0	0	0
ENSB:BKor9sLZxVvtTdX	0	0	0	0	0	0	858	0	0	0	0	0	0	0	0	14.9	0	0	0
b1572	0	0	0	0	0	0	63.5	0	0	0	0	0	0	0	0	1.1	0	0	0
b1573	0	0	0	0	0	0	122	0	0	0	0	0	0	0	0	2.12	0	0	0
b1575	0	0	0	0	0	0	371	0	0	0	0	0	0	0	0	6.46	0	0	0
b1576	0	0	0	0	0	0	0	0	0	0	0	25.1	0	0	0	0.993	0	0	0
ENSB:OGEx3pul9c_gmsY	0	0	421	10.2	0	0	0	0	0	0	0	0.738	0	0	0	23.2	0	0	0
ENSB:tkw6r4-7GkQcGB_	11.7	0	1256	49.6	0	0	4.34	13.9	0	0	0	1.19	0	0	2.36	70.9	0	0	0
ENSB:y4609kEfiDLOsLs	0	0	0	0	0	0	0	0	0	0	0	0	0	0	0	1e-07	0	0	0
ENSB:J8GHKcZt5ZWN19c	29.5	485	79.7	5.52	470	182	59.9	33.3	0	0	519	73.7	0	33.1	0	155	0	0	0
ENSB:km7EDtmB7MRItaX	224	0	161	19.3	0	16.9	0	158	99.2	222	16.3	152	0	16.0	0	71.1	0	0	105
ENSB:RFKRU2vNdrWj7nr	0	0	1.23	0.132	0	0	19.5	19.4	0	0	0	2.66	0	0	0	0.702	0	0	0
ENSB:--33A8COyv7aiB0	0	849	0	0	278	520	2112	105	0	0	273	93.0	0	13.6	0	155	0	0	0
ENSB:dMP21Cl2W9oGq0P	21.8	0	0	0	0	0	5.33	1.45	0	3.5	1.66	0.629	0	0	0	6.05	0	0	22.3
ENSB:l8iJ4Y7MIqM_wTM	54.8	0	0	0	0	0	4.82	1.81	0	0	0.786	0.807	0	15.9	0	4.56	0	0	0
ENSB:uqQCcDlLGojXCBJ	130	0	0	0	0	0	5.78	0	121	33.3	0	2.34	0	4.05	0	17.9	0	0	15.3
ENSB:57mimGy3MMgwwfC	12.0	0	0	0	0	0	0	0	0	0	0	0	0	0	0	8.32	0	0	42.9
ENSB:o7iCxPAN9Md0fq2	76.2	0	31.2	2.34	0	0	0	110	42.8	0	19.0	26.7	0	1.95	0	13.9	0	0	0
ENSB:UotRzNkLS0vIjzU	0	0	0	0	0	0	0	0	0	0	0	0	0	0	0	1e-07	0	0	0
ENSB:bWbpSfeHw2vq4dg	556	0	14.2	0.684	0	0	0	107	161	330	0	39.5	0	4.47	31.6	124	566	0	151
ENSB:ao51bAldVJ2kQN_	37.5	0	9.4	0.809	0	17.3	16.7	35.9	0	0	5.37	7.15	0	3.76	0	5.69	0	0	1.92
ENSB:O61lJAHFS9kq4Cq	0	0	2.62	0.345	0	0	37.8	17.9	0	0	1.66	0	0	0	0	1.52	0	0	1.43
ENSB:H5crDjmIpK5RmEi	0	0	12.7	1.22	0	0	0	1.24	0	0	6.46	0	0	0	0	1.86	0	0	0
ENSB:YglLBTBAdVGQBBr	0	0	0	0	0	0	314	0	0	0	0	0	0	0	0	5.46	0	0	0
ENSB:P7LEt8ThVt4hAIH	0.354	0	53.6	0.784	0	0	0	7.35	0	0	23.2	0.949	0	0	13.4	7.75	0	0	0
ENSB:Tm7Ma2fViYaMt4G	0	0	0	0	0	0	0	0	0	0	0	0	0	0	0	1e-07	0	0	0
ENSB:NRvOJq3bxWkspXZ	0	0	0	0	0	0	0	0	0	0	0	0	0	0	0	1e-07	0	0	0
ENSB:UCOUkuqN_8T9ml9	0.36	0	0.802	0.096	0	0	0	0	0	0	0	1.57	0	0	0	0.134	0	0	0
ENSB:4HfsEpzQEUC6S8W	120	341	721	19.1	163	425	94.3	853	1015	1204	429	495	0	69.1	0	523	339	150	1172
ENSB:Zr6A7WgeKqwjzkn	188	398	503	5.78	171	369	20.0	751	265	594	298	468	0	98.4	0	309	414	155	437
ENSB:2ZCVJxZTVdLI6KE	340	1034	678	15.2	1487	1057	869	556	388	610	1305	641	263	448	0	664	212	316	466
ENSB:5xFxxzrHztf3mqR	0	0	0	0	0	0	0	39.8	8.53	0	19.7	0.046	0	0	0	4.65	0	0	3.28
ENSB:HNoEn-ipQSK0Oie	0	0	32.9	0.892	0	0	0	0	0	0	0	3.5	0	0	0	1.95	0	0	0
ENSB:TRHD2bNp0UDFGu9	0	0	0	0	0	0	0	0	0	0	0	1.8	0	0	0	2.66	0	0	14.9
ENSB:W4kPkt0lTycY4Uy	67.6	17.1	223	3.94	44.0	36.6	0	207	17.5	13.7	27.9	58.1	0	111	0	35.9	0	7.72	6.38
ENSB:jsNb9AyZ9alTbkq	12.7	0	13.3	1.17	0	0	17.4	4.47	0	0	0	6.91	0	0.469	0	2.29	0	0	0
ENSB:H1f42rAFp0SnBK3	10.4	0	15.9	1.07	0	0	17.8	22.4	4.41	5.74	16.1	12.0	0	2.91	0	7.0	0	0	5.85
ENSB:DrMQKhuW6qCiEzx	137	1545	65.6	3.78	1154	1286	319	599	27.1	20.8	1646	252	0	106	220	508	170	21.1	9.58
ENSB:WbeZLxoC9tWT2xR	2361	575	23.0	1.91	538	402	376	288	514	397	285	416	347	236	0	427	59.5	69.5	332
ENSB:FlwX04Y5xo13JbV	175	720	329	7.62	408	324	607	309	547	664	491	350	0	112	234	379	31.4	191	486
ENSB:sLbLpQw1O3ERupI	216	1122	778	45.0	731	556	96.8	359	143	491	612	366	0	130	0	374	6.37	0	265
ENSB:vycJsbsNM-6WspJ	0	0	0	0	0	0	15.8	0	0	0	4.98	1.06	0	0	0	1.18	0	0	0
ENSB:-tc31UBBcMbEaBh	0	0	0	0	0	0	26.1	0	0	0	0	0	0	0	0	5.54	0	0	29.2
ENSB:0LZMbu67SIK83g6	6.27	0	8.49	1.21	0	69.9	57.9	5.83	0	0	0	82.8	0	0	0	6.18	0	0	0
ENSB:8CIjHfn3QAR1LLs	17.8	0	14.8	5.24	0	0	8.53	56.9	0	7.51	0	18.9	0	2.29	0	6.64	0	0	14.2
ENSB:N2N2JPenH2MrxYZ	1023	702	2316	454	257	649	523	338	673	398	214	554	0	106	0	452	0	91.2	317
ENSB:IsFS7dmnCHRPcH2	18.3	0	0.698	0.076	0	0	0	0	0	0	0	5.27	0	43.2	0	4.29	0	0	9.23
ENSB:HnAni_1Dhe_f0eY	15.0	0	0	0	0	0	24.5	4.4	45.0	0	0.731	1.36	0	0	0	3.09	0	0	0
ENSB:s6yV5SKbjtEhhcX	22.5	0	15.0	1.29	0	0	0	20.8	0	63.9	15.2	13.5	0	10.2	0	17.1	0	24.0	30.5
ENSB:0eC8hrgOb5Re1tN	191	327	19.1	0.391	111	150	176	357	32.2	409	291	256	0	193	0	198	0	3.39	348
ENSB:RC1ZDLUqIXzl6nT	63.1	160	60.9	2.55	85.5	109	24.1	111	70.5	35.7	83.1	49.6	0	4.99	245	59.3	0	0	17.4
ENSB:x4ymeHvo5Duo7I2	71.8	0	312	1.68	0	0	0	26.7	0	105	0	48.2	0	27.4	438	61.5	0	4.22	51.1
ENSB:9KNIt-VQbSbD4Lg	5.21	0	0.141	0.187	0	0	0	0	0	0	0	0	0	0	0	0.382	0	0	0
ENSB:66lXXO_NGeLN3ZO	3.17	0	0	0	0	0	0	0	0	0	0	0	0	0	0	0.224	0	0	0
ENSB:Lr0UBk4u3T3CL02	18.9	0	0.905	0.286	0	0	0	0	0	0	0	1.76	0	3.25	42.1	3.56	0	0	0
ENSB:LrQ7pdwpm2GqVBt	281	0	2.02	0.207	0	0	10.3	5.64	0	0	0	27.2	47.3	91.2	90.3	29.2	0	0	1.51
ENSB:kA1-xvCLsDAv0RB	0	0	0	0	0	0	19.6	10.8	0	0	0	6.12	0	0	0	0.687	0	0	0
ENSB:kjHnwqWTNwA9Nw7	10.6	0	54.1	5.34	0	0	89.9	75.1	0	0	0	15.4	0	9.67	0	6.99	0	0	0
ENSB:ww-PE40fh3gkte-	5.72	0	13.7	1.26	0	0	0	0	0	0	0	2.31	0	0	0	1.27	0	0	0
ENSB:RQ_571jEHHHg9CW	8.62	0	3.57	0.208	0	0	0	39.0	0	0	0	16.0	0	12.3	64.6	5.23	0	0	0
ENSB:gRQHaE34_KZ80sE	1.91	0	5.85	0.276	0	0	0	0	28.0	62.5	0	6.51	775	1.7	0	25.9	0	0	29.5
ENSB:KaeU7doqJPQ1DKg	552	2070	1191	196	891	776	613	796	413	670	1175	687	0	107	0	687	23.0	324	457
ENSB:WAZD6OZqJ7NGdMK	179	0	10.3	1.26	0	0	0	31.9	50.7	405	0	69.3	0	1.14	0	76.8	0	12.7	191
ENSB:V0nycpdntoUX9Ld	389	571	769	16.2	261	282	1124	270	709	778	275	555	704	424	0	498	11.2	1022	665
ENSB:UJjb945R_2ZTiKa	384	498	347	19.2	280	199	233	530	23.9	593	511	240	0	70.1	270	332	50.5	81.8	422
ENSB:riAK9pximeNkJQ1	91.3	0	71.6	3.19	0	0	0	165	0	0	0	25.6	0	0	0	13.0	0	0	0
ENSB:tYTEiliK44_Aop9	81.3	0	22.2	1.81	0	56.3	0	134	0	89.1	9.11	37.0	0	6.7	0	25.0	0	0	42.1
ENSB:E34urC7oS2z_Ohh	2533	2187	1624	73.9	774	340	249	1780	4066	1792	741	2024	0	544	0	1274	348	163	1933
ENSB:VLVcNq_tg-9kpbG	771	541	238	3.38	706	204	175	490	319	912	888	353	0	56.8	0	548	83.5	734	622
ENSB:6hroYxBvxZPo8CT	0	0	0	0	0	0	0	53.5	0	0	0	0	0	0	0	0.514	0	0	0
ENSB:pVAjLwMWRtiW13k	2.12	0	4.32	0.501	0	0	0	2.22	0	12.6	0	4.49	0	2.02	0	2.44	0	0	5.85
ENSB:rjKUO2jBIq_Ui1y	0	0	0	0	0	0	45.4	7.6	0	0	2.26	0	0	0	0	1.26	0	0	0
ENSB:0yR15LTf2y9eO9Z	3.95	22.4	27.9	2.47	112	497	559	77.7	0	352	195	115	0	17.3	0	131	0	0	254
ENSB:bd06JSkwyeES9qy	121	558	206	5.9	452	630	151	389	0	158	712	171	0	104	0	245	0	19.0	73.9
ENSB:c1PEAn93s-4IK0J	0	0	0	0	0	0	0	0	0	0	0	0	0	0	196	9.37	0	0	0
ENSB:I_oB3mHEOHGK6qg	4.47	0	4.03	0.854	0	0	0	5.05	0	0	0	8.22	0	0	67.4	4.16	0	0	0
ENSB:_aDIX4QL_HcZlGM	190	0	13.8	1.54	0	0	423	30.3	154	95.3	0	60.0	112	85.8	0	47.5	0	7.47	44.0
ENSB:eyHwKJASPaZTOla	925	414	218	4.24	190	371	48.9	207	0	376	374	119	0	87.5	1044	350	101	60.6	452
ENSB:mudXnudPmt3XKAM	13.1	0	18.8	1.56	0	0	182	51.5	0	47.0	0	40.5	0	15.3	0	17.9	0	47.4	21.6
ENSB:zJCHRRvXrOiLasM	0	0	0.294	0.112	0	0	32.0	1.24	3.9	0.45	0.488	0.014	10.6	0	44.6	3.23	0	0	0.404
ENSB:EBIswIb0cLHS_Md	1051	1258	187	4.85	824	1090	1231	997	2208	976	871	1036	1885	711	4742	1143	681	1146	1028
ENSB:yqGtWdn-8vljXVg	0	0	0	0	0	0	43.1	2.91	0	0	0	0	0	0	0	1.62	0	0	4.86
ENSB:HvriSNd7HwaywSK	4886	1089	316	8.49	594	1267	964	1390	5572	1595	571	1356	7936	609	0	1390	89.4	192	1598
ENSB:J4gKI-qbYfYtHc2	0	0	0	0	0	0	0	0	0	80.3	0	0.327	0	0	0	24.7	267	0	37.0
ENSB:R1kowxKZRf3YPv7	101	545	245	14.8	348	434	42.8	351	116	567	368	189	571	18.4	0	289	110	311	348
ENSB:VdKCtNEqyYdPr7d	6.8	0	1.64	0.233	0	0	16.6	0	0	14.3	0	0	0	0	0	2.93	0	0	6.83
ENSB:4VIBaot0tFcPZQO	0	0	0.923	0.303	0	0	0	0	0	0	0	7.43	0	14.5	0	0.736	0	0	0
ENSB:SJ8TdQP_B448dKj	35.5	82.3	186	4.33	88.4	40.3	131	47.8	0	516	52.1	73.2	0	19.8	0	151	0	52.7	447
ENSB:LjndFHjqFNJdLjj	321	395	778	13.9	82.1	113	783	337	437	737	306	364	0	175	0	358	165	212	542
ENSB:FwRZz50hnDw3ggz	16.6	0	26.0	0.364	0	0	31.6	88.4	80.3	126	0	19.2	0	2.86	0	25.5	0	0	60.6
ENSB:su5AH8G39Nqvh-2	18.4	0	28.3	0.73	0	0	31.2	30.9	0	10.7	0	45.2	0	54.3	0	8.42	0	0	4.85
ENSB:Js-36rfA-HUF4NZ	38.9	1273	1013	4.72	736	1170	277	755	661	1096	728	466	0	10.0	749	730	83.4	196	1448
ENSB:RjNyBdSHyhreFFY	0	43.4	91.0	1.22	18.6	50.6	7.03	75.8	0	0	30.4	5.07	0	1.37	192	24.4	0	0	0
ENSB:OI4iXuRI_dhBU6F	0	0	0	0	0	0	0	7.2	0	0	0	0	0	0	0	0.069	0	0	0
ENSB:gZFfddAQYvOLSU2	0	0	0	0	0	0	0	0	0	0	0	0	0	0	0	1e-07	0	0	0
ENSB:oE16Kgsrqyuk38m	0	0	0	0	0	0	11.1	0	0	0	17.0	0	0	0	0	3.14	0	0	0
ENSB:DT_J0QTWnLN-SX8	0	0	0	0	0	0	0	0	0	0	0	0	0	0	4.58	0.219	0	0	0
ENSB:hm71WkqG6rWYVNf	25.5	0	0	0	0	0	0	0	0	7.69	5.58	0	0	71.8	9.8	6.23	0	0	3.56
ENSB:wQejHsT-k331UTX	0	0	0	0	0	0	0	2.56	0	0	0	0	0	0	0	0.025	0	0	0
ENSB:KZis_yFjj5kkO2F	17.9	0	70.6	1.23	0	109	287	458	0	0	0	152	0	5.06	227	32.9	0	0	0
ENSB:16aHIVEkyO81goi	1598	2188	2578	157	2753	2607	609	1255	2025	1634	2171	1553	1425	2560	1.61	1729	1058	1100	1829
ENSB:ZIqsebp7-mm-XXp	29215	2393	13209	8190	1148	1132	595	4792	42034	3806	1722	5256	0	894	0	6107	566	0	4272
ENSB:9ALdS5m3tpQKg8o	12.7	271	271	6.84	70.4	91.0	513	114	52.4	426	135	151	0	10.1	38.6	170	0	55.4	355
ENSB:ec7lpjVWKoSjZxs	0	0	119	3.25	0	0	32.9	124	0	18.7	6.51	19.6	0	6.23	0	13.1	0	0	8.64
ENSB:zUi12VOXzSGo0tf	0	48.2	439	21.9	54.7	287	0	82.2	0	333	36.0	167	0	10.0	0	123	0	270	199
ENSB:YGXlgcUqDI_lFLw	0	0	142	2.99	0	0	15.9	50.7	0	204	0	101	0	5.75	0	50.9	0	67.6	118
ENSB:ifJRCZIQdTVPMRC	2.82	0	645	30.8	44.0	85.3	56.4	294	0	315	30.4	210	0	27.2	0	182	1006	203	228
ENSB:_T3dcSuYXM4w6Ol	0	0	150	4.66	22.5	0	33.1	23.0	0	186	2.35	63.3	0	3.15	0	46.0	0	79.5	87.9
ENSB:EFTYKgrtLXOZyx7	0	0	31.8	2.66	0	0	65.6	394	0	309	0	431	0	0.479	0	74.1	0	18.3	173
ENSB:1MWW5oo8Cx-4UiE	3.59	955	14.3	0.267	457	0	0	185	0	438	664	68.2	0	3.6	2681	406	0	38.0	306
ENSB:Rx2RywZ2EF3zhgu	1.34	0	69.0	1.3	0	102	56.2	242	55.8	169	29.2	112	0	21.5	0	47.2	0	0	95.2
ENSB:PP6UFyt_z4FwAn3	19.9	173	16.0	1.0	87.5	103	40.1	272	108	11.3	128	87.4	0	62.4	69.4	56.5	0	0	6.42
ENSB:dS0tm7kpilgXZDR	12.8	0	9.48	0.658	0	0	0	14.7	0	0	0	12.7	0	2.78	0	2.16	0	0	0
ENSB:MnKeWYYiHlkdw6r	0	0	0	0	0	0	25.5	0	0	23.6	0	0	0	0	0	4.03	0	0	12.4
ENSB:JgaqD_UdvIbNAiJ	0	0	0	0	0	0	0	0	0	0	0	0	0	0	0	1e-07	0	0	0
ENSB:meNpk_d7KDpn7_E	0	0	0	0	0	48.8	21.4	0	0	0	0	0	0	0	0	1.0	0	0	0
ENSB:joSoQgSUkbBG7Ms	0	0	0	0	0	0	29.0	11.8	0	0	0	0	0	0	3.85	0.801	0	0	0
ENSB:yCFVOTp6xKBFDqR	79.6	128	261	13.0	70.4	69.4	455	275	17.6	176	69.2	178	0	45.7	0	94.3	14.1	74.4	82.1
ENSB:Ga0kxJCxJirqWiR	0	0	0	0	0	0	75.4	1.63	0	20.3	2.51	0	0	0	0	4.62	0	0	9.3
ENSB:L-HYBz-BBFg2aBL	0	0	0.09	0.12	0	0	13.6	0	0	6.77	0	0	0	0	0	2.83	0	0	12.5
ENSB:jVd7selsYKndVUc	0	0	0	0	0	0	35.9	0	0	6.4	0	0	0	0	0	1.53	0	0	2.97
ENSB:NlRHvTOivr8vb2N	0	0	1.52	0.154	0	0	0	19.1	0	16.4	0	0	0	0	0	2.65	0	0	7.93
ENSB:02RZ-szvP545lTf	0	0	0.325	0.16	0	0	0	0	0	0	0	0	0	0	0	0.022	0	0	0
ENSB:4lpFE2USDO8oLrx	0	0	0	0	0	0	8.0	0	0	0	0	0	0	0	0	0.139	0	0	0
ENSB:pAtbiWM02pgMLjA	0	0	0	0	0	0	0	0	0	0	0	0	0	0	0	1e-07	0	0	0
ENSB:nVvBMq-oT0d3nyC	0	0	0	0	0	0	0	8.26	0	5.49	4.56	0.126	0	0	0	1.66	0	0	2.56
ENSB:jvKnHk5VHdc_CfI	1930	1202	536	26.1	592	527	223	754	1231	493	849	517	236	95.7	1218	669	382	256	289
ENSB:R4emGTfsixfIj8I	157	0	172	6.99	0	54.4	0	280	28.0	164	46.5	117	0	5.5	194	84.1	274	1.93	76.3
ENSB:T73IL9cq1wP5tO2	29.0	0	243	4.49	0	0	27.9	87.5	85.2	142	12.6	96.1	0	82.7	0	133	0	28.8	547
ENSB:W8ppPU0EqFpNcCz	0	0	2.89	0.283	0	0	0	0	0	175	0	3.89	0	0	0	25.0	0	0	80.7
ENSB:ZG6bRk-973FnQvA	1.77	0	31.1	1.32	0	0	0	39.0	0	67.7	3.19	12.3	0	2.77	0	12.9	0	0	31.3
ENSB:Xmc4ZUzQILp999y	5.14	0	0.192	0.024	0	0	0	0	0	0	0	0	0	0	0	0.375	0	0	0
ENSB:P9-1aVKpygw84N5	0	0	0	0	0	0	0	0	0	22.6	0	6.81	0	0	0	3.47	0	0	10.5
ENSB:dRQUaJocOkBsdrE	1.08	0	5.18	0.292	0	0	0	37.8	0	4.72	0	4.05	0	7.39	0	1.75	0	0	2.17
ENSB:sPCYwlWIICcSwWV	67.7	1080	1091	270	1069	1000	428	451	28.2	283	752	289	0	52.5	0	429	580	37.1	140
ENSB:atjGJGBo-WBY4z_	0	0	0	0	0	0	0	0	0	0	0	0	0	0	0	1e-07	0	0	0
ENSB:RqUym5tvlzJTNTl	1948	3632	2044	20.5	5713	4001	1141	2072	1413	1759	4121	2024	1140	1754	0	2492	2866	2280	1832
ENSB:URyn2uRseOq9fu1	426	277	1768	72.8	182	204	748	385	587	597	306	530	644	2315	0	530	385	770	442
ENSB:uOAKYHX58xK3dzv	674	618	1405	378	401	221	932	445	785	615	354	467	816	2025	0	627	494	1056	563
b1715	0	0	0	0	0	0	0	0	0	0	0	0	0	0	0	1e-07	0	0	0
ENSB:1G8L9JIUKg8z-KK	3668	2149	3096	3.2	2789	2509	1056	3001	6916	3556	3861	4553	2020	5708	0	3378	4944	2931	3818
ENSB:xllH61a97Q_Fp11	928	196	99.0	0.714	178	466	0	175	160	329	296	919	0	74.3	0	635	5241	1739	157
ENSB:O-zhBAEogWGDdBN	1539	830	1622	227	1085	1069	3037	1405	604	1896	944	1788	2218	1068	0	1580	1930	3194	2366
ENSB:re8-qyW884NI7sY	1875	472	711	49.2	283	339	116	477	942	489	403	639	332	1300	8287	945	107	846	346
ENSB:X8hOw0gqJe-TUP2	48.8	0	1.84	0.084	0	0	0	0	0	0	0	23.7	0	0	0	4.49	0	0	0
ENSB:9h71nxuB4mYyaih	132	675	370	21.5	266	196	980	248	28.7	144	295	351	0	105	387	229	20.1	251	66.7
ENSB:fXY2QZ2IUkUOteY	0	544	30.4	0.656	119	66.1	216	81.4	0	203	120	24.5	0	0	0	92.3	0	0	94.3
ENSB:GlLGu1Scf8cb3ot	457	412	156	4.51	127	188	0	416	257	616	177	111	0	12.7	0	209	0	0	299
ENSB:LuNSB03UwnWZqj9	35.7	0	166	0.382	0	0	0	77.3	0	0	0	0	0	1.81	0	27.0	0	0	84.3
ENSB:Sln8KghEhp9PXOj	242	226	103	6.42	174	116	185	325	79.7	437	93.7	135	0	123	0	149	38.0	59.1	209
ENSB:fdDa-p-k9PSdmj0	0	0	0	0	0	0	0	0	0	0	0	0	0	0	0	1e-07	0	0	0
ENSB:mU1__cdXUCLoo-i	20.6	384	400	3.76	66.4	153	0	282	0	15.7	110	103	0	4.99	0	77.7	0	9.11	7.23
ENSB:RIsGo57o5dsQQXz	0	0	0	0	0	0	0	0	0	0	0	0	0	0	0	1e-07	0	0	0
ENSB:loRlF7fzDubJBQW	20.2	0	8.54	0.096	0	0	69.3	132	0	0	0	8.26	0	7.75	83.0	8.87	0	0	0
ENSB:yk7a_C_dT5XDRfA	0	1266	111	4.36	1225	1394	27.0	222	0	155	1118	258	0	22.4	1577	471	82.5	0	105
ENSB:MiNtzxIl_cBmTya	2.76	0	2.04	0.215	0	0	0	8.56	0	0	0	0	0	0	18.7	1.29	0	0	0
ENSB:_WUjSRzPLBzQIep	4.87	0	0.553	0.034	0	0	17.9	0.651	0	0	1.86	0	0	0	0	2.24	0	0	7.06
ENSB:ZBWKzVzqBHNLQlC	0	0	0	0	0	0	0	0	0	18.2	0	0	0	0	0	17.0	0	0	91.2
ENSB:--Cuya1yDZMGyTM	0	0	0	0	0	0	0	0	0	19.4	0	0	0	0	0	4.19	0	0	17.3
ENSB:mIO9kL2rX497_or	0	0	0	0	0	0	24.0	0	0	0	0	1714	0	0	0	68.2	0	0	0
ENSB:w12hYmWzD0AmfkK	53.2	0	41.2	3.06	111	114	0	925	0	0	74.9	2047	0	18.2	0	117	0	0	0
ENSB:c5tzc5Ic_AfQFsX	172	631	2370	208	516	1391	1778	1623	1134	2206	592	2441	0	80.1	0	1187	2740	0	2343
ENSB:bGl0TIUsaskQc20	92.8	648	1699	64.9	580	497	919	430	226	919	566	766	401	391	327	613	55.2	951	685
ENSB:orA1rHAIXyDr8uT	2.72	0	0	0	0	0	39.7	0	0	0	0	0	0	0	0	0.882	0	0	0
ENSB:Gv7EvrQ99GPXPxZ	0	0	0	0	0	0	0	3.21	0	0	0	0	0	0	0	0.031	0	0	0
ENSB:qx_jR1Nl2yCW9oL	137	1069	14.4	1.35	430	410	235	29.2	41.3	1012	557	306	0	2.16	1.67	457	0	0	1067
ENSB:ucV-WNS_vbS1pi4	0	0	0	0	0	0	0	24.0	0	0	0	3.3	0	0	0	0.362	0	0	0
ENSB:c0kyxW34DyAVcOR	0	0	0	0	0	0	38.3	5.55	0	12.2	0	8.43	0	0	30.4	4.21	0	0	5.51
ENSB:J5YoxHDElxNozbN	0	0	1.3	0.258	22.0	0	0	95.1	39.2	0	8.66	39.0	0	0	0	8.72	41.8	2.43	0
ENSB:2V4R2Jb3amS_DXH	0	0	0	0	0	0	184	5.26	0	0	0	31.7	0	0	0	4.5	0	0	0
ENSB:6UbywqJ94rkAvhA	0	355	17.6	0.994	280	177	307	213	26.4	150	320	305	0	9.41	211	147	0	0	82.6
ENSB:cAU9K8CqUtPhA_5	72.4	660	294	18.0	315	206	583	264	95.7	447	415	220	0	80.2	70.7	254	66.6	82.8	228
ENSB:Jx7cxfy_7e6KX5R	0	0	0	0	0	0	0	4.34	0	0	0	0.137	0	0	0	0.047	0	0	0
ENSB:mKq6FCKtxocAy4a	38.1	0	1.27	0.153	0	0	0	5.3	20.0	0	0	1.47	0	0	0	3.49	0	0	0
ENSB:sDbZJ8WQmiKkSPt	24.9	0	0	0	0	0	72.5	0	0	0	0	0	0	0	0	3.02	0	0	0
ENSB:K5dsPfD22dGJdPE	0.284	0	11.0	0.42	0	0	0	26.1	0	0	0	0	0	0	0	0.882	0	0	0
ENSB:HPIuW9v48Wi9bVQ	16.4	0	8.9	0.554	0	0	0	35.1	0.755	0	16.0	10.8	0	11.2	0	5.66	0	1.78	0
ENSB:X-tqXJBrHe0znr6	0	24.8	0	0	0	0	0	1.66	0	0	0	0	0	0	0	1.71	0	0	2.38
ENSB:rvKUuH9wlxGMXX2	0	0	3.72	0.176	0	0	111	15.7	0	0	8.93	0	0	0	0	4.91	0	0	6.13
ENSB:LE-TPz7ESTM_XeN	39.9	78.0	7.36	0.385	39.1	55.3	0	29.2	0	116	39.4	18.1	0	6.33	0	34.5	0	0	53.6
ENSB:ORn2XHG_TPS0lcQ	0	0	2.01	0.304	0	0	0	0	0	0	0	0	0	0	0	0.118	0	0	0
ENSB:m0JoSgN1-OhxA2S	0	0	13.4	0.41	0	0	0	13.7	0	0	0	7.69	0	0	0	1.17	0	0	0
ENSB:OcCjUEzH8UE08OD	72.8	0	0	0	124	169	0	59.1	0	250	44.2	10.9	0	0	0	110	0	0	412
ENSB:jxuiNiaHwGhmtx4	177	961	1732	81.6	1073	668	150	301	927	1577	829	1789	2887	57.9	0	1109	1080	1996	1564
ENSB:IC0MlNMuuJCvCkm	0	0	0	0	0	0	9.84	0	0	0	0	0	0	0	0	0.171	0	0	0
ENSB:Bnzqinh7oFUpIYt	2.82	0	1.55	0.222	0	0	16.4	5.44	18.6	0	0	7.73	0	5.03	95.2	6.19	0	0	0
ENSB:B1sFoESfOio-B9T	250	356	334	8.35	177	238	515	259	416	619	149	374	526	391	0	349	627	493	514
ENSB:oswppJ_JRNibBzd	650	488	574	33.7	431	579	1551	492	265	311	420	431	448	272	316	446	869	534	274
ENSB:r08ek3IdAPjSmS0	27.0	0	53.1	1.45	0	0	0	12.6	55.6	0	0	93.6	0	12.8	0	10.7	0	0	0
ENSB:WlTDJv7sEn0YAKb	37.2	0	71.7	1.92	33.2	137	129	92.1	26.4	42.7	77.6	62.0	0	52.1	317	52.9	0	0	21.1
ENSB:ZPMbq9qelLh7Eqa	11.4	318	24.1	2.23	51.8	76.4	123	103	160	162	117	32.5	0	3.83	199	91.5	0	89.4	75.2
ENSB:u7Hx8hr9bPZ0nMI	0	0	0	0	0	0	0	0	0	0	0	0	0	0	0	1e-07	0	0	0
ENSB:VhJDNDNWUD6mSEw	65.8	0	21.4	3.27	0	0	37.3	56.1	0	8.67	0.737	24.9	0	2.84	249	24.5	0	0	21.5
ENSB:RNL4V7B1I2G2l6b	0	0	0	0	0	0	0	0	36.6	0	0	0.358	0	3.91	0	1.24	0	0	0
ENSB:ipofAsaSEJ_WTJQ	0	0	0	0	0	0	10.1	0	0	0	0	6.84	0	0	0	0.447	0	0	0
ENSB:RQq-QYJBILVXMcJ	0	0	0	0	0	0	0	3.09	0	9.58	0	0	0	0	9.74	1.85	0	0	4.45
ENSB:XbGXZCZwiDTxWN8	0	0	0	0	0	0	0	0	0	0	0	0	0	0	0	1e-07	0	0	0
ENSB:CbiMVu8BNlGCm0v	0	0	0	0	0	0	0	0	0	0	0	0	0	0	0	1e-07	0	0	0
ENSB:FT1mT7s6VxgH-Nw	0	0	0.009	0	0	0	0	0	77.7	7.62	0	0	0	0	0	3.48	0	0	3.57
ENSB:0_3Q8h0yXlQXfBR	0	97.9	0	0	123	67.5	0	15.5	0	0	61.5	1.55	0	41.4	0	24.6	0	0	0
ENSB:W0cc4g4RNXU83hq	326	1232	0	0	364	633	289	413	125	507	714	243	1216	40.4	644	396	0	43.6	253
ENSB:y2Pm3pGdEse2Huq	13999	5664	7574	185	9193	5496	1791	1836	16969	6715	8291	11426	19838	9690	25176	10049	10508	16448	7281
ENSB:QCZPyy2CHUCk05b	824	44.8	276	73.5	37.1	78.3	242	406	559	633	48.1	456	0	171	0	313	121	672	456
ENSB:RyXoD3aQP6PeNXQ	4.0	0	10.7	0.234	0	0	33.9	25.0	0	0	0	6.33	0	0	0	1.95	0	0	0
ENSB:f5xbM9LOyU3Hmyd	404	0	213	9.94	94.3	62.8	0	394	0	368	45.9	307	0	8.19	0	140	0	0	269
ENSB:ghdj72SsWFstp7p	0	897	1322	45.5	832	554	99.7	889	186	382	849	281	0	27.8	0	426	0	0.643	316
ENSB:4yFGu_7APJTJ4-u	0	0	18.8	0.611	0	0	0	66.9	0	27.7	0	3.75	0	0	0	6.53	0	0	17.3
ENSB:GR9sh145_5gnEDZ	0	0	0	0	0	0	16.8	0	0	0	0	0	0	0	0	0.292	0	0	0
ENSB:vjirDOkWibIK9Bu	3.66	0	32.7	2.13	0	0	22.9	1.97	15.0	3.97	3.53	16.2	0	1.31	0	5.18	0	0	3.88
ENSB:DJw_X0lj_toFyUX	27.0	0	131	3.88	0	41.3	0	302	427	61.7	0	167	0	60.9	0	45.3	0	31.6	29.7
b1788	0	0	0	0	0	0	0	0	0	0	0	0	0	0	0	1e-07	0	0	0
ENSB:z9uvgLt7nenArW2	0	0	0	0	0	0	0	0	0	0	0	0	0	0	0	1e-07	0	0	0
ENSB:rNbrkvCYwNQMY0p	0	0	0	0	0	0	36.6	0	0	0	0	0	0	0	0	0.636	0	0	0
ENSB:BfHd4n7qDLg33Zw	0	0	0	0	0	0	0	0	0	0	0	0.626	0	0	0	0.025	0	0	0
ENSB:3uKS00tqyDEM5NJ	116	178	118	6.77	92.8	130	24.6	290	421	539	183	160	0	8.17	0	192	272	82.6	313
ENSB:xk0sKa8EQfl4MyC	41.8	0	7.14	0.465	0	0	0	79.0	0	0	0	22.1	0	1.07	0	5.02	0	0	0
ENSB:6YCaq8byEDTIG3i	125	0	2.35	0.201	0	0	7.85	7.34	0	31.7	4.58	5.64	0	0.791	0	14.7	0	0	14.5
ENSB:WnC-Cz65fhD3i0E	0	0	0	0	0	0	0	0	0	0	0	0	0	0	0	1e-07	0	0	0
ENSB:TurZAf95uxMt17L	0	0	0	0	0	0	0	0	0	0	0	0	0	0	0	1e-07	0	0	0
ENSB:pMJlpSg3qynU_oi	0	0	23.7	1.58	0	0	0	0	0	0	0	0	0	0	0	1.34	0	0	0
ENSB:oIipuk1MK9D_q-4	0	0	0	0	0	0	17.0	0	0	0	0	0	0	0	0	0.296	0	0	0
ENSB:NXdGu-F2Z05XtuH	0	0	2.17	0.336	0	0	60.7	23.5	0	14.7	10.6	1.36	0	0	0	5.49	0	1.03	6.92
ENSB:SuTnjZDg5Vwcd1K	0	0	15.0	0.706	0	0	229	0	85.9	0	0	15.8	0	74.4	25.7	11.3	0	0	0
ENSB:yEawIsR86ImsBYW	0	0	0	0	0	0	0	7.29	3.68	0	21.3	0	0	0	0	3.89	0	0	0
ENSB:-xNp2r5YOHvbDbC	0	0	0	0	0	0	0	0	0	0	0	0	0	0	0	1e-07	0	0	0
ENSB:TGA_LcDTEJWrTdu	0	0	0	0	0	0	0	0	0	0	0	0	0	0	0	1e-07	0	0	0
ENSB:RQs4AjQI6Zx7nIk	15.5	0	5.52	0.839	0	0	83.6	5.91	0	9.21	0	4.66	0	11.0	53.3	7.25	0	0	4.23
ENSB:dqsgl7uZcoiHDY5	30.1	106	4.29	0.437	41.0	75.0	74.1	148	23.8	0	91.6	57.7	0	6.96	0	33.3	0	0	2.08
ENSB:FcYqbvBjKcRzG_L	64.2	0	68.1	3.79	0	0	36.8	271	0	0	51.4	110	0	11.5	0	25.2	0	0	0
ENSB:uzh0-iNES0KfGwh	43.9	0	54.8	0.687	0	0	147	117	0	147	0	50.9	0	50.8	0	33.9	0	0	67.9
ENSB:jCsK2endENswu3a	1.82	0	0	0	0	0	5.8	3.78	0	0	2.12	1.07	0	0	0	0.677	0	0	0
ENSB:-pjHQ8froMuLGy5	298	638	394	28.1	605	422	0	1442	0	1507	1146	1487	0	95.5	0	754	0	35.6	1550
ENSB:U4bE2Ziq6wNZhhr	0	0	0.058	0.048	0	0	221	0	0	0	11.2	3.81	0	13.1	0	6.3	0	0	0
ENSB:r4RtLniBoOoPaaX	0	0	0	0	0	0	0	0	0	0	0	25.3	0	6.22	0	1.16	0	0	0
ENSB:CAMjnefnUWOQt-v	16.8	0	7.57	0.392	0	0	7.59	8.09	21.3	13.4	0	12.0	0	4.74	0	4.94	0	0	6.05
ENSB:aWNPGOtFlwCMprm	15.0	0	28.5	0.386	0	0	51.2	107	0	0	0.937	15.6	0	1.51	49.4	7.72	0	0	0
ENSB:yyiw6MPinNH66Wy	252	0	14.0	0.654	0	0	246	17.7	179	209	8.78	107	0	132	0	77.2	0	0	154
ENSB:tol90aCS82Cy97K	0	0	0	0	0	0	24.1	11.9	0	0	3.17	0.401	0	0	0	1.1	0	0	0
ENSB:adAljMku2NSPF2A	13.3	0	5.76	0.199	0	0	0	13.6	34.6	14.9	7.27	20.2	0	8.09	0	6.84	0	0	6.87
ENSB:AkiNgdycDkWZOfd	1048	2147	978	26.2	3031	2339	310	1562	1658	1042	1826	723	0	180	613	1216	1595	37.3	1060
ENSB:pFhhrbbJvRyVkTB	81.5	718	275	1.45	44.5	387	0	309	166	322	273	121	0	2.69	2086	347	0	38.8	571
ENSB:9TdhwU-d4avdeh2	608	890	413	11.8	419	506	32.1	1037	685	552	513	71.2	0	35.5	0	389	0	0	516
ENSB:FIDN3R8b1oyGx4s	4.56	0	0.914	0.048	0	0	0	13.5	183	0	10.7	8.41	0	0	0	8.32	0	0	0
ENSB:w_4UWZTe2ionenV	0	0	0	0	0	0	0	0	0	0	0	0.983	0	0	0	0.039	0	0	0
ENSB:jjxUAo4QlodbHKV	20.1	0	2.09	0.298	0	0	0	52.1	0	38.9	16.2	26.4	0	28.1	0	12.1	0	0	17.8
ENSB:Jl401JG6_nFjxEO	2984	8157	2739	12.5	3468	7014	2918	8374	3076	5580	7681	4588	16307	5013	83454	9171	12308	1514	4893
b1824	0	0	0	0	0	0	0	0	0	0	0	0	0	0	0	1e-07	0	0	0
ENSB:D-SZ4tK_S_sgVGH	91.1	0	63.4	1.17	0	0	74.9	46.0	0	0	0	51.2	0	39.8	0	14.7	0	0	0
b1826	0	0	0	0	0	0	0	0	0	0	0	0	0	0	0	1e-07	0	0	0
ENSB:j1FhOlC3kX018fM	531	472	302	7.38	583	218	231	417	525	191	534	253	54.3	0	0	277	0	107	89.0
ENSB:tBDSBi2Wrwy3MNx	0	0	0	0	0	0	35.9	4.44	0	18.2	7.12	0	0	0	0	4.51	0	0	8.61
ENSB:77QhmCV_NKqjraB	278	0	75.5	9.22	37.6	0	105	186	60.7	283	10.6	78.6	0	25.8	239	139	0	0	418
ENSB:8k-U6WZ9IMYzRXc	54.9	606	205	9.5	230	202	38.9	304	66.7	113	482	253	0	147	0	184	0	33.5	51.9
ENSB:DkUJovYaVE_ktKG	463	243	257	4.37	73.8	252	2790	785	1108	1125	316	648	0	425	1761	637	219	981	858
ENSB:AZYQj4kooj_v2tq	55.1	437	149	1.45	253	166	276	420	0	369	177	205	0	127	0	180	185	191	186
ENSB:s1EcE9f4ZBPMo-9	0	0	0	0	0	0	50.6	0	0	9.26	0	0	0	0	0	2.18	0	0	4.21
ENSB:OFOynk6Kk1XkBGg	0	0	25.1	1.71	0	0	4.2	25.4	4.78	0	0	8.22	0	1062	0	30.3	0	0	0
ENSB:P7bPTX1myaYFYU8	3.23	0	7.25	0.46	0	0	6.31	20.9	0	0	0	18.8	0	17.5	0	2.15	0	0	0
ENSB:WFL9Wzdc1ONmmML	0	966	70.6	7.94	1101	1490	225	1896	0	1052	846	251	0	1.35	0	564	0	0	1079
ENSB:s3MJI8GFxKlrTkg	0	0	0	0	0	0	0	0	0	0	0	0	0	0	0	1e-07	0	0	0
ENSB:VdqrJqFJmUX9tKz	0	0	0	0	0	0	0	0	0	0	0	0	0	0	0	1e-07	0	0	0
ENSB:jusyWj14ROBFseR	68.9	0	3.86	0.154	0	82.5	0	278	366	64.8	33.2	125	0	195	0	46.6	0	14.2	32.4
ENSB:8_j4H2pSCu14ky6	0	0	0	0	0	0	25.6	0	0	0	0	0	0	0	0	0.446	0	0	0
ENSB:GfwdIl0CeeLsfkW	0	0	3.18	0.12	0	0	0	103	0	0	0	27.4	0	1.84	0	7.3	0	0	28.8
ENSB:l2oPBdPRbrDcIu4	34.9	0	0	0	0	0	58.1	168	0	0	0	13.6	0	40.8	0	7.5	0	0	4.54
ENSB:v_ATBIlcGFioRQu	13.2	0	0	0	0	0	0	0	0	12.6	0	1.02	0	0	0	2.76	0	0	5.84
ENSB:IMuY_otwvqr3a2o	0	0	5.2	0.658	0	0	0	21.9	0	0	0	9.07	0	1.79	0	0.918	0	0	0
ENSB:-9MgY5DVd22zwzt	0	0	11.2	0.886	0	0	0	9.35	0	0	0	98.0	0	2.08	0	4.65	0	0	0
ENSB:bijrl0O_esTZCEA	27.5	57.5	24.6	0.717	51.8	22.5	35.5	166	44.3	725	74.5	66.0	0	8.85	140	142	0	0	359
ENSB:Ds9-aQjP6FcX7Uz	0	709	1.21	0.35	813	806	57.4	437	0	91.8	836	165	0	7.09	0	262	0	0	43.2
ENSB:OrxwwYEggNsXYmN	35.6	0	41.7	1.03	0	0	258	60.2	205	299	0	99.9	0	15.3	800	113	0	154	137
ENSB:584Nz9_WmuH4XD2	8.07	242	327	7.45	92.8	116	572	348	93.4	1075	128	262	1136	1796	0	409	291	273	871
ENSB:ihCIwSIEnBQcQ0L	1576	1244	1036	276	1025	916	1417	846	1141	849	1240	1568	0	2721	0	1163	2097	1611	910
ENSB:7KLWDCaVMAWERj-	4.38	0	15.2	0.839	0	0	115	0	28.8	54.4	6.32	24.0	0	250	179	28.9	0	0	25.0
ENSB:4AZLrTwMBe7EC9Z	378	608	951	13.6	477	462	414	345	419	711	418	431	0	474	1197	603	27.3	243	1235
ENSB:rJ2MC8rsgsu4K5M	31.0	28.3	4.22	0.885	37.6	22.5	0	79.1	46.1	15.1	7.39	21.2	0	4.59	0	12.8	0	0	6.96
ENSB:1_UKScgcLeAFj87	1623	766	709	14.4	798	776	1471	556	1504	855	927	677	157	814	1257	839	555	134	875
ENSB:vEsmmlMSmWxE5BO	10.2	0	33.4	1.86	0	0	45.3	121	0	0	4.38	23.6	0	23.3	264	19.5	0	0	0
ENSB:1Du_trEXcpbgqaK	0	0	0	0	0	0	0	0	0	0	13.3	0	0	0	0	2.31	0	0	0
ENSB:_-SO1QCBSBNC0uM	40.5	0	6696	6003	0	0	85.7	33.9	0	308	4.98	1779	0	17.6	0	1057	3654	2549	260
ENSB:gdk8bT7Y0ULFfwI	125	0	80.2	6.04	0	0	0	16.9	0	19.6	0.646	51.3	0	4.52	84.9	25.1	0	32.7	9.07
ENSB:OEA1wMutWmQDzEk	0	0	1.01	0.096	0	0	0	1.01	0	0	0	0	0	0	0	3.56	70.2	0	0
ENSB:T1fOtfRVLnMRgjf	31.3	0	19.5	3.8	0	0	0	75.2	39.1	112	1.05	42.4	0	19.5	0	25.2	30.9	0	52.8
ENSB:arMFw3gVsYSa2hJ	57.9	0	151	2.26	0	85.3	1009	117	444	309	86.8	212	0	12.3	0	114	0	20.1	141
ENSB:EY7V9bNWVNIvmK5	0	0	0	0	0	0	0	0	0	0	0	0	0	0	5.89	0.282	0	0	0
ENSB:J5-odgVS6edJPNq	6.59	0	1.95	0.521	0	0	44.4	26.6	0	0	0	1.75	0	8.07	43.4	3.97	0	0	0
ENSB:bPzqWv9V7VmjtVk	441	700	499	3.85	488	463	882	408	434	465	550	347	0	411	1714	535	84.0	873	424
ENSB:2mNLQz9X6tFXyqI	0	0	4.01	0.204	0	0	0	19.9	0	0	0	0	0	0	0	0.415	0	0	0
ENSB:ugewoMcANxomhPi	734	625	896	83.8	505	582	234	654	463	966	507	683	677	1010	1928	759	154	1536	760
ENSB:mAbQtUHk_gdwZQB	48.7	189	12.0	0.737	173	135	171	236	0	200	258	117	0	28.6	0	132	217	0	162
ENSB:kTwGQE4L3IDT560	0	0	1.63	0.256	0	0	0	5.61	0	0	0	4.33	0	0	0	0.321	0	0	0
ENSB:quUFSMxLKjeKNq5	37.2	0	15.5	1.69	0	0	0	18.8	0	0	0	6.0	0	0	0	3.94	0	0	0
ENSB:d_048rmFxbHIsqt	258	21.0	132	13.2	68.4	77.8	50.5	184	0	57.2	39.1	68.1	0	48.2	0	53.6	0	6.14	27.0
ENSB:uPgF18qkb6AdnkL	23.4	0	39.2	3.48	0	0	3.72	38.2	27.7	51.0	21.9	26.1	0	24.8	0	17.9	0	0	23.9
ENSB:USCn3csA9a8FrqM	0	20.0	0	0	0	0	10.9	1.95	0	5.16	4.44	1.46	0	0	0	5.94	0	0	20.4
ENSB:8fgjLK8Y_sSMI7w	0	0	0	0	0	0	0	8.11	0	0	0	0	0	0	0	0.078	0	0	0
ENSB:RIjdM5cuxJN-AMS	17.6	0	43.8	3.2	0	0	11.0	128	0	9.54	0	39.9	0	24.6	0	37.2	559	7.83	4.39
ENSB:2iESJTmZWFvV5bv	16.1	0	37.3	4.61	0	0	170	163	35.5	36.0	0	47.2	0	25.7	98.5	25.6	0	56.4	16.5
ENSB:VKy9oUHHQTABeni	314	299	314	31.2	210	180	146	230	406	274	210	305	230	216	0	197	0	114	148
ENSB:zfyIxDc2pDorj2D	0	0	0	0	0	0	0	0	0	0	0	0	0	0	0	1e-07	0	0	0
ENSB:KIAtnqBir-99VwZ	0	0	0	0	0	0	51.7	27.4	0	0	0	0.725	0	0	0	1.19	0	0	0
ENSB:9po1rGq2JZ30dKx	15.0	0	0	0	0	0	17.0	11.3	0	54.7	0.209	1.12	0	0	0	9.28	0	0	25.3
ENSB:5Y1zTFutf3NbyUC	0	0	0.202	0	0	0	75.9	0.955	0	0	7.32	0.227	0	0	0	2.62	0	0	0
ENSB:bRQ-CM3OdtUQn2F	1066	868	0.079	0.024	446	233	13.5	177	0	1722	461	168	0	0	0	637	0	0	1701
ENSB:JoEljmxRb4U3yU8	293	1072	7.27	1.44	860	885	18.4	632	0	672	763	295	0	0	124	491	0	0	914
ENSB:3oSZhJBRAWE0M0d	113	0	0	0	0	0	0	13.5	0	109	1.14	6.33	0	0	0	24.1	0	0	51.3
ENSB:Gy5kXNDtrHkNG5I	106	0	0	0	0	0	0	5.02	0	43.4	0	4.7	0	0	0	13.9	0	0	20.2
ENSB:JN-fX-oDSIxokSE	453	0	0	0	0	0	0	65.7	0	493	6.03	31.3	0	0	0	130	0	0	376
ENSB:VWZ-K3V2linF6Vy	453	700	0.212	0.034	401	333	16.9	305	0	1755	431	199	0	0	3.53	619	53.7	0	1891
ENSB:_2pFpZ1bJyD4l_h	651	1002	0	0	582	448	0	348	0	387	295	103	0	0	4.62	302	42.5	0	473
ENSB:JM9xmIApdjgXusn	228	424	0	0	172	134	6.56	304	0	916	348	92.2	0	0	0	320	11.2	0	849
ENSB:yfh89H3iKMX6WoA	16.7	0	0	0	0	0	22.7	0	0	125	0	1.92	0	32.9	0	20.2	0	0	58.1
ENSB:svspuUtsrSjuFPI	37.9	0	0	0	0	0	0	163	0	108	60.2	20.1	0	0	0	33.9	0	0	68.0
ENSB:vCTgb9IwtQnG-Xv	2.16	0	0	0	0	0	26.2	0	0	0	0	0	0	0	11.2	1.14	0	0	0
ENSB:8JRy9BWWFbb9DJ7	0	0	0	0	0	0	0	28.8	0	0	7.92	5.89	0	0	87.2	6.06	0	0	0
b1893	0	0	0	0	0	0	0	0	0	0	0	0	0	0	0	1e-07	0	0	0
b1894	0	0	0	0	0	0	15.0	0	0	0	0	6.42	0	0	0	0.515	0	0	0
ENSB:sw4rdfhQ_wADm0L	35.8	0	34.4	1.88	0	0	0	96.3	0	0	0	10.5	0	3.98	0	5.9	0	0	0
ENSB:ZtJUdLpAymU73WW	0	272	403	5.77	130	213	108	291	0	281	222	135	0	13.3	464	171	0	0	210
ENSB:uy9ZcVbcITHB-oi	0	27.3	104	11.8	65.5	107	0	97.3	0	0	44.2	27.7	0	0	0	22.1	0	0	0
ENSB:yrLdmqFeu9sZQRe	6.06	0	0.998	0	0	0	12.5	15.3	0	0	0	1.89	0	92.3	0	3.66	5.97	0	0
ENSB:qlOtmjTE0JZ9N_1	53.2	665	1.87	0.238	817	694	46.7	282	156	0	638	65.5	0	3.8	0	214	0	0	0
ENSB:w0V_7w0eLie1I2w	0	0	14.5	0.32	0	0	17.8	10.7	0	20.8	0	7.09	0	0	0	4.45	0	0	9.72
ENSB:pMC-dLLzkPMappb	75.7	0	0	0	0	0	0	162	0	0	0	7.66	0	0	0	7.22	0	0	0
ENSB:GynsGHwqkZp4gXw	2188	1020	108	17.7	606	519	371	451	8358	695	993	780	0	249	0	1032	230	849	1043
ENSB:Jm6ZmFhbTFDeP2B	0	0	0	0	0	0	154	0	0	0	0	0	0	0	0	2.68	0	0	0
ENSB:fArHS41WGxDNg5u	0	0	0	0	0	0	0	0	0	0	0	0	0	0	0	0.353	0	0	2.03
ENSB:hYKjCHHJtgrTm_x	163	1096	1.52	0.282	237	306	62.4	305	187	322	436	144	0	64.3	0	271	0	13.0	416
ENSB:Qmc-euaruVnKQ66	62.1	0	41.0	0.761	0	0	0	37.8	0	318	0	4.44	0	0	266	116	0	0	439
ENSB:5j9M6KvvgqJ0fW0	2.67	0	48.2	1.3	0	0	25.3	30.1	0	10.9	5.02	21.1	0	5.39	106	14.5	0	0	19.0
ENSB:tjJergJMel1drAk	29.0	0	28.5	1.18	51.3	18.8	31.9	68.1	96.4	88.5	15.8	54.7	0	16.9	308	67.8	488	0	41.0
ENSB:N57oSm93y4oslYM	247	0	16.2	9.4	0	0	48.5	0	286	0	0	107	0	15.1	0	42.7	198	0	0
ENSB:UylNKs255CtzDqQ	11.3	0	1.09	0.309	0	0	39.1	0	0	0	0	35.2	0	0	124	8.87	0	0	0
ENSB:mlDd5FwGKc3jfrt	9.25	219	150	3.04	152	103	2.35	187	66.8	110	278	84.4	0	11.8	105	107	0	0	55.9
ENSB:HllnASCmCVN5iJ0	33.6	0	36.3	1.69	0	0	0	165	0	14.0	0	18.9	0	0	0	8.7	0	0	6.44
ENSB:abQyhCDidQ9cT-c	111	531	493	21.4	266	489	0	433	282	540	402	259	0	26.0	208	337	144	372	469
ENSB:vEMoVMWD6qCrcea	195	2189	793	22.2	9884	2900	419	1416	0	1535	2798	922	1121	5.86	51.8	1705	1034	199	1322
ENSB:SA_4xATDc1QEIer	0	94.0	0	0	54.7	0	10.8	119	0	0	110	15.1	0	0	0	32.8	0	0	22.7
ENSB:gUnckMTym6P09RM	89.3	59.0	0	0	96.7	17.8	21.2	95.3	0	188	66.3	31.5	0	0.565	0	63.4	0	0	132
ENSB:lcgaix5GgkCjO5M	2809	1952	1.76	0	2815	3110	43.6	736	0	3758	3198	705	0	5.14	0	2138	205	0	4673
ENSB:o2U9dQMQgwNkCSB	55.0	125	0	0	128	67.0	24.1	75.3	0	0	175	66.3	49.0	0	0	53.4	0	0	0
ENSB:h23hu66_iZ1ZC4w	0	0	0	0	0	0	44.4	78.7	0	16.5	0	17.8	0	0	0	4.88	0	0	9.42
ENSB:Rd7_x9zKm3zrGdO	0	0	0	0	0	0	0	0	0	0	0	0	0	0	0	1e-07	0	0	0
ENSB:_cYxydFEBFLMRQX	0.47	45.8	107	4.56	44.9	47.8	5.75	63.5	0	32.8	43.7	29.0	0	2.27	0	25.5	0	0	15.0
ENSB:kS5VDBIkjR4-ab2	170	126	179	22.1	135	65.2	0	465	355	622	107	359	0	92.4	0	209	129	38.6	425
ENSB:R-dvDH7HcXHRHP7	0.517	0	13.5	0.215	0	0	0	53.9	0	169	0	9.52	0	0	0	26.3	0	0	82.3
ENSB:pSDc2ZmwGJEdygQ	0	291	10.1	0.072	357	662	0	398	0	577	429	67.1	0	6.9	0	212	151	0	257
ENSB:ZJIx7h81k20YX7b	0	0	0	0	0	0	0	3.82	0	0	0	0	0	0	0	0.037	0	0	0
ENSB:TUsx9GU-m4R6P0W	0	0	0	0	0	0	0	20.7	0	0	49.2	0	0	0	0	8.75	0	0	0
ENSB:YfpHl-Toi0m8tda	0	0	0	0	0	0	42.9	0	0	0	0	1.01	0	0	0	0.786	0	0	0
ENSB:PxRQiUibiSt7X0N	31.9	0	0	0	0	0	17.5	3.97	0	128	2.84	2.2	0	0	0	21.5	0	0	60.7
ENSB:u5gkvp9yyT-jFlV	83.6	0	0	0	52.3	15.9	0	39.0	0	208	40.5	22.0	0	0	0	53.5	0	0	135
ENSB:sOsLQZnFeqg9oOz	0	0	0	0	0	20.2	0	14.4	0	0	0	7.34	0	0	0	0.69	0	0	0
ENSB:H4y5dqkpmGqgwGk	16.6	0	0	0	0	0	30.2	32.3	0	58.1	0	7.2	0	0	0	10.5	0	0	26.8
ENSB:4PtS1Or3bVcnvWg	0	0	0	0	0	0	81.0	0	0	8.87	0	0	0	0	0	2.68	0	0	4.17
ENSB:rGdZb6vMQ06on_i	0	0	0	0	0	0	0	4.61	0	0	0	0.736	0	0	0	0.073	0	0	0
ENSB:0Z5C9-qnxkPY1zz	0	0	0	0	0	0	0	91.4	0	278	4.48	23.4	0	0	0	42.6	0	0	133
ENSB:xaeFfmo3b0kA9P2	81.1	0	0	0	0	0	26.9	32.3	0	333	35.2	12.0	0	0	0	66.4	0	0	189
ENSB:BnwXg2yZL7HAYnV	73.5	434	0	0	85.5	90.0	0	181	0	489	181	29.3	0	1.94	1.62	139	0	0	239
ENSB:o9CtucUoG0doqyg	13.5	0	0	0	0	0	24.3	3.47	0	34.6	0	0	0	0	0	6.28	0	0	15.9
ENSB:hd9q0NMzkFGTpBX	23.0	0	0	0	0	0	0	26.4	0	0	0	3.25	0	0	0	2.01	0	0	0
ENSB:_3IKBiddDCc27hH	0	0	0	0	0	0	0	0	0	0	0	0	0	0	0	1e-07	0	0	0
ENSB:vpRgyHweFBr3VJY	0	0	0	0	0	0	0	0	0	0	0	0	0	0	0	1e-07	0	0	0
ENSB:5hZ90hzb3dp-H0u	0	0	0	0	0	0	0	0	0	0	0	0.678	0	0	0	0.027	0	0	0
ENSB:BBhmf1E0CoDtyaW	0	0	0	0	0	0	0	0	0	0	0	0	0	0	0	1e-07	0	0	0
ENSB:ycXuIUmEK8huMGk	0	143	0.288	0.072	258	70.8	0	239	0	0	419	104	0	0.399	0	102	0	0	0
ENSB:pILtIbpF1m55qfS	0	348	184	6.08	320	252	101	360	0	104	638	70.9	0	0.427	0	182	0	0	47.8
ENSB:14YyIy-vsNkHfBM	5.64	0	28.8	0.984	0	0	6.18	14.9	0	0	8.23	3.37	0	0	0	3.93	0	0	0.746
ENSB:NEufi5qcKsWgNYG	0	0	2.06	0.41	0	0	0	0	0	118	0	6.15	0	0	0	17.2	0	0	55.1
ENSB:pDYxNumKa9gEBji	7.33	0	103	4.22	0	0	29.5	24.6	0	29.3	0	17.0	0	0	0	11.8	0	0	13.7
ENSB:fCf6eVSMyK_yzEu	0	0	0	0	0	0	0	13.4	0	0	0	0	0	0	0	0.129	0	0	0
ENSB:ICDnSE5YkVG9qyv	0	0	0	0	0	0	0	21.1	0	0	0	3.08	0	0	0	0.325	0	0	0
ENSB:Oz5gQAoGZrtpciX	11.2	0	15.8	1.06	0	0	0	23.8	9.83	6.47	2.33	15.7	0	19.8	0	4.69	0	0	3.06
ENSB:vyWDFu2pXvllG5o	0	0	0.161	0.131	0	0	0	6.15	0	32.0	0	3.19	0	0	10.7	6.68	0	0	23.1
ENSB:8HJ6DMwT8moMkJf	0	0	0	0	0	0	0	0	0	0	0	0	0	0	0	1e-07	0	0	0
ENSB:i326xFSLR9JXwsp	650	677	1948	260	650	1345	600	588	356	1084	793	804	0	188	332	727	0	18.5	1121
ENSB:UP72GfAPux68lBH	10.4	0	4.94	0.25	0	0	0	2.49	0	7.43	2.42	2.7	0	1.84	36.6	4.41	0	0	3.45
ENSB:qCgJ3LJCsF3Nc06	5.15	0	8.65	0.473	0	0	0	30.2	0	37.0	2.07	6.17	0	0	15.4	7.83	0	0	17.8
ENSB:ih_dxbEjjwT4Dx7	12.2	0	3.03	0.163	0	0	0	35.9	273	0	0	3.94	0	1.08	0	9.96	0	0	0
ENSB:pb731tLoV1N3sFj	78.0	45.8	99.2	2.05	0	0	14.3	55.1	51.2	2.26	35.4	3.65	0	0	0	22.5	0	0	2.07
ENSB:97O6V_RDqgnhADo	0	0	0	0	0	0	27.3	25.2	0	0	0	0	0	0	0	0.716	0	0	0
ENSB:FcD-l-1tm8glJAL	2.25	0	4151	4.04	0	0	0	0	0	145	0	3991	0	0	0	557	804	1392	101
ENSB:GAzrbBrwjHXfGiD	0	0	0	0	0	0	0	0	0	0	0	0	0	0	0	0.765	0	0	4.4
ENSB:5rDKt_xd7nMbfdb	25.8	180	33.2	1.56	85.5	188	165	355	175	84.7	245	67.0	0	13.3	0	89.1	0	0	38.1
ENSB:bQ0KhPYyOHx_kdz	0	0	0	0	0	0	1.69	0	0	0	0	0	0	0	0	0.029	0	0	0
ENSB:iK5q3fyo4vlYoUq	0	0	41.2	2.23	0	0	0	0	0	497	0	3.94	0	1.4	0	80.3	0	0	273
ENSB:uQ6OfxPXi7znSjK	145	33.1	304	8.14	22.5	61.9	125	223	10.6	126	32.1	272	0	91.3	0	78.7	0	67.7	66.8
ENSB:_gX2mADy0m7v0ST	323	124	148	0.761	73.8	39.4	427	169	164	515	89.9	242	0	154	500	259	154	108	590
ENSB:4QyRGl81pHS2Lrt	0	0	0	0	0	0	0	21.2	0	0	4.0	0	0	0	0	2.25	0	0	7.76
ENSB:v_ey4FBOOS9ZYq0	0	0	2.59	0.17	0	0	31.1	7.71	0	0	0	2.08	0	0	0	0.843	0	0	0
ENSB:uzANpQITN_T73oj	0	0	0	0	0	0	0	0	0	0	0	0	0	0	0	1e-07	0	0	0
ENSB:ZfaGYl8gECk1YLE	7.61	14.6	132	6.1	74.3	33.8	122	247	0	19.4	82.5	59.3	0	7.52	0	38.4	0	0	15.3
ENSB:MXMoHuu9t8a71oX	1.26	0	22.9	1.79	0	0	0	16.5	0	0	0	24.1	0	6.06	71.0	6.05	0	0	0
ENSB:izhsMKuaKkghAp0	27.6	0	27.7	1.11	0	0	0	39.0	0	0	0	6.03	0	0	0	6.67	0	0	14.7
ENSB:R48HYIv_BNLO7j2	1.55	0	2.7	1.28	0	0	0	24.8	0	161	0	6.97	0	0.887	0	23.4	0	0	73.6
b1994	0	0	0.053	0.016	0	0	2.62	3.12	0	0	0	20.9	0	19.2	0	1.41	0	0	0
b1996	0	0	0	0	0	0	140	0	0	1.9	9.42	0	0	0	0	4.34	0	0	0.886
b1997	0	0	0	0	0	0	7.18	0	0	0	0	31.1	0	0	0	1.36	0	0	0
ENSB:Gija6-R70rAHeXF	22.1	996	285	3.09	475	700	0	547	0	618	935	227	0	318	24.0	415	0	0	500
ENSB:gcGsbU5i9Gj8j8t	0	0	0	0	0	0	5.51	0	0	0	0.493	0	0	0	18.5	1.07	0	0	0
ENSB:857uSoMBlpd6tt8	0	0	0	0	0	0	0	0	0	0	0	0	0	0	0	1e-07	0	0	0
ENSB:PQDl6Igv_Hqcd9F	0	0	0	0	0	0	0	0	0	0	0	0	0	0	0	1e-07	0	0	0
ENSB:doU-1K6ifGp13ub	0	0	0	0	0	0	0	0	0	0	0	0	0	0	0	1e-07	0	0	0
ENSB:vQSw1DivJCx1_In	0	0	0	0	0	0	0	11.7	0	0	0	13.4	0	0	0	0.641	0	0	0
ENSB:lStX-lw-umNUCIk	1807	2206	4233	218	1589	1187	1075	2020	1383	1843	6427	2773	0	420	2851	2934	1547	1979	3201
ENSB:_Wda06UMiVZc3Nj	3.97	0	1.03	0.134	0	0	0	0	0	0	0	0	0	0	0	0.913	0	0	3.29
ENSB:hOdx5sbCGAZcYjp	13.5	441	86.8	4.4	111	202	23.4	300	130	217	115	95.4	0	1.17	0	102	0	0	117
ENSB:ivdY0hRBK8szK42	0	0	3.74	0	0	0	0	2.82	0	0	0	0	0	0	0	0.23	0	0	0
ENSB:FsptOEPXED727ji	23.8	0	30.9	1.51	0	0	18.4	29.2	27.0	80.2	0.857	19.2	0	34.6	33.3	32.6	0	0	112
ENSB:fFG-V91za3LAiKg	0	0	0	0	0	0	2731	247	0	0	0	32.2	0	0	0	72.8	435	0	0
ENSB:_fLLzfAAvj-TDo8	0	0	0.925	0.053	0	0	0	0	0	0	8.93	0	0	0	0	1.6	0	0	0
ENSB:8shGtXYV8Qo88sD	0	0	8.15	0.273	0	0	0	0	0	0	0	1.12	0	7.11	0	1.6	0	0	5.28
ENSB:EZ9t_YxK872sh9M	0	0	0	0	0	0	11.2	0	0	0	0	0	0	0	0	2.95	55.3	0	0
ENSB:NPRo1w8CBoU9hmo	220	429	149	3.77	263	132	213	288	152	170	400	241	321	128	0	206	10.1	173	114
b2017	0	0	2.04	0.143	0	0	41.7	110	0	179	2.13	1.48	0	11.2	0	31.8	53.2	0	89.6
b2018	0	0	0	0	0	0	0	0	0	0	0	0	0	0	0	1e-07	0	0	0
ENSB:dKRH5O2bYmkkylH	83.9	405	1181	53.4	348	326	570	464	307	486	695	671	313	411	0	610	775	2242	377
ENSB:aSNpbvnFGGoLV0k	50.0	550	732	10.4	210	180	46.8	393	175	233	597	503	356	191	0	430	1188	1385	106
ENSB:pAHAT5ZmCoRrIB5	58.1	209	620	5.81	338	229	0	303	311	430	337	544	504	239	219	355	54.1	894	388
ENSB:pTroMp2BOJmP5BA	113	329	824	13.7	200	259	218	329	135	238	354	400	0	161	0	247	111	203	198
ENSB:RvA3OGBH-PyTnQT	45.5	268	459	65.2	55.7	128	158	346	0	298	181	317	1045	79.2	0	182	0	243	134
ENSB:M6qL1FbIJpSfmby	24.2	0	158	3.11	0	0	54.0	327	264	256	7.91	257	0	55.3	0	97.9	121	133	175
ENSB:OsQobEQP7qlZpoE	165	176	453	18.9	145	96.6	31.6	205	462	149	120	249	372	124	0	202	158	717	99.7
ENSB:X8zkCon6u1cfikX	79.5	0	169	2.88	0	50.2	0	211	254	673	21.3	247	0	16.7	7.55	228	579	117	628
ENSB:vs5dxLxUhY42lyg	116	973	527	13.2	156	143	28.6	386	155	393	407	315	0	297	0	288	17.1	6.66	373
ENSB:o-PXaCMzpt4VtgP	0	0	27.2	1.68	29.8	0	186	5.26	0	0	18.6	17.4	43.3	0	0	14.3	61.0	0	0
ENSB:6fJjjmt_6otZ-4k	0	1409	3150	0	2878	1568	1077	1231	1675	2023	1855	1844	3409	3775	5.33	1944	2022	2467	2673
b2030	0	0	0.048	0	0	0	9.48	2.76	0	0	0	21.4	0	0	0	1.04	0	0	0
b2032	0	0	40.0	2.34	0	36.1	27.0	53.1	0	110	0	40.3	0	41.0	680	54.5	0	0	51.4
b2033	0	0	35.6	4.53	0	0	16.0	105	0	48.6	0	41.6	0	33.9	0	12.8	0	0	22.5
b2034	0	68.7	84.2	3.0	66.9	41.3	14.8	175	0	319	41.9	119	0	183	0	86.8	0	0	208
b2035	0	0	0	0	0	0	0	0	0	0	0	0	0	0	0	1e-07	0	0	0
b2036	0	592	328	4.43	434	290	129	310	0	483	490	414	525	492	2040	402	0	94.1	357
b2037	0	0	0.6	0.111	0	0	0	4.29	0	0	2.83	1.01	0	3.66	0	0.705	0	0	0
b2038	0	174	114	5.25	59.6	56.3	0	137	0	124	83.5	103	0	114	0	63.9	0	51.2	58.3
b2039	3.58	478	430	16.5	294	343	248	507	0	516	220	404	0	691	0	318	61.1	240	655
b2040	0	153	142	4.93	57.7	68.5	89.5	330	0	242	84.1	256	396	13.2	529	132	0	189	113
b2041	0	126	150	9.91	138	138	247	212	0	665	93.6	305	1495	441	0	240	0	208	479
ENSB:A-IoKHV7UHsEkwI	185	748	695	124	702	872	596	518	77.1	758	626	593	169	416	2443	644	422	653	593
ENSB:JTuxvZEejucfC60	0	0	0	0	0	0	5.36	0	0	8.36	0	0.025	0	0	0	1.28	0	0	3.9
ENSB:j0ndUJdkeVkF-4Y	0	0	0	0	0	0	18.8	2.91	0	0	0	0.251	0	0	0	0.852	0	0	2.8
ENSB:Usk9dbJDsbQc792	0	0	0.422	0.035	0	0	8.58	0	13.6	0	0	0	0	0	0	0.592	0	0	0
ENSB:m6ppYFx2JBzXK_h	0	0	0	0	0	0	14.6	0	0	0	0	0	0	0	0	0.791	0	0	3.09
ENSB:1ddsZeYmzkNbPPw	0	0	0	0	0	0	8.4	2.94	0	0	0	0	0	0	0	0.174	0	0	0
ENSB:k2l-o_XU_R95WTH	473	0	0	0	0	0	18.3	2.7	293	0	0	0.453	0	0	0	42.8	0	0	0
ENSB:fVNziXhyi9slOFt	35.8	0	0	0	0	0	16.0	0	9.15	0	5.18	0	36.1	0	0	4.71	0	0	0
ENSB:wUgyt_DTBmAW-4t	0	0	0.037	0.011	0	0	12.3	1.52	0	0	1.06	0	0	0	0	0.415	0	0	0
ENSB:bZE-QjNn9ccwyEF	0	0	0	0	0	0	0	0	0	0	0	0	0	0	0	1e-07	0	0	0
ENSB:hprNt2SbUYfplbl	51.5	0	0	0	0	0	0	7.67	427	24.7	19.2	1.54	96.5	0	0	25.7	0	0	11.5
ENSB:ekDffDqhQWyJ1nc	0	0	7.64	0.2	0	0	0	1.64	203	0	0	3.68	1155	0	0	29.6	0	0	0
ENSB:z57kLoEqg6WfT54	0	0	0	0	0	0	111	0	0	0	0	0	0	0	0	1.92	0	0	0
ENSB:_oI_nRWpZa70QE3	0	0	0	0	0	0	0	0	0	0	0	0	0	0	0	1e-07	0	0	0
ENSB:sK6cZfJJFhKQDBt	0	0	0	0	0	0	0	7.94	0	0	0	0	0	0	0	0.076	0	0	0
ENSB:pPNNBVNlH-uDL_g	0	0	0	0	0	0	0	0	9.84	5.59	0	0	0	0	0	1.09	0	0	2.59
ENSB:yZANMaxQSUuL9aC	0	0	0	0	0	0	0	4.02	0	0	0	0	0	0	0	0.039	0	0	0
ENSB:XwdMmVtxQbLqIks	0	0	0	0	0	0	0	5.88	0	0	0	0	0	0	0	0.057	0	0	0
ENSB:gKAe8yLm7WFeTgx	0	0	0	0	0	0	4.59	0.402	0	0	1.27	0.641	0	0	0	0.33	0	0	0
ENSB:JeiVCAlLK03B-Za	0	0	0	0	0	0	0	0	0	0	0	0	0	0	0	1e-07	0	0	0
ENSB:e1wugjK_R3CIW5v	0.164	0	0.033	0.124	0	0	34.5	5.86	0	0	6.51	1.41	0	0	0	2.38	0	2.36	1.91
ENSB:hLVnJLFhUT4kT8e	26.8	0	14.6	1.09	0	0	29.9	13.5	0	24.8	4.19	14.5	0	9.95	70.4	11.8	0	0	11.6
ENSB:9MGV6uYIgfiYafq	32.0	0	41.8	1.21	0	0	0	77.7	9.76	49.1	0	15.5	0	6.95	18.1	15.8	19.8	0	25.9
ENSB:a9MOytTh6ML7U3J	468	0	242	73.6	60.1	0	48.5	319	200	302	22.3	188	0	126	837	165	0	48.5	151
ENSB:YgX_FpqCkkLxV8w	271	0	96.8	24.6	52.8	0	62.1	163	97.4	266	12.4	67.1	0	72.8	0	81.4	0	2.16	141
ENSB:rayGbf9eAGoCIVq	0	0	0.544	0.023	0	0	24.0	1.7	0	0	4.01	0.676	0	0	24.8	2.8	0	0	2.43
ENSB:RtJrFWPYZhbbP4G	11.9	0	5.93	0.49	0	0	0	35.9	0	0	0	15.7	0	0	21.2	3.16	0	0	0
ENSB:WlWDszxcBOvFfw5	13.3	0	2.37	0.135	0	0	14.0	6.22	0	0	0	23.4	0	13.2	0	10.3	153	0	0
ENSB:Lc2wQhhvKFTmie6	0	0	0	0	0	0	30.6	5.79	0	7.22	0	0	61.8	0	0	2.85	0	0	3.44
b2071	0	0	0	0	0	0	0	13.5	0	0	76.0	0	0	0	0	13.4	0	0	0
ENSB:4ByB1y3OJkOAz0g	0	0	0	0	0	0	37.3	0	0	0	0	0	0	0	0	0.648	0	0	0
ENSB:AKmr06ugh0s2sWS	0	0	0	0	0	0	0	0.518	0	0	0	0	0	0	2.03	0.102	0	0	0
ENSB:ghZQqAVDXRDtw21	2.12	0	27.5	1.02	0	0	23.5	11.4	0	0	0	9.8	0	3.29	19.1	3.58	0	0	0
ENSB:tgLeZP-h4rm6ccG	0.454	0	3.18	0.219	0	0	14.9	1.51	0	0	2.94	0.408	0	0	0	1.13	0	0	0.701
ENSB:KqCzihwwSFciopj	0	0	1.6	0.263	0	0	20.1	3.04	0	0	0	2.53	0	0	0	0.573	0	0	0
ENSB:S5Wc1YkkJW_klUs	0	0	0.128	0.026	0	0	0	0	0	0	0	1.15	0	0	0	0.053	0	0	0
ENSB:W8oPjkjTNFobbP7	2.41	0	7.14	0.471	0	0	8.24	17.1	0	0	0	4.3	0	0	0	1.05	0	0	0
ENSB:BZdY5lGkRHqcpeK	76.0	12.2	143	10.6	44.0	27.7	35.5	173	23.6	153	30.4	67.6	0	34.9	130	63.5	0	89.6	71.0
ENSB:dPkme-RfVs2ncbT	7.65	1154	1387	14.8	2493	1013	1175	872	0	793	1222	685	0	17.4	0	714	0	0	642
ENSB:UOHwuxNsxfKTDiO	82.8	0	371	15.0	22.0	27.7	22.7	109	37.4	107	54.8	138	0	26.6	0	71.5	67.9	59.9	61.5
b2082	0	0	0	0	0	0	0	0	0	0	0	0	0	0	0	1e-07	0	0	0
ENSB:01ESeic7Wx43jyT	0	0	52.9	3.57	0	0	33.4	319	0	0	0	19.6	0	0	10.8	7.92	0	0	0
ENSB:fTZXnIdBwVvjqKo	0	143	23.7	7.62	59.1	57.2	12.9	95.7	0	0	93.1	13.8	0	0	0	30.7	0	0	0
b2088	0	0	2.21	0.35	0	0	21.4	3.71	0	0	0	4.43	0	0	0	0.714	0	0	0
b2089	0	0	0	0	0	0	0	0	0	0	0	0	0	0	0	1e-07	0	0	0
ENSB:90qWA7s0-UtOsOK	0	1564	4.73	0.408	1312	2420	83.6	513	55.7	30.2	2360	202	0	0	0	615	0	0	14.3
ENSB:qyn7gqpUrKVoJGO	0	7967	65.9	5.06	15723	8920	0	2703	0	2129	6614	796	3894	0	278	3513	5821	0	2348
ENSB:OTtbftiOrP5_gA8	0	3525	307	7.57	3244	4309	114	3019	107	1357	2281	681	6489	67.3	408	1672	7342	96.0	1019
ENSB:jUAOG7PrXKRvwY4	0	5598	92.8	1.57	3396	8730	454	3496	82.8	2581	5015	669	2144	281	3066	2612	2433	3.78	3458
ENSB:eMTZM5un2jSbMYh	0	5385	655	24.7	5455	10912	646	5623	0	2160	13605	1950	0	1032	619	4117	3257	135	2843
ENSB:O1s6K6zotHSYS38	200	1679	1761	48.9	1422	1871	675	388	521	832	1235	885	0	250	48.2	777	457	141	592
ENSB:zuvyXaf8g-nJahm	0	0	0	0	0	0	0	0	0	0	0	34.2	0	0	0	1.35	0	0	0
ENSB:96Kzjbbh3p1xL_3	124	0	11.3	0.418	0	0	5.87	6.03	0	6.74	9.35	320	0	1.91	6.57	25.7	0	0	6.21
ENSB:ScZFrxDkM4U2IKf	1.28	0	1.13	0.111	0	0	0	0	0	0	8.61	35.3	0	0	0	3.05	0	0	0
ENSB:fKbAxs89TfKVQeC	3.97	0	6.52	0.438	0	0	11.2	16.9	0	0	0	16.1	0	5.84	0	1.79	0	0	0
ENSB:jmprwSHe0TxWZIj	0	0	0	0	0	0	0	0	0	0	12.0	0	0	0	0	2.1	0	0	0
ENSB:IvTK5fpuUAHYOBN	0	1014	0	0	427	521	30.8	471	0	0	699	163	0	3.63	0	235	391	0	0
ENSB:86WPs3DuHQr66IH	0	1570	0	0	251	470	80.1	347	0	0	542	86.2	0	0	0	205	30.6	0	0
ENSB:WghM5fFP5mYzYXi	41.1	0	25.5	3.38	0	148	51.6	500	0	0	19.0	22.2	0	0	0	16.2	0	0	0
ENSB:kD-_tBKJbsUKM9J	0	0	0	0	0	0	0	0	0	0	0	0	0	0	0	1e-07	0	0	0
ENSB:oAUxcufZZase82W	35.2	569	137	9.27	234	156	0	676	85.8	237	291	132	0	7.65	0	170	0	0	206
ENSB:1ghw16pZrY5QiLY	0	0	0	0	0	0	0	0	0	0	0	0	0	0	0	1e-07	0	0	0
ENSB:HxGdxxVmGdqyE5d	0	0	0	0	0	0	14.1	0	0	0	0	0	0	0	0	0.246	0	0	0
ENSB:EzH4HyAXW0uTadd	0	0	0	0	0	0	38.2	3.7	0	0	3.16	0	0	0	0	1.25	0	0	0
ENSB:L_TN2udH3AnArCQ	0	0	0	0	0	0	114	0	0	0	0	0	0	0	0	1.98	0	0	0
ENSB:ubrI5u01OvLy8pJ	0	0	0	0	0	0	0	0	0	0	18.4	0	0	0	0	3.21	0	0	0
ENSB:qPvdpLYTTJUdhvV	383	62.9	137	3.13	81.6	194	135	233	204	377	65.3	134	0	315	0	145	0	69.2	209
ENSB:H-aNK5Vf7WqMB6W	246	581	963	54.3	372	332	270	617	523	487	379	485	433	588	842	477	14.2	876	446
ENSB:jVQR80CB8H5OjYr	0	0	0	0	0	0	6.9	2.27	0	17.8	0.402	3.05	0	0	0	3.14	0	0	9.91
ENSB:HP_Ust51npW67fE	0	0	0	0	0	0	0	2.25	0	6.18	0	0	0	0	12.1	1.49	0	0	2.94
ENSB:7dRiLgJJhNP0i3U	0	0	0	0	0	0	4.45	2.4	0	0	0	0	0	0	0	0.598	0	0	2.86
ENSB:5iQvNjYBKyv5C7m	0	0	0	0	0	0	0	0	0	14.2	0	0	0	0	0	1.99	0	0	6.47
ENSB:02XoXHI7vvdze4L	0	0	3.36	0.119	0	0	0	0	0	0	20.3	0	0	0	0	3.73	0	0	0
ENSB:QqUXonjU7cEi9Hx	119	0	30.4	5.99	0	0	0	61.2	0	30.3	0	86.8	0	4.53	0	19.5	16.9	0	14.1
ENSB:5i6GFB6lyIlcb-m	16.7	0	19.5	0.692	0	261	37.2	74.5	0	0	0	9.87	0	7.25	0	7.58	0	0	0
ENSB:m3RBAVWt1NBKm3W	2.37	0	0	0	0	0	21.7	19.9	0	0	0	12.9	0	0	0	1.25	0	0	0
ENSB:Xv0LoLZH7Gv_y2J	0	0	3.15	0.254	0	0	55.4	57.8	0	3.82	0	1.53	0	0	141	9.04	0	0	1.77
ENSB:jUlAdEOIlN6v0QV	0	0	0.667	0.517	0	0	0	32.6	0	0	0	0	0	0	0	0.365	0	0	0
ENSB:HqjyrJkxMax9TN0	0	0	11.2	3.31	0	0	10.3	58.5	0	0	12.9	14.4	0	0	0	5.19	0	0	5.32
ENSB:FwpCzstH-9nzX5P	0	0	0.717	0.105	0	0	0	0	0	0	0	0	0	0	0	0.042	0	0	0
ENSB:k2_bSO-0XHMFCkM	0	840	23.1	0.972	762	656	163	329	0	0	692	119	0	5.3	0	227	0	0	8.14
ENSB:LmSN36w-hujHKcu	55.9	68.7	56.2	4.5	80.1	47.4	53.2	78.9	17.3	120	64.5	105	30.5	91.2	0	56.5	0	32.6	60.1
ENSB:oOULhVbH5N_GpD0	79.7	810	172	8.57	446	350	21.3	354	75.2	126	784	192	0	73.6	0	268	22.6	12.7	116
ENSB:eZH3JCKkJcFnKNU	0	0	2.81	0.305	0	0	53.4	47.4	0	0	7.42	17.6	0	9.86	11.3	4.33	0	0	0
ENSB:Q1u5bt_SiRR3KwU	0	0	28.6	2.26	0	0	0	38.3	0	0	0	0	0	0	0	1.99	0	0	0
ENSB:_YuNvl9of1oBC-o	0	0	1.46	0.17	0	0	0	0	0	0	0	0	0	0	0	0.085	0	0	0
ENSB:xcWQPJ3w89S2fHA	0	133	118	6.48	126	137	61.9	122	0	0	113	26.3	0	2.96	193	54.4	0	0	0
ENSB:5spHOatCrMKAInA	23.6	0	2.69	0.742	0	0	5.98	4.23	0	7.29	0	2.96	0	0	1.21	3.18	0	0	3.33
ENSB:o6gEUH-EsPKsCTx	0	0	1.83	0.072	0	0	0	0	0	0	0	0	0	0	0	0.102	0	0	0
ENSB:8qoWlxLlRVp5tdg	0	0	1.89	0.115	0	0	0	0	0	0	22.9	0	0	0	0	4.08	0	0	0
ENSB:zkB__Q3skr8t4NM	1029	952	448	11.1	582	624	70.3	427	235	521	874	525	0	39.8	0	454	0	52.7	264
ENSB:F4PQnaXTsM_jhPO	12.6	0	10.6	0.766	0	0	0	82.4	0	0	0	6.98	0	0	0	2.56	0	0	0
ENSB:rLrwqsUJnrNUi9W	0	0	0.041	0.096	0	0	0	0	0	0	0	0	0	0	0	0.005	0	0	0
ENSB:qHljox20bej5tvM	218	0	0	0	0	0	0	10.6	346	0	0	7.65	0	4.46	0	30.5	78.2	0	0
ENSB:bU_xp8aQ3otAluo	278	0	0	0	0	0	0	0	328	24.2	0	4.11	0	0	118	39.3	0	0	13.3
ENSB:bdxLjFiO5fs7K_Q	18.1	0	2.7	0.215	0	0	46.7	41.7	0	0	0	25.2	0	0	0	3.64	0	0	0
ENSB:udhDacUCwVjNYiQ	75.8	311	2.88	0.373	300	173	30.7	155	71.2	37.1	291	64.6	0	11.7	0	105	37.2	0	17.2
ENSB:yXLhg4PhNxFlnj9	2068	3234	91.4	1.35	8524	5639	1039	1373	1499	442	2656	1666	273	244	0	1725	3091	0	415
ENSB:xcRUY-hSN5ZUiTe	8.73	0	1.97	0.363	0	0	52.2	3.0	0	0	0	6.78	0	0	0	4.03	0	0	12.0
ENSB:P96oz1cM9noobZE	0	0	2.62	0.108	0	0	18.7	0	0	0	0	0	0	0	0	1.35	0	0	5.08
ENSB:9BGBePPXMwnW2rR	527	708	3282	476	1018	494	22.1	865	161	763	1000	1059	2170	483	0	1105	576	1716	1639
ENSB:QfW3rbSnk9Qesvz	28.0	0	57.2	5.96	0	130	0	125	0	152	0	269	0	2.52	0	45.7	0	69.8	70.3
ENSB:h-wQ3v3mRGUZyGr	0	0	965	31.0	0	0	10.9	40.0	0	2307	0	363	0	3.03	4.0	661	262	328	2379
ENSB:gt3QHPBbnu2m1bK	10.2	0	26.8	0.317	0	0	0	13.4	0	31.8	0	8.22	0	0	0	7.33	0	0	15.8
ENSB:JCmSXYBvWBKEb5L	25.8	0	14.0	3.13	0	0	12.1	136	0	48.4	0	39.6	0	6.67	0	13.1	0	3.89	22.4
ENSB:1cti1d7wTc9DGdq	0	0	3.21	0.203	0	0	0	0	0	0	0	0	0	0	0	0.181	0	0	0
ENSB:AT0OCjp7myB46oA	15.1	0	77.9	5.91	0	0	42.4	45.3	23.3	33.4	0	62.2	0	19.3	166	25.6	0	33.3	15.5
ENSB:wXO19AoiZ6SotGC	0	0	0	0	0	0	0	0.923	0	0	12.5	0	122	0	0	5.51	0	0	5.22
ENSB:75auLEtKEWWql-2	8.82	0	0	0	0	0	23.7	0	0	6.19	0	0	0	0	0	2.42	0	0	5.81
ENSB:HVijjJ2wCGmVho1	0	0	0	0	0	0	0	0	0	0	0	0	0	0	0	1e-07	0	0	0
ENSB:cEHtyvJiZZIxpnW	0.332	0	0	0	0	0	24.9	2.18	0	0	0	0	0	0	0	0.478	0	0	0
ENSB:bzhNC5J6FaBvX49	8.82	0	0	0	0	0	21.7	0	0	0	0	0	0	0	0	1.0	0	0	0
ENSB:qoUsm2LG0vVsuxQ	347	0	0	0	0	0	0	47.8	0	0	0	40.2	0	0	0	26.6	0	0	0
ENSB:MyvJOHE9aQVpDLS	0	0	0	0	0	0	0	0	0	0	0	0	0	0	0	1e-07	0	0	0
ENSB:W5jJayPMoz3qouN	19.0	118	64.8	0.679	33.2	74.1	219	78.6	778	126	47.6	254	0	8.83	0	78.4	0	0	56.4
ENSB:jzGuTcRVKjPG5N7	66.3	268	41.2	1.88	119	57.2	43.8	78.0	133	125	284	236	0	82.1	432	135	0	7.11	63.6
ENSB:62MT3lnY8AIOZd1	75.3	320	160	2.86	82.1	115	201	62.9	569	281	99.5	99.5	0	11.2	0	151	0	28.9	299
ENSB:grQ-IQvE-fcy4st	0	0	0	0	0	0	0	0	0	0	0	0	0	0	0	1e-07	0	0	0
ENSB:M8cflq6Dt2tLwXE	204	365	203	3.84	200	180	1076	464	322	1159	261	434	0	435	1202	476	704	46.2	829
ENSB:R6UkFfjYU-77Ogo	67.0	0	6.36	0.266	0	0	16.9	2.54	0	18.1	0.577	0.224	0	0	0	8.09	0	0	8.41
ENSB:ulpExh2v2SpoYo8	6.91	0	17.1	0.986	0	0	290	36.4	0	0	3.07	23.3	0	49.1	0	9.87	0	0	1.56
ENSB:Fq3WbQRFbhD-7MV	0	0	4.3	0.143	0	0	0	14.1	0	0	0	1.22	0	28.8	0	1.18	0	0	0
ENSB:AboAHnaaICTNqlW	7.26	0	5.68	0.223	0	0	26.3	82.9	0	0	0	10.1	0	0	0	2.48	0	0	0
ENSB:TIZXW1i2D08dVr0	7.56	0	2.75	0.25	0	0	5.12	8.7	0	0	9.08	5.15	0	0	101	7.48	0	0	0
ENSB:4lc63JCsw_CKpO2	5.77	0	6.01	0.673	0	0	0	5.87	0	0	0	4.04	0	0	0	0.971	0	0	0
ENSB:1XtLM6vO1S3lGEE	2.74	0	3.67	0.201	0	0	0	0	0	0	0	0.321	0	0	0	0.412	0	0	0
ENSB:G9kZ0VpOlg69Z4G	0.172	0	0.195	0.054	0	0	8.65	25.7	0	0	0	1.3	0	0	0	0.474	0	0	0
ENSB:lQLky-74W5_zN6R	1.92	0	7.11	0.295	0	0	5.0	11.7	0	15.6	5.91	13.8	0	4.32	0	5.22	0	0	10.6
ENSB:uCiOqW80tafwPB2	0	0	0	0	0	0	0	155	0	0	0	19.6	0	1.7	0	2.31	0	0	0
ENSB:CW8cXR1p10_C_II	1.67	0	2.46	0.072	0	0	0	17.5	0	366	0	3.18	0	0	0	52.7	0	0	171
ENSB:mwcTJBP_OafRgkf	116	53.1	275	3.53	100	99.4	347	247	0	245	132	250	0	146	304	156	0	151	216
ENSB:_cj42r1vNj8UTHT	2.79	0	0.209	0.027	0	0	6.03	0.397	0	0	3.39	1.39	0	0	8.93	1.39	0	0	0
ENSB:KtW6dupykx2_BZ_	2525	4693	3084	424	18601	3406	6118	6162	2205	2676	8106	3769	8688	7834	0	5084	6804	2287	3325
ENSB:qEnXBDPFdswh2K_	146	0	134	6.76	66.9	119	237	212	100	228	53.3	116	0	49.5	0	96.9	173	96.9	112
ENSB:3x1gQkrBg7rongR	436	318	22.8	0.187	379	233	132	118	0	280	130	210	0	77.0	1003	217	57.6	221	133
ENSB:Lk3GwW6Q6YHogE8	10.0	0	22.1	1.13	0	0	0	16.5	0	21.4	0	8.86	0	7.26	0	5.68	0	0	9.93
b2192	0	0	0.048	0	0	0	9.48	2.76	0	0	0	21.4	0	0	0	1.04	0	0	0
ENSB:lHgGAH4nb9yGvnS	25.8	24.4	15.9	0.861	81.1	62.4	22.5	191	116	55.4	47.6	56.8	0	15.1	0	33.7	0	0	25.4
ENSB:3-kItMjrtVe57cV	10.4	0	0	0	29.3	0	0	0	0	0	41.8	1.2	0	0	0	9.65	0	0	0
ENSB:8HhyZ0Q3vnYbFBi	17.7	0	23.1	0.748	0	0	0	13.5	0	0	0	3.52	0	0	0	2.8	0	0	0
ENSB:C5LnFo_DOawM5X_	2.32	0	0	0	0	0	0	0	0	0	0	0	143	0	0	2.99	0	0	0
ENSB:UjtLd-UmxDV2Dc_	0	0	0.976	0.436	0	0	18.1	21.5	0	0	0	4.74	0	1.65	0	0.818	0	0	0
ENSB:Fvf50P6nMeJFCVm	0	0	0	0	0	0	0	0	0	0	0	0	0	0	0	1e-07	0	0	0
ENSB:bPjRrcZBWsS3VRf	0.331	0	0.494	0.064	0	0	20.9	0	0	0	0	0	0	0	0	0.415	0	0	0
ENSB:gH8lC0HrT1fZOXM	0	0	0	0	0	0	0	0	0	0	1.18	0	0	0	0	0.206	0	0	0
ENSB:FswUEfpmEa7xdXc	0	0	8.62	0.377	0	0	0	3.2	0	0	1.89	3.22	0	0	0	0.966	0	0	0
ENSB:tXHjp1HXC7esAej	145	0	0	0	0	0	16.6	0	0	32.2	0	0	0	0	0	15.2	0	0	15.3
ENSB:mTdsHtMr_dVgvnr	29.1	0	0	0	0	0	0	0	0	0	0	0	0	0	0	2.06	0	0	0
ENSB:eVX55KQCIWTcMdZ	4.23	0	0	0	0	0	0	0	0	0	0	0	0	0	0	0.299	0	0	0
ENSB:dleNFCGCftH0j7w	5.95	0	0	0	0	0	22.8	0	0	0	0	0	0	0	0	0.817	0	0	0
ENSB:RDSnBfyrft2lJ3j	40.5	0	0.168	0.014	0	0	12.3	4.19	125	5.43	0	3.18	0	2.9	0	7.95	0	0	2.53
ENSB:3W9dY7SKKTl1TUm	0	0	0	0	0	0	0	0	0	0	0	0	0	0	11.1	0.531	0	0	0
ENSB:oplCJqVRggFUmN-	0	0	0	0	0	0	0	0	0	0	0	0	0	0	0	1e-07	0	0	0
ENSB:boQWhPKMaEWse13	1112	0	28.1	1.88	0	0	380	116	132	51.0	13.4	172	0	70.8	0	110	0	0	23.7
ENSB:mIyKdNSAA09LCWx	0	0	9.48	0.633	0	0	73.6	2.76	0	0	0	60.8	0	46.0	0	7.08	0	21.0	0
ENSB:UYKFIQ2cx6Q9wPD	1.64	0	13.4	0.8	0	0	8.8	0.288	0	4.28	0	6.96	0	8.73	0	2.8	0	0	5.82
ENSB:tufp09WKHVE5CxR	5.61	0	2.12	0.143	0	0	0	26.5	0	23.8	49.6	0.99	0	0	0	12.8	0	0	11.2
ENSB:lJ6nrD3vjXSt0hn	0	0	0	0	0	0	9.46	0	0	0	0	3.25	0	0	0	0.293	0	0	0
ENSB:tAFNq6UpjcvB462	0.83	0	0.708	0.094	0	0	0	0.601	0	0	0	4.59	0	31.2	12.0	1.69	0	0	0
ENSB:iyvxj_nLNrfznz6	977	0	2489	28.8	354	413	0	3414	10523	103	299	2590	0	16.0	8.71	790	34.1	367	71.7
ENSB:1fBUW0N1V2XEi3h	7.42	8.28	55.6	4.15	11.2	16.4	36.0	136	1.09	62.9	6.32	36.4	0	6.28	142	25.2	0	0	28.9
ENSB:10yViSPrWOfEWFR	375	837	487	20.5	773	609	89.2	1054	0	943	991	604	741	381	3899	773	0	376	695
ENSB:q5xB3fuMJ0TCCFK	3.31	4.39	13.4	1.35	0	0	30.6	7.47	0	0	3.58	6.96	0	5.3	93.9	9.11	0	0	10.0
ENSB:B7z2nYceZem2o-F	1.58	0	0	0	0	0	14.4	3.41	0	0	0	0	0	0	0	0.394	0	0	0
ENSB:ga7FxfM5K4SRsgf	13.1	0	4.66	0.267	0	0	25.8	21.7	0	0	0.898	2.51	0	21.0	0	4.71	41.3	0	0
ENSB:HjWvePa9au4lrGH	0	0	0	0	0	0	0	0	0	0	0	4.57	0	0	0	0.181	0	0	0
ENSB:Bgn3w3_FXDqfPLN	0	0	2.71	0	0	0	0	0	0	79.6	0	8.13	0	0	0	13.8	0	0	48.9
ENSB:YxVoMO26ZqVFtLV	0	0	0	0	0	0	66.9	0	0	0	0	0	0	0	0	1.16	0	0	0
ENSB:hlhKihBrbi8L8Yf	0	0	0	0	0	0	0	7.52	0	0	0.848	7.47	0	0	0	0.515	0	0	0
ENSB:eiPqq2XBGgpDnHS	0	0	0	0	0	0	0	0	0	0	0	0	0	0	0	1e-07	0	0	0
ENSB:IaMHade021cWcf9	0	0	0	0	0	0	6.12	0.447	8.44	0	6.8	0	0	0	0	2.46	0	0	5.23
ENSB:a8dWDrVDTPGVZNx	0	0	0	0	0	0	0	0	0	0	0	0	0	0	0	1e-07	0	0	0
ENSB:xMbRHnr7OaCC8cv	0	0	0	0	0	0	10.4	8.37	0	19.5	4.68	0	0	0	0	4.16	0	0	10.9
ENSB:NjN55LrYENEVigS	281	508	497	12.2	362	314	515	647	529	867	449	462	492	737	728	476	160	197	637
ENSB:9Qjzpb4YwCvSGoq	28.0	0	194	14.9	44.5	120	330	359	62.0	163	139	199	406	29.7	195	141	209	131	188
ENSB:2eLelYoO2JFK87s	0	0	0	0	0	0	5.77	0	0	1.58	0	0	0	0	0	0.324	0	0	0.73
ENSB:q2eyxkxoKvuW8hh	366	486	699	19.2	254	282	632	328	272	596	271	331	139	512	2656	460	244	129	397
ENSB:QLXwDeu2uHIyXv_	457	346	380	11.8	163	212	209	185	128	449	299	264	0	164	0	265	0	130	394
ENSB:c7-S8FG8iEWiAEK	0	0	0	0	0	0	0	0	0	0	0	0	0	0	0	1e-07	0	0	0
ENSB:avGo0vctgVyBsNk	0	0	1.57	0.149	0	0	363	0	0	0	0	5.02	0	0	0	6.61	0	0	0
ENSB:9sEz_mnq0xIBsUl	2903	0	33.3	2.3	0	0	718	20.3	2865	1033	0	249	0	301	0	613	14.4	0	1283
ENSB:Ob0rvljOqvzR4QU	326	0	1.13	0.161	0	0	293	0	392	320	0	135	0	17.7	0	105	0	0	228
ENSB:vubRW_1TghQEk4M	611	0	10.5	0.503	0	0	287	4.22	1915	713	0	56.8	0	58.5	0	243	56.5	0	490
ENSB:qb5CQf9zoX-Jwd9	469	0	7.2	0.323	0	0	193	5.68	1153	243	0	33.3	0	78.5	0	142	0	0	295
ENSB:75AQyPNTnwA46VY	474	0	1.52	0.166	0	0	5.54	2.69	987	51.9	0	14.4	0	81.8	7.01	74.6	0	0	24.4
ENSB:4IQmAH569aha90S	0	0	0	0	0	0	0	0	0	0	0	0	0	0	0	1e-07	0	0	0
ENSB:DZCHJKX__hYbKJH	0	0	0.879	0.251	0	0	0	14.4	0	0	41.2	0.826	0	0	0	7.4	0	0	0
ENSB:1PPs2HxyDVk402B	0	0	0	0	0	0	0	0	0	0	0	0	0	0	0	1e-07	0	0	0
ENSB:s32I_rPK2Wd-RZI	82.8	0	0	0	0	0	31.4	1.16	0	0	0	0	0	0	0	6.41	0	0	0
ENSB:lxv2_clpur9H5ic	0	0	0.031	0.017	0	0	35.2	5.11	0	0	0	0	0	0	4.7	1.01	0	0	0.698
ENSB:elHsPCPumoVV6r-	97.7	0	75.5	2.03	0	0	91.8	64.5	95.7	158	11.7	98.8	0	62.4	0	50.4	0	35.1	81.5
ENSB:VpqSVmA1vB1QF4P	0	0	0.288	0.036	0	0	0	16.5	0	18.2	0	40.0	0	0	0	4.35	0	0	8.5
ENSB:gs5uGlhI46bCvvp	20.2	0	1.11	0.036	0	0	0	12.5	0	0	0	5.53	0	0	31.5	3.33	0	0	0
ENSB:sksFy9_3JPHY-F_	0	144	0.66	0.219	55.7	68.9	1664	136	0	0	71.2	38.4	0	0	0	55.6	0	0	0
ENSB:LByOhWCE6sUzTc_	18.2	373	0.93	0.111	175	148	166	129	71.3	15.3	273	57.7	0	0	0	90.2	0	0	6.87
ENSB:H0eDlMmVvLv9T-Y	8.43	28.7	1.22	0.317	34.2	24.9	0	93.7	0	0	8.07	38.0	0	0	0	8.14	0	0	0
ENSB:nU74h8rW-3_2PCF	14.3	82.3	2.56	0.139	14.7	41.7	724	100	9.48	0	57.0	317	320	0	86.4	53.5	0	0	0
ENSB:h8lHJGFXzijbDLp	0	0	0	0	0	0	18.2	24.8	0	19.6	15.3	11.3	0	0	0	6.63	0	2.21	9.2
ENSB:659UAGOmi_UaXSG	0	0	0	0	0	0	12.4	0	0	0	0	0.37	0	0	0	0.23	0	0	0
ENSB:xlpKGKDEo8m1ipt	0	0	0	0	0	0	0	0	0	0	0	0	0	0	0	1e-07	0	0	0
ENSB:1g3f14r6hOvzDvH	0	0	17.0	0	128	73.1	103	335	0	0	70.7	46.4	0	1.44	0	29.7	0	0	9.77
ENSB:L-hAjwD30mPrKWE	6.89	0	1.5	0.165	0	0	30.1	0	0	6.28	2.91	1.85	0	5.6	0	2.76	0	0.725	2.88
ENSB:1ls2XFpZvolWC9t	45.7	0	16.4	0.811	0	0	0	16.8	31.3	18.8	0	15.3	0	16.7	42.1	11.0	0	0	8.92
ENSB:b6ksX-K8R6MIU7a	336	501	569	16.9	237	299	551	289	316	498	411	362	0	86.1	235	299	107	11.7	250
ENSB:9IgObI-mMDa8M1s	1.3	0	0	0	0	0	11.6	20.5	0	0	1.6	19.7	0	0	0	1.55	0	0	0
ENSB:VxxMMBv9zGAAzLR	33.4	0	1.9	0.245	0	0	15.0	1.3	0	0	0	3.92	0	2.95	98.7	7.7	0	0	0
ENSB:_Mnb3nNSpH4v1N2	26.5	0	8.44	0.873	0	0	8.28	0.531	0	1.06	44.0	6.05	0	5.44	0	10.7	0	0	0.492
ENSB:d6I6dZPJ1LuQvMe	39.1	1702	2278	24.5	1730	1153	0	1158	0	715	1062	973	0	84.3	4133	977	0	28.8	994
ENSB:GaaIwQLICWmQ2co	0	0	75.7	5.42	0	0	39.1	175	0	22.2	0	41.0	358	19.6	23.0	24.1	0	51.1	10.7
ENSB:mCtOQUDPmNIjEou	10.7	0	8.14	0.566	0	0	9.88	22.7	0	0	0	16.6	0	13.5	0	4.07	29.1	0	0
ENSB:OE3Z7AHvvxO59RJ	0	0	0	0	0	0	4.64	6.43	0	0	0	0	0	0	0	0.142	0	0	0
ENSB:RTMTalIH-lgJBBI	0	0	0	0	0	0	9.57	1.09	0	0	2.27	0.164	0	0	0	0.578	0	0	0
ENSB:ZPWjGqyOvk2TgWl	0	0	0	0	0	0	22.6	3.76	0	0	0	0	0	0	0	0.43	0	0	0
ENSB:aPvvgz6TUH18ipR	0	0	1.88	0.099	0	0	22.0	4.75	0	0	0	1.16	0	0	0	0.579	0	0	0
b2273	0	0	0	0	0	0	9.68	0	0	0	0	0	0	0	0	0.168	0	0	0
b2274	0	0	0	0	0	0	0	0	0	0	0	0	0	0	0	1e-07	0	0	0
b2275	0	0	0	0	0	0	0	0	0	0	0	0	0	0	0	1e-07	0	0	0
ENSB:Ms__RscNZLBN0wv	47.4	0	2.66	0.103	0	0	0	5.67	171	80.4	0	8.39	0	0	0	20.6	0	0	37.4
ENSB:hiipcC0_jCvlK6n	32.4	0	12.8	0.143	0	0	0	29.8	0	0	0	12.9	0	3.02	0	3.87	0	0	0
ENSB:0EJKp1CYlGoDWXS	33.0	0	5.71	0.068	0	24.4	57.6	15.6	129	4.47	3.84	32.9	0	8.86	0	10.9	0	0	1.99
ENSB:7tLIvGdZpVRjV0E	181	154	7.31	1.11	121	100	0	197	183	296	36.3	58.3	0	1.93	0	89.4	0	0	150
ENSB:RT3oniQB_R8toml	9.96	0	0	0	0	0	0	0	0	0	0	2.92	0	22.6	0	1.42	0	0	0
ENSB:SymWwcg1nkHUIMe	325	546	38.3	3.86	469	321	911	562	647	123	324	250	0	138	0	224	0	0	130
ENSB:sIcn5npaA6lb1ub	62.8	0	8.43	0.45	0	0	0	105	0	169	0	43.9	0	16.9	0	32.1	0	0	78.7
ENSB:fOneDcrsEbpnT20	295	692	31.6	1.11	355	373	318	258	347	239	545	353	0	491	419	294	41.5	39.0	178
ENSB:go_lfDxrgz395HP	827	65.3	42.8	1.9	124	188	715	114	566	371	85.8	288	0	278	97.6	242	842	39.3	180
ENSB:F66rVR5topHtpCo	293	345	21.9	13.8	145	356	118	100	488	294	105	212	0	337	744	184	0	0	142
ENSB:QN3rYp0LaG0qeeF	714	626	91.9	5.2	542	474	244	335	341	314	484	300	0	639	343	331	26.5	7.43	224
ENSB:l9qtJdTzJgExEQj	596	557	77.6	2.03	513	275	88.6	336	399	273	351	190	0	190	495	278	90.7	26.5	195
ENSB:mq1KEXkKUFTZ0YW	516	355	30.3	0.719	122	116	192	295	593	51.0	147	113	0	94.7	1162	184	0	0	24.0
ENSB:HpCt6QC5GaX1GWM	0	0	12.3	1.15	36.6	9.38	0	127	90.7	0	8.35	11.3	0	32.2	0	9.58	0	0	0
ENSB:LQcZwUPtJgs7IPt	250	35.1	49.6	2.16	25.9	37.0	151	150	56.6	385	32.2	143	0	72.7	266	120	0	32.0	217
ENSB:JR_83ax2KgcN0Mw	10.5	0	73.3	1.7	0	14.1	73.2	93.0	0	54.3	9.12	41.5	0	9.74	0	36.4	0	0	129
ENSB:3t2h_wJalL2DstF	8.64	0	0	0	0	0	16.7	0	0	0	0.191	0	0	0	0	0.934	0	0	0
ENSB:4v5kE2Ulo2UcN0p	32.2	95.5	71.1	4.22	51.8	81.1	393	340	104	0	75.6	184	0	23.5	8.52	54.4	0	59.4	0
ENSB:ikjkh0XUgrXJQ5f	1417	859	1485	187	670	502	358	785	1654	1167	502	689	0	135	0	731	145	665	837
ENSB:dtYKWUVxtCBbN34	41.1	0	3.39	0.128	0	0	0	44.6	0	0	0	3.44	0	0	0	3.66	0	0	0
ENSB:rXMa-9ALxFHTQ6s	1972	1194	1102	51.4	488	743	1720	316	1678	1014	930	749	742	1688	2133	1027	429	710	883
ENSB:I8MgWJZg7retJmx	914	1505	673	29.1	655	599	1701	529	2460	953	884	712	216	1714	661	877	95.0	401	1071
ENSB:ireYTif6lY3Ofea	5.41	0	0	0	0	0	0	0	0	0	0	0.378	0	0	0	0.397	0	0	0
ENSB:-2ZROLrqpGoAvAp	112	400	20.9	1.92	208	119	0	192	36.5	421	123	262	0	32.1	411	158	0	5.21	195
ENSB:DgeG1hPuJcSke02	568	145	122	2.18	97.7	172	310	293	270	488	58.6	158	0	89.2	437	230	0	173	397
ENSB:R6XYJd7I36p1Ke4	26.4	0	110	1.78	51.8	66.6	0	181	57.0	20.7	55.6	35.6	0	4.64	389	50.0	0	0	21.9
ENSB:AvOH4bwV41YGlv0	0	162	62.7	2.36	109	32.8	24.3	173	0	0	49.6	16.6	0	0	0	31.1	0	0	8.44
ENSB:Zhzy7H2cp3ce5Eo	307	133	475	22.3	270	236	158	497	57.0	279	180	290	357	334	0	197	39.9	188	130
ENSB:B3sEqLUVTKVT8_G	18.1	369	98.4	1.81	148	211	35.6	326	0	131	300	114	0	11.8	0	120	0	0	85.4
ENSB:STexT9PQ5NRnd-G	0	0	0	0	0	0	0	0	0	0	5.65	0	0	0	0	0.983	0	0	0
ENSB:LoKoBszPjiANp0l	0	190	68.5	3.94	92.8	79.7	10.4	263	26.3	20.0	68.5	54.2	0	1.9	0	40.1	0	0	8.87
ENSB:L3UgfUDqptJhMsU	0	0	3.6	0.234	0	0	0	13.4	0	0	0	1.7	0	0	0	0.398	0	0	0
ENSB:odx3vRK7rDgfC-Z	0	0	6.77	0.758	0	0	13.0	117	0	0	0	17.9	0	5.82	0	2.6	0	0	0
ENSB:zPm26JxaKgMRCAZ	284	1345	77.5	4.19	1474	1492	923	740	2518	805	1240	573	3326	20.4	25.7	1138	1763	1117	1813
ENSB:fykMdsW2LYHVJm0	0	3048	70.5	2.51	7738	5221	185	2082	954	286	3402	642	143	6.13	17.3	1501	1144	545	349
ENSB:zQw7Dhw4IsN6mhH	12.8	0	5.49	1.5	0	0	0	72.1	0	20.4	6.53	7.96	0	0	381	24.5	0	0	9.48
ENSB:mQWrmNQaykcCpRn	17.5	105	60.7	4.06	66.9	60.0	166	181	434	450	70.3	180	1466	542	0	180	71.8	88.1	269
ENSB:RPJGQ29JwQblSA8	0	0	2.35	0.22	0	0	0	28.2	0	72.8	0	0	0	0	0	10.8	0	0	34.1
ENSB:2nRAHakPi44wuZS	2.8	0	32.1	2.0	0	0	407	54.3	0	226	0	28.5	0	10.4	7.3	43.4	0	0	105
ENSB:0LCGZnFjM7rHDBA	63.4	0	57.7	4.06	26.4	0	231	93.1	85.5	179	3.28	115	0	72.7	161	61.4	0	25.7	98.1
ENSB:01dSAxNU3RPlZFf	446	766	333	8.85	345	344	1227	569	298	720	585	468	480	990	0	611	620	1752	556
ENSB:C9q0eVYBegux6Xm	0	0	13.7	0.766	0	0	0	25.6	0	0	0	6.93	0	0	0	3.99	54.3	0	0
ENSB:XcNVNeJCavccPzG	50.8	0	12.9	0.497	0	0	130	26.8	0	0	0	21.6	0	22.4	59.5	11.4	0	3.59	0
ENSB:qVldnC9VlcyZrgC	121	194	153	8.01	156	178	427	191	0	83.6	177	204	0	232	0	133	8.02	71.8	170
ENSB:k3KGvtjHxPaNssd	254	381	573	16.1	263	253	438	200	46.2	524	263	224	51.5	104	0	250	182	86.0	265
ENSB:mrZ8v9ZfPvBLQ5Y	15.7	0	5.07	0.509	0	0	0	8.4	0	0	0	5.42	0	5.05	0	1.83	0	0	0
ENSB:Q8wzWMJKDNNNR5K	0	0	0	0	0	0	0	0	0	0	0	0	0	0	0	1e-07	0	0	0
ENSB:ZwXtBMs8LSQuHGx	2945	1858	5072	74.7	1338	1822	1937	1243	854	2102	2528	1223	6483	1843	1724	1999	1392	656	1459
ENSB:RhKC7HYtMK-VhaQ	6.19	0	7.97	0.588	0	0	13.2	19.2	0	36.1	7.03	4.6	0	10.0	0	11.9	0	5.22	36.5
ENSB:mCVo_D1oCX6pzvC	23.0	0	2.74	0.369	132	76.0	112	127	99.7	195	27.5	101	0	61.2	0	54.7	0	0	93.4
ENSB:1TKALDWWiXzni6Q	12.4	0	3.86	0.317	0	0	18.2	12.2	0	0	0	6.07	0	0	0	1.77	0	0	0
ENSB:kK382Emkyt658DE	0	0	0.381	0.029	0	0	0	0	0	0	0	0	0	0	0	0.022	0	0	0
ENSB:sSF_7FWdVOK3aeV	0	0	0	0	0	0	38.7	136	0	3.47	0	10.2	0	13.0	0	3.22	0	0	1.61
ENSB:dcpLwZGaltsoXW5	44.6	235	275	4.06	100	139	149	62.8	15.7	168	120	182	118	42.5	0	130	55.4	192	170
ENSB:KYeU1lEzlbrTXdt	144	388	302	3.91	164	190	368	341	506	1323	611	570	0	101	0	540	0	18.6	1397
ENSB:71mB4fxueJZ_p7M	40.2	0	37.3	2.87	58.6	0	18.7	124	0	151	9.96	21.1	0	4.52	0	33.7	0	0	70.1
ENSB:d9fcBqxbaA5_aV2	0	0	0	0	0	0	9.21	0	0	0	0	0	0	0	0	0.16	0	0	0
ENSB:3T1KB07LbDBsqDz	0	0	0	0	0	0	0	0	0	34.7	0	0	0	0	0	4.83	0	0	15.6
ENSB:P_1DVyMvExTVG-k	0	0	0	0	0	0	0	0	0	0	0	0	0	0	0	1e-07	0	0	0
ENSB:qxjtc0tq4lh9n5A	21.7	0	0	0	0	0	0	0	0	0	7.63	0	0	0	0	2.86	0	0	0
ENSB:1xA2nUa9J18cvLW	0	0	0	0	0	0	36.1	0	0	0	0	0	0	0	0	0.629	0	0	0
ENSB:VDlqVIb8RTT7Iqb	0	0	0	0	0	0	0	0	0	0	0	0	0	0	0	1e-07	0	0	0
ENSB:qSJbc2QuGU1Efq7	0	0	68.5	2.54	0	0	329	97.8	0	0	0	166	0	49.0	0	19.0	0	8.88	0
ENSB:F6Lr55PP6SimRed	5.87	29.7	3.31	0.458	34.2	9.38	0	127	0	0	19.0	26.5	0	0	23.3	10.8	0	0	0
ENSB:uub9MJBG4-N4KYi	12.8	59.0	6.71	0.547	40.6	54.9	13.4	120	0	0	105	39.1	0	3.08	0	30.9	45.7	0	0
ENSB:7gAAKSEpHxqn3ks	505	0	47.4	0.593	0	0	483	351	983	640	8.67	344	0	92.6	0	380	0	221	1302
ENSB:5U9zGFx_vaSBXDi	37.2	165	48.7	1.36	54.2	40.3	0	529	71.5	33.3	74.7	234	0	1.11	0	52.6	21.3	0	15.2
ENSB:DEQ3bQd14jrQJU1	0	0	0	0	0	0	0	0	0	41.2	0	0	0	0	0	5.86	0	0	19.2
ENSB:GPJ303Ig2RDplv4	108	0	97.8	1.07	0	0	0	202	145	48.9	0	97.3	0	120	0	33.5	0	0	23.4
ENSB:Q_p9P8DChziaxOT	0	0	52.3	3.4	0	0	0	8.07	0	0	0	3.17	0	0	0	3.14	0	0	0
ENSB:ZuchV8LAhD2SWPw	0	0	1.48	0.191	0	0	6.61	6.83	0	0	0	3.79	0	2.34	38.1	2.3	0	0	0
b2350	0	0	0	0	0	0	131	0	0	0	0	0	0	0	0	2.27	0	0	0
b2351	0	0	51.9	1.31	0	0	0	178	0	171	0	133	0	77.4	0	35.8	0	0	77.6
b2352	0	0	9.5	0.758	0	0	0	45.1	0	27.0	0	29.5	0	21.8	0	6.52	0	0	12.4
b2354	0	0	0.416	0.058	0	0	39.4	0	0	0	0	0	0	0	0	0.709	0	0	0
ENSB:oPsw4-rNXfmsYlh	0	0	0	0	0	0	96.9	0	0	0	0	0	0	0	0	1.69	0	0	0
ENSB:BwDmw1-DQ3wrLK7	0	0	0	0	0	0	0	0	0	0	0	0	0	0	0	1e-07	0	0	0
ENSB:jDHtPYMgEXOBmOb	0	0	3.24	0.212	0	0	0	0	0	0	0	1.17	0	0	0	0.229	0	0	0
ENSB:EI8z-T-1cem8YyF	0	0	0	0	0	0	96.8	0	0	0	0	0	0	0	0	1.68	0	0	0
ENSB:tMLa-OvKTWgrOcK	0	0	0	0	0	0	107	0	0	0	0	0	0	0	0	1.87	0	0	0
b2363	0	0	0	0	0	0	0	0	0	0	0	0	0	0	0	1e-07	0	0	0
b2364	0.782	0	1.16	0.278	0	0	0	0.811	0	0	1.2	0	0	0	0	0.343	0	0	0
ENSB:XJBH5x6yQEhVsSZ	0	0	0.177	0.019	0	0	37.8	0	0	0	0	0.746	0	0	0	0.698	0	0	0
ENSB:Aseq_p6wDRa-1US	18.4	0	37.5	3.06	0	0	33.2	0	69.4	91.0	0	47.5	0	41.3	20.0	30.6	0	0	86.1
ENSB:4WXbSEcteLzQXDU	0	0	0	0	0	0	0	0	0	0	0	0	0	0	0	1e-07	0	0	0
ENSB:GWLxT6GdOiz72g_	0	0	0	0	0	0	25.3	0	0	0	0	0.22	0	0	0	0.449	0	0	0
ENSB:7_B7gKDZHNN6_j5	23.9	0	50.4	4.24	0	0	60.3	152	27.0	402	0	88.3	0	21.9	0	72.0	0	27.1	192
ENSB:U9F2L23QVDl82SY	0	0	0.969	0.192	0	0	10.6	4.96	0	0	0	0.307	0	0	53.7	3.1	0	0	1.34
ENSB:5NF5VCEBghbF8GH	0	0	0	0	0	0	0	0	0	0	0	0	0	0	0	1e-07	0	0	0
ENSB:8WYssAUn2W-9czN	0	0	0.054	0.024	0	0	16.4	0	0	0	2.9	0	0	0	0	0.793	0	0	0
ENSB:_iSvUrcFQQtvuHn	0	0	0.881	0.262	0	0	4.82	0	0	0	2.37	0	0	0	30.3	2.0	0	0	0
ENSB:g7n8m-4kOWKV3fJ	0	0	11.7	0.102	0	0	12.5	0	0	0	0	0	0	0	0	0.855	0	0	0
ENSB:1QeHzPIj4DPdSH1	0	0	2.98	0.196	0	0	19.1	0	0	0	9.96	2.07	0	0	0	2.31	0	0	0
ENSB:shNtYcD54Dqd5RJ	0	0	0	0	0	0	0	0	0	0	0	0	0	0	0	1e-07	0	0	0
ENSB:loSsIEfbOM-0ylZ	0	0	51.5	0	0	0	0	393	0	0	0	0	0	0	0	6.57	0	0	0
ENSB:gOHA160foOaC4K-	0	0	0	0	0	0	13.6	0	0	8.82	0	0	0	0	0	1.49	0	0	4.12
ENSB:2Yf1x0SWl7XrRzY	99.6	15.6	56.8	2.23	0	16.9	12.0	100	25.0	310	10.8	81.5	0	34.9	0	65.8	0	13.5	154
ENSB:qJ8XrNC-jldukLU	0	0	6.36	0.104	0	0	12.0	8.92	5.52	0	0	0.546	0	0	0	1.29	0	5.95	0
ENSB:ePKbwkvpvZWHazh	0.732	0	77.9	2.22	0	0	13.8	101	0	0	0	10.3	77.5	0	0	7.49	0	0	0
ENSB:95x_WnIU_7Byaed	0	0	0	0	0	0	16.9	0	0	23.5	0	0	0	0	0	3.61	0	0	10.8
ENSB:tE_fZ4LVOnxCuZE	0	0	0.034	0	0	8.44	4.2	0	0	0	2.97	1.21	0	0	0	0.933	0	0	1.06
ENSB:WJTWsA0LokZUkJ2	0	0	0	0	0	0	19.4	0	0	0	0	0.071	0	0	9.71	0.805	0	0	0
ENSB:ybfuoqIDegy12DQ	0	0	0	0	0	0	0	0	0	0	6.81	0.072	0	0	0.656	1.22	0	0	0
ENSB:fMtJ9coirVw9qFl	0	0	0	0	0	0	0	0	0	0	0	0	0	0	0	1e-07	0	0	0
ENSB:HwDvSUO4dA30fZe	0	0	0.081	0.058	0	0	0	53.5	0	0	0	1.67	0	0	0	0.586	0	0	0
ENSB:Laeg2XWHFJ2-_3i	171	470	202	9.75	268	433	73.7	476	255	366	426	186	0	48.3	0	224	0	82.9	181
ENSB:J-L3CschXZVh8up	0	0	0	0	0	0	45.1	0	0	0	0	0	0	0	0	0.784	0	0	0
ENSB:bkDJAKRvMBFby-M	0	0	0	0	0	0	0	0	0	0	0	0	0	0	0	1e-07	0	0	0
ENSB:TnXPJp56JJgLdKi	0	0	274	1.76	0	0	0	0	0	440	0	2.74	0	0	0	97.6	0	0	320
ENSB:NwAapnL39-vK1n7	488	0	50.8	1.07	0	0	0	84.1	98.9	201	0	36.6	0	30.4	0	73.3	0	0	102
b2394	0	0	0.249	0.14	0	36.6	0	0	0	2.31	4.72	3.48	0	0	0	1.77	0	0	1.06
ENSB:HrPsdDIKbbneZjL	6.82	0	3.58	0.498	0	0	0	3.97	0	4.38	0	2.76	0	0.418	0	1.98	0	0	4.99
ENSB:Q-GoT8JnQHj4ACD	14.4	0	0	0	0	0	0	0	0	0	14.6	17.6	0	0	0	4.25	0	0	0
ENSB:JEZwjJ1dPNV9nL9	40.0	0	0	0	0	0	0	8.75	0	0	0	3.6	0	0	0	3.05	0	0	0
ENSB:PWQwJp1MDzvBg-2	752	599	104	6.91	484	539	838	529	327	813	628	532	1026	382	0	678	30.1	524	1572
b2405	0	0	0	0	0	0	11.8	1.82	0	0	0	2.36	0	0	0	0.692	0	0	2.16
b2406	0	0	0	0	0	0	0	0	0	0	0	0	0	0	0	1e-07	0	0	0
b2407	0	0	0	0	0	0	0	4.35	0	0	0	0	0	0	0	0.042	0	0	0
b2408	0	0	0	0	0	0	0	0	0	0	0	0	0	0	0	1e-07	0	0	0
ENSB:1C_BXKrPPTP30n-	2.24	0	9.36	0.34	0	0	27.2	0	0	9.11	0	0	0	0	26.1	3.7	0	0	4.28
ENSB:ihMBH95HHfEjIE_	4.77	0	4.17	0.446	0	0	18.7	16.0	0	0	0	5.89	0	0	0	1.29	0	0	0
ENSB:VnscZqGIxliHjk6	53.4	72.1	51.5	2.24	42.5	41.7	34.5	104	32.7	14.3	57.6	68.7	112	66.4	233	47.2	12.0	11.6	6.72
ENSB:brPENd9D9LrGlCd	162	0	282	68.9	32.7	246	179	191	63.6	184	63.9	195	0	7.44	0	86.9	0	0	91.7
ENSB:cxXDbNI07WR0TsZ	24.2	0	52.1	1.57	0	0	0	195	95.5	212	0	20.6	0	0	0	40.0	0	0	96.9
ENSB:2X7cpNXGNhKlZZw	278	3255	9075	5404	3661	7349	951	4654	1212	1047	3125	3601	9860	775	0	3096	7327	4471	1101
ENSB:O82NDbW9BRy_KZK	1601	3282	2228	1038	803	2833	7764	3589	1525	1296	1928	4286	0	226	0	2044	2539	1599	2725
ENSB:3hOCU5yxRA7iy4G	1019	1545	2063	622	1585	1114	1853	1198	1820	1605	1459	1854	1721	687	0	1415	452	1466	1843
ENSB:o12HFZZC7x9Pb3l	3655	3087	4685	63.5	4821	8851	2105	3360	2021	1329	3854	3270	3813	794	0	3190	11417	757	2323
ENSB:BEiAda-zubl0xi-	231	0	186	2.74	41.5	21.6	35.2	255	27.1	465	28.7	124	0	55.3	0	127	0	5.11	313
ENSB:N2xt1oFQFIynXX3	0	0	0	0	0	0	17.3	0	18.7	14.1	0	0	0	0	0	2.87	0	0	6.48
b2420	0	0	0	0	0	0	18.3	0	0	0	0	0	0	0	0	0.319	0	0	0
ENSB:mJFiMMsGqbLzbm1	6.8	73.6	105	22.5	177	158	0	284	0	42.2	269	198	1112	10.5	107	131	99.6	174	19.7
ENSB:Xvxwrpyc8Pv_9Km	0	100	76.4	8.27	63.0	41.7	0	171	0	0	59.3	106	0	0	0	30.4	15.2	0	0
ENSB:XyDnqLO3iC7TCaf	0	0	1.74	0.274	0	0	0	8.3	0	0	0	6.14	0	0	0	6.18	0	0	33.1
ENSB:_pB_976rlPyVAmN	0	0	5.41	0.411	0	0	0	14.1	0	0	0	11.7	0	0	0	0.904	0	0	0
ENSB:0Ad6yLEKm0Q3m1I	0	1093	505	9.72	2005	1039	180	904	12.6	5.68	1275	445	537	19.4	0	510	335	301	2.64
ENSB:txbDc9y2GRQPOuG	721	385	9.16	0.725	212	172	296	160	1541	155	291	165	0	33.7	87.6	225	38.6	0	72.3
ENSB:Zww-MP0BgOTMr85	0	0	3.58	0.47	0	0	21.3	2.14	0	0	6.73	4.42	0	0	0	1.94	0	0	0
ENSB:QH6lCvzk_t1CHs7	38.7	35.6	8.65	0.928	41.5	42.7	41.6	60.7	2.18	0	39.9	41.3	0	14.5	50.6	23.7	61.7	0	0
ENSB:YgSDXYEeCtkWMKV	0	0	0	0	0	0	37.0	23.0	0	0	0	9.83	0	0	0	1.25	0	0	0
ENSB:x1ibH5AQuowY0Qx	0	0	0.206	0.062	0	0	31.2	0	0	0	0	8.49	0	0	0	2.85	0	0	11.3
ENSB:bJz-9mVfSABkQXD	420	225	173	9.37	171	123	336	271	422	477	223	211	0	186	0	215	0	36.2	273
ENSB:z0MNn3moaV9yNaW	12.9	0	59.4	2.35	0	0	64.2	147	137	0	0	107	0	24.3	0	15.9	0	0	0
ENSB:OkpECaqbp2_LAIf	0	0	0	0	0	0	0	0	0	0	0	0	0	0	0	1e-07	0	0	0
ENSB:3cn93mdNSb5rCMJ	27.4	0	28.6	1.1	0	0	0	51.8	0	87.1	11.9	28.7	0	8.77	0	19.8	0	0	40.6
ENSB:cehpmXRVBsUJ5uA	1.57	0	0.033	0.019	0	0	14.2	52.5	0	2.81	13.6	29.0	0	14.6	0	5.37	0	0	2.53
ENSB:OKI3f2D0QMRGIts	12.0	0	8.89	0.706	0	0	18.6	19.9	0	34.9	0	11.4	0	2.45	135	13.8	0	0	16.4
ENSB:XamQ2lgRYXMXaq6	0	0	0	0	0	0	0	0	0	0	0	0	0	0	0	1e-07	0	0	0
ENSB:F0qRWXRRlBa4x7N	0	0	0	0	0	0	0	15.4	146	0	0	1.58	0	0	0	4.69	0	0	0
ENSB:stXq-AYSa3zqj-f	10.7	0	35.5	2.01	56.7	65.6	0	78.8	544	0	12.9	35.5	0	0	0	40.1	0	161	0
ENSB:DwD75Q7C-arDkAG	3.29	0	22.2	1.18	0	0	0	17.3	194	0	7.43	11.6	0	0	0	9.36	0	0	0
ENSB:e4-QmlObxRW6q07	6.77	0	28.4	1.47	0	0	20.0	4.59	179	18.2	2.63	22.1	0	0	67.1	15.5	0	5.19	8.39
ENSB:6aXCxfuOzhTZIPu	0	0	0.441	0.104	0	0	17.6	0	0	0	0	0	0	0	0	2.94	0	0	15.0
b2443	0	0	0	0	0	0	38.4	0	0	14.0	0	0	0	0	1.87	3.01	0	0	8.04
b2444	0	0	0	0	0	0	0	0	0	0	0	0	0	0	0	0.676	0	0	3.89
b2445	0	0	0	0	0	0	0	0	0	0	0	0	0	0	0	1e-07	0	0	0
b2446	0	0	0	0	0	0	20.8	0	0	0	0.478	0	0	0	0	0.445	0	0	0
b2447	0	0	0	0	0	0	0	10.2	0	0	34.0	0	0	0	0	6.0	0	0	0
b2448	0	0	0	0	0	0	0	0	0	0	0	0	0	0	0	1e-07	0	0	0
b2449	0	0	6.27	0.23	0	0	0	30.6	0	0	0	9.24	0	0	0	1.01	0	0	0
b2450	0	225	53.4	2.06	137	121	54.4	128	0	119	193	171	0	0	0	93.4	0	130	57.0
ENSB:VydNB4xX0Qv2rqL	0	0	0	0	0	0	0	0.331	0	9.87	2.16	0.003	0	0	0	1.77	0	0	4.55
ENSB:bXBLnjWCFplVn-m	0	0	0	0	0	0	0	0	0	0	0	0	0	0	0	1e-07	0	0	0
ENSB:SIIoZ5_uP9BlUaz	0	0	0	0	0	0	0	0	57.0	0	0	0	0	0	0	1.75	0	0	0
ENSB:cd4IQnABJf2HlGc	0	0	0	0	0	0	0	0	0	0	0	0	0	0	0	1e-07	0	0	0
ENSB:WqW7fIAdHJI4zIv	0	0	0	0	0	0	7.35	0	105	0	0	0	0	0	0	8.52	0	0	29.8
ENSB:qzDzfANVviBiKlx	0	0	0	0	0	0	0	0	0	0	0	0	0	0	0	1e-07	0	0	0
ENSB:DxWFnywk_VNy4Ds	38.6	0	2.22	0.337	0	0	0	292	95.3	0	0	34.1	0	0	0	9.95	0	0	0
ENSB:PJ3dvnB5gj-C7jG	0	0	0	0	0	0	0	8.75	0	0	0	0	0	0	1.78	1.46	0	0	7.43
ENSB:Lp2r585XiAYMUkr	0	0	0	0	0	0	0	0	0	0	0	0	0	0	7.48	0.358	0	0	0
ENSB:0LNeYkOcNS8CLHt	0	0	0	0	0	0	21.6	8.69	79.4	0	0	0	0	0	0	2.9	0	0	0
ENSB:xts421Z2SS8VmPt	0	0	0	0	0	0	0	0	0	0	0	0	0	0	0	1e-07	0	0	0
ENSB:gvFrdc1l04M7gAA	0	0	0	0	0	0	30.3	0	0	0	0	0	0	0	0	0.527	0	0	0
ENSB:MmxVKTdPzGQOSgb	856	1270	391	15.1	794	915	355	684	931	623	868	640	287	234	493	621	356	510	405
ENSB:BAQImU3-Nvj3QRt	8.93	1638	2838	61.2	3192	1235	538	522	35.0	884	1099	766	0	118	0	963	65.4	817	987
ENSB:1FNgIVA-j0tgehm	5.31	1146	1841	53.7	693	1002	406	587	57.5	644	1153	391	0	109	819	633	54.4	19.6	606
ENSB:JTU3i_BObLWcRcf	0	0	14.1	0.994	0	0	0	0	0	0	0	0	0	0	0	0.797	0	0	0
ENSB:PKQGJgcEDLF_klG	401	0	44.2	2.23	0	0	270	44.5	0	26.7	0	36.7	0	10.0	152	48.7	0	0	12.5
ENSB:P-FLFS4ecNOxFiz	6.42	0	9.0	0.036	0	0	104	5.36	32.3	50.4	18.1	23.5	0	0	0	30.4	22.3	77.6	71.1
ENSB:xigcV7sYOngwq_u	7.21	0	0.44	0.098	0	0	2.24	0	0	0	0	0.661	0	0	0	0.602	0	0	0
ENSB:zOmsv4SNpo0-SjT	0	0	1.97	0.107	0	48.8	15.1	2.74	0	0	1.22	1.65	0	0	0	1.31	0	0	0
ENSB:LglVOJUpK4pjGxo	90.6	453	102	8.62	205	119	107	299	132	340	130	186	0	38.8	0	143	0	68.8	167
ENSB:sKH9xHq8LAIJU1K	168	20.5	50.5	2.79	29.3	23.0	5.8	48.7	0	44.1	20.7	52.0	0	29.5	0	35.9	100	0	20.4
ENSB:CqNKTY3nAcnOwwQ	22.6	0	19.4	5.16	0	53.0	248	177	0	203	0	367	0	17.4	0	53.4	0	0	95.3
ENSB:u4jxhFbaE78DhGz	2.13	0	0.288	0.041	0	0	58.0	0	0	1.36	0	0.75	0	0	27.7	2.72	0	0	0.628
ENSB:--gHO1EAemq24Kc	185	55.5	0.429	0.108	61.1	79.7	60.4	118	132	0	69.7	60.3	0	16.2	0	41.5	0	0	0
ENSB:mCb0f1k6YbT_KUP	155	1341	1849	16.9	1051	1009	1701	954	1552	2034	1310	1005	1236	2361	0	1489	2131	2629	2093
ENSB:iuLNoXbyyMRksNQ	268	238	579	28.6	342	264	105	540	924	899	449	536	0	225	0	394	111	0	616
ENSB:J2dVhLOU4IHJ__I	969	110	980	102	128	287	62.3	414	1433	726	85.7	554	483	554	11.7	501	572	770	675
ENSB:QS9fC9wGXQvAMMy	52.7	0	99.0	16.0	0	0	150	189	0	0	0	76.3	0	12.3	0	19.5	42.7	0	0
ENSB:tMIP1jh_XFqHl4V	604	1082	1250	88.0	1579	840	2796	988	1418	833	1027	1001	3511	735	0	1033	572	1206	1071
ENSB:U-8-QoHicY9PhZ_	0	0	0	0	0	0	7.09	0	0	0	0	0	0	0	0	0.123	0	0	0
ENSB:oQKPCMM_hdXnI-Y	0	0	0	0	0	0	0	0	0	0	0	0	0	0	0	1e-07	0	0	0
ENSB:fHrDTqoDxXm-4xQ	0	0	0	0	0	0	0	0	0	0	0	0	0	0	0	1e-07	0	0	0
ENSB:qu1QedFo9C_p8Cd	0	0	0	0	0	0	0	0	0	0	0	0	0	0	0	1e-07	0	0	0
ENSB:tvYTBMrGUDJsYWN	0	0	0	0	0	0	0	0	0	0	0.568	0	0	0	0	0.099	0	0	0
ENSB:6Eteuc0S_f7Gyyi	0	0	0	0	0	0	0	0	0	0	0	0	0	0	0	1e-07	0	0	0
ENSB:2L4igACVCCUBme1	0	0	0	0	0	64.2	0	0.98	0	0	0	0.41	0	0	0	6.02	0	0	29.7
ENSB:PONCdH4QtdqH3bn	0	0	0	0	0	0	0	0	0	0	0	0	0	0	0	1e-07	0	0	0
ENSB:exhQSGn21fTK9Vf	0	0	0	0	0	0	18.8	0	0	0	1.69	0	0	0	0	0.621	0	0	0
ENSB:yFunHw7-K6xgCfR	0	0	0	0	0	0	0	0	0	0	0	0	0	0	0	1e-07	0	0	0
ENSB:Lgc31VVrY7H0rsC	0	0	0	0	0	0	11.9	0.38	0	0	1.09	0	0	0	0	0.401	0	0	0
ENSB:HFO0AQHrIY_-9s0	0	0	0	0	0	0	0	0	0	0	40.4	0	0	0	0	7.02	0	0	0
ENSB:JnFOY-4P0vFwVdh	39.7	0	17.0	1.3	0	0	64.9	0	0	18.0	15.5	0	0	0	0	10.2	0	0	8.46
ENSB:11KYUvcIx2BhB7k	98.3	188	20.0	0.722	130	135	26.6	106	43.4	0	155	82.4	0	17.8	0	69.1	0	117	0
ENSB:sfZZ-LfHd99dajM	162	335	56.9	1.51	229	362	690	386	478	142	444	511	0	172	0	252	620	249	66.2
ENSB:aQTCWl9vQyqpcZ1	79.8	0	13.0	0.799	0	0	0	24.3	0	0	0	30.0	0	5.58	129	14.1	0	0	0
ENSB:tJ7yQdAh-pIPA4q	0.418	0	12.7	0.132	0	0	0	0	0	271	0	0.275	0	0	0	51.0	0	0	194
ENSB:kgHIRy-X0iI2Wyo	2388	1493	1766	33.3	1250	1351	1372	1464	1598	1649	1454	1777	0	2304	0	1759	3732	3641	1686
ENSB:1R_Sw5NWlfMyRix	16.7	222	560	12.3	88.9	231	301	243	870	1647	144	341	83.7	1342	0	603	0	574	1711
ENSB:M5ksPFF_CRqYOoJ	36.3	110	48.4	2.45	84.0	45.5	339	233	0	236	62.6	65.3	0	119	0	83.7	41.8	99.8	108
ENSB:TgwJAA_xnADZrxf	85.8	39.0	115	5.11	45.9	30.0	147	175	58.7	33.7	54.4	78.7	0	66.2	293	58.0	0	0	24.0
ENSB:IcQ2LzjJsMJamTT	103	0	49.2	3.19	22.5	14.1	246	68.4	14.2	146	5.51	46.6	0	23.5	0	43.4	0	0	82.1
ENSB:Zqdz6Ug4zjSVGwI	0	0	0	0	0	0	18.5	0	0	0	1.53	0	36.2	0	0	1.48	0	0	1.02
ENSB:AaKLMKGIq-lcosT	6.82	0	16.8	1.02	0	0	0	18.4	0	0	0	18.2	0	1.27	0	2.36	0	0	0
ENSB:ikOUVRFI0czorGS	0	0	0	0	0	0	0	0	0	0	0	0	0	0	0	1e-07	0	0	0
ENSB:aGQ_YxZXK9PEf-O	0	0	0	0	0	0	120	10.9	0	0	0	0	0	0	0	2.2	0	0	0
ENSB:BeMq_HkJzxMafGj	533	696	1183	101	469	479	86.1	514	879	730	472	683	1590	909	3549	882	151	2259	668
ENSB:6i7ZHlXVTshbgGI	522	1463	2567	138	558	958	670	612	1225	2293	1353	1116	2105	1197	0	1412	2223	1611	1906
ENSB:1BJ1AaMY-R58B2P	14.9	0	17.3	1.11	0	0	18.9	9.12	0	0	22.1	24.2	0	7.52	0	8.32	0	0	5.1
ENSB:q7kEpPk-vbCE6gw	1.19	0	0	0	0	0	0	80.8	0	0	0	6.33	0	0	0	1.11	0	0	0
ENSB:WINOmyxFpLdEkh6	158	354	214	7.01	340	207	286	293	49.9	167	546	249	0	136	254	227	136	53.7	78.1
ENSB:YofMSSHmufC6UM9	427	456	363	3.64	284	232	44.3	245	755	393	307	396	0	124	0	263	0	0	280
ENSB:Li93zPgIJ95-eQo	362	421	429	21.5	494	264	79.9	289	610	736	696	283	0	77.7	0	428	26.6	125	654
ENSB:GWEQfSvsM1KkayR	353	588	518	16.9	464	336	902	367	404	993	458	420	167	370	801	512	20.1	317	767
ENSB:pvgRJHmreStjLO3	283	284	66.7	4.97	197	128	519	174	113	292	162	238	0	146	416	247	786	521	135
ENSB:NfZlcRimbMokCps	194	417	537	15.2	180	220	344	360	841	698	420	316	0	138	135	376	97.7	10.9	684
ENSB:8b2VL7nUWb7u87x	51.5	21.9	24.7	1.19	29.3	37.0	14.7	85.6	55.7	120	16.1	29.4	699	146	293	63.7	0	0	55.9
ENSB:tCvDuLtNXbqzwiP	449	3149	826	2669	2604	2030	3651	2260	3209	2052	2030	2258	7690	1394	1885	2102	2029	1731	2026
ENSB:JzeaD5hf972LEUx	0	0	0	0	0	0	9.61	0	0	0	0	0	0	0	0	0.167	0	0	0
ENSB:jMDLEolJO2IoCaL	34.1	1.95	54.0	2.64	7.33	19.2	12.4	58.8	22.4	19.4	6.75	20.3	0	4.02	7.57	16.6	75.3	0	9.02
ENSB:ajIlDjj72MBF55j	99.4	1608	203	4.38	716	415	699	527	814	786	1064	313	0	124	0	553	111	87.7	600
ENSB:_Nd5vJc1-Ru9kVC	3.03	0	5.97	0.137	0	0	277	6.42	0	32.3	0	41.7	0	123	0	14.7	0	0	13.7
ENSB:j6zg6QS7Bh0ZZ7g	417	968	156	8.11	1048	641	301	233	408	920	983	502	0	449	528	609	221	401	633
ENSB:EH39PJJCVOVbSFS	3.51	0	5.73	0.239	167	240	405	214	108	202	216	126	0	23.6	0	170	0	101	470
ENSB:jwvuwRyKpqzXfa8	32.8	1196	8.53	0.803	487	303	488	335	297	400	731	335	0	219	0	460	179	508	721
ENSB:Op5BkWu7wkY_XLy	110	38.0	23.5	1.14	37.1	43.1	260	171	204	159	43.1	122	0	202	0	68.9	24.8	17.5	73.9
ENSB:1chGbKTP54dD0uJ	147	126	74.9	8.59	63.0	107	59.0	143	36.5	171	86.9	63.5	0	39.2	0	72.5	0	0	79.1
ENSB:BiJq-SVDNaSMOkg	159	55.5	0.232	0.096	109	65.6	173	357	36.1	0	35.2	97.0	0	275	0	48.6	0	37.7	0
ENSB:vn2HNbz82pvAbHT	229	1806	46.2	3.43	1814	1112	957	955	616	643	1185	551	0	1338	4888	939	364	335	510
ENSB:km-z6WHfrdlgYCQ	455	1045	481	45.5	1648	1432	1557	749	388	760	942	791	0	2346	8737	1261	583	1603	686
ENSB:ilSJKULcPynaGPe	22.1	858	168	1.25	840	857	24.0	923	80.8	123	1358	619	1648	392	0	543	331	1055	60.7
ENSB:_u014vMKqi61pkO	166	0	220	3.99	44.0	32.8	1143	282	26.0	567	35.3	162	0	251	0	189	0	81.0	455
ENSB:xB4ZFiJxCyDzmrs	673	241	159	44.5	171	143	205	347	0	319	293	291	162	289	0	273	1181	80.4	154
ENSB:0_S47X5nxKOSF2L	0	0	0	0	0	0	8.9	0	0	0	0	0	0	0	0	0.155	0	0	0
ENSB:TqnSpPb0BnyYSKe	9.98	0	5.14	0.17	0	0	7.13	16.0	0	0	0	5.29	0	0	0	1.52	0	0.609	0
ENSB:g7oz9OAQsfwVmqG	0	0	0.168	0.016	0	0	0	0	0	0	25.1	1.23	0	0	0	4.42	0	0	0
ENSB:vU1v8DHo6xij8xT	0	0	0	0	0	0	0	2.14	0	0	0	0	0	0	0	0.021	0	0	0
ENSB:5s6aaaka2T-2cNf	0	0	0	0	0	0	11.9	0	0	0	0	0	0	0	0	0.207	0	0	0
ENSB:imxH0_xWYZi9kzh	0	0	0	0	0	0	0	0	0	0	0	0	0	0	0	1e-07	0	0	0
ENSB:ja8twDF_42v0KNz	0	0	0	0	0	0	0	0	0	0	0	0	0	0	0	1e-07	0	0	0
ENSB:qa_J6Lsc1iBUMFx	0	0	0	0	0	0	19.2	0	0	0	0	0	0	0	0	0.334	0	0	0
ENSB:bosQAArWZ2hHebZ	0	0	0	0	0	0	7.27	0.561	0	1.74	0	0.752	0	0	0	0.543	0	0	1.58
ENSB:hKCsyGarSkpMEKP	0	0	4.85	0.115	0	0	0	26.5	0	0	0	30.9	0	0	0	1.74	0	0	0
ENSB:5R4-Qow4VeAqqPx	0	0	1.3	0.258	0	0	11.6	0	0	0	0	0	0	0	0	0.281	0	0	0
ENSB:hC6mfNCkC8MntXM	0	0	0.016	0.043	0	0	0	0	0	0	0	0.828	0	0	0	0.035	0	0	0
ENSB:eBpjd57VBuD2eR0	0	0	0	0	0	0	18.9	0	0	0	1.8	0	0	0	0	0.642	0	0	0
ENSB:3Yq_VmJSdAeX3_E	0	0	0	0	0	0	28.1	0	0	0	0.702	0	0	0	15.2	1.34	0	0	0
ENSB:WRNUQsIweB9TpMv	0	0	0	0	0	0	40.1	2.88	0	0	0	5.54	0	0	0	0.944	0	0	0
ENSB:2kgiuPpRtXIfd13	0	0	0	0	0	0	10.2	3.75	0	1.85	0	0.233	0	0	0	0.634	0	0	1.72
ENSB:5N3oEPMSwXn3s1J	0	0	0	0	0	0	0	0	0	0	0	0.282	0	0	0	0.011	0	0	0
ENSB:4mou-Jfoo0D8sUV	1706	1778	5182	400	1694	2039	3434	2177	1921	3192	1812	3722	2498	10745	17350	4789	3180	17762	3934
ENSB:It9_p--2_r-_oSa	85.0	0	14.1	1.1	0	0	32.9	26.5	476	45.1	0	51.3	0	31.6	0	34.8	0	26.0	28.3
ENSB:bz3w9NPjehXHKyv	327	454	289	30.3	316	405	208	703	450	228	381	374	0	296	880	328	507	394	105
ENSB:X29IOdK1wnvBp6D	23.7	0	28.8	0.718	0	0	0	11.7	0	0	8.49	5.18	0	7.03	98.1	9.94	0	0	0
ENSB:jXEo8Ii0bXsDasG	4.94	0	12.8	0.841	0	0	14.3	40.4	0	0	0	9.59	0	2.3	0	2.15	0	0	0
ENSB:RszXjCYvrxKh5fD	4.26	0	2.02	0.68	0	0	19.0	0.436	0	0	0	0.52	0	35.9	0	1.73	0	0	0
ENSB:MFfXE20fRLtcggY	18.8	713	283	32.8	271	352	505	133	582	836	346	383	0	818	417	478	153	764	817
ENSB:oj8m9IRcpfmZUJB	0	0	0.247	0	0	0	0	0	0	0	1.13	0	0	0	0	2.43	0	0	12.8
ENSB:yXDXV5WF586PKYV	3.96	0	1.53	0.199	0	0	0	0	0	0	0	4.42	0	0	107	5.66	0	0	0
ENSB:yNGBnp8cdFQMfMH	3.87	0	36.1	0.604	0	0	0	59.8	0	18.4	0	4.25	0	7.23	0	7.18	0	0	16.5
ENSB:7BeVkOlzq3JByCF	0	0	14.8	0.263	40.1	0	0	11.9	0	0	2.27	3.84	0	0.345	0	3.66	0	0	0
ENSB:tsgq6IgKWYlNG-Q	0	0	0	0	298	0	0	0	0	0	34.5	0	0	0	0	22.2	0	0	0
ENSB:j8wnhqtZWjVvIg2	79.6	0	2.89	0.488	0	0	88.0	108	0	132	0	17.8	0	3.87	125	33.6	0	0	60.2
ENSB:aZNQ2evGq8e5nql	320	168	425	27.4	100	301	545	73.9	120	307	89.7	260	0	46.8	0	220	176	355	342
ENSB:w59suQgDrJTDI1H	0	0	0	0	0	0	0	15.8	0	0	0	0	0	0	3.02	0.428	0	0	0.759
ENSB:YUkAipUguzlHCir	21.2	39.0	76.9	1.75	37.1	22.0	250	119	218	81.5	29.8	48.0	0	26.7	8.24	53.4	0	43.1	84.6
ENSB:qSAhnT5briQ8Q74	226	343	291	15.7	76.7	56.7	397	398	0	43.9	118	210	0	141	734	160	96.4	27.4	96.1
ENSB:cbV10jN_N8-Dxxg	103	75.5	125	4.69	34.2	19.2	0	223	138	371	35.8	124	0	44.4	0	113	0	0	297
ENSB:5vT9WG7_KZZmtyc	252	276	308	4.36	214	316	116	308	341	403	378	275	190	424	678	301	52.7	21.6	389
ENSB:akFBeTgULc-Pcg-	0	0	2.95	0.239	0	0	0	18.2	0	0	0	5.04	0	0	0	0.542	0	0	0
ENSB:lDLbUDxxWVQhShA	29.0	341	83.4	4.93	136	188	317	194	68.7	88.8	320	90.3	0	29.5	0	123	0	0	81.3
ENSB:ZpByFRlLqeLUQC-	7.78	0	71.7	4.24	0	0	0	103	0	0	0	56.7	0	3.16	0	7.88	0	0	0
ENSB:OOFAWVLiHt0wu6z	109	0	138	9.6	89.9	85.8	10.3	277	0	186	72.3	71.8	0	34.1	0	81.3	0	0	169
ENSB:SpjTbAIIjZK1YnY	0	0	51.4	5.01	0	0	25.1	73.4	0	0	0	24.2	82.8	0	0	6.76	0	1.12	0
ENSB:pPX7wLHXtnAdE55	3.09	0	3.28	0.41	0	0	38.1	34.8	0	0	0	2.96	0	5.22	0	1.66	0	0	0
ENSB:rw_9mjo3q5wU5r0	270	145	103	3.89	93.3	105	220	216	193	406	92.7	143	0	150	0	186	20.6	47.1	463
ENSB:nBSUgj5BpP6xgK3	0	0	0	0	0	0	0	0.48	0	0	0	0.289	0	0	0	0.016	0	0	0
ENSB:l_0KjBpqSk8TuSS	0	0	0	0	0	0	0	0	0	0	0	0	0	0	0	1e-07	0	0	0
ENSB:E4DX5cLe3rF7Jfl	5455	560	880	6.82	839	521	775	1263	11807	6834	897	2226	1302	584	1264	3655	2169	2710	9617
ENSB:2aGsAkSo8ucsbaj	110	0	53.7	3.33	0	0	0	109	47.7	65.4	0	59.5	0	21.6	153	38.7	0	9.21	60.3
ENSB:vWy-qtjNOEWH1fN	544	325	471	3.75	171	242	40.5	143	196	884	520	364	0	236	190	407	116	214	628
ENSB:xobLFm2yNJrmzxE	35.2	0	0.437	0.147	0	32.4	631	114	190	0	12.6	54.7	0	45.5	0	29.4	60.4	0	0
ENSB:SzSpJGxpSJ4aBXf	0	0	0	0	0	0	0	1.26	0	0	4.91	0	0	1.86	0	1.55	0	0	3.63
ENSB:_rKQ-aHyXecfIS8	25.3	91.1	4.24	0.328	44.5	68.9	31.8	164	0	59.8	63.0	16.7	0	4.04	120	42.8	0	0	54.9
ENSB:F1LSPtOG1qeJxvK	137	690	148	5.62	527	324	73.1	151	33.7	303	625	204	0	29.1	995	301	0	32.2	144
ENSB:DLvMkScR0L0q08F	0	0	0	0	0	0	0	0	0	0	0	0	0	0	0	1e-07	0	0	0
ENSB:sSS3bIwQUgIwrGQ	0	75.5	252	0.513	25.9	143	22.7	378	0	110	35.5	37.9	0	1.1	0	48.7	0	0	53.9
ENSB:qNmRRehe0wwpfUv	1996	820	1922	82.1	897	633	3010	814	2046	1557	1031	1236	138	932	1217	1454	120	3692	1640
ENSB:31jJTlAaphE6-LQ	0	184	42.7	4.33	96.7	51.1	0	131	0	0	119	28.0	0	0.961	0	44.6	73.6	0	0
ENSB:n_ggwMA8V-4zdX6	19.0	147	200	6.68	70.4	83.9	160	163	0	118	112	96.6	0	54.0	224	82.2	0	10.8	54.8
ENSB:YzrPueiMplq68su	414	97.4	239	7.76	214	180	0	447	191	551	87.1	335	0	115	0	231	233	0	475
ENSB:OQPc2o8TTBoUKjU	6306	1117	888	67.8	1965	1075	800	1004	1825	1663	1050	852	0	20.2	5872	1595	142	0	1349
b2598	0	0	0	0	0	0	0	0	0	0	0	0	0	0	0	1e-07	0	0	0
ENSB:9jJ4bKyXup_7umW	174	371	2642	157	184	169	159	405	0	314	231	253	0	1524	0	368	306	250	146
ENSB:EoWSEPovbolAypb	22.3	14.1	5184	343	30.3	40.8	6.8	181	0	4.99	18.4	259	311	48.4	136	361	0	372	37.1
ENSB:YmwKrZ9IOStWhPh	1.44	16.6	1125	179	29.3	113	22.2	66.3	4.8	9.94	18.1	193	62.3	37.0	0	201	60.7	1445	9.1
ENSB:7ae9j7qN_QS6N9z	0	0	5.85	0.201	0	0	0	0	0	0	0	5.32	0	0	0	0.534	0	0	0
ENSB:6wqjqXaYMDJru36	0	0	0	0	0	0	108	11.0	0	0	0	0	0	0	0	1.99	0	0	0
ENSB:0xVp1kSDKzEaLiV	0	0	0.509	0.106	0	0	5.02	13.5	0	0	0	0	0	0	0	0.248	0	0	0
ENSB:JlpijLkJ9Xwe34G	0	0	0	0	0	0	70.3	0	0	0	0	3.81	0	0	0	1.37	0	0	0
ENSB:RPgYY-5sraezlki	3988	1664	5100	35.8	1556	3082	5323	6790	3490	3688	1697	4196	7191	8462	0	3154	6596	531	4008
ENSB:7qcl60G01hW1i4d	43.0	0	56.7	1.24	0	0	64.5	114	0	84.0	13.6	57.8	0	50.5	0	28.0	0	21.7	39.3
ENSB:c8BigRK2eiaW9Ua	124	234	81.3	7.76	359	570	351	281	40.0	118	559	206	0	134	0	207	0	8.55	161
ENSB:SfV12bNJB3OZlSK	5720	1863	3183	83.8	2296	6189	4519	5629	2051	2552	2042	3803	11942	7158	0	3703	15318	1611	3753
ENSB:OH6S26CGGL1-_K_	259	416	185	12.2	251	214	371	355	168	420	397	329	0	177	0	249	34.8	102	262
ENSB:rki6Os4OASAJ1xH	2.06	0	12.1	1.51	0	0	0	0	0	38.4	0	1.4	0	0	0	6.4	0	0	18.1
ENSB:hh1I7j0gBdZ20hY	2018	1530	1933	181	1084	961	1151	1078	1094	2845	1402	1473	1440	2010	0	1586	1154	827	2531
ENSB:GujLJ7095p1hv3J	13.2	0	43.7	1.14	0	34.2	11.0	75.6	0	0	0	50.0	0	2.61	177	15.2	0	0	0
ENSB:8PjaecwTOJSVcy7	7.17	0	0.446	0.045	0	0	0	0.531	0	0	0	8.26	0	0	125	7.21	0	0	2.12
ENSB:3xOtDs-YGZECR71	330	1005	514	2.07	104	0	0	795	0	1652	314	212	0	14.3	0	481	0	0	1153
ENSB:wGjOvOQXhHEocp1	61.8	0	8.51	0.293	0	0	0	123	42.4	0	0	26.0	0	39.8	0	9.41	0	0	0
ENSB:fFENCok-Em8dsxr	5.68	0	1.49	0.251	0	0	0	10.3	0	48.9	0	17.7	0	7.53	0	8.25	0	0	21.7
ENSB:zgNaVwDmnRZpHxg	105	0	167	2.86	0	0	209	270	117	257	11.4	243	0	144	155	93.1	0	0	162
ENSB:22_IYOauKfUB1pl	0	0	0.476	0.106	0	0	0	0	0	0	0	0.245	0	3.7	0	0.295	0	0	0.911
b2623	0	0	0	0	0	0	38.5	4.37	0	22.9	5.25	1.9	0	0	0	4.98	0	0	10.8
b2624	0	0	0	0	0	0	0	0	0	0	0	0	0	0	0	1e-07	0	0	0
ENSB:2-T1iQ-n0EJgWzc	0	0	0	0	0	0	0	0.61	27.2	1.19	4.11	0	0	0	0	1.72	0	0	0.547
b2626	0	0	0	0	0	0	67.3	0	0	0	0	0	0	0	0	1.17	0	0	0
b2627	0	4.87	0	0	0	0	0	0	0	0	0	0	0	0	6.52	0.564	0	0	0
b2628	0	0	0	0	0	0	65.4	6.27	0	0	0.832	0	0	0	31.7	2.86	0	0	0
b2629	0	0	0	0	0	0	0	0	0	0	0	0	0	0	0	1e-07	0	0	0
b2630	0	0	0	0	0	0	0	0	0	0	0	1.46	0	10.3	0	12.9	0	0	72.5
b2631	0	0	0	0	0	0	0	20.9	0	0	0	0	0	0	0	0.201	0	0	0
ENSB:sD9PalmDVOPteU3	0	0	0	0	0	0	0	0	0	0	0	0	0	0	0	1e-07	0	0	0
ENSB:zhJTYSOOCUrizUC	0	23.4	0	0	0	0	11.5	0	0	4.06	0	0	0	0	0	2.32	0	0	3.77
b2634	0	0	0	0	0	0	0	0	0	0	0	0	0	0	0	1e-07	0	0	0
b2635	0	0	0	0	0	0	0	0	0	0	0	0	0	0	0	1e-07	0	0	0
b2636	0	0	0.043	0.223	0	0	0	2.16	0	0	10.0	0	0	0	0	1.77	0	0	0
b2637	0	0	0	0	0	0	0	0	0	0	0	0	0	0	0	1e-07	0	0	0
b2642	0	0	0	0	0	0	7.67	7.24	0	20.0	3.33	0.374	0	0	0	4.63	0	0	15.0
ENSB:mkp0aisYT3mNPD8	0	0	0	0	0	0	0	0	0	0	0	0	0	0	0	1e-07	0	0	0
b2644	0	0	0	0	0	0	36.6	0	0	0	18.2	0	0	0	0	3.81	0	0	0
b2645	0	0	0	0	0	0	33.4	0	0	0	0	0	0	0	0	0.58	0	0	0
b2646	0	0	0	0	0	0	0	0	0	0	0	0	0	467	0	12.3	0	0	0
ENSB:gcD2pcxzpsx1zI1	0	0	0	0	0	0	11.8	0.896	0	0	2.06	0	0	0	0	0.739	0	0	0.96
ENSB:joAQrhFA7XK0I1-	0	0	17.1	1.16	32.7	0	0	27.9	0	0	8.82	82.1	0	0	0	7.79	0	0	0
ENSB:I8lwW9s7H7KEi_7	0	0	27.7	0.932	0	0	12.3	16.0	0	6.31	2.83	14.3	0	0	0	3.86	0	0	2.96
ENSB:REQlXoybLpMg-Ui	13.7	771	826	29.6	412	503	479	336	5.72	262	553	334	0	24.2	373	299	0	40.5	141
ENSB:xnG0B5DAmwVNrMJ	2.93	852	648	35.6	367	550	426	134	88.2	295	355	349	0	42.4	0	242	11.3	16.1	153
ENSB:eLGQVWEtHfiSOLm	0	0	1.26	0.195	0	0	16.4	0	0	13.0	0	0	0	0	0	2.25	0	0	6.29
ENSB:ddtcBGYpZtJ7046	6.02	0	0.025	0.015	0	0	0	13.9	0	0	0	0.591	0	0	0	31.5	0	0	178
ENSB:ep8rCDJ6evF6shJ	186	4628	2976	102	12451	5290	157	2430	0	1441	5967	2256	0	167	0	2659	0	0	1441
ENSB:0YPwBB_EInYxF53	0	0	0	0	0	0	0	0	0	0	0	0	0	0	0	1e-07	0	0	0
ENSB:SkEPrMHJyEGoDIq	92.3	0	2.91	1.22	0	0	0	121	0	0	0	13.2	0	1.14	213	18.6	0	0	0
ENSB:BBmbqcQAHnCuog4	35.7	0	67.0	3.38	0	0	0	196	11.7	204	11.8	46.9	0	5.57	810	79.5	0	0	90.8
ENSB:UfwimiV_aP7y43_	1438	974	536	9.11	639	393	1913	941	2564	1466	1102	1090	1127	427	0	1136	343	1453	1766
ENSB:clyv2ADa8A79BDY	0	0	0	0	0	0	35.2	0	0	61.2	0	0	0	0	0	8.83	0	0	25.8
ENSB:jB1SObi2AxpTr3y	0	0	10.9	0.689	0	0	0	38.6	0	0	0	6.33	0	0	0	1.23	0	0	0
ENSB:7U_ssJ-JuSslWb2	0	227	578	1.3	509	254	334	912	0	290	481	2.57	0	0	0	216	0	0	149
ENSB:x6QupAdSz-87iPM	0	0	1.65	0.267	0	0	0	0	0	0	0	0	0	0	768	36.8	0	0	0
ENSB:5UUYVlg7Q5igUxc	0	0	37.6	1.67	0	0	19.6	22.7	0	0	0	3.21	0	0	0	2.78	0	0	0
ENSB:JozUhXVfSdd8uHh	0	5.36	530	25.1	0	0	10.7	4.59	0	186	1.55	46.5	0	3.5	0	62.8	0	55.6	86.1
ENSB:OO4Zq3IA3l5U72l	0	0	1040	8.88	0	0	59.7	10.4	0	650	0	146	0	0	0	172	0	147	329
ENSB:YbztmeIz4DAyiTn	0	0	33.0	1.17	25.4	0	13.3	0	0	173	13.6	37.1	0	10.0	0	34.7	47.3	0	81.6
ENSB:5Xxg_fPR4nvGshv	0	0	7.28	0.187	0	0	0	0	0	119	0	181	0	0	0	51.0	0	0	208
ENSB:hSguyMy5wsdau8-	0	90.1	5.94	0.3	32.7	34.2	428	38.5	0	856	32.7	174	0	19.8	0	198	74.9	112	605
ENSB:HEm6HNqsDad_l_J	0	0	0	0	0	0	0	0	0	0	0	2.44	0	0	0	0.096	0	0	0
ENSB:UVjk8dEeKe2qxNp	0	0	0	0	0	0	0	0	0	0	0	0	0	0	0	1e-07	0	0	0
ENSB:sKVse7a3jJjpVJa	255	29.2	71.0	6.66	59.6	30.9	617	437	0	998	77.1	364	1147	108	0	288	26.3	128	692
ENSB:SyOxnW3RWZVFMGq	107	0	15.2	2.34	0	0	49.9	44.7	21.4	29.9	0	31.2	0	68.6	0	20.8	27.8	0	23.9
ENSB:_hb-UL5ISC1CYTY	0	0	0.313	0.064	0	0	0	0	0	0	0	0	0	0	0	0.019	0	0	0
ENSB:VjSaLG7d2s5nafT	514	1404	692	3138	1648	1430	2390	1327	757	1615	896	953	0	0	0	1318	1365	3107	1697
ENSB:AYyn-QAAB_OIyA7	128	0	247	5.31	44.0	47.8	654	164	101	310	28.6	196	0	114	264	130	32.5	102	180
ENSB:6zY5yEoiF7V312a	0	0	0	0	0	0	0	0	0	0	0	0	0	0	0	1e-07	0	0	0
ENSB:wNK7AMmH8OTJYLv	6.34	0	1.81	0.369	0	0	0	120	0	91.7	0.845	30.1	0	1.33	151	24.5	21.6	0	43.2
ENSB:yEh0V8tNZWZsVoG	1925	1149	593	13.9	2614	1517	3122	2094	2473	0	934	745	0	97.4	5013	1024	621	237	0
ENSB:qHja1yMUIREExtv	540	754	674	16.0	593	475	1035	450	565	676	582	610	667	1320	911	626	267	1096	447
ENSB:nupGnSbxE7q7Glu	0	0	3.42	0.278	0	0	0	15.6	0	22.8	0	4.24	0	0	0	3.73	0	0	10.5
ENSB:IQKgjIU8c3sxIIU	886	969	647	7.9	599	424	724	520	997	1085	656	484	360	541	0	967	295	4376	928
ENSB:XrGKfA4AodZmzk1	68.2	35.1	52.3	10.8	70.4	72.7	10.3	193	42.2	303	69.8	117	0	5.44	0	79.0	0	0	148
ENSB:emUiMLGQpLzwbAF	34.3	0	46.7	1.38	0	0	6.38	66.5	15.9	27.4	0	56.4	0	2.07	1.66	12.5	0	0	12.6
ENSB:zUitM-SvNr7X703	0	0	0	0	0	0	0	0	0	0	0	16.6	0	0	0	0.655	0	0	0
ENSB:N8O89YVM-YcGtJt	27.9	0	0	0	0	0	0	3.36	0	0	0	26.3	0	6.56	0	3.22	0	0	0
ENSB:SuWRHx8r-uslyE4	4.45	0	0	0	0	0	0	56.5	0	0	0	7.55	0	8.62	0	1.38	0	0	0
ENSB:7F-B6Ht_1Okj2Xd	8.73	0	0	0	0	0	0	0	0	0	0	33.1	0	12.3	0	2.25	0	0	0
ENSB:T-zTW0c0enmUZOz	0	0	0	0	0	0	0	0	0	0	5.08	0	0	0	0	0.884	0	0	0
ENSB:NwdB3zx-VlnXCYG	20.4	0	16.5	1.8	0	0	10.4	42.8	0	0	0	5.65	0	6.56	0	3.38	0	0	0
ENSB:d1s-6BzUm6yLCYr	110	20.5	21.3	1.38	37.6	14.1	9.93	83.6	25.4	39.4	24.8	45.2	0	31.7	0	27.3	0	0	22.4
ENSB:mC73oeoBlJNlYgW	7.31	0	3.24	0.204	0	0	0	1.61	0	0	2.33	0	0	0	0	1.12	0	0	0
ENSB:7ogmoBSXnUC22iu	0	0	4.45	0.193	0	0	36.2	0	0	0	0	0.32	0	0	0	0.889	0	0	0
ENSB:rwiSruRD6qz8m8p	0	0	0.718	0.096	0	0	16.0	4.8	0	0	2.92	0	0	0	0	0.874	0	0	0
ENSB:L3kWpunyGMP4bfc	2.48	0	0.245	0	0	0	4.92	7.16	11.5	3.1	2.53	0.384	0	0	0	1.59	0	0	1.45
ENSB:bSTDvcvUjCHfAft	0.128	0	0	0	0	0	0	0	0	0	0	0	0	0	0	0.009	0	0	0
ENSB:DmxOBSQ97Qpx5fZ	0	0	1.25	0.169	0	0	0	34.9	0	0	0	16.8	0	2.93	0	1.73	0	0	3.31
ENSB:Sb2L64tX1_X4PP-	0	0	0	0	0	0	8.81	12.1	0	0	0.739	0	0	0	0	0.398	0	0	0
ENSB:lhuiaZaNGxVYBts	0	0	5.91	0.266	0	0	7.96	6.71	0	0	0	0.577	0	0	0	0.554	0	0	0
ENSB:9k0YsoCvBSaIKps	40.6	0	3.72	0.909	0	0	0	109	0	0	0	9.64	0	5.53	120	10.4	0	0	0
ENSB:_pjdY8CL9fcVvKU	0	0	4.69	0.096	0	0	0	0	0	0	12.8	0	0	0	0	2.49	0	0	0
ENSB:Gqvs1PcZqHvXYD1	0	0	0	0	0	0	0	3.2	0	0	4.69	0	0	0	0	0.846	0	0	0
ENSB:vQehk2ia_VLajle	0	0	0	0	0	0	26.7	10.8	27.8	0	2.43	0	0	0	0	10.3	0	0	48.7
ENSB:JXDbAtw7WsE8QVY	0.159	0	0	0	0	0	19.5	5.76	15.1	0	0.741	0	0	0	17.2	2.5	0	0	3.94
ENSB:ku9_jaahGdxUdqZ	0	0	0	0	0	0	0	0	0	0	0	0	0	0	0	1e-07	0	0	0
ENSB:_n8Yubp2DuBsgLP	0	0	0.28	0	0	0	0	0	0	0	0.814	0	0	0	0	0.157	0	0	0
ENSB:0-0JH9GOPpWvWYk	0	0	0	0	0	0	8.75	0	42.9	0	0	0	0	0	0	1.47	0	0	0
ENSB:LBjSvoZ4CLRE__V	0	0	0	0	0	0	0	0	0	0	0	0	0	0	27.9	1.33	0	0	0
ENSB:r4sXeENA9aVicxk	0	0	0	0	0	0	0	0	0	0	0	0	0	0	19.6	0.937	0	0	0
ENSB:xs-6DEt5y1HDK8G	133	0	0	0	0	0	24.7	0	65.3	0	0	1.74	0	4.18	35.7	13.7	0	0	0
ENSB:9JjpFgKmpVXBnYN	0	0	0	0	0	0	0	0	114	0	0	0	0	0	23.8	4.64	0	0	0
ENSB:zu47_1NaWeoB6aA	12.4	0	0	0	0	0	8.64	2.29	0	14.9	0	0	0	0	40.8	5.14	0	0	7.07
ENSB:k140lwQvauulMqR	63.4	0	9.72	0.516	0	0	0	10.4	0	0	0	2.89	0	0	3.25	5.4	0	0	0
ENSB:fc_isogmXIt2odI	5.38	0	0.406	0.072	0	0	17.6	5.37	0	0	0.956	2.92	25.6	0	0	1.6	0	0	0.276
ENSB:FjE5o1uCPW4JCtL	0	0	0.159	0.096	0	0	0	0	0	0	0	0	0	0	0	0.011	0	0	0
ENSB:ElM-0g96kAUScGQ	39.9	0	26.4	1.55	0	0	37.1	45.4	85.4	38.6	0.607	38.2	0	41.1	0	17.4	0	16.6	17.7
ENSB:jDbHetOK_DeNET0	0	0	0	0	0	0	0	0	0	0	0	0	0	0	0	1e-07	0	0	0
b2735	4.9	0	7.68	1.03	0	0	0	10.8	0	0	0	5.7	0	0	0	15.1	280	0	0
b2736	43.3	0	0.069	0.019	0	0	0	0	0	0	0	0.25	0	0	0	3.08	0	0	0
b2737	27.4	0	0	0	0	0	0	7.01	0	0	0	0	0	0	0	2.0	0	0	0
b2738	0	0	0	0	0	0	0	0	0	0	0	0	0	0	0	1.74	0	0	10.0
b2739	15.0	0	0.331	0.096	0	0	0	5.55	2.83	0	0	0	0	0	0	1.22	0	0	0
b2740	0	0	0	0	0	0	0	10.2	0	0	0	0	0	0	0	0.098	0	0	0
ENSB:J8qFbn85X7qXJSp	1.33	410	61.3	1.07	298	142	61.8	132	0	519	484	83.7	0	85.9	0	221	0	0	314
ENSB:oGA0zg8zrnQAYK9	186	0	306	3.82	0	0	256	180	291	254	0	252	0	67.2	0	96.2	0	0	138
ENSB:-2lkLh1X9PP01qh	50.7	0	83.1	8.87	0	0	235	297	30.6	18.8	0	39.7	0	8.49	0	20.7	0	0	8.74
ENSB:F323bO0gh228Ch1	25.8	0	22.7	2.95	0	0	106	64.7	103	59.2	0	12.0	0	18.3	0	20.7	0	32.3	27.8
ENSB:5_0AT6LIDlKbwbj	124	28.7	44.7	2.48	29.3	0	201	106	101	48.0	15.2	68.6	0	54.1	105	46.8	0	81.8	22.2
ENSB:-GsifOVSO-pH-1H	179	0	70.2	4.09	0	0	0	227	321	330	0	129	0	0	389	110	0	151	149
ENSB:7lZyrLEFB27-krH	22.7	0	29.4	1.79	0	0	0	74.4	0	33.3	0	35.9	0	30.4	0	11.0	0	0	15.8
ENSB:i6tJLg92hhZKdvm	0	0	14.3	0.668	0	0	35.8	29.0	71.0	0	0	29.3	0	0.683	0	5.06	0	0	0
ENSB:qju57yv7AGlv6HR	0	0	0	0	0	0	0	0	0	0	0	0	0	0	0	1e-07	0	0	0
ENSB:MC0cE-2KADtTGo1	0	59.0	140	6.64	0	0	868	70.1	0	0	21.8	69.2	0	0	0	35.6	0	0	14.3
ENSB:H57PPYpMh8OOIam	0	442	633	37.1	274	249	859	271	0	0	318	292	1284	1.05	41.2	222	36.1	422	0
ENSB:y6G6WdRfCg_ReSj	0	77.5	611	57.6	142	321	51.9	486	0	0	163	292	2305	0	0	189	84.1	564	0
ENSB:09fQgws71opj2KF	11.6	0	0.067	0.032	0	0	24.6	4.72	2.37	7.99	0	0	0	0	0	3.16	0	0	7.47
ENSB:9MibNwVyMdFDvIx	0	0	0	0	0	0	0	0	0	0	0	0	0	0	0	1e-07	0	0	0
ENSB:endspPdm8vqSUS1	0	0	0	0	0	0	0	0	0	13.5	0	0	0	0	24.9	3.07	0	0	6.08
b2756	0	0	0	0	0	0	44.8	0	0	0	11.7	0	0	0	0	2.81	0	0	0
b2757	0	0	0	0	0	0	0	0	0	0	0	0	0	0	0	0.754	0	0	4.33
ENSB:TfMgEf1GgWAGeN-	0	0	0	0	0	0	0	0	0	0	0	1.5	0	0	0	2.07	39.4	0	0.25
b2759	0	0	0	0	0	0	17.4	7.22	0	0	0	0	0	0	0	0.372	0	0	0
b2760	0	0	0	0	0	0	12.0	2.18	0	0	1.8	0	0	0	0	0.542	0	0	0
ENSB:aT2dKobMmcVsKDS	0	0	0	0	0	0	4.78	2.58	0	0	0	0	0	0	0	0.108	0	0	0
ENSB:8-oN7mtBt48kqMK	0	424	443	16.3	251	162	381	374	5.91	0	309	167	565	6.61	0	151	107	24.0	0
ENSB:8ILluIHIEqRdrWL	0	829	78.0	4.5	538	347	646	605	0	0	705	305	1509	6.25	0	342	540	683	0
ENSB:EUX58U5UH18ry-P	0	433	337	4.08	359	300	633	393	0	0	513	295	2490	5.89	0	273	164	466	0
ENSB:VAETQldmUfCDdiD	55.3	0	4.11	0.704	0	0	0	186	41.1	113	2.49	40.4	0	0	197	34.6	0	0	52.0
ENSB:RHQjTciiyguv7SW	0	0	0	0	0	0	0	3.22	0	0	0	0	0	0	0	0.031	0	0	0
ENSB:g7lGmQPdOtjoSNT	0	0	0	0	0	0	0	0	0	0	0	0	0	0	0	1e-07	0	0	0
ENSB:YRs4cXMj2XmNq-t	1.88	0	0	0	0	0	19.5	0	0	0	0	0	0	0	0	1.63	0	0	6.65
ENSB:SRqtTbC9YDrN7mw	0	0	0	0	0	0	38.4	4.27	0	0	0	0	0	0	0	0.709	0	0	0
ENSB:NQMHkTHu8SJWcZm	0	0	0	0	41.5	0	31.1	0	0	0	62.6	0	0	0	0	13.7	0	0	0
ENSB:ZEJicU1bJNmBHCu	0	0	0	0	0	0	41.6	0	0	0	0	0	0	0	0	0.724	0	0	0
ENSB:FE-9564h5z-Qlsq	0	0	0	0	0	0	0	0	0	0	1.6	0	0	0	3.92	0.466	0	0	0
ENSB:qlLi0Oc2IdBILUv	0	0	0	0	0	0	0	4.73	0	0	0	0	0	0	0	0.045	0	0	0
ENSB:eghGnQ-mzkV7IZe	20.3	0	0	0	0	0	33.4	15.7	0	4.04	9.83	0.169	0	0	11.4	5.63	0	0	5.5
ENSB:Cq5YQpR0s5f0SN2	19.2	0	12.9	0.967	0	0	24.1	92.4	0	32.5	0	38.1	0	17.8	248	21.9	0	0	15.3
ENSB:WoDZjC1_eTrOm38	0	0	0	0	0	0	0	3.48	0	22.8	0	0	0	0	0	3.23	0	0	10.4
ENSB:u0DlcoHaNFhyswZ	4227	5092	4229	131	5062	6360	6185	3538	6311	4390	6628	5708	4559	4362	6000	7156	7118	31603	4309
ENSB:xD3pXoBB5f6rWW6	705	271	356	6.77	112	145	1692	314	635	751	118	468	0	1606	0	508	237	1502	635
ENSB:HEAfEtlDvqQ6Neg	55.8	0	11.2	0.75	0	0	0	5.75	0	47.3	0	4.17	0	17.5	0	12.4	0	0	24.4
ENSB:cf-ocSsBc3XeYR-	0	0	24.0	4.03	0	0	0	7.15	0	0	0	4.1	0	6.05	0	1.81	0	0	0
ENSB:zAgHXl6WY8q-EOS	0	0	0	0	0	0	0	0	0	0	0	25.6	0	0	0	1.01	0	0	0
ENSB:vyCvXgygcvXFu-b	153	24.4	25.5	1.37	14.7	46.4	33.3	119	47.2	122	20.1	58.2	0	21.1	0	46.4	24.1	0.496	76.3
ENSB:G01EjmEdXLS23je	9.59	0	3.62	0.47	0	0	0	7.45	0	0	0	4.67	0	5.82	0	1.3	0	0	0
ENSB:1nH5sl-S6_Au3ji	2.32	0	5.41	0.474	0	0	0	16.2	0	10.2	1.18	3.51	0	8.64	23.0	3.75	0	0	4.78
ENSB:JA5CNR3dK0X_2mG	240	0	17.3	0.967	0	0	35.6	5.96	0	4.97	0	16.4	0	7.1	0	20.2	0	0	2.3
ENSB:rZnbA8Czjtt-zHg	6.3	0	0	0	0	0	7.36	0	0	0	0	1.87	0	0	0	0.648	0	0	0
ENSB:xxxtWok9J_rx5V4	0.135	0	0	0	0	0	34.5	3.44	0	0	0	0	0	0	0	6.76	123	0	0
ENSB:rutXzTAFsRAL7lx	47.2	553	108	1.42	226	296	23.8	194	0	342	273	114	0	22.4	0	169	0	28.6	211
ENSB:g-H-RvF_Ojpc01K	4.79	0	23.5	0.759	0	0	0	9.95	0	0	0	3.73	0	3.59	0	1.97	0	0	0
ENSB:3kPYP1tDmv8-5eO	7.53	0	2.55	0.535	0	0	68.4	190	0	36.8	0	11.3	0	0.989	0	9.37	0	0	16.9
ENSB:WuARyWQjCP8xMS2	6.74	0	111	3.12	0	0	206	151	0	0	12.4	18.2	0	1.33	120	20.3	0	0	0
ENSB:lTVGj95_NHG_fQr	91.3	92.1	147	2.71	79.1	23.9	46.5	125	15.0	172	31.0	72.3	0	52.7	0	61.8	0	0	87.7
ENSB:XeQe6hNgVXrdSu1	189	9.74	184	10.0	35.7	10.8	261	164	199	204	10.5	125	0	29.3	0	91.4	0	79.4	154
ENSB:mubykFnD5cMpzm8	187	0	9.48	0.774	0	0	139	0	0	1283	0.35	183	0	69.2	0	359	0	0	1471
ENSB:qOqsQxog6ydsOoC	2.28	13.2	0.509	0.109	0	0	28.4	0	0	4.09	0.546	122	0	124	0	10.8	0	0	5.74
ENSB:M8tRry-gf7WvFqZ	9.47	0	4.7	0.714	0	0	12.7	11.6	35.1	107	0	7.0	0	0	44.0	20.2	0	0	51.4
ENSB:StSJiul6IB9UJZ3	288	88.7	16.7	0.717	63.0	120	65.7	91.4	1383	158	76.3	17.1	0	10.4	0	112	0	0	73.9
ENSB:zNtwuUw9G7latet	0	0	1.1	0.116	0	0	0	28.6	0	0	0	3.96	0	0	0	0.495	0	0	0
ENSB:NtMogItpp9Zn9CL	0	0	0	0	0	0	111	0	0	0	0	0	0	0	0	1.93	0	0	0
ENSB:ZFhTX7OLJ-gTdsz	30.9	0	4.71	0.464	0	0	44.0	2.04	56.5	6.61	0.379	15.9	0	0	0	7.31	0	0	7.1
ENSB:Rxcm7B6Aw3_UJnR	2.84	0	0	0	0	0	24.6	0	0	0	0	0	0	0	125	7.4	15.9	0	0
ENSB:DEDgWj8rvCeuPM8	453	0	278	7.88	0	0	0	376	167	199	0	118	0	1.66	53.0	110	0	230	95.4
ENSB:BNHXQ7UJsTV2iGf	7.11	0	0.148	0.055	70.4	0	15.0	26.3	24.2	0	31.3	13.7	0	2.06	0	13.9	44.9	0	0
ENSB:eLhD6l52nUYfYyq	99.9	0	23.3	1.29	0	16.9	19.3	91.9	51.9	80.3	6.74	32.7	0	56.7	0	26.6	0	0	36.6
ENSB:mRPEPZzwnXXqt_V	0	0	0	0	0	0	0	0	0	0	0	0	0	0	0	1e-07	0	0	0
ENSB:TANAIAvzV_xXWbI	25.1	0	10.8	0.723	0	0	31.8	137	0	13.5	20.0	12.1	0	5.69	0	10.3	0	0	6.26
ENSB:9VhTq_FfKbT4wNY	0	582	2576	3.2	379	605	0	2559	0	3809	755	608	0	1.0	0	1125	0	0	2954
ENSB:weSJeZFrmHHDU8-	9.48	0	10.2	0.698	0	0	13.7	7.85	0	45.8	0	12.3	0	10.2	114	14.2	0	0	21.1
ENSB:YbWrwCtadZ2dqTb	4.27	33.1	54.5	2.87	76.7	18.3	41.1	295	49.9	63.8	88.7	104	0	21.9	0	45.1	0	18.6	29.4
ENSB:rfsMsl82bARQPKI	34.7	0	33.1	0.509	0	0	0	33.5	0	0	5.08	41.6	0	32.9	0	17.7	0	95.3	13.7
ENSB:amXAAXBMVH2Gt0_	61.0	0	11.8	0.802	0	0	7.02	66.9	0	15.2	3.57	96.7	0	70.3	18.3	15.1	0	0	6.92
ENSB:6Hz-mYLM4qA7Hek	0.617	0	0.827	0.179	0	0	16.2	13.8	0	0	0.509	34.2	0	15.0	0	2.35	0	0	0
ENSB:ZoS06xkvfQSRVOR	6.12	127	33.7	1.55	25.9	68.0	20.2	176	104	0	166	114	47.4	0	0	54.4	24.7	31.9	0
ENSB:apEjyGp2OdhIpyb	16.9	4.87	7.44	0.937	0	0	0	8.06	0	0	4.62	6.23	0	2.47	50.4	5.48	0	0	0
ENSB:8eM3a0lwq8NsDfo	3.04	0	6.57	0.368	0	0	2.16	6.26	0	0	0.669	2.24	0	9.2	6.42	1.53	0	0	0.536
ENSB:Eoz3HcI4GC63Nmh	5.06	0	46.9	3.81	0	0	36.7	57.2	9.46	73.1	5.9	38.7	0	13.3	0	17.9	0	0	34.5
ENSB:w-pLRy39SaUKba1	10.9	0	7.05	0.529	0	0	14.5	20.7	0	10.6	0.631	4.04	0	7.69	0	3.86	0	3.31	4.95
ENSB:swPtlQamibe_tm_	0	0	0	0	0	0	0	0	0	0	0	0	0	0	0	1e-07	0	0	0
ENSB:ZLoxZZoh5_tmrho	0	0	0	0	0	0	0	0	0	0	0	0	0	0	0	1e-07	0	0	0
ENSB:NkRCpaNqixd-T6j	0	0	0	0	0	0	0	0	0	0	0	0	0	0	0	1e-07	0	0	0
ENSB:CJsj4z6X0_13-9f	0	0	0	0	0	0	0	0	0	0	0	0	0	0	0	1e-07	0	0	0
ENSB:OfTEt-IIY44OiRs	158	243	306	14.0	41.0	64.2	1151	200	342	477	195	208	0	89.3	495	256	0	0	476
ENSB:Sl0RMlpQXj6WNhA	2.73	0	8.05	0.158	0	0	0	146	67.7	19.4	0	31.2	0	14.4	0	8.49	0	0	9.01
ENSB:uzJvaGLe_UYX5pJ	29.8	20.0	72.1	4.34	22.5	24.4	9.73	152	0	106	13.9	63.6	0	29.6	0	31.8	0	0	52.9
ENSB:tQNoMAGB1zI7x8b	0	0	20.4	0.565	0	0	37.6	78.8	0	20.1	14.3	25.6	0	4.6	379	27.2	0	0	9.91
ENSB:cPylu-1GKwDV_l6	81.8	0	0.23	0.067	0	0	0	4.93	0	0	12.1	0.654	0	0	12.0	8.56	0	0	0
ENSB:6ezw8qAH35u7ymG	0	0	3.57	0.204	0	0	15.2	0	0	0	2.37	0	0	0	0	0.877	0	0	0
ENSB:79PrCsYPaAAjNIP	0	0	308	7.94	0	0	0	1454	403	0	0	188	0	12.5	0	51.1	0	0	0
ENSB:LrerEcZivc4N-hE	142	431	241	4.14	239	245	129	213	51.8	42.1	293	218	0	54.8	0	142	0	89.9	19.7
ENSB:1zrLjTaaJGmp5Yx	0	0	2.17	0.139	0	0	0	0	0	0	0	0	0	0	0	0.122	0	0	0
ENSB:O4su6JPjr__3lWC	1.97	0	24.5	1.19	0	0	0	7.48	0	7.56	1.73	5.89	0	15.4	0	3.59	0	0	3.5
ENSB:zaO5cTZr2QFlb2T	19.6	0	10.1	1.88	0	0	19.2	0	0	0	0	41.8	0	10.8	0	4.26	0	0	0
ENSB:JORtl_mkemxcwvG	16.5	0	25.6	1.37	25.4	39.9	5.86	103	15.6	0	11.1	172	102	0.604	119	29.0	0	84.3	0
ENSB:PxlDbZ7cT-ufk3x	6.53	0	1.74	0.41	37.6	0	0	0	0	0	2.67	2.89	0	0	0	3.19	0	0	0
ENSB:VR7y1TdiAfgQzm9	0	0	31.0	3.53	0	0	0	58.5	0	42.4	10.4	39.7	0	13.1	0	12.3	0	2.23	19.8
ENSB:TAoW-toK1suMQgc	0	0	0.18	0.041	0	0	15.3	5.76	0	0	0	0	0	0	0	0.333	0	0	0
ENSB:tv6GQC98IaD-PjF	4.22	0	11.3	1.31	0	0	1170	17.3	0	0	0	273	0	5131	0	168	0	0	0
ENSB:VxbUjEi-sZX_0Tb	2.44	0	1.94	0.312	0	0	566	0	0	0	0	110	0	3546	14.3	109	0	0	0
ENSB:yGGHaqp2kGNqEwg	0	0	0	0	0	60.0	0	91.5	0	0	11.5	10.5	0	0	102	8.95	0	0	0
ENSB:gWuK6w5cAWhRRG0	1.07	0	0	0	0	0	10.0	0	0	0	0	4.13	0	4.46	0	0.531	0	0	0
ENSB:rUFF4aV61jIe4hN	0	0	0	0	0	0	0	0	0	25.6	0	0	0	0	0	3.99	0	0	14.0
ENSB:s8UDqmGMVC_q3po	0.52	0	0	0	0	0	20.7	0	0	0	0	0	0	0	0	0.397	0	0	0
ENSB:_2UGWBjZv1CN37P	0	0	0	0	0	0	0	0	0	0	0	0	0	0	0	1e-07	0	0	0
ENSB:PqWhZ8h3CzAohXy	0	0	0	0	0	0	0	0	0	0	0	0	0	0	0	1e-07	0	0	0
ENSB:LXXNGwnKxh11hFt	0	0	0	0	0	0	28.6	0	0	0	0	0	0	0	0	0.497	0	0	0
ENSB:1HizLAx6C-IfBES	0	0	0	0	0	0	0	0	0	0	0	0	0	0	0	1e-07	0	0	0
ENSB:HsboiuJhNlt5mWE	0	0	0	0	0	0	0	0	0	0	0	0	0	0	0	1e-07	0	0	0
b2860	0	0	0	0	0	0	140	0	0	1.9	9.42	0	0	0	0	4.34	0	0	0.886
b2861	0	0	0	0	0	0	7.18	0	0	0	0	31.1	0	0	0	1.36	0	0	0
ENSB:SImTyzKzXl_lrLP	49.2	10.2	39.5	1.59	0	0	0	82.7	29.4	11.1	0	28.2	0	4.49	3.54	10.9	0	0	5.17
ENSB:cO7TMaPYUy9B6vd	31.2	0	0	0	0	0	5.23	0	0	3.73	0	0	0	0	11.5	3.38	0	0	1.73
ENSB:Locv8XL92TZB58A	39.7	0	0.984	0.111	0	0	9.1	19.6	24.7	0	0	2.67	0	0	0	4.16	0	0	0.517
ENSB:7bQG9lpovODb98j	116	0	0	0	0	0	0	0	0	0	0	0	0	0	0	8.2	0	0	0
ENSB:RlaiJN-kfn6W4ZK	124	0	0.922	0.155	0	0	0	48.1	34.6	0	0	6.79	0	0	11.0	11.9	0	0	4.34
ENSB:SnYZUvb5wx2uKty	1773	0	0	0	0	0	0	0	275	0	0	59.5	0	4.15	0	136	0	0	0
ENSB:OIXLxm0Lfhp9mqP	504	0	0	0	0	0	4.41	2.12	0	0	10.8	7.26	0	0	0	38.4	0	0	2.68
ENSB:2Q12TTKvHYeiW_k	1586	0	1.75	0.089	0	0	5.76	1.25	1345	133	0	40.3	0	0	0	174	0	0	60.0
ENSB:GHwTXUtGdtaehCC	55.1	0	0	0	0	0	0	0	0	1.85	3.88	0.399	0	0	9.09	5.35	0	0	1.25
ENSB:HddwqkGBGpMJxG7	269	0	0	0	0	0	0	17.2	0	0	0	0	0	0	47.5	21.5	0	0	0.443
ENSB:2Fl3Opx5ojJxoZs	431	0	0	0	22.0	0	0	1.1	31.4	0	11.9	0	0	0	13.5	37.2	0	0	10.6
ENSB:wOPizDZFxwuUHOZ	0	0	0	0	0	0	0	0	0	7.69	0	0	0	0	0	1.08	0	0	3.52
ENSB:sih4OUPCoat1IqK	0	0	3.67	0.335	0	0	0	28.3	0	0	0	2.14	0	0	0	0.566	0	0	0
ENSB:KLkCkvL95qhTeK7	235	0	0	0	0	0	19.2	5.23	121	4.3	4.82	4.62	0	0	0	22.4	0	0	2.0
ENSB:Mf0tGX98fxIPsHU	216	0	0.618	0	0	0	0	3.08	121	0	0	0.88	0	0	0	21.5	0	0	13.9
ENSB:OpNWBWiTRkQ35bs	506	0	0.142	0.036	0	0	0	0	0	0	0	1.46	0	0	0	35.8	0	0	0
ENSB:eV2bXN20-d2zPvj	189	0	0.019	0.022	0	0	0	1.89	236	0	0	2.93	0	0	0	20.7	0	0	0
ENSB:cZgJX5yiY3UXBn9	9.38	0	0	0	0	0	0	0	0	0	0	0	0	0	0	0.663	0	0	0
ENSB:cxSQiGiywM2eZM4	47.6	0	4.31	0.293	0	0	17.0	3.73	39.8	0	0	4.14	0	1.17	0	5.47	0	0	0.636
ENSB:ZctLxTaYFanJ3e_	0	0	0	0	0	0	38.0	0	0	0	2.63	0	0	0	0	1.12	0	0	0
ENSB:WHi70TNu68HVh3x	7.33	0	0	0	0	0	34.1	1.99	0	0	0	0	0	0	6.05	1.69	0	0	1.55
ENSB:IOEvLbJNlaRMRSR	7.16	0	0	0	0	0	0	5.0	0	0	0	0	0	0	15.9	1.31	0	0	0
ENSB:YjTvuahe-KyC5l8	1.63	0	6.03	0.717	0	0	0	79.3	0	0	0	15.6	0	0	0	1.84	0	0	0
ENSB:4Kaxigq4D926ghl	1612	1154	823	125	798	788	1398	389	588	981	1121	756	859	1248	1254	971	115	591	1170
ENSB:Za19R-N_1M5gQGz	210	514	761	35.5	462	0	963	279	361	630	469	441	616	583	0	502	212	1159	566
ENSB:dYJgOJ0kPnAltOk	0	0	5.45	0.179	0	0	7.95	10.6	0	0	0	10.3	0	7.26	52.9	9.05	108	0	0
ENSB:D4xuzhZUr6ijNt7	121	204	77.6	1.2	100	142	144	205	145	548	217	257	126	91.8	10.7	257	821	55.9	489
ENSB:aMm6FIWepgREbze	0.904	0	2.31	0.23	0	0	8.36	11.9	0	12.8	0	5.74	0	0	0	2.49	0	0	5.89
ENSB:FGQLMNiFs1eq8d3	30.4	0	4.09	0.565	0	0	64.3	54.9	0	272	0	44.8	0	0	0	61.0	0	0	222
ENSB:JHOznHpUyT0yW1O	0	0	0.446	0.083	0	0	53.3	70.7	0	0	0	8.32	0	0	0	1.96	0	0	0
ENSB:Vcqv8J9nffE_AoX	0	165	0	0	119	140	0	283	0	0	148	49.5	0	7.81	0	88.5	0	0	236
ENSB:0C094tYeb06ElVg	152	679	593	16.6	705	650	1537	434	247	895	608	697	832	399	0	562	139	687	710
ENSB:G4QjH-X2Oc1sSVX	0	0	0	0	0	0	99.0	0	0	0	7.39	0	0	0	0	3.01	0	0	0
ENSB:rorOAzSYaUpnrgA	173	341	220	94.2	261	142	48.4	1122	266	516	305	256	0	0	0	263	0	0	503
ENSB:kP8UEUjBsMhlERY	270	442	361	11.5	215	236	47.7	161	262	611	254	217	0	83.9	0	265	0	115	440
b2902	0	0	1.35	0.162	0	0	0	26.2	0	0	38.8	8.93	0	8.21	0	7.65	0	0	0
ENSB:BONq_1oEByLGzQ-	399	90.6	93.9	7.51	55.2	86.3	428	70.3	502	888	70.3	527	343	985	944	342	83.3	48.1	595
ENSB:8ImcrK1aadFVbBv	64.3	0	15.0	1.77	94.3	263	4675	385	530	0	16.0	395	2156	3055	0	510	4471	12.3	167
ENSB:1AJwu65qwSqDMQ4	756	0	62.4	1.66	29.8	31.4	1600	111	486	832	9.93	327	68.6	1263	424	396	43.5	177	905
ENSB:Iab6QnF3MroRD3A	87.0	0	22.0	1.03	0	0	47.2	87.9	0	118	0	40.7	0	10.5	243	41.9	0	0	69.6
ENSB:_Vsg46xUI9ommgz	8.52	0	8.82	1.64	0	0	0	16.9	11.5	0	0	25.3	0	12.2	134	9.38	0	0	0
ENSB:AWKno7sjbzKmjQL	272	916	322	50.3	380	359	324	286	230	618	495	265	53.1	165	1100	429	67.8	49.0	593
ENSB:UBcxOa-PWIr9RBX	86.3	852	28.3	1.84	126	226	76.1	471	128	278	418	201	0	11.2	451	216	0	35.9	127
ENSB:GLJdoNh7qCKLrmn	68.7	325	177	10.3	227	170	301	330	112	321	327	254	0	99.2	0	205	74.0	319	171
ENSB:Tf5fkK6IFYNAY_s	0	0	6.91	0.803	0	0	0	64.8	0	0	0	14.0	0	0	34.1	3.21	0	0	0
ENSB:WHoIW2tyeDptKjW	615	1086	5353	27.8	651	1290	2204	1523	2248	2065	770	3947	9481	387	0	1797	2346	1739	2113
ENSB:C5oVCiTdBFF5NP1	1005	884	986	13.8	898	1096	3066	910	2087	1179	2731	1081	680	275	0	1400	890	2082	1296
ENSB:dOWAXYKNjA-6scC	104	382	205	8.18	145	120	119	363	52.1	243	268	192	0	50.8	353	189	21.3	339	111
ENSB:GYTv-mCn0V6XOnb	0	0	0	0	0	0	4.09	0	0	9.44	1.64	0	0	0	0	5.09	68.2	0	4.39
ENSB:dl2WvyJ6csG2Imh	0	0	0	0	0	0	0	3.2	0	0	0	0	0	0	0	0.031	0	0	0
ENSB:XnGTswoKSQwbyYO	0	0	0.846	0	0	0	0	0	0	29.3	0	0	0	0	0	4.2	0	0	13.6
ENSB:rohpIJm6PXyAPXt	0	0	0	0	0	0	8.14	5.0	7.6	0	0	0	0	0	4.01	0.615	0	0	0
ENSB:NS5IscGWJXdkl-4	0	0	0	0	36.6	0	0	2.38	0	0	4.05	0	0	0	0	2.72	0	0	0
ENSB:bk9wJ-XFWJ6FWfn	734	826	1812	121	530	922	41.4	639	548	943	591	570	0	401	31.4	607	138	231	728
ENSB:hqoTlrbz41_HUmB	0	0	0.802	0.058	0	0	57.2	0	0	0	0.814	0	0	0	0	1.18	0	0	0
ENSB:qG4rNKOY79EWAcj	163	443	1845	31.7	218	215	54.1	242	280	575	293	191	0	303	0	348	0	3.56	485
ENSB:HHdzsqljZ25OQFr	2335	2871	4205	53.8	2600	3726	3303	1570	2856	1464	2591	3455	6597	968	7154	2667	1545	1918	2153
ENSB:KC_39sOx84bd6sH	4716	9732	4027	348	4531	4843	1478	3110	4429	4423	8256	5431	5933	796	5969	6471	8812	14524	5784
ENSB:a0DzfrbQdH1L7F8	51.8	0	17.0	0.494	0	0	39.9	39.7	0	135	18.1	60.0	0	28.1	0	33.2	0	26.1	63.1
ENSB:ny-ECbNaWVIv8Gg	0	0	0	0	0	0	19.2	12.0	0	0	0	0	0	0	0	0.45	0	0	0
ENSB:oIyelA8uHFzhSnK	0	0	2.11	0.259	0	0	0	0	0	0	0	0	0	0	0	0.122	0	0	0
ENSB:9A0ICB5H2Q9uk4p	0	0	0	0	0	0	0	3.3	0	0	0	0	0	0	0	0.032	0	0	0
ENSB:DXg6uB5DzoZQqLA	0	0	0	0	0	0	0	3.28	0	0	3.39	0	0	0	0	0.621	0	0	0
ENSB:tuh9ZBEpXM2T7en	0	0	0	0	0	0	0	0	0	0	0	0	0	0	0	1e-07	0	0	0
ENSB:L71pOuWRT9kKjYh	1412	0	1477	11.7	591	645	1247	873	2657	1192	1097	1168	0	1688	3068	1181	679	1147	1295
ENSB:5h-AEUH8kv88Yql	0	86.2	21.2	1.13	70.4	42.2	152	291	22.5	12.5	34.4	174	0	38.1	0	31.8	0	0	5.85
ENSB:rJoM4zM7SQ6voby	198	619	210	7.57	252	389	0	181	356	906	301	291	502	99.8	0	348	32.2	182	644
ENSB:0eDN19DOoClaXhg	171	673	353	16.6	131	156	735	292	230	612	199	281	1271	540	0	306	12.6	179	406
b2939	0	0	0	0	0	0	0	0	0	0	0	0	0	0	0	1e-07	0	0	0
b2940	0	0	0	0	0	0	296	0	0	0	0	0	0	0	0	5.16	0	0	0
ENSB:dCuhpsV_ZO1lIey	804	1208	3952	221	1311	897	712	565	801	1378	1242	1196	4841	696	3670	1812	326	5863	1400
ENSB:BbV_b2tRqUEI2PE	7.13	0	24.0	0.938	0	0	0	0	0	0	0	3.61	0	0	0	1.98	0	0	0
ENSB:Xm75E31IdCQd2R1	0	0	0	0	0	0	43.3	0	0	0	0	1.74	0	0	29.9	2.25	0	0	0
ENSB:OSJLsYBPl_wu9Sp	0.258	0	0	0	0	0	0	0	0	0	0	0	0	0	0	0.018	0	0	0
ENSB:HMDtVV2OUi3EBHJ	121	0	45.9	4.5	0	0	229	87.7	59.6	0	4.22	58.4	0	22.2	0	21.5	0	0	0
ENSB:fu9EZAdGgAD8doS	254	338	261	12.3	214	278	449	328	311	263	204	326	0	105	0	203	70.8	188	185
ENSB:AIyoRotNJHO_R2c	33.2	58.0	155	12.1	60.1	76.0	148	190	24.4	415	44.0	136	0	27.8	266	121	35.9	70.8	222
ENSB:jjYqF89NsCgJOUs	2.39	0	19.8	0.745	0	0	201	117	43.7	0	0	28.0	0	18.2	132	15.1	0	0	0
ENSB:KjWMkfyp00Sv9eX	0	0	11.8	0.496	0	0	12.7	7.13	0	2.96	0	0	0	0	0	1.37	0	0	1.38
ENSB:EU8JtDeliAaM_H8	67.4	439	186	20.5	48.4	58.1	0	274	394	683	350	150	0	0	207	267	0	181	453
ENSB:6GVxeo3et2rm88k	59.1	0	6.53	0.036	0	0	0	116	37.5	82.7	0	29.9	0	0	0	20.0	0	4.59	38.3
ENSB:NemoDnoSNt19YiV	26.6	0	17.6	0.834	0	0	0	133	0	0	0	10.7	0	6.47	0	4.74	0	0	0
ENSB:l4UZLj0iJ7I0Iin	85.0	60.4	121	2.49	167	60.0	739	295	224	129	210	254	0	161	439	219	521	706	60.8
ENSB:1wurRqp-3cd5wwO	0	0	5.73	0.248	0	0	30.4	10.1	0	0	21.5	7.49	0	4.45	93.5	10.6	0	0	5.8
ENSB:qxFftd2XsDk8VCs	0	0	0	0	0	0	19.9	4.82	0	0	23.9	0	0	0	0	4.55	0	0	0
ENSB:GOq5AnD5izs84WS	2213	0	1.05	0.122	0	0	256	0.74	2050	393	0	159	0	61.8	0	304	0	0	277
ENSB:F-px-gXzm3kEerW	41.9	287	16.7	0.84	199	186	76.1	228	150	25.5	468	114	0	47.8	0	168	730	0	17.1
ENSB:l9D9FfKUrdd4qhK	185	1237	214	2.29	479	597	210	658	239	481	805	529	0	17.1	0	369	0	0	222
ENSB:xhNaIfy4mFqB-pn	128	388	128	13.1	96.7	174	881	203	0	203	137	128	0	145	326	147	82.6	67.8	92.8
ENSB:VVR7jyqNv_pDnlB	0.78	0	1.8	0.189	0	0	6.63	0	0	0	0	18.5	0	2.08	74.3	5.56	0	0	5.46
ENSB:Zqhnei1MuHCBbjt	896	1507	369	1408	1835	1081	497	1160	349	1168	1182	816	419	15.2	1985	1047	0	718	1335
ENSB:d4ATqU3s4IkBWho	0	0	6.36	0.526	0	0	15.7	19.8	0	50.5	0	11.3	0	0	0	8.53	0	0	24.0
ENSB:reb98HhqrnIO4WS	44.4	0	0.205	0.08	26.4	7.97	0	6.18	0	59.0	27.5	0.828	0	0	0	18.1	0	0	28.3
ENSB:zzAPREoAkQXLW_t	14.7	0	49.6	0.603	0	0	27.8	23.3	0	10.3	4.11	82.3	0	19.5	37.7	13.2	0	2.16	9.47
ENSB:ezdg7zEHcAhgUXm	0	0	0	0	0	0	69.2	0	0	0	0	0	0	0	0	1.2	0	0	0
ENSB:dPDsXjvUup27jAZ	0	0	0	0	0	0	32.4	0	0	0	0	0	0	0	0	0.564	0	0	0
ENSB:-4NjviL-w6J1mLF	0	0	0	0	0	0	16.0	0	0	0	0	0	0	0	18.0	1.14	0	0	0
ENSB:WIv_3QIqQC5fRep	0	0	0	0	0	0	44.0	0	0	0	0	0	0	0	0	0.765	0	0	0
ENSB:v-Y5AV9nAx8HI1t	0	0	0.335	0.034	0	0	0	43.5	0	0	0	1.09	0	0	0	0.481	0	0	0
ENSB:AgSAr0gREnwz7lv	768	891	83.4	4.2	613	648	314	596	0	481	825	338	0	66.2	186	404	119	0	250
ENSB:OPXcfZ_bZxIIPe0	532	862	25.1	0.819	278	449	0	1057	0	35.5	645	254	0	0	0	245	63.6	0	16.0
ENSB:J51EWiie2m9poxV	48.0	0	0	0	0	0	0	13.9	0	0	9.09	1.21	0	0	0	5.16	0	0	0
ENSB:VZUr-i0fblRihBl	40.0	0	0	0	0	0	0	137	0	0	83.1	18.3	0	0	0	22.8	0	0	19.9
b2982	0	0	0.048	0	0	0	9.48	2.76	0	0	0	21.4	0	0	0	1.04	0	0	0
ENSB:x9pRiqKELc8c3u9	0	0	0	0	0	0	0	8.4	0	66.0	0	0	0	0	0	9.44	0	0	30.7
ENSB:fB6VdBQt_VRT0Nz	0	0	0	0	0	0	11.0	0	0	0	3.7	0	0	0	0	0.834	0	0	0
ENSB:PdL6SRaLkh69zQB	0	0	0	0	0	0	20.4	0	0	0	0	0	0	0	0	0.355	0	0	0
ENSB:m9ZlbYsIeT2h6Oz	0	0	0	0	0	0	17.8	0	0	0	0	0	0	0	0	0.31	0	0	0
ENSB:q8RxUhq7JupCYgi	0	0	0	0	0	0	0	0	0	0	0	0	0	0	0	1e-07	0	0	0
ENSB:HA2uvHiG3zy1SQj	78.9	17.5	353	11.4	19.1	158	311	204	214	371	3.08	183	0	38.0	0	135	0	39.0	332
ENSB:XlyWMQ9JSvLma-U	31.5	915	1018	10.5	482	829	334	655	285	403	555	328	0	14.0	0	341	0	146	188
ENSB:1Wz9fKIb9Cz5sZw	12.2	0	0	0	0	0	0	0	0	0	0	0	0	0	0	0.863	0	0	0
ENSB:YxB7y0gQzjdQANo	0	0	0	0	0	0	21.2	0	0	0	0	0	0	0	0	0.368	0	0	0
ENSB:QuauEmXxgcUVYgY	41.9	0	0.392	0.048	0	0	0	0	0	0	0	0	0	0	0	2.99	0	0	0
ENSB:8yZzFNplHWCCjMo	189	0	2.75	0.639	0	0	132	72.7	297	32.0	0	11.5	0	4.42	44.0	32.9	0	0	15.1
ENSB:jCRplMhJTksizNZ	790	0	3.15	0.196	0	0	108	0	1094	227	0	26.2	0	11.8	0	134	0	0	159
ENSB:qRxFO9_mDy4I6-M	3.56	0	0.059	0	0	0	0	0	0	0	0	0	0	0	0	0.255	0	0	0
ENSB:hjwDv7E5iPXISRK	276	0	0	0	0	0	0	0	243	31.1	1.09	0.974	0	0	0	31.7	0	0	14.6
ENSB:Tdh1zo9lJHZVe92	274	0	0	0	0	0	0	0	267	0	0	3.89	0	1.31	0	27.8	0	0	0
ENSB:uQDRbwKgPVYEJBq	0	0	0	0	0	0	89.3	0	0	113	0	4.53	0	0	0	17.8	0	0	52.6
ENSB:jUvnzf3a64LEson	61.1	774	62.8	4.68	703	608	346	250	106	426	774	186	0	80.0	0	317	0	0	237
ENSB:oOVfEQinOVxqbvt	0	0	43.6	0.17	0	0	0	87.8	0	174	0	17.3	0	0	0	28.8	0	0	82.2
ENSB:3ispFbXmgpjo3Y6	0.74	288	433	25.8	277	252	307	223	0	107	311	149	0	3.37	176	150	0	0	56.8
ENSB:2nBiTxXiYgKIpc8	0	0	1341	73.9	0	0	0	147	0	994	0	258	0	53.6	0	294	0	0	837
ENSB:riSWFbqmMy3hBFB	6.82	0	1410	11.1	0	0	28.9	260	0	1150	0	146	0	103	0	348	0	126	1028
ENSB:YS7vLslLdxKDx2c	2.38	670	388	17.0	345	480	17.2	356	33.7	317	501	250	765	8.81	0	269	108	150	196
ENSB:-466GQ3wRhL742e	8.37	0	3.42	0.588	0	0	0	61.6	0	0	0	1.02	0	7.91	0	1.64	0	0	0
ENSB:3mOvgRohreZ0sjA	0	0	3.41	0.509	0	0	37.6	54.8	0	0	3.77	5.1	0	0	0	2.24	0	0	0
ENSB:d_uiH2SjD-aD1Yz	580	437	380	31.7	130	174	125	379	677	499	265	360	0	143	54.4	285	0	139	323
ENSB:TcJTtzKv4Pf96qw	147	337	1411	24.9	387	528	727	531	180	1016	670	412	0	81.3	0	473	53.5	56.2	646
ENSB:3yHouYvrCzGZX02	0	0	0	0	0	0	0	7.83	0	0	0	0	0	0	0	0.075	0	0	0
ENSB:Jh9PDPe4Tgy-MSg	0	0	0	0	0	0	124	15.8	0	0	0	0	0	0	0	2.3	0	0	0
ENSB:kG1BoarwfYFYvoR	64.6	0	17.8	0.644	0	71.3	45.8	36.4	0	0	3.68	18.0	0	2.86	0	9.05	0	0	0
ENSB:KWLgUCDBTEPMGmx	36.5	0	39.4	1.14	0	0	0	122	92.7	62.4	0	17.5	0	44.9	0	19.9	0	0	31.4
ENSB:Cur4BjIHqgmNgfG	43.1	0	57.8	2.2	0	0	64.7	71.3	11.6	72.9	5.49	76.0	137	131	271	59.3	322	12.3	36.6
ENSB:tLmEEwptZo9fkxS	0	11.2	4.16	0.462	18.1	22.5	12.5	59.8	0	0	9.15	6.53	0	0	0	4.74	0	0	0
b3021	0	0	23.6	3.31	0	0	34.6	55.4	0	0	0	15.3	0	3.28	0	3.21	0	0	0
b3022	0	0	21.3	0.986	0	0	0	0	0	0	0	0	0	0	0	1.19	0	0	0
ENSB:eucC0iFGfsFEBQp	0	0	0	0	0	0	0	0	0	0	4.77	0	0	0	0	0.83	0	0	0
ENSB:2S1vSNQ3alyTPVF	0	1492	384	6.33	991	893	2543	641	47.1	1314	1603	1370	0	72.4	0	903	0	138	1507
ENSB:T-0Gst1O1-vQFCg	11.1	0	13.9	0.847	0	0	0	35.4	0	0	0	6.7	0	0.946	0	2.38	0	0	1.06
ENSB:s2YxYr88Y2WAE9w	1.04	0	1.56	0.315	0	0	43.9	6.57	0	0	20.6	1.89	0	2.76	0	4.85	0	0	0.746
ENSB:-lYoek_9NpiXY5-	0	0	0	0	0	0	0	0	0	0	0	0	0	0	0	1e-07	0	0	0
ENSB:xkqnJLwqjXPMfsf	508	28.3	346	166	121	93.3	0	288	515	440	61.3	269	0	17.6	0	206	0	307	268
ENSB:r_bvWw6RXJZ-peQ	1203	590	1034	5.62	253	740	915	2740	655	651	811	1420	0	148	0	634	742	569	317
ENSB:Tsve8onjCPzFm7d	49.5	0	31.1	1.11	0	0	68.5	29.7	19.3	6.46	9.26	38.3	0	13.1	96.2	17.5	0	15.9	3.0
ENSB:ow8kQvXXBb7vam0	0	0	35.5	12362	0	0	0	179	346	0	0	165	0	0	0	381	0	0	0
ENSB:cLUKiVNgri969Fe	29.7	220	2.57	0.105	83.1	57.2	96.9	63.2	23.5	17.3	27.1	17.9	0	3.23	0	29.8	0	0	7.99
ENSB:cA3aZOWqCNMhvbL	0	0	0	0	0	0	0	0	0	0	0	0.854	0	0	0	0.034	0	0	0
ENSB:4inwKZbTX9vn8cW	39.6	46.3	150	126	51.8	66.1	0	186	0	283	51.7	49.7	0	15.6	0	75.2	0	14.8	132
ENSB:Y1WK-sazBh6iTt9	296	60.9	1126	19.6	133	70.8	9.06	606	1089	805	131	586	0	360	0	356	165	0	631
ENSB:v1JExutoupCTb2-	16.0	134	80.7	1.09	51.8	67.5	55.7	269	267	0	185	115	0	26.6	0	71.9	132	0	0
ENSB:owpCHON9kpCK8HV	73.3	0	122	2.88	0	74.6	36.4	121	139	43.3	14.4	85.5	0	7.12	0	34.1	0	0	36.8
ENSB:GSdqJI9KA2-4P8X	0.24	0	11.6	1.11	0	0	0	16.0	0	0	0	0.6	0	0	0	0.859	0	0	0
ENSB:JNbjoGotKayatpt	0	0	67.0	1.21	0	0	0	16.8	0	0	0	0	0	0	0	3.84	0	0	0
ENSB:DdV2VGjvck46UGF	161	0	26.6	2.52	51.3	51.6	647	101	152	172	44.6	79.3	378	155	1887	182	74.9	103	79.7
ENSB:rvfYcZvHsuk52pN	1183	299	605	85.5	485	245	35.7	441	112	561	615	232	0	327	0	439	956	195	261
b3043	0	0	0	0	0	0	0	0	0	0	0	0	0	0	0	1e-07	0	0	0
b3044	0	0	0	0	0	0	7.18	0	0	0	0	31.1	0	0	0	1.36	0	0	0
b3045	0	0	0	0	0	0	140	0	0	1.9	9.42	0	0	0	0	4.34	0	0	0.886
b3047	0	0	0	0	0	0	0	0	0	22.0	0	0	0	0	0	3.14	0	0	10.3
b3048	0	0	0	0	0	0	13.5	4.29	0	0	0	0	0	0	0	0.277	0	0	0
ENSB:B6C3LQqVj7Z7oex	0	0	14.6	0.719	0	0	0	84.5	0	180	0	4.18	0	0	0	27.2	0	0	83.2
ENSB:GM-D57sNP9yKX5b	0	0	0	0	0	0	0	0	0	0	0	0	0	0	0	1e-07	0	0	0
ENSB:rkoj7L3jWep8Ukx	0	18.5	0	0	0	0	21.8	2.06	0	0	13.6	0.332	0	0	0	5.35	32.6	0	0
ENSB:5_Jmot05IGswSNP	444	454	267	7.22	259	216	271	218	340	502	346	240	172	236	0	300	159	463	246
ENSB:SMA0GfFfsQZhB4k	19.8	8.77	52.4	2.09	22.5	32.4	40.8	108	15.5	19.3	27.6	41.4	0	10.3	137	25.5	0	5.71	11.3
ENSB:CyPckXwbDpCNnFc	61.2	74.1	142	2.69	39.1	46.4	256	160	0	84.7	17.2	105	0	62.0	215	57.8	0	2.26	50.0
ENSB:AroTuq0GViA7STG	9.03	158	104	4.67	55.7	56.7	292	306	272	565	117	158	364	88.3	0	167	0	0	357
ENSB:BVfRL_gN6KkqIVi	10.7	0	37.5	1.6	26.4	15.5	0	44.7	0	29.1	7.26	22.3	0	11.3	144	18.4	0	0	13.5
ENSB:DYgDrJzVN6IGUvt	8.7	0	2.66	0.158	0	0	0	0	0	0	0	0.917	0	1.0	0	0.827	0	0	0
ENSB:09lz4Eq6eZ5ucjz	158	0	1.9	0.208	0	0	85.1	152	0	20.8	0	43.8	0	0	0	38.2	0	169	46.2
ENSB:sYMm80AtqaRcXKs	4.95	0	7.33	0.267	0	0	0	37.8	0	0	0	17.0	0	1.42	0	1.83	0	0	0
ENSB:_MhxnQFhdYMVZN6	1.61	0	0	0	0	0	3.98	0	0	0	0	0	0	0	7.21	0.528	0	0	0
ENSB:w87u10vw8dQhucf	0	0	0.308	0	0	0	9.75	0	342	0	0	0	0	0	0	12.4	33.5	0	0
ENSB:a1K5HOeC7ZWRlui	0	0	0	0	0	0	0	0	357	11.4	8.58	0	0	0	0	14.1	0	0	5.23
ENSB:poNbiBXvBz-0uq0	0	0	0	0	0	0	36.7	0	0	0	0	0	242	0	0	5.42	0	0	0
ENSB:rVcS8uTBXttvpOa	75.2	0	44.1	1.68	0	0	251	93.4	20.9	13.5	5.36	83.9	0	67.8	15.4	25.3	0	38.5	6.36
ENSB:J43bXEzWmZtVEVV	1183	1735	2205	23.7	3136	4836	15868	6598	7370	5362	7963	6094	3793	12814	0	5617	15892	7631	4482
ENSB:gotsIiqiF0dmoIU	15.8	0	9.39	0.924	0	0	15.5	59.8	0	4.95	5.44	15.0	0	11.8	0	5.65	0	0	5.73
ENSB:JekgNa0SWCtlIWg	77.9	621	239	7.05	474	447	973	608	364	821	1347	733	196	423	0	571	163	101	636
ENSB:bJ2kQfZmcuUbW-C	112	93.1	409	7.42	107	43.1	414	220	77.8	478	95.7	179	0	18.4	0	173	0	24.6	373
ENSB:-UMR0Nwbly7m59T	65.4	0	206	5.36	0	0	0	249	0	268	0	191	0	1.07	0	125	107	517	217
ENSB:5VvBbjpbFz8eAWG	44.1	0	39.4	3.43	0	0	0	140	57.1	211	0	188	0	78.4	825	90.9	0	30.2	106
ENSB:EZYg3kx9FkQfvEf	16.6	0	0	0	0	138	18.8	32.4	0	54.7	6.66	19.0	0	0	0	29.1	0	0	116
ENSB:TW3A-EE2-jORXxc	0	0	12.1	1.08	0	0	17.5	90.2	0	0	0	23.8	0	34.5	136	10.2	0	0	0
ENSB:T_THl7I1bca8kRL	0.828	0	0	0	0	0	0	126	0	0	0	2.37	0	0	10.2	1.85	0	0	0
ENSB:KufIbmjdhb_GmjE	7.91	0	7.17	0.571	0	0	33.6	15.5	0	0	0	11.9	0	6.39	0	2.34	0	0	0
ENSB:c33Liyk2gCNKx-n	0	0	0	0	0	0	0	0	0	0	0	0	0	0	0	0.634	0	0	3.65
ENSB:Xp_YXGrWzfvk-WA	0	0	0	0	0	0	27.6	0	0	0	0	0	0	0	0	0.48	0	0	0
ENSB:ROpO1xHk1HY4UpG	0	0	0	0	0	0	0	0	0	0	0	0	0	0	0	1e-07	0	0	0
ENSB:OWmlQybbzpv-FYd	0	0	0	0	0	0	0	0	0	0	0	0	0	0	0	1e-07	0	0	0
ENSB:p3MUD-blMk4J4wY	0	0	0	0	0	0	0	0	0	0	0.301	0	0	0	0	0.236	0	0	1.06
ENSB:PLjcqZi_YzCN2el	0	12.2	0.663	0.108	24.4	45.5	53.5	111	0	0	64.5	26.1	0	2.07	0	16.9	0	0	0
ENSB:CZ-8Jgok1w8EJgS	31.4	0	0	0	0	0	0	64.2	0	0	0	12.3	0	6.27	0	3.49	0	0	0
ENSB:3Gy9vjobFIO1Acw	0	0	0	0	0	0	0	12.6	0	0	0	0	0	0	0	5.74	0	0	32.3
ENSB:XdqsKbEP3K4QPqF	29.4	0	4.89	0.717	0	0	26.2	7.15	0	0	0	17.7	0	12.1	0	3.91	0	0	0
ENSB:p0XMOqTVngLkW84	1.29	0	0.557	0.225	0	0	0	0	0	0	6.64	1.02	0	0	0	1.32	0	0	0
ENSB:LNXuE3FHRCi15Il	0	0	0	0	0	0	0	0	0	12.3	0	0	0	0	0	1.82	0	1.38	5.57
ENSB:9IpwoRwFtkm_qdy	56.3	326	57.4	1.68	200	243	51.1	239	0	152	265	55.8	0	9.65	0	111	0	0	68.8
ENSB:xfd_YnC8gs-_4Ey	0	0	3.23	0.173	0	0	0	0	0	0	10.2	2.39	0	0	0	2.37	0	0	1.88
ENSB:Aq0R6LGcTsPEohc	0	0	211	5.76	0	72.2	0	145	0	370	12.5	48.3	0	0	0	102	0	0	351
ENSB:3iBhWgKZdHDXUzg	0	0	0	0	0	0	0	0	0	6.87	0	0	0	0	0	1.01	0	0	3.38
ENSB:X-eCdj2sVtS5oB0	52.6	0	188	2.9	0	0	0	0	0	0	2.04	2.37	0	3.68	24.6	15.7	0	0	0
ENSB:W2h_Qiifewje0Yk	400	0	3397	306	22.0	42.2	50.8	30.2	194	215	18.0	180	0	8.48	0	285	44.1	111	118
ENSB:YWxuhSH6Qm62fFm	8.84	0	50.2	0.615	0	0	0	0	0	0	25.7	2.31	0	0	0	7.93	0	0	0
ENSB:PhS2WaKyqX9sWgH	57.6	12.2	9.16	0.855	40.1	40.8	23.8	83.8	0	106	14.0	40.1	0	12.7	0	28.5	0	0	48.9
ENSB:CuswmK4BTm-f-2t	7.4	0	19.7	0.369	0	0	0	61.4	0	0	0	1.54	0	0	0	2.25	0	0	0
ENSB:jtZzuca71-3BEHf	0	0	0	0	0	0	0	0	0	0	0	0	0	0	0	1e-07	0	0	0
ENSB:4JKJLQrPuqSsgtT	1.95	0	0	0	0	93.8	1445	105	0	121	27.5	31.9	0	31.7	0	55.8	0	0	80.4
ENSB:kGn4EKHhTjkQ3Yp	752	2154	2822	4.8	2487	3271	1148	1903	367	1023	1974	1537	0	388	4486	1621	2080	0	1615
ENSB:J_y9wmx4PHCZfwD	21.9	203	80.3	3.19	135	57.2	0	18.9	0	95.0	146	12.9	0	0	0	64.2	0	0	44.2
ENSB:uiSaeDTuoZhk2ua	0	0	46.8	2.81	0	0	0	388	0	27.7	0	36.9	0	2.52	0	11.8	0	0	13.1
ENSB:PH38o9hMNCzl1yA	0	0	0	0	0	0	0	15.6	81.6	0	0	0	0	0	0	2.66	0	0	0
ENSB:TWNb_O1aAhQltrd	13.1	507	208	12.5	273	262	191	204	0	141	340	96.1	0	1.03	32.4	147	0	0	63.9
ENSB:tck5c_7z-rW30s8	0	0	0	0	0	0	0	12.5	0	0	0	0	0	0	0	0.12	0	0	0
ENSB:768xvsOE_ChYMBE	0	0	0	0	0	0	196	0	0	0	0	0	0	0	0	3.41	0	0	0
ENSB:uBr-PsSxFe0gxu3	31.0	0	42.9	2.29	0	0	0	131	0	0	0	39.7	0	29.0	316	24.4	15.5	0	2.08
ENSB:vC-gdszdPEATFHD	4.42	0	5.14	0.7	0	0	0	8.42	0	7.3	0	3.63	0	0.623	0	1.88	0	0	3.31
ENSB:1GMk4Jp_hp3vfxw	0	0	0	0	0	0	0	0	0	0	0	0	0	0	0	1e-07	0	0	0
ENSB:qMO5NcIBlj9vKpU	8.41	0	0	0	0	0	14.6	4.07	0	0	0	0	0	0	0	0.888	0	0	0
ENSB:zUPfFPAvhM7U-u3	1862	0	208	0.096	0	360	0	7.5	0	264	220	181	0	0	0	356	0	29.4	831
ENSB:2kwjlGYsHBLP7EY	833	0	141	0.232	0	0	4.25	58.4	162	178	39.8	74.0	0	0	0	185	0	120	474
ENSB:wFNUyRxcYRqHCyk	94.3	0	0	0	0	0	0	0	107	0	23.0	0	0	0	2.35	14.1	0	0	0
ENSB:RlmQ-fZLYn27l9r	176	0	3.81	0.17	0	0	0	8.99	0	0	0	0.684	0	0	0	12.8	0	0	0
ENSB:Vc_-X71-o80fCKK	2392	0	4.14	0	0	0	9.88	4.97	123	38.3	0	3.41	0	0	0	181	0	0	29.8
ENSB:JdKaSa1C_9ZM34J	10.4	0	0.221	0.034	37.1	0	0	3.68	0	0	26.1	0	0	0	0	7.34	0	0	0
b3119	0	0	0	0	0	0	0	0	0	0	0	0.024	0	0	0	0.001	0	0	0
ENSB:w2Q-Ph_3n81rhsS	0	0	0	0	0	0	0	0	0	0	0	0	0	0	0	1e-07	0	0	0
ENSB:wlCv_p6-SutC5Ee	0	0	0	0	0	0	0	0	0	0	0	0.464	0	0	0	0.174	0	0	0.895
ENSB:vAuQuBMZmQTshVD	123	0	0.343	0.072	0	0	0	0	0	0	0	2.32	0	0	26.0	10.1	0	0	0
ENSB:cZSZT1o65NVOfnh	1432	0	81.8	8.38	0	34.7	125	81.3	125	257	7.18	181	0	14.3	0	183	0	0	260
ENSB:DBnzIU2JDjUoZJU	207	0	13.1	0.194	0	0	24.0	15.8	0	0	0	13.3	0	0	18.0	17.3	0	0	0
ENSB:gToVlFeVzybnPqh	0.341	0	0	0	0	0	0	0	0	0	0.591	0	0	0	0	0.127	0	0	0
ENSB:af_2HCTeALKRkxw	90.3	0	0	0	0	0	0	17.7	0	0	0	9.3	0	0	0	6.92	0	0	0
ENSB:4panaqgQDHxVrzN	19.4	65.8	17.5	1.3	102	37.0	0	65.2	0	0	16.4	37.9	0	19.2	0	21.5	54.6	19.3	0
ENSB:gZ7u4AKo1x62Xqy	7.82	0	12.8	1.15	0	0	0	15.4	0	0	0	12.0	0	0	0	1.9	0	0	0
ENSB:YpBoYq_UgCwn8lg	31.5	0	14.3	1.1	0	0	0	12.5	0	0	0	17.1	0	23.6	0	4.74	0	0	1.63
ENSB:1zRGjrBv_olpAh0	3.68	0	3.33	0.074	0	0	70.8	87.3	8.97	75.9	32.1	33.3	0	0	0	32.0	0	0	102
ENSB:nimHMjTUPhXUyjk	120	0	9.24	1.48	0	0	72.9	98.7	105	24.2	0	27.9	0	0	0	19.0	0	0	11.1
ENSB:KmwPkul3RG2FZgr	12.3	0	0	0	0	0	0	22.1	0	0	0	2.4	0	0	0	1.31	0	0	0.75
ENSB:Rrx0chRVG2IyDL_	2.21	0	0	0	0	0	12.9	23.4	0	0	0	0.761	0	0	0	1.16	0	0	2.99
ENSB:CLU3yxUjA5S9IyZ	25.8	0	1.82	0.096	0	0	24.1	0	0	0	0	0	0	0	0	2.35	0	0	0
ENSB:hMLjbkEuyIbBwIa	0	0	0	0	0	0	0	0	0	0	0	0	0	0	0	1e-07	0	0	0
ENSB:-sL_Ah7mXsHUOxg	0	0	0	0	0	0	0	0	0	0	0	0	0	0	0	1e-07	0	0	0
ENSB:jOY4bUbnpOuW-Ts	0	0	0	0	0	0	11.2	0	0	0	0	0	0	0	0	0.195	0	0	0
ENSB:1j7n1VMUKPeIuoA	0	0	0	0	0	0	38.9	0	0	0	0	0	0	0	0	0.677	0	0	0
ENSB:TdmZCfJE75BVm5s	0	0	0	0	0	0	0	4.82	0	0	0	0	0	0	0	0.046	0	0	0
ENSB:-gAUMm7jTW6h0yH	0	0	0	0	0	0	26.3	0	0	0	3.1	0	0	0	0	0.996	0	0	0
ENSB:FdGBGYhRZqgEXyy	961	0	0	0	0	0	0	0	0	0	2.5	0	0	0	0	68.6	0	0	1.07
ENSB:Xi0pacCDLr2OSAW	47.3	214	72.9	6.51	81.6	35.2	607	155	38.6	72.4	168	141	0	29.4	133	92.8	0	47.8	35.1
ENSB:22rkZWXkuEsxYl6	94.9	70.6	98.2	2.66	52.8	53.5	17.5	203	204	137	49.1	178	0	39.5	37.8	70.0	23.2	0	81.5
ENSB:rKYP7mps2YlEc_0	0	0	0.294	0.098	0	0	0	0	0	5.77	0	0	0	0	8.86	2.21	0	0	8.15
ENSB:nrBg0vBLtmnC0MF	0	0	65.8	2.51	0	0	26.7	102	0	262	0	69.8	0	29.7	0	49.6	36.4	20.6	124
ENSB:ap-GxsR5GK9ltUp	376	232	355	10.8	134	108	64.8	350	665	317	189	309	0	100	0	190	37.6	18.2	158
ENSB:uLEtHlOB-QfBtLD	0	0	6.19	0.222	0	0	0	5.33	0	0	0	0.591	0	0	0	0.417	0	0	0
ENSB:xyN5q9Uy171jr-L	0.546	0	54.0	15.6	0	0	0	94.5	0	42.5	0	10.2	0	8.87	0	11.0	0	0	19.9
ENSB:JTsMaKFNigxoM7O	0	545	366	19.0	105	201	0	166	0	50.6	261	96.9	0	2.62	0	115	0	0	24.3
ENSB:XeGJv9WrpK9FRGZ	1.52	0	11.2	1.15	0	0	131	30.5	0	0	0	7.36	0	0	0	3.61	0	0	0
ENSB:rwWtIZdgxTTtINu	0	0	0	0	0	0	17.1	0	0	0	0	0	0	0	0	59.9	0	0	343
ENSB:A0trPmG4x0Jmztw	247	1018	146	4.43	296	432	123	484	596	381	600	257	0	12.0	0	373	294	255	437
ENSB:zw-YTZ1vkos5lKC	11.4	0	5.99	0.167	0	0	13.1	0	0	0	0	15.2	0	4.01	0	2.07	0	0	0
ENSB:po5taWS2LT2b65v	54.9	0	0	0	0	0	0	1.07	0	0	0	0	0	0	0	5.76	37.4	0	0
ENSB:BM4ct9ECJl53T9v	6.3	0	0	0	0	0	0	0	0	0	0	0	0	0	5.88	0.727	0	0	0
ENSB:RKp7ub5REs4uLrU	0	0	87.7	2.41	0	0	666	147	0	0	5.36	73.3	0	18.2	0	22.4	0	2.94	0
ENSB:NBgMkVLdjEX2GZj	0	0	24.4	0.267	0	0	0	0	0	486	0	184	0	10.9	0	122	0	0	481
ENSB:9qHFmLmuzOLP69O	86.2	10.2	26.0	1.74	37.1	7.5	453	40.3	26.3	15.1	28.4	259	0	339	768	102	290	43.8	17.9
ENSB:WSJillxe1UBpTex	3.91	20.0	51.5	2.21	37.6	24.4	38.7	167	0	26.0	5.42	59.4	0	6.04	48.6	18.3	0	0	12.2
ENSB:LU7m4KtkciGWIZd	701	1345	1121	65.0	1009	1180	355	1046	1750	958	1229	1086	0	1704	9922	1437	687	1233	868
ENSB:4SDS7Sfoovu3hK3	3215	975	4882	242	1030	3651	491	5717	2959	2201	1587	3732	5077	8308	0	2859	5022	5553	2862
ENSB:5fDFHZS7pPa7pbU	55.1	0	28.2	1.63	0	0	112	44.3	30.9	22.2	0	67.5	0	44.2	0	15.8	0	0	10.3
ENSB:PRZko--Yplhx2Gp	746	369	527	16.5	767	402	1216	1015	353	1426	421	685	0	317	885	664	54.4	364	1182
ENSB:8ul0TmQmRVFAG5L	0	612	699	0	665	513	1760	830	522	702	1227	1118	800	1425	0	790	303	2172	499
ENSB:Dmnem9keAdmvVi-	513	1322	755	31.7	927	816	1475	596	539	1002	961	794	588	853	4899	1012	654	624	848
ENSB:BBDO0Ln00DytUdP	128	0	105	3.64	0	77.8	163	120	79.1	64.6	23.7	407	0	32.3	475	91.1	0	0	121
ENSB:GKR6BR0-RpUDhai	157	761	1010	36.6	630	573	908	685	656	291	492	725	3584	33.7	403	728	444	3432	168
ENSB:vHkYL_HaEVs4O1b	0	0	0	0	0	0	0	3.09	0	0	0	0	0	0	0	0.03	0	0	0
ENSB:8rt7LJYci3k1ppk	166	454	447	1.38	111	172	336	189	1385	489	169	155	0	127	0	241	0	78.6	275
ENSB:fMmuNeWwO7QOMdV	440	572	545	26.1	382	327	447	292	810	577	577	441	348	431	1550	556	77.7	488	679
ENSB:RtynXJQXXJuOjYw	110	0	80.9	4.61	0	0	187	153	34.7	111	0	101	0	34.1	0	45.5	0	88.5	51.3
ENSB:qOU2xabiyMC7gcc	507	347	935	92.8	275	350	361	466	391	687	342	496	0	772	880	487	316	431	604
ENSB:ZyAGrrZS-4d6lYb	130	0	155	6.45	0	0	311	169	41.7	177	0	103	0	86.7	110	66.2	0	0	102
ENSB:UygQ1zA1WJbDvko	159	1834	621	4.55	747	571	963	3025	0	550	1220	714	0	271	1445	692	0	143	555
ENSB:hhaU_d0QSaQR5DH	748	987	437	32.5	1447	741	2058	682	1187	635	1152	693	0	296	0	763	171	713	746
ENSB:vX8ZMafBVxo-PYZ	17.0	0	22.1	1.96	0	0	7.33	16.0	0	5.83	0	34.9	0	5.56	12.4	5.69	0	0	2.7
ENSB:8AQ74K0S61XZdqQ	89.0	506	230	2.37	378	295	17.8	250	189	267	654	218	0	325	391	301	86.0	386	135
ENSB:lunqXTJcol5zuY5	0	0	0	0	0	0	28.0	0	0	0	0	0	0	0	0	0.487	0	0	0
ENSB:ZIuskcNpETsZnbf	3309	529	555	51.2	334	1446	7678	7716	1154	4267	657	2854	0	1707	0	2467	9625	1902	4229
ENSB:s354FMG7qFqnJmV	6263	1902	4308	25.1	1408	2511	3293	1395	2126	715	1416	3267	7176	8362	0	2154	2381	849	959
ENSB:iU3oMHe6VKdp0cN	20.9	60.9	46.4	1.36	33.2	84.4	475	160	0	58.3	40.8	80.2	0	42.8	0	40.7	0	17.3	26.2
ENSB:NFFZKwGSUPymDQb	0	0	0	0	0	0	20.1	0	0	0	0	0	0	0	0	0.35	0	0	0
ENSB:fDaCW3kkvxjevH0	371	72.1	201	2.71	106	125	372	138	124	105	149	197	204	364	536	211	37.9	806	48.2
ENSB:-DqFZ0VKT7IrOUM	57.6	0	186	12.4	232	349	269	2041	0	63.2	235	342	0	134	1085	176	0	11.1	30.0
ENSB:M6VGBhSwf7dUUfP	38.7	771	33.7	0.905	275	83.9	74.5	499	56.6	0	510	58.9	0	48.4	253	173	0	0	0
ENSB:sQRLICMHHCeOTGc	337	730	785	6.46	999	797	377	786	631	1185	944	438	109	9.62	22.6	590	0	88.1	709
ENSB:wRdWe9I5wauAKTR	300	0	252	3.67	0	34.7	28.1	88.2	1098	122	0	172	0	72.6	0	98.0	0	20.1	56.0
ENSB:JHEDV_iaSbtN5M3	22.3	0	17.8	2.35	0	0	0	13.5	0	91.2	3.51	21.5	0	8.36	0	17.3	0	0	42.1
ENSB:n-S4gx2MdoraDlr	48.9	0	135	11.0	0	24.4	52.7	66.2	156	217	28.3	64.1	0	18.8	0	59.0	0	0	115
ENSB:K3XxffAAz1Ki2E7	0	0	2.0	0	0	0	0	11.0	0	5.82	1.96	0.657	0	0	0	3.19	0	23.2	2.7
ENSB:fVD8zYwV73K_db9	162	0	175	9.35	32.7	30.0	69.6	172	130	184	9.72	108	0	21.9	160	111	777	19.8	86.2
ENSB:pOkcWN6bt5cuyat	178	203	101	3.17	134	104	33.8	147	0	122	88.6	114	0	36.1	388	102	0	76.3	58.0
ENSB:B4x717S473Vd4Gm	39.1	0	55.5	1.13	0	0	0	79.8	0	88.7	0	16.4	0	3.69	0	20.8	0	0	46.2
ENSB:7mmf4c0_fmmyT01	85.1	194	94.7	12.8	177	505	380	228	0	88.4	195	195	0	48.2	0	102	0	0	40.8
ENSB:w-qi15MLV1P_KVp	168	343	221	16.9	345	315	0	434	65.9	420	336	218	0	121	0	244	115	79.9	376
ENSB:lJTKGVUefkvwjFk	3.5	0	78.4	3.57	22.0	53.0	41.3	122	0	65.6	18.9	80.6	0	36.3	448	55.2	58.9	6.11	60.7
ENSB:pImf3rkMlK8la6a	2578	1647	2779	5145	1186	1891	229	1771	262	1793	1835	538	0	15.9	2894	1786	0	0	2937
ENSB:m1RA9Hw3S5QaR8O	97.3	1273	329	41.1	431	323	0	289	79.7	97.2	533	208	0	34.3	0	280	328	202	89.5
ENSB:phmsSOaX39pw46y	90.0	12.7	255	40.3	79.1	37.5	82.5	290	50.2	0	32.4	193	0	60.7	414	72.3	0	33.3	14.5
ENSB:5BhQisaCQ29W1go	0	0	0	0	0	0	0	37.3	0	0	0	24.6	0	0.494	0	19.6	367	0	0
ENSB:B28Sy7qioMumgX9	0	0	3.66	0.288	0	0	0	16.5	0	0	0	1.35	0	0	0	0.42	0	0	0
ENSB:CUo5E0HNv0v8ZNy	0	0	1.18	0.273	0	0	0	36.0	0	4.73	0	4.59	0	0.557	0	1.68	0	0	4.44
ENSB:K2sW4EajwCfl0va	498	730	347	19.2	264	437	52.2	331	221	1241	472	542	0	91.1	0	520	97.2	391	1034
ENSB:IHB0NEyYqyUpLjN	20.6	89.2	48.8	4.01	29.8	41.3	108	96.6	14.6	46.6	59.0	51.1	0	49.5	590	63.4	0	9.54	21.8
ENSB:EgO3SWn7Of2Mwy6	0	0	0	0	0	0	25.5	0	0	0	2.21	0	0	0	2.46	0.945	0	0	0
ENSB:aVuIWftl7hmepKJ	4.36	426	242	11.1	191	204	288	129	619	605	321	43.5	2602	188	1849	434	69.4	576	419
ENSB:iQ0XCkG1eUDaJw3	10.2	513	206	35.8	254	223	456	535	229	330	489	534	1049	234	2938	483	343	710	237
b3214	0	0	0	0	0	0	11.6	5.4	0	0	0	0	0	0	0	0.253	0	0	0
b3215	0	0	0.188	0.018	0	0	47.7	0	0	0	0	0	0	0	0	0.841	0	0	0
b3216	0	0	0	0	0	0	22.1	0	0	0	0	0	0	0	0	0.384	0	0	0
b3218	0	0	0.048	0	0	0	9.48	2.76	0	0	0	21.4	0	0	0	1.04	0	0	0
b3219	0	0	0	0	0	0	0	0	0	0	0	0	0	0	0	1e-07	0	0	0
ENSB:055GmZkQMd6iOfa	0	0	0	0	0	0	0	3.15	46.6	9.14	6.71	0	0	0	0	4.62	0	0	8.22
ENSB:-SqvL1GN_qb6R0T	14.4	141	5.71	12.4	73.3	128	0	36.7	0	96.7	28.3	6.9	0	3.17	0	34.3	0	0	46.6
ENSB:m9GKSS8ztCPxmWs	49.1	0	2.66	0.187	0	0	19.5	23.2	23.2	0	0	23.1	0	2.84	0	5.89	0	0	0
ENSB:-XbcPwMuM23UpGV	182	0	9.81	0.485	0	0	88.0	24.0	265	14.9	0	21.4	0	9.67	72.1	31.0	0	0	12.8
ENSB:RrTHeicBWmsR6NL	2.43	0	0	0	0	0	0	0	0	0	0	0	0	0	0	0.172	0	0	0
ENSB:faO_iME64aELaKI	130	0	25.5	2.02	0	0	0	48.4	720	203	0	60.4	0	15.6	0	64.8	0	0	93.9
ENSB:jr_aZ9JTIICVMTP	5.96	0	20.2	0.572	0	0	59.7	82.3	0	127	0.915	28.4	0	10.3	0	23.1	0	0	59.5
ENSB:RecV_gu1vLKo6i3	0	0	0.385	0	0	0	29.5	0	0	0	0.859	0	0	0	0	0.683	0	0	0
ENSB:-uPwKKtMtu8pX_W	263	931	34.2	0.321	305	173	45.9	329	143	59.9	295	127	0	114	481	202	0	192	33.8
ENSB:4dZkLupSk7Q4Wz-	1828	1215	991	86.6	894	1179	816	827	827	591	1566	894	1213	609	2549	990	209	175	577
ENSB:71ZLTWwzMtgAm0-	5955	1723	3318	684	1375	2852	5159	2353	2504	3218	1999	3871	3577	9290	0	3130	5289	1010	4391
ENSB:8vCP9L8IM2Yuqxi	6119	2779	3398	819	4155	4082	4707	2203	3329	4019	2675	2872	9098	2023	0	3571	4704	3458	4283
ENSB:3Hnzx2ywYiyJP9R	6.99	0	32.0	1.41	0	0	0	74.6	23.0	78.6	9.76	27.1	0	10.8	0	19.3	21.2	0	38.3
ENSB:noLk23XgrAZBiWO	1325	1139	870	27.1	565	400	255	876	1976	826	837	593	0	278	0	727	393	249	870
ENSB:6CpjRT_LWYCP0h6	131	695	240	4.97	408	424	264	388	253	229	969	726	0	92.3	0	363	91.7	297	114
ENSB:cXpBLPJWJXZc5qD	78.8	0	14.1	0.717	0	0	0	53.3	43.8	5.75	0	58.3	0	8.63	0	11.6	0	0	2.67
ENSB:yW7QQy2WmWU3Rda	507	9473	4021	0	10788	9248	1786	4949	2843	2949	9164	5872	11733	2198	0	6897	9524	21113	5115
ENSB:_mSRZ7kUJRgUc9F	152	0	95.2	2.71	0	0	0	194	0	0	1.27	144	211	5.53	0	31.1	0	39.3	0
ENSB:w3WSdD8UtAssWOh	0	0	0.258	0.072	0	0	525	0	0	0	0	4.98	0	3.23	0	9.42	0	0	0
ENSB:vyFVsvbwzxm9aWS	0	0	15.9	0.096	0	0	0	107	0	0	0	8.44	0	0	157	9.73	0	0	0
ENSB:gIYTKgVY_h2XDk2	0	0	0	0	0	0	5.36	0	0	0	0	0	0	0	0	1.25	23.3	0	0
ENSB:2UtwxJlY4_BHBPD	0	0	0	0	0	0	11.9	0	0	0	0	0	0	0	0	0.207	0	0	0
ENSB:2hFz9s45vrj977P	0	0	0	0	0	0	0	0	0	0	0	0	0	0	0	1e-07	0	0	0
ENSB:5foEae1R5ARESDC	7.11	0	6.51	0.708	0	9.85	0	0	0	0	4.32	3.2	0	4.61	0	2.0	0	0	0
ENSB:A13iE2y2xDuWBBJ	62.2	238	174	4.93	76.7	97.5	208	122	57.8	181	113	134	62.8	116	949	140	0	4.48	88.5
ENSB:mBJZAOpO7uhSMJk	23.2	0	77.9	5.99	0	0	40.7	42.6	0	118	7.53	76.9	0	435	0	41.7	3.17	0	65.5
ENSB:koXsjb22GArEOAU	18.9	0	38.5	7.49	0	0	272	128	0	16.0	0.885	58.4	0	14.5	0	16.8	0	27.6	7.29
ENSB:QjjfRomQC12ZzlM	0	0	0.076	1.11	0	0	0	0	0	0	0	0	0	0	0	0.036	0	0	0
ENSB:pqCSYF_TS9jUeLg	19.9	0	28.2	2.45	29.8	0	20.5	28.3	0	20.7	0	21.1	0	25.2	0	9.66	0	0	9.42
ENSB:6Yaw0No4BY80Y__	561	918	1001	133	665	839	1372	558	666	764	861	725	0	1336	2228	865	925	735	880
ENSB:TIeXT0C-JGuRha7	2.01	0	3.11	0.314	0	0	5.39	13.2	0	25.1	0	2.91	0	0	81.0	8.54	0	0	14.3
ENSB:vRUQzen3AHS3jS9	337	1188	570	29.9	511	470	566	363	401	460	721	298	0	44.7	0	406	219	160	229
ENSB:m8sNWiqWEMQsytQ	480	349	388	24.5	220	853	145	321	279	415	523	1464	1349	646	0	527	760	600	657
ENSB:t2MRGBpxiZnZPNV	879	331	587	14.2	212	443	2932	406	450	755	285	488	698	1203	0	479	132	34.2	641
ENSB:E1QVyzs8ZK5Mx7G	0	0	0	0	0	0	0	0	0	0	0	0	0	0	0	1e-07	0	0	0
ENSB:A9keL_TWmP40gpe	14.4	0	1.5	0.077	0	0	0	0	0	0	0	4.05	0	0	0	1.26	0	0	0
ENSB:UD16bZUCEVKf9Wx	39.2	0	66.7	2.61	37.1	45.5	184	114	99.8	270	45.5	48.8	0	41.3	120	133	1149	58.7	125
ENSB:IeSC4YnHyjFXkkF	0	0	0.756	0.219	0	0	0	10.1	0	0	6.12	2.97	0	0.645	0	1.34	0	0	0
ENSB:5-bOouHC2J25pNQ	158	0	78.3	4.9	0	0	2148	521	366	1779	0	471	5569	605	0	539	354	312	1008
ENSB:uZLuMhONNjgzsCW	0	0	0	0	0	0	18.2	9.18	0	0	5.58	0	0	0	0	1.37	0	0	0
ENSB:JvRFrtB70X6twO9	0	0	0	0	0	0	0	0	0	0	0	0	0	0	0	1e-07	0	0	0
ENSB:2wgM8yX4_172sm2	0	0	0	0	0	0	0	0	0	0	0	0	0	0	0	0.966	0	0	5.55
ENSB:iISXzLuYFYHhLPW	0	0	3.3	8.45	0	0	6.99	3.91	0	0	9.21	0	0	0	0	2.32	2.62	0	0
ENSB:i3fvhgVUnA1hIdS	0	0	4.56	0.047	11.2	0	5.36	3.2	0	0	4.95	2.2	0	0	0	1.93	0	0	0
ENSB:4ba9RtjvOvSCUco	0	0	0.048	0	0	0	0	0	0	0	0	0	0	0	0	0.003	0	0	0
ENSB:nzP-9M9TwKr6yzS	0	0	0	0	0	0	0	5.84	0	0	0	1.08	0	0	0	0.099	0	0	0
ENSB:vrRVTuU-Gx4_2u9	0	0	0	0	0	0	0	0	0	0	0	0	0	0	0	1e-07	0	0	0
ENSB:oP3bKtfvWFw_aYX	0	0	0	0	0	0	0	0	8.96	0	0	0	0	0	0	0.276	0	0	0
ENSB:P-axfnrTQFkngU2	201	249	176	25.8	140	73.6	881	272	88.5	318	166	149	0	59.3	1044	225	96.8	13.8	267
ENSB:pH1Dlj6LwxBpb9M	0	0	1.17	12.3	0	0	33.7	74.4	0	0	0	8.21	0	0	0	2.05	0	0	0
ENSB:mw0irTWVS_hlBSS	26.4	113	93.3	4.72	41.0	37.0	0	193	0	0	72.3	82.3	0	8.1	145	41.1	0	7.81	0
ENSB:_4E_bREgJjGm42s	20.2	141	40.4	2.17	59.6	44.5	71.4	208	0	0	99.6	772	0	118	110	84.5	0	111	9.66
ENSB:KHW55exceP7J2fK	11.4	0	0	0	0	0	41.7	7.78	0	0	0	2.41	0	0	0	2.5	0	0	4.59
ENSB:LFBs3lrxvNOHHXX	0	0	1.69	0.108	0	0	0	0	0	0	0	0	0	0	0	0.095	0	0	0
ENSB:xrqa7JE2pD4LUi0	189	477	46.8	11.4	334	291	1373	210	624	472	250	216	0	142	550	288	126	327	219
ENSB:1dj_GLI0Iw9chRn	145	287	178	3.71	143	138	189	210	195	276	259	182	0	89.1	272	208	543	223	137
ENSB:ePP9IMgqAUXOuBb	12.3	38.5	44.0	0.979	25.9	28.6	85.0	66.0	35.9	181	18.9	101	0	11.5	0	59.0	25.4	190	82.1
ENSB:58WPLLqBpxa-Mxf	10.9	0	60.8	3.01	0	44.1	49.9	94.9	0	32.5	4.73	25.8	0	18.4	0	14.7	0	0	22.1
ENSB:nC_AisOhAJhuU59	431	210	563	4.5	138	161	74.8	311	135	876	160	144	0	0	0	247	0	0	403
ENSB:vq0LpoGYnM3WLQy	0	0	0	0	0	0	91.3	17.9	0	87.8	7.03	34.9	0	5.62	0	17.3	0	0	42.5
ENSB:MAmRwjSz_631o_y	0	0	0	0	0	0	28.7	0	0	0	45.6	0	0	0	0	8.43	0	0	0
ENSB:MRms4MQ4uyDaUsW	6495	1307	4477	7.1	1704	2786	7111	3656	11241	2463	2836	3889	5131	11792	0	3836	6757	3582	3511
ENSB:ZwVUCsdv7wiR8wV	453	2130	2917	55.3	2115	1743	2199	1392	2553	1007	1580	1872	7194	5756	0	2011	2535	6318	720
ENSB:WEcGZviQXJ1Ow-s	4272	6487	5928	41.8	2550	3685	3695	5315	4733	2568	4233	5942	7282	14907	0	4548	7207	7275	3202
ENSB:n0-7At5Nco0XOXv	2683	1221	2774	2.99	735	2199	2983	1447	2942	3037	902	2876	9675	7259	0	2289	1194	2872	3115
ENSB:CDzIPhfhJN_TWDg	7743	2418	4744	262	6252	4480	4911	4956	10300	6140	2828	6168	11088	5199	0	4995	6304	5011	5998
ENSB:XKmL-ABMlbANr0Z	2922	0	64.1	1.56	301	0	0	252	1940	1187	1040	572	0	284	0	873	2002	0	1159
ENSB:AOzX6mettH6IyF9	173	23.9	476	2.79	25.9	158	129	314	582	453	17.3	136	0	395	0	215	0	0	588
ENSB:EGCBJvktCT5V46k	7341	2009	4001	86.4	3542	2695	2557	2632	3232	1827	2834	2846	2683	11267	0	3621	13575	3026	2329
ENSB:spYMVcKNMpM3clX	3363	839	902	52.9	6059	4471	2604	6163	654	1099	2946	3358	3556	6752	0	2536	6928	2561	1092
ENSB:_SssO0_QAv0bK_S	7783	4363	4259	548	12218	4342	6298	2681	5474	3596	3449	4886	11405	11407	11074	5823	11379	5742	4017
ENSB:9a4peeEd_2PMJRv	3693	1620	1533	9.4	1174	2273	7807	5081	614	7160	3503	3960	2696	9945	0	4166	12960	4195	5484
ENSB:jIsVSIlhGR582cM	7888	2627	4988	128	3287	3953	4722	3162	4354	3149	2604	3580	8735	14334	0	4172	7205	4893	3764
ENSB:VWVXbw9ktNjZJAo	6952	1536	2181	78.4	2815	2180	2164	2366	1187	1972	2264	3634	2463	8758	0	3022	7124	4802	2245
ENSB:nVqhR_8pPA6XXZS	1259	1083	1934	7.68	552	2072	6338	11836	3108	5168	4976	7451	1460	1313	0	3776	7095	3163	5827
ENSB:WrL9W-2AeY1TDB1	5433	2048	7095	7487	5968	3939	6111	3169	5040	2320	2410	4625	7122	7092	0	3798	3088	4963	2476
ENSB:P2M946XanWQ-JVY	5290	1984	2747	79.1	7598	3854	5528	6061	1040	2984	2732	4832	8302	6499	0	3616	7014	3839	2932
ENSB:cGbPB-Cn6BtbDSg	3433	1606	2997	146	4076	2338	4813	2021	4421	1632	2225	2810	2286	3519	0	3793	27533	4482	2052
ENSB:6-fDFvSly7Wk3Jc	5866	388	4124	23.3	221	2108	6837	2204	779	845	625	2949	0	6799	0	1927	3569	3748	819
ENSB:whIVLYODvdWBKkB	5553	2219	1580	22.4	2373	4788	2332	2681	1621	2885	2651	2895	8774	5081	0	3606	10331	5846	3921
ENSB:Yigi79sIxJkOrGv	3373	1518	3547	25.1	750	4202	7161	2650	4751	1763	2090	3270	3661	2808	0	2692	4963	6711	1615
ENSB:9u_jLBWMpAVED5-	5876	2274	5213	40.1	2717	3958	7396	5490	8083	5460	2340	5262	7035	9537	0	4612	6282	7143	5549
ENSB:bZ6b459Hivmh1XZ	7570	2995	1563	191	6101	4790	10651	4440	7436	8366	4097	5440	9288	8250	0	5989	9428	7619	8414
ENSB:ch-Os5GUaKqu87x	3997	2480	799	82.7	11182	3312	5376	3524	1436	586	2372	2890	4922	7499	0	2937	3010	6759	756
ENSB:EhE2F9o3p7ElgI5	4489	1520	6238	173	1853	2908	7692	3054	5881	3773	2053	5254	6107	14655	0	4269	5944	9424	4167
ENSB:0UYjIw4HxGF-ppC	2375	445	501	7.63	662	1931	782	808	89.5	101	771	2404	15080	1088	0	1042	1470	1243	46.4
ENSB:XmzfVptqcYoYPAD	5851	2256	4902	19.1	2313	3506	2782	2884	3444	853	3345	3996	5928	8924	0	3082	7088	3422	985
ENSB:fg3YLlPXuC_4ZRO	4478	2612	3169	134	5502	2988	2403	2435	3123	1453	2040	4228	6863	12960	0	3311	9242	3645	2039
ENSB:eqtCQMl6g_yt7bj	6952	1890	5204	91.8	5143	4378	6634	4311	3314	2122	2429	3780	7135	15268	0	3643	4198	3204	2712
b3322	0	0	0	0	0	0	30.2	0	0	25.9	5.0	0.018	0	0	0	5.13	0	0	12.4
b3323	0	0	1.54	0.019	0	0	0	0	0	0	6.77	0	0	0	0	1.62	0	4.61	0
b3324	0	0	0	0	0	0	0	0	0	0	0	0	0	0	0	1e-07	0	0	0
ENSB:wk9Qor45xiZnqWE	0	0	0	0	0	0	0	6.54	0	4.63	7.45	0	0	0	0	4.3	0	0	15.3
ENSB:LpzVURAXhQfM-G8	0	0	0	0	0	0	0	0.336	0	0	0	0	0	0	0	0.003	0	0	0
ENSB:jErDhSN5tfrVQto	0	0	0	0	0	0	0	3.19	0	0	0.469	0.144	0	0	0	0.39	0	0	1.57
ENSB:kuhfqCLUsbajvor	0	0	0	0	0	0	0	0	0	0	0	0	0	0	0	1e-07	0	0	0
b3329	0	0	0	0	0	0	0	0	0	0	9.71	0	0	0	0	7.87	0	0	35.5
b3330	0	0	0	0	0	0	0	0	0	0	0	0	0	0	0	1e-07	0	0	0
b3331	0	0	0	0	0	0	22.8	0	0	0	6.37	0	0	0	0	1.5	0	0	0
ENSB:lAU_TyDiVmRWfKg	0	0	0	0	0	0	14.3	0	0	0	0	0	0	0	0	0.248	0	0	0
b3333	0	0	0	0	0	0	0	0	0	12.2	15.0	0	0	0	0	4.37	0	0	5.8
b3334	0	0	0	0	0	0	22.4	6.59	0	0	0	0	0	0	0	0.454	0	0	0
b3335	0	0	0	0	0	0	0	0	0	0	0	0	0	0	0	1e-07	0	0	0
ENSB:J4bTxZ69MvS5FHr	0	1495	83.8	32.2	2634	2361	0	447	0	919	1536	571	0	182	0	789	87.1	0	996
ENSB:WI0BQr10rhUjYuI	0	0	0	0	0	0	0	0	0	0	0	0	0	0	0	1e-07	0	0	0
b3338	0	0	0.613	0.105	0	0	0	0	0	0	0	3.18	0	0	0	0.162	0	0	0
b3339	8596	14339	8753	892	27884	18392	4987	4260	7410	3869	6839	14301	0	0	35433	11124	8084	28424	5134
ENSB:2MeYTeEtO8wq4GN	3764	2687	5541	213	3167	3768	1724	2646	6225	2059	2668	3812	9950	8157	3346	3685	3772	7412	2507
ENSB:HMmqv531cnyomwn	7904	2752	5282	105	10529	4482	7179	4926	4687	3677	4557	5656	8251	13328	0	6185	13496	12721	4841
ENSB:S_tDLVHfTxKywTe	1817	1232	695	8.35	535	1265	703	2195	3436	1248	961	5035	0	7326	0	3019	4668	15161	3294
ENSB:JIi81uDnvtR7rUc	0	0	9.59	0.337	0	0	0	312	0	0	0	53.3	0	7.65	43.3	7.91	0	0	0
ENSB:Q5jyiU8u1zNUo3-	0	0	14.2	0.517	0	0	0	315	0	0	0	34.5	0	3.86	60.7	8.18	0	0	0
ENSB:bKGxYhRttmgkXD-	24.3	0	12.7	0.656	91.4	35.2	0	105	0	50.8	14.1	38.1	0	0	10.4	20.4	0	0	22.8
ENSB:cx6SNxJKMGgPTcH	107	107	391	3.84	70.8	120	394	359	91.3	315	456	280	0	48.4	0	229	0	75.2	339
ENSB:jq3QB02LIlnon1X	601	646	285	4.82	620	622	3112	728	1817	882	575	1059	1310	608	41.6	726	379	462	1046
ENSB:wuU3PtO-sC_yUkj	39.0	0	0	0	162	158	231	443	111	0	35.7	102	0	34.2	0	36.4	0	0	0
ENSB:VP07F7tJ5cvkgZp	270	295	1944	5.66	213	1179	2429	1938	131	1259	765	2802	2637	1172	5104	1271	1603	269	1673
ENSB:-bwzV4qTXK3-s5x	0	0	0.991	0.108	18.1	0	41.0	1.43	0	0	5.86	0	0	0	0	2.79	0	0	0
ENSB:optwTMD6QfsjlOE	8.83	0	32.6	2.96	0	0	16.9	18.5	0	0	0	4.56	0	2.27	0	3.2	0	0	0
ENSB:RL36S6Fqy1uT0On	50.3	0	35.8	1.97	0	0	133	82.6	0	96.4	6.32	47.0	0	63.4	0	27.5	0	0	47.6
ENSB:NSnos2x8Y_fD8-w	0	0	1.32	0.16	0	0	45.7	0	0	0	0	73.2	0	1.97	9.33	4.27	0	0	0
ENSB:aKWAIrHfnpXV7Q7	0	0	0	0	0	0	0	170	0	0	0	7.12	0	0	0	1.92	0	0	0
ENSB:AShi26r9phPFZRF	32.8	84.8	65.7	7.45	80.6	56.7	56.9	168	36.5	0	23.0	44.9	0	4.21	111	31.9	0	17.9	0
ENSB:Z0TfMBbN9zC98FL	318	0	458	7.43	0	70.8	54.3	489	46.5	756	8.26	161	0	107	0	210	341	170	387
ENSB:c23rE9LtZNY1gFH	2290	1101	1575	241	1229	1609	893	793	861	984	820	1361	757	1450	0	1044	918	184	1296
ENSB:VbcVkF9RCOO-Wzq	2.94	0	1.45	0.213	0	0	0	7.55	0	5.3	1.19	3.03	0	2.12	0	1.49	0	0	2.43
ENSB:nI93RbVn3tAqnSS	11.8	784	495	10.8	452	496	552	297	59.4	87.6	519	435	1802	16.6	0	316	327	386	40.0
ENSB:rXm8KD0YPaoGy0f	64.7	0	16.5	1.13	0	0	0	14.5	0	0	0	8.12	0	2.33	0	6.03	0	0	0
ENSB:e1nlJM1yIgJrVNy	0	294	111	12.1	115	95.7	33.7	164	0	0	106	37.6	0	3.26	0	51.2	0	0	0
ENSB:iWX_j1e4anf5EB2	0	590	31.6	0.369	204	228	58.5	800	0	712	888	65.9	0	1.24	326	329	0	0	330
ENSB:bB16neRPfp1q17t	104	637	30.2	1.02	424	577	0	357	744	938	605	369	0	5.08	0	671	76.3	0	2250
ENSB:_FP-sp05fuac_On	0	0	0	0	0	0	0	0	0	0	0	0	0	0	0	1e-07	0	0	0
ENSB:0PNRgwetnrdLwln	7.12	0	0	0	0	0	0	0	327	0	0	7.09	0	0	0	13.2	46.3	0	0.501
ENSB:pZHrelsctd2yCLR	0	0	0	0	0	0	18.2	0	0	0	0	1.76	0	0	0	0.387	0	0	0
ENSB:mIXVmB9I6XpFN0g	0	0	0	0	0	0	0	11.4	0	0	0	0	0	0	0	0.11	0	0	0
ENSB:sNLzFrCtA8-xlig	42.7	0	32.5	1.82	0	0	40.2	37.4	0	77.5	4.17	27.6	0	10.5	0	18.9	0	0	35.7
ENSB:Sk8ucO3h0jwixG8	0	0	0	0	0	0	0	0	0	0	0	0	0	0	0	1e-07	0	0	0
ENSB:AgGzxBp5p49hVVB	0	0	0	0	0	0	0	0	0	0	0	0	0	0	0	1e-07	0	0	0
ENSB:We3rAuht0jjlW-N	0	0	0	0	0	0	0	0	0	0	0	0	0	0	0	0.48	0	0	2.76
ENSB:U0I4OJ-aBmK8ygR	0	0	0	0	0	0	0	0	0	0	0	1.5	0	0	0	0.059	0	0	0
ENSB:7sCxiX9zsq7tU9u	0	0	24.7	1.32	0	0	13.1	11.8	0	0	0	12.0	0	3.24	60.9	5.19	0	0	0
ENSB:JEzJNM1-cCNP_dM	0	0	0	0	0	0	5.67	0	0	0	0	0	0	0	0	0.192	0	0	0.537
ENSB:MKRXU4-az58dAbI	0	0	0	0	0	0	0	0	0	0	0	0	0	0	0	1e-07	0	0	0
ENSB:N08InUYa3-ODf5P	0	0	0	0	0	0	0	16.3	0	204	0	0	0	0	0	29.0	0	0	94.1
ENSB:2kFIE-9UeaOyFzu	0	0	0	0	0	0	53.3	12.3	0	0	4.85	0	0	0	11.2	4.43	0	0	11.5
ENSB:w0oSYt84MBllcql	0	0	0	0	0	0	0	0	0	0	0	0	0	0	0	0.651	0	0	3.74
ENSB:YOIWMFj5RdL1QxW	0	0	0	0	0	0	4.91	0	0	0	0	0	0	0	0	0.085	0	0	0
ENSB:hU_0r18_wNKOtMC	0	0	0	0	0	0	39.5	0	0	0	0	0	0	0	0	0.686	0	0	0
ENSB:RtS0UGx7FQ07QG2	0	0	0.22	0.056	0	0	0	5.73	0	0	0.707	0.809	0	2.9	0	0.3	0	0	0
ENSB:QL70Z3DhxWr8s4m	961	578	811	22.6	344	432	2136	724	499	1146	444	751	528	467	1324	750	537	808	986
ENSB:Tc3VWjyeNa7E_n0	58.2	246	86.5	6.65	70.8	82.1	113	160	41.1	245	333	171	0	51.5	0	154	0	201	151
ENSB:vERKFLMBkqI2yxd	512	616	953	606	427	580	182	359	241	449	785	666	0	165	0	554	1336	325	492
ENSB:F-cXtJh8cuttagn	4.11	0	22.8	3.2	0	0	27.5	41.2	0	0	0	5.39	0	0	94.2	10.4	0	0	18.4
ENSB:ycKIMgrQfW2VhSk	33.0	535	292	3.77	119	81.6	17.6	275	221	395	268	231	0	180	0	182	0	0	194
ENSB:14TNLxg4DfTzzYr	160	292	179	11.6	141	159	119	200	166	246	221	194	243	110	329	204	101	504	116
ENSB:5_sBm9TrScCyCRc	465	291	212	61.6	233	174	652	541	171	387	176	337	0	376	0	226	225	106	178
ENSB:EDZk0C6RMD6wpma	3.26	0	0	0	0	0	0	0	0	0	1.41	0	0	0	0	4.56	82.0	0	0
ENSB:hoTy4EuTKok9-SG	0	0	0	0	0	0	0	9.33	0	0	26.5	0	0	0	0	4.71	0	0	0
ENSB:rbAQhU5Lotl5IcJ	0	0	0	0	0	0	0	0	0	0	0	0	0	0	0	1e-07	0	0	0
ENSB:qagAPjPTKQCez6E	0	0	0	0	0	0	0	0	0	60.9	0	0	0	0	0	8.5	0	0	27.5
ENSB:xrFDxwmNIGJoIIX	1.07	0	0.175	0.106	0	0	11.0	3.58	0	0	0	0	0	0	0	0.314	0	0	0
ENSB:EA5y4SQqaHiw6Lg	9.9	0	16.5	1.67	0	0	8.22	55.7	0	8.65	0	26.1	0	8.97	15.1	6.01	5.85	0	5.02
ENSB:6GcW5jCLIkxonbo	19.5	0	96.6	38.7	0	0	230	213	0	41.4	12.1	105	0	39.3	0	40.5	196	49.2	19.3
ENSB:EYJiCVhJmmS3OrA	44.0	0	10.8	0.657	0	0	0	40.9	0	5.97	4.65	21.1	0	4.94	0	6.74	0	0	2.85
ENSB:8LGKI32fsd-AnfF	0	0	0	0	0	0	0	0.745	0	0	0	10.3	0	21.3	172	9.2	0	0	0
ENSB:uf5YoG3cnbWMEJy	91.7	0	45.4	1.28	80.6	0	0	207	0	147	158	44.9	0	4.24	91.5	69.7	0	0	66.9
ENSB:B0Xl_9SNTEkbD_6	179	758	54.5	1.34	260	298	252	164	168	592	267	288	0	373	866	305	14.7	15.0	425
ENSB:NLlyBnLA3nkKl7A	0	0	0	0	0	0	0	0	0	0	4.8	0.67	0	0	0	0.861	0	0	0
ENSB:p0gjiQ-oUmZ9VAU	1149	1749	242	13.2	2250	1999	458	1126	2021	1110	1722	895	0	513	0	1078	912	301	1026
ENSB:DIftNGKOHVWCnV5	5.51	0	4.03	0.378	0	0	0	3.28	0	5.62	0	55.4	0	0	0	3.64	0	0	2.61
ENSB:IqZGjhXGujKStGs	1127	717	665	36.5	736	660	443	948	95.9	613	639	457	0	365	854	524	85.2	128	404
ENSB:EuvH_gYA87zU2tT	44.2	0	30.0	3.03	0	0	60.5	58.0	72.2	61.4	0	15.0	0	9.63	0	18.3	0	0	28.8
ENSB:YzT_7zbEboax4y4	89.0	38.5	146	4.8	37.1	37.0	439	206	133	507	53.9	195	0	112	0	141	22.6	97.4	281
ENSB:tmeVvjveo_dPJwy	36.2	0	3.78	0.687	0	0	0	0	0	667	0	16.5	0	0	1597	192	0	0	412
ENSB:YEhdxejeO5xpvN6	3.64	0	56.7	3.56	0	0	0	0	0	864	2.08	43.0	0	8.6	0	229	0	0	982
ENSB:QuEDeCuI6HfIv0F	0	0	0	0	0	0	50.3	0	0	110	83.1	2.56	0	0	0	31.8	0	0	55.5
ENSB:Simk_YDybNRcdWF	0	0	0	0	0	0	24.6	0	0	0	0	0	0	0	0	0.428	0	0	0
ENSB:YxhsGl0jjaY-VE8	20.6	0	22.3	1.25	0	0	0	52.1	0	168	0	138	0	5.2	0	32.2	0	0	75.3
ENSB:ywZ9Iavkm6vKrmW	0	0	0	0	0	0	0	3.87	0	0	0	0	0	0	0	0.037	0	0	0
ENSB:18g2uB0ktbu2HZI	486	1203	873	131	527	1114	453	732	651	1165	501	525	2025	335	3293	943	913	572	1391
ENSB:yD-pllZCSxE3gAb	20.8	0	14.4	0.615	0	0	0	0	0	0	4.35	8.22	0	0	0	3.35	0	0	0
ENSB:iXHGB1KrFX2slOL	9.72	0	27.2	1.87	0	0	434	29.4	0	17.0	0	34.2	40.5	23.3	168	23.3	0	0	7.92
ENSB:baAeXUpsNIR77J5	130	177	141	3.6	186	189	70.1	227	141	363	315	180	0	8.23	87.3	174	0	3.24	223
ENSB:G_seNm9m9YU2FfT	9.81	206	3.15	0.215	96.2	87.7	13.4	133	16.8	27.8	136	34.9	0	2.91	0	49.0	0	0	13.1
ENSB:JsL3nuDen9izrOb	0	0	0	0	0	0	0	0	0	0	6.05	0.81	0	13.7	0	1.51	0	0	0.345
ENSB:WqHpuVxJlBn1EFc	0	7.31	0	0	0	0	43.1	0.621	0	0	4.26	0	0	0	0	2.22	0	0	2.0
ENSB:S9At5Uf9mX7b5A7	9.08	0	5.49	0.267	0	0	17.7	0	39.8	0	0	3.81	0	0	0	2.63	0	0	0
ENSB:BHHQGBy2aXGFx5g	0	0	0	0	0	0	521	0	0	129	0	2.81	0	176	0	32.5	0	0	62.0
ENSB:hlhejQyBCO_feay	310	0	160	7.31	22.0	0	178	78.6	2356	1657	3.57	522	0	1520	748	678	71.5	0	2116
ENSB:N5cF22avqdk2kpE	86.0	326	116	6.33	143	184	40.4	195	86.2	74.4	198	163	0	8.91	605	132	0	58.8	43.5
ENSB:qPQmAfnxCfgegUD	318	918	199	15.8	269	264	66.8	302	417	295	418	216	0	60.3	0	323	580	183	365
ENSB:9j8PVtc03m_pUxA	318	457	242	13.0	196	287	69.0	220	510	674	284	371	0	75.8	15.4	315	0	395	482
ENSB:v7o89qUj0LfDDGu	24.4	0	48.5	5.43	0	0	0	103	0	56.4	0	56.0	0	2.83	0	16.2	0	5.04	26.2
ENSB:m-4qOjE6YI1rY8A	122	272	84.4	8.68	133	106	32.0	88.8	95.6	98.9	106	77.6	0	21.6	0	78.3	0	18.7	47.4
ENSB:yT5oPPLeyS4D_3W	498	1572	2597	46.5	1366	1853	361	1545	481	1284	2481	3028	6050	259	0	1627	1051	2303	1432
ENSB:GuudCJt7CQmibFd	0	0	0.546	0.115	0	0	0	0	0	0	0	0	0	0	0	0.033	0	0	0
ENSB:XSGIjdVbutOgaLh	7.38	0	154	14.8	0	0	247	52.6	0	0	1.88	13.1	0	9.96	0	15.2	0	0	0
ENSB:AEZG1xweEr_g8VU	520	48.2	46.4	0.417	33.2	112	27.6	99.1	0	0	50.2	31.6	0	984	0	84.5	0	10.5	7.12
ENSB:XwFftGnj-Pme8bG	63.0	477	84.2	7.98	299	383	201	92.5	52.3	232	128	39.6	0	5.13	0	136	0	0	213
ENSB:OttpIvwqjGVORq6	77.7	160	176	3.5	125	90.0	36.4	112	140	283	119	136	0	19.1	0	111	31.0	63.9	132
ENSB:CVBvrs2RLoIRwi_	0	0	5.19	1.8	0	0	26.7	0	0	0	0	0.533	0	84.7	0	5.06	0	0	11.5
ENSB:yFe-6rcT-DmPdKR	0	0	0	0	0	0	24.8	7.53	0	0	0	0	0	0	0	3.01	0	0	14.4
ENSB:VFbggTHTcgj4Ma3	0	0	0	0	0	0	15.0	0	0	0	0	6.42	0	0	0	0.515	0	0	0
ENSB:3e0_zts1rPPCnGu	0	0	0	0	0	0	0	0	0	0	0	0	0	0	0	1e-07	0	0	0
b3446	0	0	0	0	0	0	0	0	0	0	0	0	0	0	0	1e-07	0	0	0
ENSB:2YluOkx9hFxWgr2	0	278	65.9	4.42	134	146	0	56.6	0	0	184	18.9	133	0	32.0	64.7	0	0	0
ENSB:79t8c2eMCXP2TsL	0.951	532	62.6	4.05	286	251	431	37.0	62.5	813	570	147	0	2.5	0	295	0	0	462
ENSB:8LCHILQbzn2asYp	27.8	0	62.6	3.11	44.0	91.4	35.1	201	28.1	76.1	23.1	40.1	0	8.2	0	30.0	19.8	0	35.3
ENSB:p5Z4TpJP8VvvHU-	0	254	5.81	0.224	63.0	75.0	0	76.4	0	0	190	14.8	0	1.15	0	52.2	0	0	0
ENSB:klMv9RT0XbWWWl4	0	0	0	0	0	0	0	0	0	0	0	1.26	0	0	0	0.05	0	0	0
ENSB:WxWZUlAjUABqJ19	0	0	0	0	0	0	0	0	0	0	0	0	0	0	0	1e-07	0	0	0
ENSB:Ewu2lAXgJV4PZ9J	2.39	1364	12.8	1.41	1343	795	231	444	786	6.18	959	142	0	13.2	6.99	361	0	0	2.91
ENSB:EgfOgw83YFbFWn9	0.563	147	267	7.88	98.7	149	0	321	14.2	37.5	55.2	62.1	0	0	0	64.0	134	78.9	21.5
ENSB:131dFQPnIfCeV5W	7.99	480	202	10.0	209	91.9	20.5	339	15.0	20.1	230	77.5	0	0	0	99.9	12.0	0	9.37
ENSB:r3gdrMgTYYFOOln	0	0	16.5	0.275	0	0	0	37.1	0	13.2	0	3.32	0	0	0	3.22	0	0	5.87
ENSB:vU_9odllplsO_XY	0	0	6.4	0.17	0	0	0	0	0	0	0	0	0	0	0	0.353	0	0	0
ENSB:YTexaW2ZTg6QCnV	0	922	41.3	2.2	695	494	51.9	321	569	562	996	598	652	1.96	0	519	762	863	318
ENSB:kn9RVXG2tCZOPbF	14.6	0	33.5	4.62	0	0	410	99.0	47.7	0	0	43.3	0	46.3	0	27.2	236	0	0
ENSB:EFWCeI9MIapAoPg	0.894	4897	272	6.32	9139	8261	30.0	2377	344	916	9467	3833	0	5.52	85.0	4011	9163	7967	1027
ENSB:GmBljzqjyWidTz8	3.18	0	1.02	0.251	0	0	22.7	0	0	0	0	2283	0	1.0	0	92.0	0	0	5.99
ENSB:ElKW66LB160ep5T	93.0	25.3	64.1	1.19	32.7	0	21.2	140	53.4	72.9	21.0	27.3	0	23.7	303	46.7	0	0	34.0
ENSB:UREhc3iOKur82My	268	344	247	24.5	80.1	104	0	284	78.9	383	138	168	0	19.6	0	173	72.8	0	308
ENSB:H8hCNmvOxGv2A5s	154	545	239	10.8	265	268	198	308	92.8	726	460	337	0	111	0	309	105	97.3	438
ENSB:_XegvKdsrnl-ZMt	169	0	30.1	4.5	0	0	25.4	30.5	0	0	0	7.08	0	15.9	153	30.1	0	0	44.0
ENSB:1oi8Qw3nQX-q18f	0	0	0	0	0	0	0	0	0	0	0	1.02	0	0	0	0.04	0	0	0
ENSB:ilZVVVGX7ie31d9	7.69	0	110	2.87	0	0	0	70.2	0	65.6	0	27.5	0	0.765	0	17.7	0	0	30.6
ENSB:XWov6Y-jFNzD_u0	0	0	3.02	0.041	0	0	0	0	0	0	0	0	0	0	0	0.165	0	0	0
ENSB:wreUJ2iZAJ55Ix-	31.1	0	39.5	0.87	0	0	70.2	131	117	109	5.34	48.6	0	51.3	62.3	34.4	24.0	0	51.6
ENSB:0PYoQnvtM-AWbRc	16.4	0	8.9	1.98	0	0	432	279	85.3	299	0	34.1	0	4.69	115	63.8	0	0	138
ENSB:OaQ1MfNl8Si_036	0	0	0.184	0.036	0	0	48.6	0	0	0	0	0	0	0	0	0.856	0	0	0
ENSB:5VNpIF7urX8tx9E	767	311	775	88.5	355	324	316	533	358	563	196	359	0	131	54.1	320	45.2	8.46	394
ENSB:1hqEdYMYT4AkU8z	0	0	0	0	0	0	0	26.7	0	0	0	0.426	0	0	0	0.274	0	0	0
ENSB:zQG4WLC-3DuqGgb	4.79	0	1.58	0.161	0	0	0	0	0	0	0	0	0	0	0	0.429	0	0	0
ENSB:g2uWnskOB6qhP77	0	0	18.7	0.658	0	0	0	19.6	0	0	0	0.965	0	3.87	0	1.36	0	0	0
ENSB:cOhInDSjHCIX258	112	0	0	0	0	0	28.7	1.92	65.8	18.0	0	1.33	0	4.26	0	13.2	0	0	8.48
ENSB:NKPP4D1hCGE239A	0	0	0	0	0	0	41.4	0	0	0	0	0	0	0	0	0.721	0	0	0
ENSB:YwS-7MXBfnbk6Hg	0	0	0	0	0	0	22.5	0	0	0	0	0.011	0	0	11.5	0.942	0	0	0
ENSB:NMbdBlWNE4-M0nJ	12.4	0	0	0	0	0	0	0.945	0	0	0	0.48	0	0	33.6	2.51	0	0	0
ENSB:Bs_ma7_ZxGoF-Ln	2.71	29.7	0	0	0	0	10.5	0	0	0	8.66	0	0	0	39.0	6.91	0	0	9.35
ENSB:hE_lFmjaP9y7U88	38.4	30.7	39.4	0.45	81.6	116	0	526	0	0	42.2	126	0	4.41	232	41.0	0	0	0
ENSB:k3uXSlMjYSRGgPo	0	0	0	0	7.33	0	2.47	0.257	0	0	0.626	0	0	0	0	0.553	0	0	0
ENSB:M1UR6pdhHzEC-kO	0	0	0	0	0	0	35.2	0	0	0	0	0	0	0	0	1.3	0	0	3.95
ENSB:Z1zIHPQ2pdh4gD2	0	0	0	0	0	0	0	0.769	0	6.68	0	0	0	0	0	2.55	0	0	12.3
ENSB:39gb5-bKxLOru77	9.41	0	0	0	0	0	0	7.6	0	0	0	0	0	0	0	0.738	0	0	0
ENSB:kDnES9WQbtp8h9T	7.13	0	3.39	0.293	0	0	4.09	27.1	25.5	50.4	4.24	10.4	0	5.65	0	10.6	0	0	25.3
ENSB:j38-H-FrwX4v0Ir	148	36.5	53.5	1.15	67.9	9.38	33.6	148	478	162	18.6	122	0	60.6	6.47	69.7	14.2	0	76.6
ENSB:4oo_z-POz6jbSx2	0	0	0	0	0	0	0	4.28	0	0	0	0	195	0	0	3.89	0	0	0
ENSB:ohw8y7QehLlEb8s	0	0	0	0	0	0	0	0	0	0	0	0	0	0	0	1e-07	0	0	0
ENSB:AC1Tu2NS8Gcz89W	24.4	0	5.59	0.719	0	0	0	27.3	0	8.43	0	8.95	0	17.0	0	4.3	0	0	3.84
ENSB:3JeVp0-piit-PYA	46.0	0	124	1.49	0	0	0	63.3	139	253	0	54.0	0	43.0	0	61.7	0	0	161
ENSB:gsF8AziNrRcGFxT	0	0	15.8	2.26	0	0	0	43.6	0	0	0	11.8	0	0	0	1.81	0	0	0
ENSB:LYqEGYAYEkTJxNi	3395	8962	7396	875360	2984	7862	693	5917	1430	577	6725	3594	1356	272	0	28959	381	2770	2118
ENSB:7a5-7OH7ySVW5yK	33.9	0	3.77	0	0	0	0	0	0	0	0	0	0	0	0	2.6	0	0	0
ENSB:QN0VgJsT50hc69H	8.22	0	5.99	1.88	0	0	0	43.9	21.5	0	0	16.5	0	34.1	0	3.6	0	0	0
ENSB:a833oj9iILRsv97	300	675	562	20.6	349	277	772	498	453	624	561	548	202	213	0	429	248	175	540
ENSB:zN7Px_sL01R2V0e	97.9	0	43.9	6.66	0	0	0	106	0	91.3	0	53.3	0	53.4	92.9	33.8	0	0	56.1
ENSB:vNN1xomWAcT5wXT	273	132	339	15.7	82.6	229	230	194	161	459	87.9	316	0	112	15.6	176	0	16.5	299
b3501	0	0	0	0	0	0	0	30.5	0	0	0	0	0	0.871	0	0.316	0	0	0
b3502	0	0	0	0	0	0	0	0	0	0	0	0	0	0	0	1e-07	0	0	0
ENSB:NGHeL_ADK_wTa_E	10.3	0	3.17	0.433	0	0	200	14.6	0	0	0	6.89	0	0	160	12.5	0	0	0
b3505	0	0	0.048	0.016	0	0	9.48	2.76	0	0	0	21.4	0	0	0	1.04	0	0	0
ENSB:1S955SerKDI0e9c	628	510	527	5.81	169	193	13.2	583	757	1413	300	957	0	167	0	629	0	0	1769
ENSB:ka91IfqkHbwHBqm	0	0	2.73	0.332	0	0	0	7.14	0	0	0	0.326	0	0	0	0.24	0	0	0
ENSB:IFfr0dwxrCJWfg7	0	0	2.02	0.041	0	0	0	12.3	0	0	0	0.745	0	0	0	0.259	0	0	0
ENSB:LaVme9gVjMOaxfo	1044	2639	10.6	0.137	1112	3200	1140	1301	0	2404	1327	1055	0	361	82.1	1208	0	529	2237
ENSB:dQqZXjOMwEwWeVQ	736	599	6.7	0.259	936	7570	1875	888	960	18007	5417	3946	0	177	222	5467	0	1140	16466
ENSB:rBXYFBOj8jh43gL	11.2	0	215	3.31	0	0	410	137	0	1156	5.43	13.1	0	0	0	253	0	0	919
ENSB:dntb7c4RzTQrLxh	0	0	9.12	0.704	0	0	46.1	18.0	0	0	0	0	0	0	1409	68.9	0	0	0
ENSB:v3qohtuw9WyMWdf	25.0	0	63.2	3.25	0	0	32.6	35.6	117	243	5.17	112	0	9.9	9.25	51.6	0	0	121
ENSB:Hh-dPHBU0gbV3kH	2.97	0	12.6	0.598	0	0	36.8	3.32	89.0	15.8	2.2	22.5	0	23.4	0	8.42	0	0	7.15
ENSB:qcLtVIMKrYnNtIy	0	0	0	0	0	0	0	7.08	0	0	40.3	2.27	0	0	0	9.5	0	0	13.4
ENSB:0_tIjhaY0hgmPDS	0	0	0	0	0	0	0	0	0	0	3.09	0	0	0	0	0.538	0	0	0
b3517	43.9	2777	700	93.3	1410	1875	581	216	1046	1256	919	2007	0	2795	7136	1617	0	18.3	3169
ENSB:AOo3j_-dDDt1bbz	95.7	0	0	0	0	0	22.4	5.55	1157	10.0	0	0.332	0	0	0	44.3	0	0	4.8
ENSB:GVCepr7uS_aOOWd	0	0	32.3	1.65	0	0	17.4	8.03	0	0	0	1.51	0	0.524	0	2.26	0	0	0
ENSB:IfGqq3mic-DNl4V	0	0	0	0	0	0	16.8	0	0	0	0	0	0	0	0	0.292	0	0	0
ENSB:4PqqpIpGkCERH3Z	0.565	0	0	0	0	0	10.2	0	0	1.58	4.15	1.48	0	0.245	0	1.23	0	0	0.747
ENSB:cVLhxVgRdzyHxTQ	5.53	0	71.2	1.54	0	0	0	22.6	0	0	0	19.4	0	31.1	0	6.11	0	0	0
ENSB:qwlx5roxIRX3fY_	0	0	409	125	0	0	0	42.2	0	0	0	50.7	0	0	0	28.9	0	7.97	0
ENSB:FE52fk9cZM4_T1B	0	34.1	57.9	2.88	23.9	65.6	47.6	129	2.23	1.42	15.1	35.4	0	1.72	0	13.6	0	0	0.662
ENSB:i6v4MYWezXkl4P8	2.04	0	0	0	0	0	0	58.1	0	54.8	0	5.77	0	0	0	10.2	0	0	33.8
ENSB:RGuUCzfB1DXqeJy	60.7	195	39.3	1.1	55.2	42.7	669	171	36.5	36.9	170	256	0	1919	217	142	0	6.87	24.2
ENSB:bCHmuXGFgz1j7Nk	41.6	126	105	2.86	109	108	270	89.0	147	226	155	96.7	0	39.0	9.01	96.8	0	0	104
ENSB:mEB3JwKSW6M7HPa	381	163	14.7	0.298	55.7	172	0	107	56.8	33.2	119	45.8	0	1.56	0	71.4	0	0	14.9
ENSB:4e796jwn09jlDEB	8.19	0	16.3	1.64	0	0	12.7	58.4	0	18.2	3.88	7.67	0	31.0	0	6.81	0	0	9.23
ENSB:-dasUSTwKw41ccB	8.43	0	1.2	0.189	0	0	10.2	0	0	2.97	11.5	1.06	0	75.3	30.1	6.73	0	0	1.37
ENSB:lkMaTChVy0hJQGU	31.1	0	0	0	0	0	5.93	0	0	0	1.09	0	0	0	0	2.92	0	0	2.44
ENSB:xoycROiAw9Z-O2V	49.9	0	0.577	0.12	0	0	0	1.42	0	0	0	2.04	0	6.18	0	3.82	0	0	0
ENSB:bY8l6If-a11yShp	0.204	0	0	0	0	0	6.42	1.01	0	0	10.8	0.515	0	0	0	2.2	0	0	1.02
ENSB:t5yqQJBrZptCVR4	0	0	0	0	0	0	0	0	0	0	0	0	0	0	0	1e-07	0	0	0
ENSB:UhQT_fcEZRaMwkO	8.17	0	0.799	0.243	0	0	12.5	7.19	0	0	0	1.5	0	0	5.97	1.72	9.27	0	0
ENSB:b8HhVLxkhCDytPH	0	0	0	0	0	0	0	176	0	0	0	0	0	0	0	1.69	0	0	0
ENSB:Br3-7UsCGis1mRs	42.9	0	27.9	1.18	0	0	0	17.3	0	0	0	7.91	0	0	3.41	5.23	0	0	0
ENSB:Uo3H4Zq_5gkWmr_	0	0	0.068	0.067	0	0	0	5.88	0	0	1.76	0	0	0	0	0.368	0	0	0
ENSB:t5JSUI7B8F_xrhI	0	110	13.6	0.737	49.8	45.0	0	214	18.9	111	112	115	0	2.61	0	56.0	54.7	0	57.8
ENSB:E_-mqbDYyVndVPj	0	117	16.4	1.08	91.4	149	11.1	206	19.5	62.0	131	108	0	1.18	0	54.2	35.0	0	29.0
ENSB:o3ue8fL0TOCJrPP	0	0	4.29	0.429	0	0	0	62.6	0	0	0	21.0	0	0	0	1.68	0	0	0
ENSB:HrBlrlEA5iBnsAh	0	0	5.37	0.517	0	0	0	211	156	168	0	46.0	0	0	0	59.3	0	0	231
ENSB:-uxAxjMI9hZsnLe	2.22	2625	1065	31.9	3762	5366	169	1822	770	1278	3286	1475	826	33.3	3.11	1782	4173	1065	1461
ENSB:wbcxg0k1P3wj8fx	0	0	1.58	0.233	0	23.4	38.2	10.4	0	38.4	5.11	2.99	0	2.04	0	7.69	0	0	18.0
ENSB:DPSxeJCIPbQLa3H	0	0	0.967	0.063	0	0	0	0	0	0	0	0	0	0	0	0.054	0	0	0
ENSB:C7R21euAS6_B0qU	0	0	0	0	0	0	0	0	0	0	0	0	0	0	0	1e-07	0	0	0
ENSB:HXmiegpuQFsbwEn	0	0	0	0	0	0	0	64.5	0	0	12.0	4.62	0	5.33	0	3.03	0	0	0
ENSB:uJ73ZnllAKgz1OM	0	0	1.06	0.143	0	0	0	0	0	0	0	0.539	0	0	0	0.083	0	0	0
ENSB:otK28DJNKFQMW0F	0	74.5	17.8	0.958	0	0	10.0	23.0	0	35.1	0.355	16.3	0	8.84	0	11.5	0	0	18.4
ENSB:cDrmDM5WbJ5Pmvb	179	0	24.6	4.2	0	58.1	94.3	126	871	0	0	254	0	10.6	0	54.8	0	0	0
ENSB:w5sNu5Jw8wKnEL2	280	322	1318	23.7	160	229	411	480	193	568	319	960	0	397	569	482	47.8	1107	520
ENSB:kMJj4ohDWil98mC	538	979	463	21.0	356	220	23.5	592	391	796	372	294	0	182	2.14	356	0	0	410
ENSB:fcPXuXhvyYBufpE	0	0	4.65	0.191	0	0	0	0	0	0	0	0	0	0	0	1.67	0	0	8.09
ENSB:Hg87mmhAf5Zi3RW	918	65.3	13.9	0.452	181	61.0	3118	384	1082	1331	37.5	574	4474	2332	7558	1084	0	0	1673
b3557	0	0	0	0	0	0	0	0	0	0	0	0	0	0	0	1e-07	0	0	0
ENSB:4jQGS59ezPaxpcy	0	0	0	0	0	0	19.9	34.4	0	41.3	4.82	0	0	0	0	8.86	0	0	27.7
ENSB:6tYePxzpFriEKCy	457	756	1078	75.2	706	645	1006	695	462	1088	874	772	631	1088	0	787	262	1302	956
ENSB:fXhieaeEGm2gmo4	156	1206	728	14.2	267	491	159	457	379	600	395	332	1685	680	0	428	33.4	202	503
ENSB:tpn5M-U1vHgnKic	0	0	0.086	0.041	0	0	0	0	0	0	0	0	0	0	0	0.006	0	0	0
ENSB:jB1LWxDWEc91xEQ	0	0	0	0	0	0	0	0	0	0	9.41	0	0	0	0	1.64	0	0	0
ENSB:o6cRvZydiL04Ue1	0	0	0	0	0	0	0	0	0	0	0	0	0	0	0	1e-07	0	0	0
ENSB:KQXzh5IziW0nzNX	8.1	0	16.6	1.0	0	0	12.9	19.3	0	0	0	1.85	0	0.506	0	2.0	0	0	0
ENSB:yyRtrnik-bPEAfH	7.06	0	4.9	0.542	0	0	6.85	13.8	10.8	0	6.17	21.9	0	0	0	3.3	0	0	0
ENSB:PgZqditU4fltj_j	0	570	0	0	464	406	226	161	0	11.5	582	94.1	0	1.92	0	172	0	0	5.38
ENSB:1auennhV3gYtXx4	0	0	0	0	0	0	36.1	5.29	0	0	2.9	0.894	0	0	0	1.79	0	0	3.3
ENSB:2x6TJT4e5xCqqpi	0	0	0	0	0	0	0	0	0	54.5	0	0	0	0	0	11.8	0	0	48.5
ENSB:4Mx9rcz6UN7vL4K	3.83	0	0.596	0.065	0	0	0	0.426	0	0	0	2.66	0	6.67	0	0.59	0	0	0
ENSB:smTW6WPxbFXw3Cr	0	0	0	0	0	0	9.54	0	0	0	8.68	3.02	0	0	0	3.62	0	0	10.5
ENSB:YPm2M-PkmkgVSDP	0	0	0.096	0.042	0	0	5.77	5.88	0	0	0	0.158	0	7.88	0	0.378	0	0	0
ENSB:cP3H9Gb5xdBHY2p	44.5	0	147	4.13	26.4	0	85.9	155	0	149	3.4	105	0	77.0	0	46.8	0	26.9	75.8
ENSB:jd-IcMXKZkU_IF_	0	0	0	0	0	0	0	0	0	0	0	0	0	0	0	1e-07	0	0	0
b3574	5.64	0	49.5	2.3	0	0	11.3	81.0	0	131	0	27.6	0	7.69	201	34.7	0	12.1	61.3
b3575	10.2	0	0.002	0	0	0	27.2	1.23	0	0	3.3	1.23	0	0	0	1.83	0	0	0
b3576	0	0	0	0	0	0	0	13.2	0	0	0	0	0	0	0	0.127	0	0	0
b3577	0	0	0	0	0	0	0	0	0	0	0	0	0	0	0	1e-07	0	0	0
b3578	0	0	0	0	0	0	0	2.0	0	0	0	0	0	0	0	0.019	0	0	0
b3579	0	0	0	0	0	0	11.5	0	0	0	22.5	2.82	0	0	0	4.22	0	0	0
b3580	0	0	0	0	0	0	19.0	0	0	0	0	0	0	0	0	0.33	0	0	0
b3581	3.36	0	1.02	0.12	0	0	0	4.03	0	0	0	0	0	0	75.7	3.96	0	0	0
b3582	0	0	0	0	0	0	0	0	0	0	15.4	0	0	0	0	2.68	0	0	0
b3583	0	0	0	0	0	0	0	0	0	0	0	0	0	0	0	1e-07	0	0	0
ENSB:Lrk_Atiuse2Pk7B	0	0	0	0	0	0	0	0	0	0	6.92	0	0	0	0	1.2	0	0	0
ENSB:6CC9UVAwG_SnstM	0	0	0	0	0	0	34.2	4.52	0	0	0	0	0	0	0	0.638	0	0	0
ENSB:clbtiP2uhl_IaBN	0	0	0	0	0	0	15.9	0	0	0	0	0	0	0	24.2	1.43	0	0	0
ENSB:mQf6LXes4ZfDf7i	0	0	0	0	0	0	0	0	0	0	10.8	0	0	0	0	1.88	0	0	0
ENSB:hoKbkbKiD029f8l	0	2289	210	20.5	1651	1898	200	798	0	169	2034	287	0	10.5	126	652	0	0	83.5
ENSB:imW_IdGoRdby5fE	0	0	0	0	0	0	68.9	4.48	0	0	0	0	0	0	0	1.74	0	0	2.84
ENSB:K3nQSRoJwKYJCZn	40.6	9.74	68.3	7.96	19.1	7.03	54.5	159	91.4	105	4.99	75.0	0	16.2	75.4	37.7	6.93	6.06	51.4
ENSB:fJukhsJ8f9GD-l3	99.4	0	42.3	4.41	0	0	11.2	14.8	13.0	63.1	3.63	48.2	0	8.98	0	23.0	0	14.0	29.6
ENSB:g3JS1Lr9h69WF3I	1.22	447	437	13.8	190	288	0	380	0	0	188	110	0	17.5	0	110	113	0	9.66
b3593	0	4.39	0	0	0	0	5.55	0.26	0	0	0.648	0	0	0	0	0.439	0	0	0
ENSB:EEoit_TqoJSRygA	0	0	0.82	0.154	0	0	17.2	44.4	0	0	4.37	6.92	0	1.41	64.8	4.94	0	0	0
b3596	0	0	0	0	0	0	0	0	0	0	0	0	0	0	0	1e-07	0	0	0
ENSB:ry5dsolwDjIek-j	0	0	0	0	0	0	96.6	0	9.87	19.7	27.6	0	0	0	0	13.2	0	0	30.1
ENSB:Gowd3LLHdnjjWlq	0	0	0	0	0	0	0	0	0	0	0	0	0	0	0	1e-07	0	0	0
ENSB:aEflD-CU3qYkmt5	135	460	223	3.53	171	246	24.3	418	179	527	239	147	0	18.3	0	225	30.4	17.6	426
ENSB:ZLekCedFifCq2-8	272	907	483	18.8	433	446	576	525	141	651	517	243	0	36.5	0	391	163	87.4	541
ENSB:nMvyw7xs-OFdPGA	0	0	6.0	0.592	0	0	0	39.3	0	0	0	8.49	0	0	0	1.06	0	0	0
ENSB:ez3Pt_h2wn7i9Vs	163	267	149	1.92	208	252	1033	231	0	384	541	209	0	85.6	405	313	119	4.63	523
ENSB:TX04T8IM6gMTvTN	0	0	4.7	0.042	0	0	0	2.68	0	0	4.19	28.2	0	0	0	2.13	0	0	0
ENSB:Y1jG73dikyUHlrI	0	0	0	0	0	0	21.5	0	0	0	6.88	0.279	0	6.79	0	1.76	0	0	0
ENSB:mAA4T-rfAn4LAQF	554	29.7	183	11.5	44.5	30.0	16.1	142	0.617	235	29.8	149	0	241	115	122	0	17.6	158
ENSB:3yz7Fq7YI4xlCdg	118	0	10.7	1.69	0	0	17.0	43.6	0	0	0	16.2	0	9.0	46.0	12.8	0	0	0
ENSB:IMC63JVt91noYRf	82.1	121	104	18.8	65.5	155	283	312	380	162	70.6	155	518	105	0	112	39.2	1.54	147
ENSB:EfvQXJMaBs60blH	104	317	136	6.54	133	127	467	238	142	75.1	165	161	0	93.5	275	137	217	90.4	52.5
ENSB:WwImBMrO66Se_ot	1812	2657	1773	2666	716	2287	1550	760	2665	1526	1944	1877	5445	1281	7117	2133	14.2	1959	2132
ENSB:lPFCdzGLUmquelH	658	1082	707	5.73	1011	1087	1280	514	817	820	959	785	0	810	0	733	620	246	873
ENSB:PxVwrQI8RS8S7cp	696	374	548	11.9	178	300	225	459	850	932	218	499	0	292	136	481	0	230	1081
ENSB:fLh0Oi4pZPWzHrk	274	245	792	38.8	96.2	227	375	342	1199	1342	206	604	771	178	1082	570	0	450	1100
ENSB:zIil9suWb_qTC9w	22.3	0	19.9	0.986	0	0	34.1	22.4	0	25.5	0	13.2	0	4.61	0	10.0	0	0	24.8
ENSB:8Pklk-21TfJIn28	1.26	0	0.42	0.124	0	0	0	4.99	0	0	10.8	8.58	0	1.12	0	2.41	0	0	0
ENSB:zd_r_RFgrj6_QCN	0	0	0	0	0	0	21.6	0	0	58.1	0	0	0	0	0	8.43	0	0	25.9
ENSB:1e1VE21jo5rK1rI	602	81.9	132	13.5	106	80.6	492	105	76.6	268	82.0	241	0	254	0	186	0	0	379
ENSB:SWDBfyof74_RWQx	899	0	113	9.85	30.3	9.38	1136	56.0	652	916	13.1	356	0	466	245	311	0	0	587
ENSB:ysZ7TDemt4OTV0O	0	0	18.9	0.797	0	0	0	11.5	0	16.1	7.19	13.9	0	2.02	120	11.0	0	0	7.31
ENSB:lfC3krKyLxS0nWp	616	1283	1254	115	953	952	1531	565	711	972	682	899	338	441	1560	810	221	715	795
ENSB:3WMDYB_b1eLMY85	18.6	0	22.0	2.15	0	0	67.7	51.8	0	0	0	37.5	0	12.2	0	6.05	0	0	0
ENSB:ZTM6mVYSbci9y71	10.2	0	3.29	0.408	0	0	0	16.8	0	0	0	7.15	0	4.3	0	1.47	0	0	0
b3622	0	0	0.739	0.102	0	0	8.31	0	0	0	0	3.45	0	1.7	0	0.369	0	0	0
b3623	0	67.7	11.1	0.798	30.3	6.56	0	22.3	0	8.26	26.1	7.92	0	4.09	0	12.2	0	0	3.79
b3624	0	0	7.29	0.42	0	0	0	0	0	6.86	0	7.03	0	0	0	1.67	0	0	3.26
ENSB:-kE9dm-L4XzDW08	0	14.1	24.8	1.44	0	0	26.6	133	0	0	1.31	30.1	0	8.34	0	5.5	0	0	0
ENSB:uKz7hJF5VQJAk5Q	0	0	1.96	0.159	0	0	0	33.2	0	33.5	13.6	2.61	0	7.15	0	7.81	0	0	15.4
ENSB:QXH8_OwHaDkuPC8	0	0	6.24	0.382	0	0	12.1	7.88	0	0	0	4.64	0	0	0	0.821	0	0	0
b3628	0	0	13.2	0.856	0	0	0	23.7	0	0	0	10.7	0	0	0	1.4	0	0	0
b3629	0	0	2.37	0.077	0	0	94.5	3.36	0	8.57	9.33	14.3	0	0	0	5.41	0	0	5.1
ENSB:73595sbkplnYg4J	13.6	0	5.36	0.214	0	0	45.8	28.4	0	44.2	119	7.89	0	3.39	0	29.7	0	0	20.7
ENSB:IPHJ2ZVXIYyzprk	3.99	0	14.9	0.735	0	0	14.7	32.7	0	5.67	0	9.76	0	5.61	0	3.02	0	0	2.64
ENSB:H3I7psDOZeABeqs	0	0	49.4	0.531	0	0	5.1	19.9	0	0	0	12.4	0	12.5	0	3.8	0	0	0
ENSB:qLRaOxMwdeqctsD	56.5	0	11.7	0.629	0	0	0	42.4	38.8	15.4	0.687	14.5	0	45.0	112	15.7	0	0	7.09
ENSB:c_WTxg5gtTTlfmR	98.8	0	123	323	0	0	0	131	0	192	0	46.0	0	5.66	0	53.7	0	0	90.3
ENSB:VzWg4rfs9htYUeM	27.4	0	0	0	0	0	19.1	0	0	10.3	0	11.9	0	19.2	12.8	5.32	0	0	4.79
ENSB:CWtQvoXTBEZC9mj	4686	1757	1725	32.1	538	2234	5615	6270	698	4967	1732	2387	5508	2664	0	2963	2777	4934	4680
ENSB:gQOeEVsOhFXbnup	3117	2005	2890	205	4612	3043	5150	4147	7816	2301	3557	4786	3751	9150	0	4017	10995	4244	4208
ENSB:fT76Daeh4ElamPG	0	0	0	0	0	0	9.67	0	0	0	2.41	0	0	0	0	0.587	0	0	0
ENSB:Aq61TUiWD0Nu1Ti	130	215	57.3	1.6	168	178	60.6	58.4	88.1	214	263	157	0	38.4	181	136	0	45.2	107
ENSB:aVp2xJxjWbrZbRT	188	0	73.2	1.45	171	189	35.2	284	581	459	376	392	0	182	1268	322	318	563	221
ENSB:HmRLgEc1ssIU0Ks	20.9	0	39.3	2.75	54.7	0	29.2	83.9	0	79.3	11.8	45.1	0	41.5	0	24.3	0	0	37.3
ENSB:aHdmawKIczqHCSl	123	0	6.07	1.03	0	0	163	50.7	168	0	6.3	40.4	0	117	0	23.3	0	0	0
ENSB:avhUtYZ8BRJUQh6	184	281	699	28.3	199	272	272	352	173	457	495	270	0	218	0	271	69.9	63.6	220
ENSB:k4ft9j6zb7eIjrS	19.8	0	0	0	0	0	93.9	0	0	0	0	0	0	0	0	3.03	0	0	0
ENSB:sEwvRsxMe4JoCp1	0	0	0	0	0	0	0	0	0	0	1.89	0	0	0	0	0.328	0	0	0
ENSB:f9iBDFViGBgZ8zK	0	0	0	0	0	0	7.94	0	0	0	2.5	0	0	0	0	1.2	0	0	3.59
ENSB:7blDXXc_NiDO9tw	46.2	42.4	265	7.46	51.8	54.4	802	290	198	206	79.3	93.2	0	195	415	137	29.2	125	142
ENSB:Ao9x29GFZzJVE8r	317	1313	37.1	1.88	3472	1204	3636	1514	916	1957	2131	1619	1495	900	6962	1763	1424	1116	1515
ENSB:06B52xiX7fP7JLK	21.6	0	18.5	1.54	14.7	0	15.6	89.5	24.8	61.2	6.85	41.4	0	19.4	307	32.0	0	0	28.3
ENSB:qBhvbzKtdjKQxji	15.0	0	44.4	1.5	0	0	215	42.6	0	39.9	0	50.7	0	12.2	0	18.5	32.4	15.4	18.6
ENSB:lXRfAgVeyMpPML5	1.76	0	10.6	0.516	0	0	17.4	30.8	0	0	2.54	9.87	0	4.81	72.9	9.32	0	0	20.5
ENSB:k8VZu8QpiIVxyLw	4.45	0	16.4	0.171	0	0	0	2.36	75.9	0	0	19.4	0	0	0	4.33	0	0	0
ENSB:fz1k70zPgbhbUYa	0	0	5.14	0.058	0	0	0	0	0	0	0	4.11	0	0	0	0.443	0	0	0
ENSB:jMkoRQyFowlPYve	24.1	0	43.8	1.88	18.1	16.4	0	90.9	10.9	101	2.69	31.9	0	24.8	19.3	24.3	0	0.543	47.2
ENSB:F4ulk4hgxLkCNe-	1.88	0	0.028	0.047	0	0	12.2	2.87	0	0	0	0.305	0	0	0	0.388	0	0	0
ENSB:mbz_whkexQVdoTY	0	0	0	0	0	0	11.1	0	0	0	0	0	0	0	0	0.193	0	0	0
ENSB:X-EYiMKyEwRACX6	0	0	0	0	0	0	0	6.76	0	0	0	0	0	0	0	0.065	0	0	0
ENSB:xkdIgqUuAorcw-t	0	0	0.02	0.036	0	0	0	0	0	0	0	0	0	0	0	0.002	0	0	0
ENSB:Yt0ZXZY2qNe1sFn	30.7	425	448	9.89	374	279	105	301	53.5	132	272	197	0	25.8	23.0	170	45.9	52.1	115
ENSB:S4y01DtviYFSgmD	0.706	0	0	0	0	0	0	0	0	0	0	0	0	0	0	0.05	0	0	0
ENSB:37KA9hfUXEXqsB9	18.9	0	1.5	0.143	0	0	0	28.5	0	0	5.22	0.989	0	1.67	0	2.69	0	0	0
ENSB:ZUMwAlaCvfP-8hm	0.422	0	0	0	0	0	12.6	5.29	0	35.8	0	0	0	0	0	9.31	0	0	39.3
ENSB:Ks1aLnhUFdcfa4b	15.3	0	0	0	0	0	14.8	0	0	0	0	15.1	0	3.4	0	2.03	0	0	0
ENSB:FTB_2GfXmV8BOFu	0	0	2.55	0.246	0	0	0	12.1	0	0	0	0.705	0	0	0	0.29	0	0	0
ENSB:LKsN2o6PNkBWEJ4	0.103	0	0	0.016	0	0	0	0.678	0	0	0	1.15	0	0	0	1.28	0	0	7.03
ENSB:ixIcy_Ia1ojNG0e	0	0	0	0	0	0	18.2	0	0	17.0	3.65	3.42	0	0	0	3.53	0	0	8.1
ENSB:GRsIogGVlQd1Ufh	5.62	0	20.7	1.5	58.6	0	0	105	41.4	0	8.78	7.03	0	7.0	0	9.03	0	0	0
ENSB:di4Qs3Js0Ahuf6Y	27.3	533	93.3	17.0	264	231	100	1222	0	34.9	279	273	0	6.42	0	134	21.7	0	32.0
ENSB:vZO050Bo4fSwT2z	14.8	1029	137	7.51	448	501	0	751	0	79.1	872	379	1409	6.15	153	327	123	103	36.2
b3672	0	0	0	0	0	0	0	0	0	0	0	0	0	0	0	1e-07	0	0	0
ENSB:TyJEtanyDxj29TN	0	0	0	0	0	0	0	0	0	0	0	0	0	0	0	1e-07	0	0	0
ENSB:ecF8R2Ly5Qqd7Tg	4.45	17.5	0	0	0	0	0	0	21.7	0	0	0	0	0	0	1.89	0	0	0
ENSB:fWcaMPKmJbPu9Iw	0	0	0	0	0	0	0	15.3	0	0	0	0	0	0	0	0.147	0	0	0
ENSB:rPbZ2CK9Pi0Xv-p	0	0	2.15	0.143	0	0	0	73.3	0	0	0	0	0	0	7.14	1.17	0	0	0
ENSB:TO6cYQ8aRfCPxj1	0	0	0	0	79.1	0	0	0	217	0	174	0	0	0	0	41.3	0	0	0
ENSB:fAITbWZLaseoa-f	0	0	0	0	0	0	29.3	5.58	0	0	0.415	0	0	0	0	1.6	0	12.6	0
ENSB:4l15vyeBVOF1wli	0	0	0	0	0	0	0	0	0	0	0	0	0	0	0	1e-07	0	0	0
ENSB:yqxK8xPEQqz8mdP	0	0	0	0	0	0	35.8	7.1	0	0	12.8	0	0	0	0	2.92	0	0	0
ENSB:CVHOE4n1Bux_iMo	0	0	0	0	0	0	20.9	0	0	0	0	0	0	0	0	0.364	0	0	0
ENSB:cyrHl9xI3llfgLS	18.4	0	2.49	0.13	0	10.8	0	5.19	16.9	0	0	3.59	0	0	0	2.29	0	0	0
ENSB:GnwJYgUfuDYzVJm	1752	0	557	40.8	0	0	0	86.8	114	0	0	391	0	33.7	161	239	73.1	676	0
ENSB:hDsBpRbDGOd-wuN	1022	0	577	4.43	0	0	0	336	113	178	0	648	0	102	2305	295	0	254	87.5
ENSB:gA8FgdQkBi91SmN	2.67	0	14.8	1.3	0	0	0	313	0	0	0	42.3	0	0	0	5.71	0	0	0
ENSB:GGB3FOvhc9_L81N	13.5	0	28.4	3.19	0	0	41.1	31.9	80.6	0	0	8.75	0	49.0	130	14.5	0	6.99	0
ENSB:9b1KPVjOxH-bdYO	0	0	0	0	0	0	0	2.94	0	7.18	0	0	0	0	0	1.05	0	0	3.33
b3691	0	0	0	0	0	0	0	4.19	0	0	1.86	0	0	0	0	0.364	0	0	0
b3693	0	0	0.331	0.096	0	0	0	5.36	0	0	0	0	0	0	0	0.072	0	0	0
ENSB:Q2R4Lqtl5eBT5xo	0	0	0	0	0	0	21.3	0	0	0	0	0	0	0	0	0.37	0	0	0
ENSB:UEzzK3YEAfFfALD	124	0	243	10.6	0	330	1427	243	74.0	251	0	176	0	56.3	0	142	0	62.8	328
ENSB:_MJZTBzOddx6g2S	39.4	1144	6.39	0.737	208	215	0	415	0	220	485	149	0	4.7	0	248	0	0	369
ENSB:J3dnKxrgQxxosqJ	286	354	326	9.55	241	198	265	355	140	632	330	355	0	536	1560	405	115	501	443
ENSB:d_fDQjY_uB1yPRH	0	0	1.66	0.104	0	0	0	11.1	0	0	17.0	3.49	0	0	0	3.3	0	0	0
ENSB:fHgFI3BP1dI7vuw	249	284	215	5.73	157	162	188	137	337	348	204	500	235	152	0	195	0	7.93	228
ENSB:He0x-zb81ltElsY	42.5	0	29.2	1.53	22.5	14.5	48.5	66.4	57.8	7.27	18.4	61.7	0	60.8	295	33.3	0	0	12.4
ENSB:No15sc-c5HVhH5d	1976	0	0	0	0	4990	3025	5752	0	890	936	4851	0	2719	0	1692	14354	748	724
ENSB:EtKbhQe5jbR3YQi	32.0	0	12.1	0.454	0	0	0	283	0	0	0	99.4	0	27.2	319	37.1	0	150	0
ENSB:bCIKlBChbBcie1K	139	40.9	257	9.76	52.3	176	103	144	583	150	44.5	265	0	242	0	105	0	87.4	67.9
ENSB:V_L_9FE4P6J-Zdf	48.3	144	95.6	4.01	78.2	36.6	140	169	73.9	155	63.4	82.7	0	55.4	1684	147	0	17.5	72.6
b3707	0	0	0	0	0	0	0	0	0	0	0	0	0	0	0	1e-07	0	0	0
ENSB:7YhVmtkQCWhkZnj	9373	934	284	6.82	830	1284	4825	296	1120	5487	878	6053	0	646	3716	3012	0	0	6787
ENSB:6VJDw5SRNInctA5	54.3	0	0	0	0	0	0	0	0	0	0	20.5	0	0	0	4.65	0	0	0
ENSB:hBtERYuDlNpodku	0	0	0	0	0	0	0	0	0	0	0	0	0	0	0	1.58	0	0	9.07
ENSB:1ZCYkPIF0deGAf2	0.101	0	2.19	0.255	0	0	0	0	0	0	0	0	0	0	0	0.133	0	0	0
ENSB:hXKkT2xfKfexcgf	0	0	0	0	0	0	68.2	9.42	0	3.51	0	1.53	0	0	0	1.84	0	0	1.63
ENSB:kd0moncj54jZzm9	394	1773	645	20.7	1092	738	23.7	578	136	581	2205	537	0	73.1	98.3	833	37.1	489	647
ENSB:Kp9IKBopo7MmhSq	0	0	91.4	0.967	0	0	56.7	0	0	0	0	33.6	0	0.77	0	7.33	0	0	0
ENSB:QLQr-LpBJUB4JFC	9.27	0	0.135	0.088	0	0	12.5	0	0	0	0	2.41	0	0	0	2.26	0	0	7.39
b3716	0	0	0	0	0	0	0	0	0	0	0	0	0	0	0	1e-07	0	0	0
b3717	0	0	0	0	0	0	35.1	0	0	0	0	0	0	0	0	0.611	0	0	0
b3718	0	0	0	0	0	0	0	0	0	16.1	0	0.655	0	0	0	2.29	0	0	7.4
b3719	0	0	0	0	0	0	35.6	3.74	0	0	10.9	0.33	0	0	0	2.57	0	0	0
b3720	0	0	0	0	0	0	0	0	0	0	0	0	0	0	0	0.629	0	0	3.61
b3721	0	0	0	0	0	0	0	0	0	0	0	0	0	0	0	1e-07	0	0	0
b3722	0	0	0	0	0	0	0	5.21	0	0	2.98	0	0	0	0	0.569	0	0	0
b3723	0	0	0	0	0	0	0	2.25	0	0	0	0	0	0	14.1	0.696	0	0	0
ENSB:DtOL-NxEw8KMqT8	168	0	62.4	9.77	94.8	70.3	115	267	563	201	29.7	126	71.1	216	0	104	0	11.2	171
ENSB:Y8QOfQm-bBG92Wj	28.1	0	122	6.51	0	0	17.4	78.1	288	309	0	109	0	19.2	2273	184	0	0	190
ENSB:iXS4NwEcY3Nb9xu	0	0	1.47	0.745	0	0	0	0	50.0	0	0	0.838	0	0	0	1.67	0	0	0
ENSB:DoT5wY5Sy98FEWf	1.45	39.5	2.76	0.544	0	0	0	21.1	189	0	7.56	5.28	0	0	1856	98.6	0	0	0
ENSB:99v7dq1vWkvhqCm	135	1031	51.3	1.7	671	363	7.71	283	2577	553	805	315	0	4.71	408	474	196	86.4	359
ENSB:9M7B3QAtn00QETA	1496	567	512	27.8	276	377	1330	376	812	604	307	905	569	654	0	514	40.4	197	617
ENSB:U5uc75ska63PxyK	152	188	125	6.44	66.0	63.3	80.6	186	280	215	124	183	0	163	445	134	28.5	0	124
ENSB:g_D74rVr5T4-h2r	597	1342	2035	103	906	1578	3483	1464	0	934	1084	642	534	148	1.59	889	1380	275	826
ENSB:zxq8X0HwKBZPY4e	2446	2780	2169	174	5894	3938	876	2022	3134	1567	3362	2478	1840	4774	7254	3999	3895	15981	2007
ENSB:9fTkrk8JEKde6T2	1170	1445	942	107	1907	1012	228	915	299	1016	1685	863	73.9	913	704	1071	430	1556	753
ENSB:jtpOeT9t2lQ-Kn6	2668	2121	2234	51.2	2722	2920	869	1510	3634	2123	2290	2213	809	8253	3904	2612	2097	4181	2311
ENSB:ZuoK_mEBrr8BEU5	620	1783	519	40.7	1075	1100	749	964	1208	597	1231	765	575	643	963	860	1322	552	568
ENSB:s7vH8t24p5GBcoK	1952	964	1366	161	947	752	859	1331	3127	698	839	1292	0	745	0	1029	2127	885	827
ENSB:9wGxAA-QrZAhrWG	2804	0	0	0	0	0	433	2101	5731	493	0	131	0	5.5	0	649	0	0	1215
ENSB:0uyGt6hOAGEdJ0l	119	0	157	1.23	0	220	0	197	0	0	0	53.4	0	106	0	30.7	0	0	23.7
ENSB:blJoETJ0LDCfPCX	0	0	0	0	0	0	0	0	0	21.5	17.9	0.547	0	0	0	6.23	0	0	10.2
ENSB:elnrQDumXoYQbff	130	0	51.4	7.39	0	0	0	127	0	57.1	0.886	33.7	0	54.8	137	32.1	0	0	32.8
ENSB:riWPReGw2VjA4q3	89.1	0	111	1.33	0	0	70.4	139	16.7	175	0.428	77.4	0	66.9	0	46.8	0	18.2	82.5
ENSB:IluwyxEULywTEDm	33.0	366	229	1.07	174	186	178	447	84.1	497	716	427	0	184	0	359	0	78.9	698
ENSB:CTwoTEzVEpnSbSl	3.84	0	19.0	0.581	0	0	570	68.3	0	77.8	560	77.9	0	756	829	183	0	0	35.5
ENSB:4IzkjMesh8wxucz	1180	0	12.5	0.727	0	0	292	93.4	1288	918	0	268	635	138	0	529	399	203	1617
ENSB:w74rCbBYY834Wuo	0.499	0	0.627	0.162	22.0	0	13.8	5.18	0	0	33.0	2.73	0	0	25.9	8.84	0	0	1.16
ENSB:QEEhYXTAeGKK0SC	122	0	27.8	1.7	0	0	38.0	86.6	16.6	10.3	0.532	19.5	0	8.14	137	23.7	0	32.3	4.75
ENSB:eMyRLVZWeHIKVto	10.2	0	8.11	0.328	0	0	23.1	9.68	0	1.13	0	2.61	0	10.3	0	2.2	0	0	0.527
ENSB:CXkVrk4dI1JTUeB	115	278	0.85	0.169	182	196	0	70.9	0	0	106	85.3	0	58.2	0	300	4836	0	0
ENSB:_6hYi9_pDmV7lrD	19.1	0	12.0	0.932	0	0	110	47.2	6.29	0	17.1	128	0	170	0	17.4	0	0	1.36
ENSB:Azyn7usgdEz-DJR	13.9	0	1.27	0.029	0	0	23.4	25.9	0	18.1	0	41.4	0	7.43	0	6.08	0	0	8.2
ENSB:TBkzDHDXvPkwPcr	1920	2089	193	5.2	4412	3715	1460	826	988	860	2130	3169	422	5315	2.33	1472	642	21.5	778
ENSB:ptadn52GfSJrkml	175	151	14.1	0.588	80.6	41.7	185	132	0	0	67.1	301	0	212	0	59.6	0	0	0
ENSB:gOHcGS4uBdcv1i5	0	0	0	0	0	0	44.3	0	0	0	0	0	0	0	0	0.77	0	0	0
ENSB:V2XLbQa7_6NCayp	0.401	0	0.198	0.044	0	0	27.3	0	0	0	0	0.14	0	0	0	0.521	0	0	0
ENSB:lhz5aV7fgqkLAG-	20.5	0	57.6	2.25	0	0	0	68.6	0	333	2.54	51.9	0	30.6	0	55.9	0	0	155
ENSB:a1H8At686THcnAI	958	503	565	12.1	2025	952	2953	824	2057	2050	2018	1371	1109	1486	0	1442	251	747	2362
ENSB:8yCWHU59n_Ig6Wm	0	0	0	0	0	0	0	0	0	0	0	0	0	0	0	1e-07	0	0	0
b3766	0	0	0	0	0	0	0	0	0	0	0	0	0	0	0	1e-07	0	0	0
ENSB:zpISBAggxrZcIWZ	0	0	0	0	0	0	0	0	0	0	0	0	0	0	0	1e-07	0	0	0
ENSB:bxJaTmkbuJGR2pO	146	598	333	18.1	143	262	567	104	761	193	389	468	0	72.7	0	261	154	281	150
ENSB:h3kWzED_Xyh_e7E	39.6	116	86.5	2.72	27.8	8.44	399	285	375	27.0	27.1	142	0	22.1	188	73.8	25.6	161	12.9
ENSB:2gz24cAT55y6RqO	19.9	0	52.4	4.04	0	0	31.4	86.7	83.4	38.5	0	43.8	0	5.83	114	21.5	0	5.81	17.6
ENSB:Gjdm-zQOM5ed-XE	4.25	0	10.2	1.04	0	0	31.4	9.75	0	0	0	3.74	0	1.18	0	1.7	0	0	0
ENSB:C7A4bHU8XODCyLK	204	2353	5191	571	3415	2933	976	2451	589	362	1837	2433	8527	5.51	0	2425	2358	12350	209
ENSB:Z8Upt4lAmCp0nj-	325	448	380	15.1	663	510	0	1296	375	261	287	300	0	184	82.1	289	0	309	258
ENSB:4HUvi0YDt8D761h	13.5	0	24.7	1.44	0	0	6.35	17.4	23.2	6.48	6.43	14.4	0	6.01	34.8	7.76	0	0	3.01
ENSB:YHW3r0DLy_TWXYV	46.8	0	34.0	0.699	0	0	5.98	29.0	0	0	7.68	38.8	0	10.7	305	23.3	0	0	0
ENSB:k_P3BMr0gI0EqQj	75.6	530	248	9.71	131	176	209	247	34.3	368	304	261	0	225	435	233	41.5	259	208
ENSB:RknGv5PXf1vxxOp	2404	1794	2423	9.47	1827	3176	1481	1734	1994	1280	1820	2219	0	459	3969	1711	973	944	1533
ENSB:U9iqjeKvMawBeRp	975	1389	1050	61.5	1392	851	2529	767	825	1525	1121	1110	1862	1320	22899	2269	451	1698	1463
ENSB:IMJQDbYKSR629D2	0	0	12.9	0.267	0	0	0	0	0	0	0	1.9	0	0	0	0.783	0	0	0
ENSB:vi5voop2fybSoa6	51.8	0	67.6	1.51	0	0	0	75.8	37.8	30.2	1.16	51.2	0	27.1	0	44.6	538	0	21.5
ENSB:37rrxgTFi1nbAA7	67.4	0	65.8	3.37	0	0	10.5	25.6	113	178	0	47.3	0	26.2	0	47.4	0	0	125
ENSB:_5nLq_YdwRnDboH	7.42	0	17.4	0.566	0	0	191	31.4	17.6	48.5	0	36.1	0	47.1	0	15.4	0	2.26	22.9
ENSB:Ndpfaf7dX0aUHSy	10.3	0	11.6	1.12	0	0	4.0	24.3	0	34.9	1.62	36.2	0	13.1	0	13.2	0	0	42.2
ENSB:FLDeqo8vzC4chCM	3.58	0	44.8	1.03	0	0	0	72.9	0	81.8	10.9	56.5	0	15.4	0	25.1	0	0	70.1
ENSB:zK0VNX7ldFI2q9t	0.534	0	2.28	0.42	0	0	0	3.27	0	0	0	3.19	0	0	0	0.332	0	0	0
ENSB:E8VZftKaSHw1MKR	70.2	41.4	50.7	2.02	29.8	26.3	11.9	71.8	0	50.2	19.4	58.7	0	24.4	0	26.5	0	2.94	23.6
ENSB:wxjjMbHWPaprnV8	0	0	0.444	0.016	0	0	0	0	0	0	2.4	0.382	0	0	0	0.457	0	0	0
ENSB:4DwxHY9YYmGY9NJ	0	0	0	0	0	0	0	2.11	0	0	0	0	0	0	0	0.02	0	0	0
ENSB:XlyixgCqpXA96XJ	151	0	34.5	1.32	0	0	0	85.7	0	25.5	24.0	25.5	0	163	0	26.5	0	0	11.9
ENSB:OiwkFS-ohhztPBa	0	0	1.61	0.317	0	0	72.8	0	88.2	24.8	0	0.527	0	0	0	7.62	0	0	11.6
ENSB:GOfWXLRMXRw5X69	0	0	0	0	0	0	5.06	0	0	0	0	0.518	0	0	0	0.109	0	0	0
ENSB:izs9ZhESfvwHE__	0	0	0.002	0	0	0	0	2.58	0	0	0	0	0	0	0	0.025	0	0	0
ENSB:dXv2f3ozOjsYE3l	64.1	40.4	93.4	1.74	87.5	48.3	27.8	230	184	187	68.6	177	0	58.5	19.8	89.6	274	30.8	87.7
ENSB:ouVdsCh01OfA9WG	393	313	180	4.38	149	136	19.0	145	392	317	152	205	140	261	57.3	182	91.4	9.1	191
ENSB:wwsEhW17vjj0tpq	18.8	0	20.8	1.34	0	14.5	8.39	155	0	0	10.6	38.4	0	4.38	0	7.8	0	0	0
ENSB:QxYMw3kY9tWVlu5	146	0	45.1	23.7	0	0	74.8	72.7	53.1	9.53	5.08	136	0	38.9	0	25.7	0	0	4.39
ENSB:_7BZ6PSWFofrP0J	0.861	0	28.4	2.01	0	0	32.6	18.4	0	109	0.371	7.15	0	0	0	20.7	0	0	65.0
ENSB:jY2jaKRak4ym2kl	74.4	124	49.1	0.969	104	122	0	700	0	70.2	506	150	0	0	553	159	0	0	33.2
ENSB:mjkCJdMkOrrcbUg	36.6	111	76.2	1.88	63.0	86.7	128	205	0	93.6	58.4	90.0	0	42.4	361	66.9	0	0	44.9
ENSB:3MWfMkZMEt7AY82	25.6	0	14.4	0.595	0	0	0	135	0	22.1	0	25.4	0	25.5	87.2	14.3	0	17.8	10.5
ENSB:wbxtVxJOMd5fgwJ	1.48	0	0.346	0.058	0	0	29.6	41.5	0	0	0	9.56	0	7.44	0	5.82	0	0	24.2
ENSB:y4bZ0f6YxckTtxa	43.0	0	72.2	9.07	0	0	0	220	18.7	131	0	69.1	0	28.3	0	46.5	20.5	33.8	124
ENSB:i6uUjCcrDodZqMv	7.95	40.9	37.9	1.35	22.5	12.7	67.2	68.0	0	31.0	32.6	41.0	0	34.9	216	50.1	232	20.5	48.8
ENSB:YQhTyc-NAMR1Dj8	53.9	169	66.7	0.806	134	144	161	166	22.2	245	246	95.2	0	70.0	328	157	0	0	275
ENSB:_QNjIIUy9IEWmpK	0	0	0	0	0	0	54.4	15.0	0	0	0	0	0	0	0	1.09	0	0	0
ENSB:cPXTZKQJsjACYe2	0	0	0	0	0	0	391	0	0	0	0	0	0	0	0	6.79	0	0	0
ENSB:pFR33fh46F7Me5e	0	0	0	0	0	0	0	0	0	0	0	0.75	0	0	0	0.03	0	0	0
ENSB:cNPDyWQvjjKq2CL	91.4	56.0	56.5	4.9	118	65.6	0	287	0	0	58.5	56.9	0	45.9	0	36.2	0	0	0
ENSB:oO9dsNWaxXmag_Y	25.9	0	30.9	3.65	0	0	0	124	87.1	79.7	7.12	57.3	0	0	29.6	23.6	0	0	36.4
ENSB:L0tZJxS9EVlxvxd	0	0	0	0	0	0	0	1.45	0	0	19.1	3.86	0	0	20.5	4.46	0	0	0
ENSB:H13JnlZM4ZNVVWq	0	0	9.04	0.144	0	0	0	0	0	0	0	0	0	0	0	0.496	0	0	0
ENSB:96td5P9sAdVoHPW	0	0	1.55	0.064	0	0	0	0	0	0	0	0	0	0	0	0.086	0	0	0
ENSB:VKfIZKXN5PVm1i9	7.17	15.1	11.6	0.918	0	0	8.45	13.0	0	0	0	175	0	2.3	85.3	16.6	0	0	19.2
ENSB:FfJhW5wgxPi6Ewx	11.4	0	130	6.0	0	0	414	124	0	186	0	99.9	0	21.8	0	47.6	0	0	87.4
ENSB:Jd3wFjnW-OIL5p9	0	0	0	0	0	0	0	0	0	0	0	0	0	0	0	1e-07	0	0	0
ENSB:3MJy2-vJ8lMKmHI	0	0	7.14	0.337	0	0	6.85	25.2	0	88.7	0	14.5	0	0	0	14.6	0	0	45.0
ENSB:Z_37THXS2zBKfa4	0	2026	2118	70.9	1544	2140	906	2654	264	943	1566	2817	16675	6.97	0	2669	4124	14427	1164
ENSB:BtkqquxtwI33r2I	11.9	761	349	6.48	299	234	0	845	223	91.8	994	321	0	3.48	0	298	0	48.4	55.3
ENSB:DXOhg8kQ9mHjjQu	1227	2761	1540	31.7	1604	2403	1072	1005	2233	1516	2808	1783	0	273	0	1881	4970	736	2236
ENSB:p7lSsAlcaLbO9jU	17.7	0	4.4	0.32	0	0	5.29	5.96	0	0	5.95	5.65	0	7.87	81.9	7.03	0	0	0
ENSB:g51b-esIr16jrdy	106	725	272	34.2	279	227	530	469	267	328	488	228	0	94.1	3.77	272	223	197	164
ENSB:e42lHanHymJrC00	0	0	10.1	0.369	56.7	27.7	0	148	44.6	0	22.4	103	0	9.54	0	15.0	0	0	0
ENSB:AifCV96DxP0csCA	20.4	0	6.31	0.856	0	36.1	0	48.5	11.1	10.4	0	17.4	0	9.33	0	5.51	0	0	4.93
ENSB:g3h6KCLEQ2JIr9c	574	334	297	2.23	223	122	176	264	362	283	388	358	0	38.5	3148	402	0	0	268
ENSB:cm-gfrFn7w74Ics	157	272	91.2	2.96	66.9	32.4	16.9	137	80.4	263	60.6	82.5	0	12.1	296	104	0	0	124
ENSB:zT43UCN5c2sXbWs	7.0	0	9.0	1.22	0	0	0	0	103	512	0	12.9	0	0	0	73.9	0	0	218
ENSB:wO_zJFWKpDH7FN5	17.6	0	19.5	0.78	0	0	57.0	143	0	45.2	0	34.3	0	12.6	0	12.9	0	0	21.4
ENSB:JsBmBceZQeWJyci	35.5	47.7	79.0	3.92	58.6	71.3	57.7	160	0	153	163	142	0	53.5	0	85.1	0	155	72.1
ENSB:CFL0r8aYSsfbWAh	173	76.0	152	6.93	100	74.1	211	211	22.8	332	26.8	106	171	240	0	115	0	0	221
ENSB:QiIZYvozn-HlUEW	14.7	971	12.2	1.15	402	517	208	208	27.4	0	440	76.6	0	5.97	30.7	168	0	0	0
ENSB:iIwwO-duIRYBDbJ	18.6	892	11.5	0.726	584	647	129	415	9.62	3.58	696	123	0	11.4	22.0	223	0	0	1.65
ENSB:y5ZyQSSD1zCejd5	152	894	370	10.1	331	470	248	367	335	781	345	381	534	454	527	422	260	262	570
ENSB:CmTV3Hci0R8dYUK	0	0	25.9	0.285	0	0	0	16.4	0	0	0	2.94	0	0	62.4	4.67	0	0	0
ENSB:Ys4zmCJ6Vg8u0go	0	0	0.825	0.125	0	0	0	0	0	0	0	0	0	0	0	0.049	0	0	0
ENSB:o5Ra-6kyFK1itoJ	98.2	89.2	105	7.63	201	20.2	0	186	24.6	50.5	37.6	93.7	0	19.3	0	49.2	0	0	23.8
ENSB:Ht7-EnJry3ZMMz7	0	0	4.76	1.24	0	0	0	36.9	0	0	0	16.0	0	0.52	29.7	2.72	0	0	0
ENSB:YfHuNLdSWXGlsD6	40.3	0	35.3	4.18	0	27.2	36.5	171	0	0	0	38.5	0	1.68	46.6	12.1	0	5.2	2.35
ENSB:M2Ej1B3Lt60D3sz	1481	1218	172	9.94	403	773	773	1389	643	968	1278	601	1325	97.0	343	768	0	409	749
ENSB:j6v1z1KeUx5aZsY	10.4	0	13.4	2.23	0	0	0	11.1	0	0	0	16.2	0	5.14	0	2.41	0	0	0
ENSB:OPbpyPMJwl5FPfo	484	686	49.6	2.3	797	670	252	336	300	317	665	473	0	39.7	94.9	356	0	0	316
ENSB:0KI8Gx2nAKIEDfb	0	0	0	0	0	0	0	0	0	0	0.137	0	0	0	0	1.08	0	0	6.1
ENSB:BzAo8KKTwRdiSGW	0	0	1.33	0.19	0	0	0	0	0	16.4	0	0	0	3.48	0	2.46	0	0	7.4
ENSB:luipy0vAeXZTFit	170	287	220	17.9	223	342	357	484	177	311	268	256	0	90.4	431	236	530	52.0	201
ENSB:1_Hcz6WuLZr7ALC	107	395	317	86.4	111	160	561	272	0	315	197	203	0	66.9	0	182	111	204	170
ENSB:hnzJYmM1Lxco_f6	134	249	27.2	1.77	287	217	197	232	33.2	293	687	289	0	77.0	1010	302	218	10.1	241
ENSB:OXr33XwEaJE92Xc	21.4	0	7.31	0.513	0	0	99.5	51.1	14.2	4.53	0	20.1	0	44.7	106	12.3	0	0	2.1
ENSB:0E0kPL7GWZOjtuG	41.9	0	40.6	1.99	0	0	0	103	58.2	390	0	55.6	0	12.3	0	85.6	0	0	294
ENSB:w-AAie2o7-Iont2	15.2	0	11.8	1.04	32.7	0	0	12.5	23.9	44.4	35.9	12.5	0	2.73	291	31.5	0	0	21.1
ENSB:rg3c2dNk9TDO0NF	667	1146	2365	236	684	1049	933	455	2089	2064	977	1333	5139	706	0	1407	589	1271	2492
ENSB:Z5xdSOeqx3pCjt1	394	477	1389	27.2	270	344	1338	561	939	627	384	645	0	1208	948	564	829	141	564
ENSB:bTbyMS6VTo0zIxI	1.26	0	0.217	0.127	0	0	87.1	19.9	0	0	1.3	3.12	0	0	0	2.16	0	0	0
ENSB:p31x6oiRPlryijN	6.13	0	1.33	0.219	32.7	0	7.9	18.6	0	0	23.8	9.72	0	0	0	7.13	0	0	0
ENSB:uoqyOi-_m2KbBr5	0	0	0	0	0	0	0	0	0	48.0	13.0	0	0	0	0	9.13	0	0	22.6
b3875	0	0	0	0	0	0	0	5.12	0	0	0	0	0	0	0	0.049	0	0	0
b3876	0	0	0	0	0	0	11.9	0	0	0	0	0	0	0	0	0.206	0	0	0
b3877	0	0	0	0	0	0	0	0	0	0	0	0	0	0	0	1e-07	0	0	0
b3878	0	0	1.1	0.131	0	0	0	1.6	0	0	1.58	0	0	0	3.14	0.503	0	0	0
b3879	0	0	0	0	0	0	0	0	0	0	0	0	0	0	0	1e-07	0	0	0
b3880	0	0	0	0	0	0	0	0	0	0	0	0.811	0	0	0	0.032	0	0	0
ENSB:7K00A2UpxaaA8UK	0	0	6.42	0.522	0	0	29.9	9.96	0	0	0	0.515	0	0	0	1.0	0	0	0
ENSB:GTRGNmHBv7gpK-k	0	0	0	0	0	0	24.4	6.97	0	18.9	0	0	0	0	0	3.16	0	0	8.7
ENSB:IAoDrGnB3d1trtw	0	0	0.041	0.053	0	0	0	0	0	0	0	0	0	0	0	0.004	0	0	0
ENSB:1vuDHSK0HLn1hEn	0	0	16.0	3.2	0	0	26.2	130	0	45.6	0	35.4	0	7.68	0	38.9	562	0	21.9
ENSB:V8NhJrrx5uCNSd6	130	75.0	86.5	3.2	55.7	0	12.6	424	0	698	30.0	125	0	50.3	331	166	0	0	406
ENSB:emZALADAokjndPS	0	0	3.58	0.127	0	0	12.0	0	0	0	0	1.65	0	0	0	0.473	0	0	0
ENSB:G3LOrjF_reCSt5M	10.8	294	49.1	0.555	126	84.4	166	320	0	113	299	40.8	0	43.2	87.9	118	0	123	55.5
ENSB:_UwPxbpHmCfGimI	20.0	275	111	4.64	88.9	70.8	122	191	14.7	9.86	126	60.0	0	15.7	227	71.7	0	35.6	4.61
ENSB:sTS13c3b8Egs05S	0	0	0	0	0	0	41.2	0	0	0	0	42.1	0	0	0	2.38	0	0	0
ENSB:qkWVRD-fK0lweiE	0	0	0	0	0	0	23.0	0	0	0	0	0	0	0	0	0.4	0	0	0
ENSB:JCG3zsEn9gtrE24	170	25.3	0.409	0.093	74.3	78.8	210	118	17.1	225	47.8	90.5	0	325	0	77.7	0	15.6	107
ENSB:zApIKJW93FPiq-4	249	0	0.149	0.026	0	0	0	2.29	308	5.49	0	12.2	0	0	0	30.5	0	0	15.0
ENSB:C-JLw26Vh_7AGRc	538	0	0	0	0	0	0	18.7	522	46.2	0	80.6	0	91.4	0	67.9	0	0	29.6
ENSB:5XD2gY31Z_8CQ4O	501	3.9	0	0	0	0	2.84	0	526	113	3.64	128	0	468	0	89.2	0	0	71.0
ENSB:QTL7SzT7Bka0ApB	0	0	10.2	0.887	0	0	38.8	0	0	0	0.979	17.2	0	3.46	58.4	6.04	0	0	6.06
ENSB:PBDnTINnxVldvVL	0	0	0	0	0	0	16.2	0	0	0	53.1	0	0	0	0	9.51	0	0	0
ENSB:HhQTNAOgMXK7kQz	0	40.4	0	0	18.6	0	9.39	0	6.66	0	24.3	0	0	0	0	7.7	0	0	0
ENSB:NY1wvaOLR6uwdhR	0	0	0.077	0.029	0	0	0	0	0	0	0	0.118	0	0	3.93	0.611	0	0	2.38
ENSB:QPfDZ9obLEKVK4W	0	0	0	0	0	0	0	12.5	0	0	7.61	0	0	0	0	2.04	0	7.73	0
ENSB:DUUSHwb0XbyIoAw	0	0	0	0	0	0	0	4.41	0	0	0	0	0	0	0	7.05	0	0	40.3
ENSB:CY_y0pA2yWKgId7	0	0	0	0	0	0	0	0	0	0	0	0	0	0	0	1e-07	0	0	0
ENSB:1aZgxnFVAcW3Jys	0	0	0	0	0	0	0	7.64	0	0	0	0	0	0	0	0.073	0	0	0
ENSB:b6TPk2Wyg-iCTPo	0	0	0	0	0	0	0	0	0	0	0	0	0	0	0	0.326	0	0	1.87
ENSB:YDze2O6dS1LJFge	0	0	0	0	0	0	27.4	0.507	0	33.3	4.34	0	0	0	0	6.39	0	0	17.9
ENSB:L6PVBiHHDgPYvF8	0	0	0	0	0	0	0	2.39	0	0	1.78	0	0	0	0	0.332	0	0	0
ENSB:K15xUCTEqCJJfMW	0	0	0	0	0	0	12.3	0	0	0	14.4	0.198	0	0	0	2.72	0	0	0
ENSB:e16_qNpQbWrZVq2	0	0	0	0	0	0	0	0	0	0	0	0	0	0	0	1e-07	0	0	0
ENSB:A4Dm5dSkb_QZ0Cy	428	8350	3579	407	12192	12406	256	4512	44.1	1203	10368	4686	0	108	0	4159	3009	1378	1707
ENSB:MyMgxmrvyp4s8mh	0	0	0	0	0	0	0	11.3	0	0	0	0	0	0	0	0.109	0	0	0
ENSB:pPZvX8DcWsySCKd	26.2	134	198	15.7	104	209	206	182	132	176	139	89.6	0	40.5	108	120	356	75.9	83.1
ENSB:2YVKQqS7bUxAtQl	32.5	0	21.9	0.589	0	0	0	41.8	30.3	4.92	0	28.0	0	18.6	0	7.15	0	0	2.37
ENSB:dNOa76FymaYyYG_	263	766	1295	9.4	655	885	0	973	940	1366	1070	455	0	104	351	803	125	105	1535
ENSB:rQjiibPLypkDJHa	14.8	0	19.4	0.234	0	0	0	34.9	0	0	0	29.9	0	0	0	3.63	0	0	0
ENSB:ktUu3gawiyzPSfF	954	806	1230	67.7	677	593	194	666	1768	1085	537	726	1328	691	1332	904	59.1	1953	969
ENSB:aH3XCCqmnouwKyf	0	0	64.5	2.47	0	0	0	160	0	0	0	111	0	0	0	22.3	111	95.0	0
ENSB:PSenOZcoGu28TBK	69.0	0	3.96	0.41	0	0	16.2	3.38	0	41.6	0	10.3	0	16.5	0	12.2	0	0	19.8
ENSB:_1ZJbB9YykkP44L	2247	2411	3121	2951	2153	2243	377	3077	2828	2385	1679	2998	3680	323	8122	2440	1122	2436	2084
ENSB:fK10ZTP4xFAcJQp	27.4	0	19.3	2.9	0	0	0	53.2	0	0	0	26.6	0	6.77	0	16.2	228	0	0
ENSB:P2HUSxwHMwA0tks	0	0	0	0	0	0	0	0	0	0	0	0	0	0	0	1e-07	0	0	0
ENSB:hiM0jtcpNQZw0_h	185	404	459	19.9	115	137	335	816	534	36.6	303	215	0	0	0	188	0	0	155
ENSB:LXL5Jl-IaUd4A9Y	347	297	533	27.2	123	134	474	320	466	256	174	347	0	90.3	0	214	211	174	139
ENSB:bcafg9DQK5v3Lkq	49.1	304	155	18.4	120	96.1	350	244	0	245	191	176	0	51.5	0	124	0	0	132
ENSB:G9raIlebTMGq6MA	137	0	30.1	2.57	0	0	25.0	91.6	0	15.7	3.79	30.6	0	33.9	0	18.5	16.7	0	7.33
ENSB:lNwCm3s9KytprZa	897	869	280	18.9	497	476	1924	380	3170	2100	534	1033	0	1616	0	1028	0	0	2481
ENSB:9YNfKd-CxHZ4muU	57.4	0	2.82	0.175	0	0	25.9	0	318	202	0	9.32	0	0	0	65.5	0	0	221
ENSB:HGuC6vdRVbXcl6G	2005	4271	91.9	2.59	5541	1121	2350	1892	3767	4834	4706	1791	4467	381	5767	3310	1074	908	4423
ENSB:1_pgUX71Vw-sbbm	352	1587	134	2.07	383	631	164	376	333	603	379	339	0	364	14.7	467	0	567	786
ENSB:j_mJF6CtABlxES3	0	0	14.5	0.247	0	0	0	34.4	0	0	0	3.84	0	0	0	1.28	0	0	0
ENSB:0USE9R7BbSbABGD	1293	525	355	14.7	385	241	1822	306	809	577	239	564	386	820	1594	534	48.4	489	389
ENSB:uT-lZBUdlz7gqNN	655	366	237	3.93	104	251	1068	229	292	145	175	361	0	145	0	195	61.6	81.0	67.3
ENSB:aPSzYggywAEb_9d	14.5	0	59.1	4.09	34.2	5.63	35.9	51.6	0	187	7.81	89.9	0	29.9	0	39.9	0	0	88.4
ENSB:R-Alx7ZCyyaOWmM	32.7	0	6.31	0.367	0	0	136	22.5	0	0	7.23	11.5	0	12.3	0	7.29	0	0	0
ENSB:8Tj_oxKXez7f2rV	0	0	5.22	0.592	0	0	0	5.83	0	0	0	4.21	0	5.48	0	0.762	0	0	0.542
ENSB:kcJ7YR3svpp3ik6	6952	748	0	0	556	1412	3367	960	1951	2604	712	1068	788	425	0	1728	1255	349	3335
ENSB:OjaPGmyNvBO4QHZ	0	0	0	0	0	0	34.4	0	0	0	0	0	0	0	0	0.598	0	0	0
ENSB:3wKRurmBCP99qzK	247	548	370	374	943	460	1721	879	276	675	737	388	0	179	1019	584	330	504	629
ENSB:u-MsSr5pmXwR2Sz	1.43	545	448	10.0	174	170	0	123	51.6	24.1	591	342	65.0	9.41	228	224	12.9	307	12.8
ENSB:oiS4qmeMmVYV3aa	38.6	38.5	164	3.81	33.2	20.2	115	234	71.2	121	16.9	136	127	41.5	480	79.8	6.19	67.7	56.1
ENSB:U0cCuzg5-22SvEZ	109	605	1071	341	257	237	153	749	75.0	275	420	343	432	0	0	325	46.5	610	156
ENSB:0XPM150V9ogggOi	1290	2007	125	6.56	1936	1512	665	276	3794	751	2190	658	688	452	172	1121	485	366	716
ENSB:NIjFFuH59y_Vm_p	0	0	0	0	0	0	0	8.98	0	0	0	0	0	0	0	0.086	0	0	0
ENSB:n5qR3FM9oVAf6rO	0	0	0	0	0	0	0	1.41	0	0	0	0	0	0	0	0.014	0	0	0
ENSB:-pwydPpapqhon87	1124	0	50.3	1.07	67.9	22.5	26.1	33.0	1196	856	17.3	265	0	26.2	114	300	0	37.7	584
ENSB:ep7yj3ufT4dAqAW	14.0	0	1.14	0.524	0	0	0	1.51	0	12.7	0	3.92	188	1.1	0	9.94	0	0	24.1
ENSB:yLypGaw2ZfNSVJ_	0.211	0	0.035	0	0	8.91	27.1	1.2	0	15.4	3.47	2.02	0	0	0	3.69	0	0	8.32
ENSB:7chaCEJoLPb7yO-	0	0	0	0	0	0	0	0	0	19.8	0	0	0	0	0	2.75	0	0	8.85
ENSB:FKk1AUondCDSM6P	0	0	0	0	0	0	0	0	0	0	0	0	0	0	59.1	32.1	587	0	0
ENSB:FDHgeGo9Gt8pmaj	0	0	0	0	0	0	9.51	1.73	0	0	0	0	0	0	26.0	1.88	0	0	2.62
ENSB:ZyPN2i5wwulUDtc	0	0	0	0	0	0	7.58	6.35	0	0	70.8	0	0	0	0	13.1	0	0	3.5
ENSB:8E0_7AN4aYN4H37	0	0	0	0	0	0	42.4	0	0	0	0	0	0	0	0	1.96	0	0	7.01
ENSB:YDx5vuxP12kKyOs	0	0	4.91	0.251	0	0	0	3.98	0	0	5.06	2.58	0	0	0	1.29	0	0	0
ENSB:t5UeXrzDpkcoaR5	54.5	0	43.0	3.51	0	0	144	92.6	67.6	9.4	0	73.8	0	26.2	0	16.7	0	0	4.37
ENSB:gD5NLVl-5tF2JUi	122	1066	997	27.0	904	790	1599	1119	469	1089	841	782	2649	541	154	904	164	2487	899
ENSB:A63OTJM2tn-mKUR	19.3	171	113	4.19	149	131	10.8	206	46.2	233	189	198	81.7	8.4	135	133	48.4	187	131
ENSB:q3JaNDOiODaqi2C	21.5	0	107	4.38	0	60.5	0	57.6	216	0	14.8	227	0	0	0	38.5	0	151	0
ENSB:OX1OLCwQv9g7ShR	235	308	179	10.1	157	208	670	743	767	87.7	254	319	0	6.57	0	214	75.9	577	40.2
ENSB:KUecaAyw2FU3jYe	157	178	226	13.6	173	79.7	214	289	393	4.95	200	349	842	6.48	0	193	221	682	12.2
ENSB:t1h3vTz8-tNAM45	273	31.7	113	7.74	37.1	50.6	229	189	454	403	14.4	130	133	53.2	836	186	14.3	46.8	320
ENSB:lkZZPIjEQYB3cK_	545	527	120	7.91	257	316	371	214	63.9	656	471	324	0	210	0	353	195	40.6	568
ENSB:azSzTiSOvlezlYt	82.4	13.2	0	0	51.3	29.5	53.5	239	43.0	88.9	23.9	67.0	0	85.2	247	48.4	0	9.31	41.0
ENSB:ZOyg6OPFC4q5XQl	0	0	0	0	0	0	0	0	0	0	0	0	0	0	0	1e-07	0	0	0
ENSB:7IuTXivNUIOXhDD	19.0	34.6	50.3	2.42	29.3	10.3	4.91	29.5	15.7	64.1	20.2	60.0	0	23.1	277	41.1	0	0	51.2
ENSB:bvRQyAO6RfpB7DE	207	0	73.4	3.4	0	0	0	140	91.9	105	0	139	0	86.9	0	45.8	0	0	50.1
ENSB:72B0NqRh7gHNFdT	13.5	0	27.5	3.38	0	0	138	77.3	0	0	0	15.3	0	40.9	142	14.2	0	0	0
ENSB:4tlVdire90jmTro	54.1	22.4	63.4	3.05	32.7	12.2	127	65.1	0	164	5.29	72.0	0	38.5	192	53.5	0	4.32	91.5
ENSB:nMC2t_0qeDyqjlt	24.8	0	20.9	1.97	0	0	0	41.8	0	57.7	0	32.8	0	13.8	98.7	18.1	0	0	28.1
ENSB:_7e8oHxy_EeRDu4	6.09	0	87.5	3.31	0	30.5	57.9	104	0	61.1	6.11	46.4	0	15.9	0	24.6	0	0	57.0
b3980	8596	0	8747	892	0	0	5004	4260	7410	3869	6839	14298	35429	51251	23298	10100	8084	28424	5134
ENSB:ZATQ5X3LF8JmX7A	116	0	43.6	1.02	0	0	41.5	269	0	250	0	20.5	0	0	0	50.3	0	0	117
ENSB:xlR3JK40SkeCKMO	385	1831	1102	788	1622	1013	1074	1310	558	600	1520	1075	612	314	0	903	1251	724	386
ENSB:DQLGPDX6m5hQtF_	6153	1548	2467	8.11	1774	2855	3202	2064	3493	1916	2197	3363	5031	12678	0	3349	8665	6294	2311
ENSB:_FbfOeZmorzPab0	5185	4219	4503	264	2474	3669	3050	2907	2757	2097	3638	3413	5838	12844	0	3722	4541	4519	3528
ENSB:on97FY5W83zTrwx	8580	1589	4769	60.6	1579	3304	3800	2332	5810	1151	1779	3311	2385	15998	0	4256	20815	7243	1937
ENSB:I_DejP_XSjMyxm5	13961	13513	4625	812	4553	6543	6244	9083	18245	15187	14333	15687	44217	11155	0	12765	10354	5580	20475
ENSB:HYRHkzTxmFAHM4b	165	1018	789	48.1	1181	1208	834	208	1404	1061	1173	1336	1788	3437	5458	1660	618	6611	948
ENSB:OWT1Rfcr5MhRR3Y	235	1411	494	18.5	1180	1046	1497	181	1434	1161	1536	1302	1634	2873	0	2066	624	13843	1198
ENSB:hx50GeZodnlk3yd	0	0	0	0	0	0	0	0	0	0	0	0	0	0	0	0.811	0	0	4.66
ENSB:08ofnckA_EE9VEu	0	0	0.036	0	0	0	25.8	14.6	0	0	0	4.16	0	0	0	1.39	0	0	3.63
ENSB:g5jyYlAXWJKZqO1	0	0	0	0	44.0	137	0	249	0	0	27.3	77.8	0	0	0	16.9	51.0	0	0
ENSB:LHEZq7zod7t7BJh	0	0	0	0	44.5	125	11.2	355	52.5	0	45.3	92.6	0	0	0	28.1	146	0	0
ENSB:H0hOkUwWde3MW4q	0	844	0	0	366	251	0	289	89.3	0	399	79.0	0	0	0	153	158	0	0
ENSB:2oASmACyYxL0hOI	0	272	0	0	115	143	3.79	150	80.8	0	196	54.9	0	0	0	70.4	151	0	2.63
ENSB:w-IHhIqw4xIgE5k	62.3	851	429	34.5	509	343	97.5	514	0	113	791	179	0	10.1	0	273	0	4.05	53.4
ENSB:oMzOlUoA5O-KL3N	10.0	0	12.3	1.56	0	0	0	120	0	47.5	20.3	40.6	0	9.42	104	19.7	0	0	22.2
ENSB:z05Vd_BwrlmRABB	165	110	125	4.9	82.1	133	78.8	95.3	32.0	180	118	155	0	29.7	426	112	0	69.2	82.2
ENSB:tp3-dJUgaX8jbP6	23.5	0	82.0	4.28	0	0	16.2	111	0	47.9	4.74	23.0	0	6.54	63.3	19.3	0	0	22.0
ENSB:I1aDi5IxKoFJyzH	59.3	151	48.6	1.77	55.7	37.5	0	129	0	207	55.4	80.2	0	30.6	338	89.4	0	0	158
ENSB:Gl-JnPdRrUrVRLv	14416	3194	3813	27.1	2469	10693	8433	2197	7646	2015	3456	6076	6072	6292	9951	5136	8707	5354	2859
ENSB:Q0oD-nctEA-VbHe	7.76	0	0.201	0.021	0	0	11.4	12.1	0	0	26.0	1.09	0	0	0	5.45	0	0	0
ENSB:QpdotfF38IEwNhm	193	0	1.29	0.227	0	0	0	12.8	0	1301	0	22.1	0	14.5	0	322	0	0	1307
ENSB:x7B4tm5y66J931J	5.82	0	0.164	0.059	0	0	33.3	0	0	0	0	0	0	0	11.0	4.16	0	0	15.2
ENSB:Cyy7Y0A2lVNQhvU	15.3	0	2.41	0.511	0	0	39.3	0	0	0	0	0.787	0	0	0	2.4	0	0	2.61
ENSB:rnCOTTIvuW83PfJ	7.29	238	250	3.49	192	160	411	199	426	1139	212	335	0	1065	0	454	118	382	1209
ENSB:9YQevY_B6ljhD0Q	55.4	507	422	28.7	258	166	616	430	740	1215	289	626	43.5	3474	0	713	741	1338	1290
b4011	0	0	0	0	0	0	20.3	0	0	0	0	0	0	0	0	0.353	0	0	0
ENSB:h8SY2d_CTJHQzyp	0	0	0.89	0.083	0	0	0	44.0	0	0	0	2.1	0	0	0	0.557	0	0	0
ENSB:iFkewlobZjXODhI	0.429	356	205	5.78	133	186	131	537	56.7	211	124	227	603	7.6	0	157	48.4	433	99.8
ENSB:nJeqHgFw3yzWKwF	3.07	3205	2190	262	4102	2908	229	1841	35.2	1530	3508	1871	47.2	250	0	1742	181	1061	1669
ENSB:RLwwYjwiltRqwkQ	17.6	8005	6422	164	10491	15119	519	3999	166	4965	10057	3068	0	1418	0	5109	7337	2467	4344
ENSB:v4c5ZG3wvqoOe_D	0	0	16.0	1.09	18.1	26.7	0	61.3	0	0	7.04	10.1	0	0	0	4.55	0	0	0.604
ENSB:1j7b14VYg1K5Foc	0	0	0	0	0	0	5.81	0	0	10.3	0	0	0	0	25.2	3.07	0	0	6.49
ENSB:teW9px-BsadRSQ3	23.1	0	2.55	0.152	0	0	0	17.0	20.1	0	0	8.28	0	15.2	0	3.29	0	0	0
ENSB:AsmNtYNqtrszbi4	18.0	111	50.4	2.19	117	89.1	212	110	31.0	36.1	100	143	117	79.1	0	60.4	5.78	58.0	17.0
ENSB:AYgcJ8UWHwnTDn_	0	0	9.19	0.516	0	0	47.2	14.7	0	0	9.88	4.92	0	1.49	0	3.43	0	0	0
ENSB:5qWSjAxJFOO2Bp-	215	295	9.58	0.704	79.6	145	68.1	202	579	372	169	71.8	0	7.56	41.9	145	0	0	169
ENSB:41RSvjtnO_leqDr	12.4	0	21.1	1.68	0	0	6.83	61.6	0	57.0	0	54.3	0	15.9	0	13.4	0	0	26.5
ENSB:_wcbhl8s6wtJfCK	4.08	45.3	16.9	0.173	121	57.2	0	99.7	0	0	46.9	41.9	0	3.02	0	21.7	0	0	0
ENSB:8AhTPE_ICZSAkSb	104	327	27.6	1.13	146	162	243	372	102	191	206	395	2768	10.3	0	242	77.1	757	88.7
ENSB:d9GZ5S0mKGBnezU	672	1214	1667	72.7	1027	1369	431	646	1094	1916	1112	1009	444	365	1782	1278	80.5	1802	2058
ENSB:aCG7O0sRhp87PHz	0	0	0	0	0	0	0	0	0	0	0	0	0	0	0	1e-07	0	0	0
ENSB:JDsmB3DRr7MiaNl	0	0	0	0	0	0	0	0	0	0	0	0	0	0	0	1e-07	0	0	0
ENSB:8cZOfpDQ04GlXBY	0	0	0	0	0	0	22.7	0	0	0	0.609	0	0	0	0	0.501	0	0	0
ENSB:OX3IGVIZLP5urzn	0	0	0.051	0.015	0	0	6.73	0	0	0	0	0	0	0	0	0.12	0	0	0
ENSB:ibheur7lnM_XLPB	0	0	25.7	0.267	0	0	0	0	0	0	0	0	0	0	0	1.4	0	0	0
ENSB:a13ea54n3SGz2Ci	0	0	0	0	0	0	81.2	0	0	0	0	0	0	0	0	1.41	0	0	0
ENSB:E2WFLtaQUmYDeUL	0	0	0	0	0	0	45.4	0	0	0	0.727	1.12	0	0	0	0.96	0	0	0
ENSB:QusTBvzzP5sSRYu	1.65	0	0	0	0	0	0	29.1	0	0	0	11.3	0	0	0	0.843	0	0	0
ENSB:SG06PcSfB-EgCdX	234	3320	6.77	0.941	4126	3940	506	1013	407	999	2913	1009	750	8.53	0	1316	26.0	21.0	1122
ENSB:0N0-lT9Vfpu_Si-	7.47	365	1.37	0.22	199	331	0	221	16.3	13.1	312	81.7	0	19.0	1025	152	0	0	38.3
ENSB:KEBwG6fBatFqECG	149	301	4.25	0.396	65.0	96.6	0	934	98.3	96.5	149	389	0	0	0	100	0	0	56.2
ENSB:vNKkraXrshIxr74	34.7	538	1.44	0.083	411	1460	1142	736	0	63.2	1381	384	0	23.1	0	375	242	0	28.4
ENSB:g2vSYwuXo9FTX3Q	47.4	0	5.05	0.45	0	0	51.7	147	0	0	0	50.3	0	10.4	59.1	11.0	0	0	0
ENSB:EbhIfx5cQXF8yJq	5.25	0	21.1	0.555	0	0	0	0	0	38.1	0	2.96	0	0	0	6.99	0	0	17.3
ENSB:uq2qTTGAvZ6n1Qm	61.8	233	98.3	3.01	137	156	8.46	263	57.9	269	145	103	0	121	436	132	0	6.49	149
ENSB:dO_rrRkO72b_mw8	82.7	0	63.5	1.45	0	0	34.6	147	69.1	59.9	0	14.9	0	3.39	0	22.9	0	0	29.2
ENSB:thH0w3sTCQKKwTm	50.8	43.9	39.9	2.52	87.0	42.2	207	305	24.5	115	137	108	0	63.9	0	73.5	49.0	52.8	55.5
ENSB:CtPjD50EwpYM4GR	0	0	0	0	0	0	0	0	0	16.1	0	0	0	0	0	5.43	0	0	25.6
ENSB:top9EfCT4Esfi3Q	0	1071	1167	61.0	1148	1299	28628	2298	0	1047	2349	3588	0	111	1592	1581	0	0	967
ENSB:9kGHiuNsEGzbhB_	49.1	341	0.472	0.058	179	56.7	0	144	36.5	133	189	31.9	0	7.23	0	87.5	0	0	63.0
ENSB:Dw3TT2OjIxhq0p5	0	0	0	0	0	0	58.1	0	0	0	0	0	0	0	0	1.01	0	0	0
ENSB:BSrb87pPx8Bw-Lu	0	0	0	0	0	0	13.0	0	0	0	0	0	0	0	0	0.226	0	0	0
ENSB:TpsSBQBmk5p0fq5	40.9	18.0	48.3	4.39	69.4	27.2	6.69	45.6	44.0	156	20.5	80.8	0	44.9	0	44.9	0	0.964	84.6
ENSB:tv_YMHLik6NXO1o	0	0	0	0	0	0	53.8	0	0	0	0	0	0	0	0	0.936	0	0	0
ENSB:dNJgCBYvELLaXmc	121	1399	791	7.87	628	638	223	595	123	1138	1376	447	0	27.4	417	744	866	172	926
ENSB:UYRa8HwBnLMemEa	26.3	0	39.5	1.84	0	0	102	71.0	16.1	134	0	55.4	0	42.6	360	53.2	0	82.2	64.3
ENSB:IipZBKShPVOwWwY	10.2	0	24.4	1.47	30.3	0	634	31.8	30.0	0	19.8	28.5	0	34.0	84.7	28.4	0	37.0	0
ENSB:RtsuOUQsIfj2waI	49.9	440	949	13.5	342	372	667	399	0	355	387	360	1105	214	0	323	0	326	289
ENSB:aJJxH53oJtPcUer	123	216	13.2	0.573	74.8	133	51.2	165	0	107	166	108	0	29.5	0	78.6	0	0	53.3
ENSB:b8MwCd2esoguu4M	7.88	0	94.6	2.0	0	0	0	112	0	188	0	38.4	0	9.57	451	57.1	0	0	88.9
ENSB:xKCe_WgyrfeFmWL	274	884	250	8.42	212	319	511	361	53.9	891	363	251	0	3.9	0	353	0	51.0	647
ENSB:rXvSm0w3_v_BplF	87.0	151	3.32	0.311	111	70.8	225	106	58.3	128	122	43.3	42.3	36.1	51.9	73.6	0	0	62.2
ENSB:6rXoPnjSqr81Ec6	993	1295	883	36.7	543	815	0	502	861	404	495	707	0	147	0	509	372	287	394
ENSB:-YHioAL8B6o-iRE	0	0	0	0	0	0	0	0	0	0	0	0	0	0	0	1e-07	0	0	0
ENSB:I9hDbv5NAzpbazk	0	0	1.48	0.223	0	0	3.94	0	0	0	0	0.87	0	0	0	1.29	0	0	6.34
ENSB:Mogs93C4DRkVWMS	8.71	0	0	0	0	0	0	59.7	0	0	0	2.27	0	0	0	1.28	0	0	0
ENSB:LYRYAdbnT91oYQf	5.04	0	0.571	0.195	0	0	13.5	63.5	0	0	0	4.63	0	0	0	1.42	0	0	0
ENSB:ou1ZGKP-ZNYtSaX	5.81	0	70.0	0.501	0	0	0	142	976	476	0	53.3	0	322	0	114	0	0	221
ENSB:AELG58pK_gepRUe	27.7	0	2.56	0.215	0	0	0	17.7	27.5	0	0	7.33	0	2.01	0	3.93	0	0	2.67
ENSB:pqz7Q6o8R9ZTmJ9	0	0	0	0	0	0	30.8	0	0	0	14.9	0	0	0	0	3.12	0	0	0
ENSB:ZCYNakY9OCneGQP	0	489	0.478	0.041	66.9	364	0	466	0	0	93.9	22.6	0	0	0	55.4	0	0	0
ENSB:XoY1dwDSAuGuLeL	12.4	403	5.73	0.115	434	395	0	411	0	0	187	21.9	0	0	0	88.1	0	0	0
ENSB:7ZxIpMObwPq-0oQ	28.6	3018	178	3.17	2358	3657	389	1567	195	102	3279	598	252	32.6	0	991	78.0	16.9	48.5
ENSB:UsNo1216JwfyK2x	137	0	0	0	0	0	4.46	0	365	63.0	0	0.336	0	0	0	30.0	0	0	29.4
ENSB:SuNsc7TasK1rhzh	37.6	0	0	0	0	0	63.9	0	241	0	0	0	0	0	0	11.2	0	0	0
ENSB:a24itZB923Bb1Hq	30.1	0	0	0	0	0	0	6.42	225	0	0	3.98	0	0	0	9.28	0	0	0
ENSB:Vl6hN1bTe1TmDgt	13.2	0	0	0	0	0	18.9	0	151	0	0	0	0	0	0	5.9	0	0	0
ENSB:ahvimuMz3ke69SK	0	0	0	0	0	0	14.6	0.911	0	0	0	0	0	0	0	0.262	0	0	0
ENSB:eK4Hk9kHuBqt2Iy	0	0	0	0	0	0	0	0	0	0	0	0	0	0	0	1e-07	0	0	0
ENSB:dJP8UcGnNev1LQ-	0	0	0	0	0	0	0	0	0	0	0	0	0	0	0	1e-07	0	0	0
ENSB:U8aLpRosp9aNzw9	39.2	0	4.16	0.153	0	0	0	0	0	45.8	0	1.52	0	0	0	9.57	0	0	21.3
ENSB:7tLlawl1Y0_dEs2	0	0	0	0	0	0	33.8	0	0	0	0	0.925	0	0	0	0.624	0	0	0
ENSB:eON00lmC-2LycgQ	47.0	0	0	0	0	0	4.5	6.98	93.0	0	0	0	0	0	0	6.33	0	0	0
ENSB:9LUZAagjywzP3Ax	0	0	0	0	0	0	20.8	2.21	0	0	0	0.058	0	0	0	1.81	0	0	8.17
ENSB:91TpP2Mqa3eBnxr	0	0	0	0	0	0	11.7	4.25	0	0	2.55	0	0	0	0	0.688	0	0	0
ENSB:Cq4hzhCgNQldxZK	0	0	0	0	0	0	0	10.3	0	0	0	0	0	0	0	0.099	0	0	0
ENSB:Jw3tYxj476WsgBh	0	0	0	0	0	0	0	3.06	0	0	0	0	0	0	0	0.029	0	0	0
b4084	0	0	0.259	0.021	0	0	0	18.2	0	0	0	0.623	0	2.55	23.4	1.4	0	0	0
b4085	0	0	0	0	0	0	35.5	16.3	0	0	0	0	0	5.86	0	0.929	0	0	0
b4086	0	0	0	0	0	0	74.0	0	0	0	0	0	0	0	0	1.29	0	0	0
b4087	64.7	0	0	0	0	49.2	43.6	0.341	0	7.39	3.59	0.284	0	0	5.14	8.7	0	0	8.01
b4088	19.9	96.0	3.28	0.128	78.2	90.5	268	86.2	0	0	60.1	30.0	0	48.0	0	31.0	13.3	0	0
b4089	63.1	0	15.9	0.906	0	0	105	53.3	0	0	0	20.7	0	38.7	0	9.53	0	0	0
b4090	0	0	5.25	0.568	0	0	69.6	27.2	0	0	0	13.4	4206	33.3	66.1	89.4	0	0	0
ENSB:zcYiVXuUi4IJIyB	0	0	0.39	0.143	0	0	18.7	27.8	0	0	0	0.869	0	0	51.0	3.09	0	0	0
ENSB:iggy-EOAgvY9RyP	0	0	4.55	0.064	0	0	0	134	0	0	11.3	5.95	0	0	0	3.73	0	0	0
ENSB:VskSBtpYaDddIwJ	0	0	0	0	0	0	16.2	0	0	29.7	0	0	0	0	93.6	11.5	0	0	28.4
ENSB:Ug3SZ4ndOfhJMPk	30.5	0	0	0	0	0	0	2.47	0	7.46	0	0	0	0	0	3.25	0	0	3.51
ENSB:Mp5CVxyhr0-_8wM	0	12.2	0	0	0	0	8.63	0	0	0	0	0	0	0	0	1.56	0	0	4.5
ENSB:nCZElxGIRfGdiBn	0	41.9	0	0	45.4	0	22.4	1.41	0	0	9.43	0	0	0	176	23.1	161	0	0
ENSB:1Q13ZMh9BxUo9d0	0	0	0	0	0	0	0	0	0	0	0	0	0	0	196	9.37	0	0	0
ENSB:XFs-sTU9xI6blpT	0	0	0	0	0	0	0	0	0	0	0	0	0	0	0	1e-07	0	0	0
ENSB:niblwNv2sfSE-iU	0	0	0	0	0	0	0	0	0	0	0	0	0	0	0	1e-07	0	0	0
ENSB:zxEOyIa8QxlLnhh	0	0	0	0	0	0	0	0	0	0	7.33	0	0	0	0	1.28	0	0	0
ENSB:8kFQmBM2qXkaAf6	0	0	0	0	0	0	0	10.7	0	0	0	0	0	0	0	0.103	0	0	0
ENSB:c_cijgp76vSm9on	0	0	0	0	0	0	20.6	1.77	20.6	0	22.5	0	0	0	43.8	8.15	0	14.8	0
ENSB:hTpuEdZZWZbKDJa	0	0	7e-05	0	0	0	23.1	2.58	0	0	0	0	0	0	0	0.427	0	0	0
ENSB:YAy411JHdx9Id0k	0	954	16.6	1.26	597	601	68.0	444	0	46.5	497	91.5	0	0	0	193	0	0	21.8
ENSB:OUjQgV-b-KV3xUO	299	254	25.2	0.854	100	269	3159	196	1207	979	412	278	0	132	0	466	75.0	0	1021
ENSB:wA3bZ53z_yiDMqh	0	0	0.082	0.072	0	0	0	10.9	0	0	11.1	2.27	0	0	0	2.36	0	0	1.31
ENSB:jD9qBg66NOYx_Fx	0	90.1	0.119	0.014	78.2	16.4	0	64.3	0	332	82.3	14.8	0	0	0	84.5	0	0	228
ENSB:VPkR04qAo94ROXQ	25.3	0	483	4.15	0	0	0	29.8	58.7	372	3.1	94.3	0	32.9	0	115	0	0	327
ENSB:uplBEH8CifhS6sh	21.8	0	2.67	0.285	0	0	0	25.0	0	0	0.43	8.54	0	94.1	7.84	5.21	0	0	0
ENSB:djX8tW7Askbhd1a	51.4	0	48.0	3.11	75.7	242	149	274	30.3	0	93.7	61.4	0	4.62	692	71.7	0	0	0
ENSB:5Y6tW2Ytu1LfiOi	6.77	0	0	0	0	0	81.3	0	0	0	0	12.3	0	0	0	2.38	0	0	0
ENSB:iwM4xtFpmy-oHP5	0	0	0	0	0	0	0	0	0	0	0	0	0	0	0	1e-07	0	0	0
ENSB:BdiLuc3AiuACQ85	0	0	0.523	0.115	0	0	0	0	0	0	0	0	0	0	0	0.032	0	0	0
ENSB:YUQUL5MlLXE1E2e	0.05	0	6.25	0.548	0	0	118	0	19.1	0	2.19	0.794	0	0	29.7	4.83	0	0	0
ENSB:oQX85Mel-ewvjek	2.24	0	0.057	0.026	0	0	18.3	5.64	0	0	0	1.3	0	0	7.11	0.926	0	0	0
ENSB:RGrSZ_G_I2eyVgS	132	0	3.85	0.316	0	0	52.4	22.3	389	105	0	118	0	0	0	42.3	0	0	49.0
ENSB:hPOpkmTHhQqZFPa	0	0	0	0	0	0	10.6	2.72	8.42	4.25	0	3.63	0	0	0	1.22	0	0	1.98
ENSB:zX3lC80SabLSgV4	0	0	0	0	0	0	0	0	0	0	0	0	0	0	0	1e-07	0	0	0
ENSB:IeUS8evjgLaItSP	849	0	6.54	0.363	0	0	140	76.8	538	169	138	205	0	0	0	163	37.2	18.1	213
ENSB:_EvKF22QmGFwvuJ	73.6	0	0	0	0	0	20.4	0	248	0	0	0	0	0	0	13.2	0	0	0
ENSB:6WtKR7bS7hBBjhL	11.0	0	26.0	1.53	0	0	0	75.6	20.3	0	5.72	7.19	0	0	6.48	5.17	0	0	0
ENSB:gQ_-8T_JLNO-6MP	11.4	0	0.792	0.135	0	0	0	0	0	0	0	0.777	0	0	0	0.884	0	0	0
ENSB:guCp3BsdfmcZRfm	0	0	0	0	0	0	0	235	0	0	0	12.2	0	1.65	85.2	6.86	0	0	0
ENSB:hjSohGF4kCWzLPK	0	0	0	0	0	117	0	88.0	0	0	29.5	26.1	0	0	1053	58.9	0	0	0
ENSB:EY-jQ79lIMcDw2O	0	0	0	0	0	0	0	3.53	0	10.6	0	0	0	0	0	1.53	0	0	4.91
ENSB:VYhCFVXvOMB3eco	1575	0	397	66.3	67.9	31.9	2007	141	750	895	97.4	548	0	1274	284	518	5.16	301	894
ENSB:PWQIXbApsWWu1I_	0	0	0	0	0	0	0	0	0	0	0	0	0	0	0	1e-07	0	0	0
ENSB:4nG9v5w6Ao9TQuI	505	0	4.8	0.657	0	0	0	1.14	0	16.9	0	2.55	0	0	44.0	40.6	0	0	7.86
ENSB:BWULjtkHqKTHceU	0	0	0.782	0.064	0	0	0	0	0	0	0	0	0	0	0	0.044	0	0	0
ENSB:Rb8GJmEcUcNbOG4	17.6	0	0.203	0.044	0	0	0	0	0	2.74	0	0	0	0	0	1.87	0	0	2.57
ENSB:ngZupWNYoRxuGnS	140	415	447	30.0	386	181	256	350	0	112	502	288	0	13.0	392	241	0	10.4	159
ENSB:UZclTXhf8JOOq_B	2.02	0	18.4	0.796	0	0	0	0	0	0	0	11.6	0	0	0	1.82	0	0	1.14
ENSB:8s4e7D7qajM_QQH	22.3	0	62.4	3.38	0	0	0	166	0	328	11.7	99.2	0	0	0	101	0	19.6	384
ENSB:qvTppNqKJzyobWK	355	0	62.1	0.725	0	0	50.4	35.2	1026	265	2.08	10.3	0	17.4	0	105	0	0	150
ENSB:87FfyzLnXvE7Pf5	10182	865	199	2.51	469	502	927	242	8965	1102	654	674	0	240	218	1769	14.0	0	2544
ENSB:Vp4VhY4D38yTTAw	9.77	0	45.8	3.26	0	0	112	0	0	0	0	44.2	0	0	0	6.97	0	0	0
ENSB:KWvL0CqQK-vSn5q	0	0	0.596	0.084	0	0	0	0	0	0	0	0	0	0	0	0.035	0	0	0
ENSB:JPmzeNDM_Atctek	7443	2959	5065	1174	3301	6405	4392	2408	4997	2543	1743	3940	26133	5610	22741	4841	3048	3193	3299
ENSB:AGwFyuSm7k92CEN	9721	3682	4543	615	5352	4186	3004	2739	7366	2240	4031	7489	4708	11214	0	6886	4329	37472	2760
ENSB:cxsJ2KlmEQ-W9Uo	204	616	479	19.5	104	125	233	1472	1976	1205	286	516	0	22.3	0	542	407	173	1179
ENSB:G1pg7j4r6bYeo1f	0	0	0	0	0	0	9.7	0	26.8	7.96	0	1.13	0	0	0	3.69	0	0	12.5
ENSB:cKNZSYn4Dwc7WFs	20.5	0	2.92	0.239	0	0	44.1	20.1	0	0	0	5.45	0	6.93	0	3.96	0	0	5.65
ENSB:MXbtOw6A5dkOdr3	1361	1507	888	9.41	420	985	404	928	2216	561	1116	1028	967	414	0	771	79.3	519	496
ENSB:6STiw0rbKRlh3df	0	0	0	0	0	0	0	0	0	0	0	0	0	0	0	1e-07	0	0	0
ENSB:MPYPxPq0ZEF93BR	0	0	118	8.58	64.0	18.8	88.4	384	20.4	86.3	47.1	116	0	0.785	0	41.4	0	0	40.9
ENSB:6yR7CfTykHe1Dl1	8.22	0	18.1	1.09	0	0	0	28.2	0	13.2	0	66.2	0	8.15	0	6.55	0	0	6.01
ENSB:BTh4VmPIjc54O6Z	102	0	0	0	0	0	0	13.1	0	0	0	1.29	0	0	0	7.39	0	0	0
ENSB:HiUnpA3w91H0h-a	392	0	6.02	0.529	0	0	0	209	307	208	0	13.8	0	1.24	0	71.5	0	0	108
ENSB:uGMMp9MZtLnaxUB	1178	745	12.8	0.566	282	265	210	151	2570	182	515	143	0	20.4	0	379	0	0	267
ENSB:TxqgZz3vbWu_--i	1618	346	15.7	2.25	150	112	58.4	134	1811	467	207	161	0	33.9	0	325	21.1	0	297
ENSB:ZBeIYZ3y0oKHXLQ	59.4	0	11.8	0.658	0	0	98.0	4.79	0	18.4	0	6.69	0	23.2	27.6	12.9	0	0	17.1
ENSB:L2UQC9iY-MloW0w	0	0	0	0	0	0	0	0	0	0	0	0	0	0	0	1e-07	0	0	0
b4157	0	0	0	0	0	0	0	0	0	0	0	0	0	0	0	1e-07	0	0	0
b4158	0	0	0	0	0	0	0	0	0	0	0	0	0	0	0	1e-07	0	0	0
ENSB:yGibPQCxbXrJhY1	4.16	0	3.2	0.356	0	0	11.4	2.93	0	0	0	12.6	0	5.26	0	1.52	0	1.87	0.179
ENSB:ns-Xx5B1S5zdFMc	55.3	262	137	3.54	204	342	80.2	541	498	906	312	312	0	81.4	0	300	0	152	586
ENSB:RK_p3ypeC8jJuns	17.2	179	43.2	1.43	100	93.3	395	72.0	38.3	123	146	93.6	0	32.2	208	92.2	0	62.7	66.8
ENSB:RkcH7dyZ_INt6oL	98.4	49.7	466	144	128	224	124	320	66.2	306	41.9	180	0	87.0	0	122	0	18.2	167
ENSB:W3gOQ5ZPQJdqRt4	0	0	0	0	0	0	7.5	0	0	0	3.33	0	0	0	0	0.71	0	0	0
ENSB:6_poT1UIdbBuoRY	30.2	23.9	93.5	3.43	0	53.5	90.6	40.7	28.3	91.0	4.15	17.2	0	10.8	0	26.6	0	0	42.1
ENSB:XEIVr789Iknlu8J	142	174	124	126	74.3	121	246	256	0	28.5	182	76.0	0	77.8	171	92.3	0	20.7	13.1
ENSB:lnAdZQ7SuNk2SVg	0	0	3.41	0.168	0	0	0	0	20.8	13.9	0	15.2	0	7.24	3.92	3.77	0	0	6.36
ENSB:t2QVG4vH0WoeFVE	15.8	0	24.4	1.95	0	6.1	16.2	72.4	14.5	0	4.56	21.2	0	5.04	70.1	9.66	0	0	3.09
ENSB:258kS9H4AZrICNl	27.2	0	34.0	1.41	0	0	26.3	41.2	0	36.4	0.504	32.9	0	22.9	0	11.8	0	0.475	16.7
ENSB:OcAWgyrfb3LrUSi	2603	0	1032	130	0	0	286	442	2871	1020	0	1086	0	8.07	16003	1548	0	1585	1231
ENSB:e6YWdROPBQ3jykf	145	104	107	2.56	81.6	46.4	214	208	104	243	85.2	175	0	55.1	0	97.5	0	0	138
ENSB:8BaySkuUUP5eLV5	244	366	784	5.93	257	267	302	260	1077	654	335	475	0	281	715	368	28.4	97.0	361
ENSB:zqsJHCqxP5kQ-ZN	426	104	862	30.0	107	149	49.5	393	584	572	93.3	484	0	454	23.7	298	161	81.1	497
ENSB:wflPj-gQm5B3rhW	0	0	0	0	0	0	0	0	0	0	0	1.56	0	0	0	0.062	0	0	0
ENSB:0akCcXfqPf2NmdT	2099	2269	2811	309	2233	2226	2375	1279	3286	1641	2104	1537	2571	6928	3278	2439	372	5000	2226
ENSB:-lh0wrjd9S-224p	105	0	29.2	0.555	0	0	28.4	303	0	81.3	0	65.6	0	12.9	357	43.9	0	0	37.4
ENSB:f7w9MJXzna1beok	275	23.9	211	13.8	35.2	53.5	86.7	134	437	431	64.8	412	0	68.7	957	229	0	15.9	432
ENSB:WygIDzofh-6WAaO	38.8	0	108	4.22	0	0	492	168	223	239	0	94.2	0	81.8	248	97.2	16.8	0	220
ENSB:91blyUzfEmLNtAU	0	0	0	0	0	0	0	0	0	0	0	0	0	0	0	1e-07	0	0	0
ENSB:5vRi8F2YbNRMT-C	8.91	0	0	0	0	0	8.99	0	0	17.5	4.14	0	0	0	0	3.99	0	0	8.11
ENSB:TOCOCx9-GgW1XAS	0	0	0	0	0	26.3	0	0	0	0	0	0	0	0	0	5.87	0	0	31.8
ENSB:Zs3Wnl1sMP70yY7	0	0	0	0	0	0	0	0	0	0	0	0	0	0	0	1e-07	0	0	0
ENSB:PTWFn9f_FKELsXe	0	0	0	0	0	0	0	0	0	0	0	0	0	0	0	1e-07	0	0	0
ENSB:SfWihmv3LhqlS87	0	0	0	0	0	0	7.13	0	0	0	0	0	0	0	0	0.124	0	0	0
ENSB:m57DIcGbmN6pzsV	2.54	0	28.5	3.16	0	0	72.8	2.59	0	32.0	3.76	14.3	0	9.71	277	22.4	0	0	15.0
ENSB:X7Noy5RKIKoQisD	0	0	0.357	0.267	0	0	0	45.2	0	0	0	0	0	0	0	0.462	0	0	0
ENSB:sl8Akf9WCTc7wlr	19.2	0	22.5	0.45	0	0	0	488	0	0	0	8.6	0	0	0	7.63	0	0	0
ENSB:xQwxewaTZ2K6InZ	10.8	0	25.3	13.2	0	0	0	51.7	0	13.3	0	278	0	2.73	0	16.0	0	0	6.12
ENSB:-F82MOOSzY55LFG	12.7	0	13.5	1.06	0	0	36.4	69.4	30.5	0	0	19.5	0	7.11	111	10.2	0	0	0
ENSB:ltfChS-Yn4juvum	0	0	0	0	0	0	397	0	791	0	0	6.14	0	0	0	31.5	0	0	0
ENSB:wmzz2P0VDoUduzA	0	0	0	0	0	0	0	0	0	0	0	0	0	0	0	1e-07	0	0	0
ENSB:0_-mtcIrljyW4_P	21.1	0	0	0	0	0	0	129	798	0	0	6.98	0	0	0	27.6	0	0	0
ENSB:V90C4kowq0-SXaG	0	0	0	0	0	0	0	11.1	293	0	0	0.898	0	0	0	9.16	0	0	0
ENSB:Ra30Xt6GLwC3cgg	58.9	0	0.228	0.084	0	0	31.3	14.6	198	0	0	4.89	0	0	0	11.2	0	0	0
ENSB:hBafxG0Wnc62See	0	0	0	0	0	0	24.3	0	47.1	0	0	0	0	0	0	1.87	0	0	0
ENSB:ge5NreQ0XdY4Sor	0	0	0	0	0	0	0	0	156	0	0	0.331	0	0	0	4.81	0	0	0
ENSB:YPfKUPpoaALAuCW	0	0	0	0	0	0	0	0	0	0	0	0	0	0	0	1e-07	0	0	0
ENSB:SmAUazRxdX_Tfno	2964	2735	2336	2403	6041	4626	1020	2230	2538	1985	3271	866	5601	10285	0	3532	3982	8689	2913
ENSB:31SUT7jr8uboVHB	4.82	0	1.17	0.719	0	0	0	28.3	0	0	0	6.35	0	0	0	0.949	0	0	0
ENSB:96rHNRTJ-61a5NB	4245	2496	1766	14.5	1922	3233	7622	9404	1339	1989	4688	7290	3804	2994	0	3807	14997	1552	3594
ENSB:rzZyn3fQzwWGyTf	8571	1992	6353	171	3480	3435	4060	3270	4076	1883	2166	4350	7567	16145	0	4599	16728	7587	2432
ENSB:xNlZwJpHxFj1tnr	0	0	0	0	0	0	20.8	0	0	0	0	0	0	0	0	0.362	0	0	0
ENSB:GtdA2U_DELi790o	48.3	140	161	13.5	118	61.9	0	132	81.2	202	58.0	40.6	0	10.5	0	73.3	0	0	105
ENSB:86T4h-fv-rtpEr2	540	1202	515	2.81	1144	681	507	522	934	941	1174	792	0	216	1284	819	492	202	1018
ENSB:3AwwxdOALb_Fb9J	7.26	353	47.8	0.425	61.1	205	87.9	206	356	213	148	39.6	0	11.4	0	105	51.8	0	114
ENSB:qiusLLdrQEqQ02s	60.4	0	0	0	0	0	41.2	0	117	21.5	0	0.991	0	0	58.4	14.5	0	0	10.1
ENSB:zDFHBMEyAr4pMfR	0	0	0	0	0	0	26.6	0	0	0	1.35	0	0	0	0	0.698	0	0	0
ENSB:auBfFK4HU8fahf4	19.4	87.7	81.0	6.83	41.0	26.7	9.75	193	0	70.7	24.0	81.2	0	7.42	33.4	34.4	0	2.13	32.1
ENSB:EX_yZjXqROBgT5x	0	0	0.308	0.154	0	0	50.2	12.8	0	0	0	0.883	0	0.865	0	1.08	0	0	0
ENSB:ls8rzX4-ebMJBFM	233	282	20.3	1.66	137	99.9	39.6	151	310	137	138	86.4	0	6.71	0	102	27.7	18.1	63.8
ENSB:N_jVDE-Kg_xuTD6	80.5	653	452	13.7	510	479	498	621	262	283	438	179	0	65.3	0	335	1430	19.9	221
ENSB:NQK9WCF8-1Ibtne	0	0	0	0	0	0	8.45	4.45	0	1.91	30.9	0	0	0	0	5.83	0	0	0.895
ENSB:we0eBVBbkBtcr2E	41.0	999	1.93	0.68	554	510	114	419	0	0	989	146	0	0	0	275	0	0	0
ENSB:0FE7ypa0Gjh-0gJ	0	0	0	0	0	0	100	116	0	0	0	0	0	0	0	2.86	0	0	0
ENSB:749Zx7ZHJblRp70	39.4	0	8.17	0.242	0	0	7.9	19.9	0	0	0	13.3	0	13.2	198	14.0	0	0	0.728
ENSB:Fy6bHB25st72pHo	6.93	1187	325	3.66	355	480	604	341	78.2	602	679	271	0	107	0	384	196	96.1	446
ENSB:r-Ls3TFM7nIUr6n	24.3	0	45.8	1.92	18.6	0	2.49	28.1	32.4	0	21.3	79.9	0	8.66	0	14.0	0	0	1.84
ENSB:XdqcGJ3ix2jSEu4	6.43	0	18.6	1.44	0	0	7.5	0	2.87	13.5	1.21	18.9	0	21.8	6.53	5.5	0	0	6.31
ENSB:8_hL4FLs8pru9Tc	96.2	0	275	40.1	0	104	70.9	527	222	0	66.4	190	0	89.3	311	76.6	0	38.3	0
ENSB:vnBgL_z3vAySwyN	0	0	0	0	0	0	0	0	0	0	0	0	0	0	0	1e-07	0	0	0
ENSB:EkXvR8tKvBsdirD	0	0	1.13	0.048	0	0	0	18.2	0	0	0	3.15	0	0	0	0.362	0	0	0
ENSB:LDUXUKt60YPTCDz	2405	3185	1464	19.9	2745	3302	663	2158	1549	1487	4728	2698	3364	5096	4206	2710	1652	2460	1899
ENSB:vucSBXzBhoGTw0j	106	954	103	2.29	805	1437	470	826	240	0	1126	271	0	26.2	0	356	0	0	0
ENSB:fwotpqI9vUTt8Fp	0	0	0.422	0.154	0	0	18.4	0	0	0	0	0	0	0	0	0.348	0	0	0
ENSB:oN1zuWUIxfq_Yec	0	0	0	0	0	0	0	0	0	0	0	0	0	0	0	1e-07	0	0	0
ENSB:wREoUXt3DyFVmb0	801	266	228	7.2	175	210	555	219	1233	598	223	269	484	306	0	367	27.8	551	428
ENSB:Z1pNjUbvXd-LyqF	103	97.9	233	5.02	25.9	58.6	459	99.1	295	322	78.0	150	0	103	0	122	38.7	75.7	154
ENSB:72YVKRRbCVfW7hD	264	390	306	8.98	529	336	396	453	521	249	1314	418	0	207	557	434	0	40.8	129
ENSB:xuzF9H2x4Fw9BjF	85.4	615	307	13.9	394	288	452	225	89.9	405	539	259	118	174	0	266	29.5	35.3	191
ENSB:l-JPXY7LVt1eW1S	45.8	0	1.69	0.725	0	0	0	0	0	0	6.7	0	0	0	20.5	5.5	0	0	0
ENSB:sbJTjyP7z0Mw1Yx	126	0	151	2.53	0	0	20.8	36.3	241	74.9	2.11	17.9	0	17.3	54.8	40.2	0	0	35.0
ENSB:8TiKvbJMh_jo4yr	13.1	0	0.333	0.072	0	0	35.5	0.987	0	191	2.85	132	0	5.07	0	38.1	0	0	110
ENSB:ry5faVcylI_M6Pc	95.5	0	0	0	0	0	33.0	47.4	0	62.3	38.6	100	0	10.2	0	27.6	0	0	29.4
ENSB:VwjGuZYVSAUizpm	16.3	0	33.6	2.08	0	0	69.7	7.67	0	0	0.526	16.4	0	5.48	0	5.21	0	0	0
ENSB:wqof0VlYPqcxGtR	14.1	0	15.0	0.94	0	0	2.55	7.62	0	0	5.08	103	0	69.6	166	16.7	0	0	0
ENSB:Ga58qNSvBWBBN6A	3897	3038	1737	14.8	1890	1382	827	3278	2745	6170	7169	3428	0	3172	12318	4483	726	4086	5308
ENSB:MqTlniPmvwP9Le5	28.1	2250	886	14.4	4756	3171	120	3078	1053	1283	2840	1904	0	59.7	0	1856	3647	2784	1615
ENSB:doQb5aR5W7ZXzH3	29.1	2025	1433	23.1	2729	2465	19.0	2821	872	3148	2395	1781	215	65.2	0	2589	4348	2631	6125
b4246	0	0	0	0	0	0	0	0	0	0	0	0	0	0	0	1e-07	0	0	0
ENSB:nwBDHEVk5vfy2mM	0	0	8.73	0.604	0	0	0	134	0	0	0	13.7	0	0	0	2.32	0	0	0
ENSB:gdoaMol5D7RG0ux	0	0	0	0	0	0	0	0	0	0	0	0.097	0	0	0	0.004	0	0	0
ENSB:RKKp4t77UPzseM_	0	0	9.65	0.748	0	0	0	47.3	0	0	8.55	20.4	0	6.27	0	3.46	0	0	0
ENSB:M8CkvRp3uIHitCV	0	134	2734	523	73.3	95.2	121	264	0	618	75.6	330	0	118	409	335	0	35.3	372
ENSB:GASI84_XEOsyiHs	0	0	0.15	0.067	0	0	28.0	0	0	23.4	0	0.203	0	0	22.9	6.38	0	0	19.3
ENSB:bfUWCteNrypa5HA	84.5	723	54.1	4.74	223	229	2.72	263	584	51.7	297	341	179	0	0	202	196	435	29.1
ENSB:etA4hSi6GLRgxTN	120	461	62.7	4.89	178	2230	494	802	3586	2879	1635	870	0	207	4101	1150	0	111	1406
ENSB:1GkhO6tXGHUbgGj	0	0	154	28.8	0	48.8	129	131	0	41.8	0	50.1	0	28.1	0	22.0	0	0	19.7
ENSB:3v_RArQcZM5z4tp	0	0	0	0	0	0	0	0	0	0	0	0	0	0	0	1e-07	0	0	0
ENSB:E_HmvJhd8jHGEze	340	470	484	23.5	226	222	574	447	449	591	429	509	452	740	1099	460	85.4	555	477
ENSB:2EFk0H87MOJWUOY	10.1	0	48.2	1.29	0	0	0	159	0	0	0	9.19	0	0	332	21.1	0	0	0
ENSB:E4caJ0kEy_x5QK7	268	426	469	16.1	169	283	42.4	219	562	518	233	383	0	120	0	321	0	627	474
ENSB:qKe99su684tWQiO	89.8	55.1	43.5	0.915	30.3	12.2	0	68.8	91.0	59.1	5.71	19.6	0	6.39	0	27.2	0	0	27.5
ENSB:FPHu3MXRL3lx-s-	36.3	0	83.7	3.05	0	46.4	13.9	156	0	73.5	0	28.2	0	6.98	0	22.0	0	0	38.5
ENSB:--qziCHnqCueu5r	47.9	85.8	91.8	4.72	141	217	97.1	206	11.0	28.0	152	71.1	0	8.6	131	67.1	0	0	13.1
ENSB:Dufmcmg3TONhlIK	0	0	4.83	0.208	0	0	0	4.82	0	25.4	0	3.54	0	0	0	4.06	0	0	11.8
ENSB:qNZJ5hY1auA7Pri	0	0	0	0	25.4	0	0	1.41	0	0	110	0.416	0	0	0	20.5	0	0	0
ENSB:HyJilQRBhioklZe	0	0	3.44	0.35	0	14.5	0	61.3	0	0	0	6.11	0	0	33.3	2.81	0	0	0
ENSB:pUmIha4S0nekzqR	0	0	0.043	0.053	0	0	0	0.516	0	0	0	0	0	0	0	0.277	0	0	1.54
ENSB:freDwQi13wuAFfS	0	0	0	0	0	0	0	3.46	0	0	0	1.37	0	0	0	0.088	0	0	0
ENSB:ZVMJsTPdylnAN3V	0	145	4.42	0.449	88.9	91.0	245	125	0	58.7	97.6	82.4	0	54.9	0	64.0	287	0	30.0
ENSB:Wlwj-DlB_JeXH4R	0	0	0	0	0	0	7.18	0	0	0	0	31.1	0	0	0	1.36	0	0	0
ENSB:_0xmT8SUiEypaR_	0	0	0	0	0	0	140	0	0	1.9	9.42	0	0	0	0	4.34	0	0	0.886
b4277	0	0	0	0	0	0	0	0	0	0	0	0	0	0	0	1e-07	0	0	0
b4278	0	0	0.281	0.068	0	0	33.2	1.84	0	9.67	6.69	0.386	0	0	37.2	4.93	0	0	4.42
b4279	0	0	0.22	0.102	0	0	0	0	0	0	0	0	0	0	0	0.015	0	0	0
b4280	0	0	10.4	1.15	0	55.3	12.1	12.5	0	66.9	0	18.1	0	3.86	0	20.1	0	6.04	75.1
b4284	0	0	0	0	0	0	11.6	0.324	0	16.5	0	0	0	0	0	2.54	0	0	7.66
ENSB:XhA8pPDGYfQ88Xl	0	0	0.713	0.205	0	0	0	0	0	0	5.31	4.98	0	5.94	0	1.32	0	0	0
ENSB:nXGGHWKxX4-lXGB	0.211	0	0	0	0	0	12.9	0	0	0	0	1.31	0	0	0	0.29	0	0	0
b4289	0.529	0	0.12	0.032	0	0	0	0	0	0	0	4.19	0	0	0	0.21	0	0	0
b4290	29.6	0	3.19	0.382	0	0	0	0	0	0	0	12.9	0	37.1	0	3.77	0	0	0
b4291	25.8	0	28.8	1.4	0	0	14.6	2.61	0	87.2	0	66.2	0	161	0	23.7	0	0	44.9
b4292	0	0	28.7	0.986	0	0	0	0	0	0	0	23.5	0	0	0	2.51	0	0	0
b4293	0.773	0	9.51	0.398	0	0	0	0	0	0	4.05	2.4	0	0	0	1.38	0	0	0
b4294	0	0	0	0	0	0	0	0	0	0	0	2.95	0	0	0	0.117	0	0	0
b4295	54.3	132	40.0	1.37	70.4	49.7	0	107	0	147	95.8	40.4	0	30.9	0	58.6	0	0	70.0
b4296	0	0	0	0	0	0	0	0	0	0	0	0	0	0	0	1e-07	0	0	0
b4297	2.41	0	1.87	0.316	0	0	5.83	12.7	0	0	2.71	3.13	0	0	10.0	1.58	0	0	0
b4298	0.185	0	0	0	0	0	0	0	0	0	0	1.07	0	0	84.3	4.09	0	0	0
b4299	0.787	0	0.209	0.073	0	0	23.7	7.03	0	0	0	0.596	0	0	1.96	0.72	0	0	0.312
b4300	8.5	0	0	0	0	0	10.5	0	0	0	0	0	0	0	0	0.784	0	0	0
b4301	0	0	0	0	0	0	0	11.8	0	0	0	0	0	0	7.74	1.11	0	0	3.6
b4302	18.6	423	1.62	0.036	81.6	26.7	0	58.7	0	0	102	2.34	0	0	0	48.4	0	0	10.7
b4303	0	878	0	0	381	210	0	445	0	0	394	30.2	0	0	0	143	0	0	0
ENSB:F06TvEKdy-MA5vW	0	0	0.098	0.038	0	0	183	70.7	0	0	3.23	1.83	0	0	0	4.5	0	0	0
b4305	2.07	428	0	0	202	231	0	151	0	0	301	8.96	0	0	0	91.0	0	0	3.47
b4306	10.4	0	0	0	0	0	19.1	0	0	0	0	0	0	0	14.4	1.76	0	0	0
b4307	0	0	0	0	0	0	0	0	0	0	0	0	0	0	0	1e-07	0	0	0
ENSB:YB7yG0fWUUHj7LE	0	0	0.087	0.048	0	0	0	3.68	0	0	0	32.5	0	0	0	1.33	0	0	0
ENSB:-9PBrfVC5WLYdRq	0	0	13.7	0.679	0	0	0	38.9	108	0	0.525	9.83	0	1.53	17.7	5.83	0	0	0
ENSB:iWgvM9CYyQYXQ5o	0	0	0	0	0	0	0	0	0	0	0	51.4	0	0	0	2.03	0	0	0
ENSB:JGdfr9y6p22o8oC	0	0	0	0	0	0	0	0	0	0	0	0	0	0	34.6	6.82	104	0	0
ENSB:guE3UVnhDs0D_MM	0	0	0	0	0	0	0	0	0	12.7	0	0	0	0	4.38	2.29	0	0	7.49
ENSB:v0EkF1rQJn26zEf	0	0	494	0.45	0	0	0	24.7	0	0	0	208	0	220	0	67.4	0	343	0
ENSB:74REhTLi2ZNaLED	0	0	0.362	0.029	0	0	26.7	0	0	0	0	1.66	0	0	0	0.551	0	0	0
ENSB:wlqm2XGowTAdADV	0	0	44.5	0.776	0	0	0	64.2	0	0	0	81.5	0	246	0	13.6	0	10.9	0
ENSB:GAkMHK7v3SH-XE4	0	0	4.75	0.261	0	0	0	0	0	0	0	25.7	0	15.0	4.09	1.87	0	0	0
ENSB:mYPhUCOkTJE4ul6	0	0	1.14	0.115	0	0	0	0	0	0	0	6.78	0	0	0	0.333	0	0	0
ENSB:ZU9cW5qPy_bczk-	0	0	0	0	0	0	0	0	0	0	0	24.6	0	0	0	0.972	0	0	0
ENSB:y1jJjSz-bHAD-3J	0	0	2.04	1.17	0	0	0	3.47	0	0	0	12.7	0	3.81	0	0.782	0	0	0
ENSB:ip1vOytcIlVh8cS	0.52	0	0.493	0.047	0	0	0	0	0	0	0	0	0	0	0	0.065	0	0	0
ENSB:DcJUYdr7v6VH96z	215	364	638	71.2	178	287	162	146	126	67.9	285	108	0	51.9	0	161	62.6	12.2	31.2
ENSB:kcmHQ8e-RVCZbtP	211	129	244	11.9	22.5	40.3	56.2	50.6	126	120	30.3	24.7	0	7.48	0	65.6	0	0	55.0
ENSB:so6Q8xwXJF1XGaE	11.5	0	14.5	0.811	0	0	0	33.9	0	0	0	2.7	0	6.42	0	2.23	0	0	0
ENSB:j6RkNpT-ddzZ-Mi	0	0	0	0	0	0	0	0	0	0	0	0	0	0	0	1e-07	0	0	0
ENSB:DlIuN25aRM5BakC	0	0	0	0	0	0	82.7	14.8	0	0	0	0	0	0	0	1.58	0	0	0
ENSB:PtWalrHfvvoH0og	1.84	0	0.373	0.082	0	0	0	4.59	0	22.8	0	0	0	0	22.0	4.62	0	0	11.3
ENSB:nLSRMNW0coRfdpz	136	0	32.5	3.73	29.3	0	18.1	1.79	168	223	3.95	61.1	0	14.5	0	58.0	50.8	26.6	102
ENSB:XunMZdZC_3iOBcd	0	0	0	0	0	0	0	17.4	0	0	0	0	0	0	0	0.167	0	0	0
ENSB:_s5LG9aPMLbyhIS	0	0	0	0	0	0	0	0	0	0	0	0	0	0	0	1e-07	0	0	0
ENSB:dio6ovnA2_80U7i	0.901	0	0.107	0.021	0	0	0	15.1	0	0	0	0.614	0	0	0	0.239	0	0	0
ENSB:CvVIqBlYAN4bhRO	0	0	0	0	0	0	0	0	0	0	0	0	0	0	0	1e-07	0	0	0
ENSB:NG6AS2va1fLIXk8	0	0	0.102	0.058	37.1	0	10.8	2.84	0	0	34.8	0	0	0	0	8.3	0	0	0
ENSB:hOHNCB_K28OcOQW	7.82	0	0	0	0	0	0	5.54	0	0	0	0	0	0	0	0.606	0	0	0
ENSB:CbeiHugOavLLJxL	2.89	0	0	0	0	0	7.57	0	0	0	8.96	1.34	0	0	0	1.95	0	0	0
ENSB:V5oVh4pfV8DW2-G	0	0	13.6	0.804	0	0	37.4	19.6	0.911	27.6	0	1.41	0	0	90.7	10.3	0	0	14.9
ENSB:8Gtb8XadZ1v6ZuJ	0	0	0.202	0.041	0	0	0	4.54	0	0	0	0	0	0	0	0.056	0	0	0
ENSB:Hmydu3Qx5eqGVqb	0	0	0.254	0.01	0	0	30.7	4.88	0	0	0	0	0	0.807	0	0.616	0	0	0
ENSB:PBatYZeCotFwATD	0	0	0	0	0	0	51.0	0	0	0	0	0	0	0	0	0.888	0	0	0
b4345	0	0	0	0	0	0	0	0	0	37.9	0	0.326	0	0	0	5.84	0	0	20.2
b4346	0	0	0.301	0.09	0	0	6.51	0	0	0	0	1.04	0	7.13	34.9	2.03	0	0	0
ENSB:bgfC7f3COh6mxgx	0	0	0	0	0	0	0	0	0	0	0	0	0	0	0	1e-07	0	0	0
ENSB:C9vdpZRsdb4VeNu	0	0	2.64	0.289	0	0	15.1	15.7	0	9.89	0	8.09	0	10.1	22.5	3.63	0	0	4.58
ENSB:du1OOGulyBC_M90	0	0	35.9	3.11	0	0	135	85.0	0	136	8.29	47.5	241	146	139	46.5	0	21.2	73.5
ENSB:jWiefJKh2HC9J6J	0	12.2	0	0	12.7	15.0	13.8	24.5	0	88.2	8.65	17.5	84.2	0	0	20.1	11.0	0	47.7
ENSB:24SG_xsaY4WC3cK	0	0	5.05	0.346	0	0	29.5	62.1	0	41.8	0	26.4	0	7.71	45.1	11.4	12.9	0	19.3
ENSB:fd-lU_c4RFG66P4	75.7	40.4	43.4	1.45	32.7	0	13.9	147	22.4	154	15.0	66.5	0	24.7	277	54.5	0	1.44	68.4
ENSB:sJtBHSMVEvdI7bE	0	0	0	0	0	0	71.6	0	0	0	0	0	0	0	0	1.24	0	0	0
ENSB:A1tDmal0jABH9IO	268	0	84.0	0.855	0	0	10.0	0	192	106	0	36.7	0	0	1426	114	0	0	49.2
ENSB:XoFghwiJhYk6FTF	577	0	0	0	115	32.4	10.4	133	0	864	68.6	110	0	0	0	273	41.5	0	879
ENSB:a4B0JGUn4kOIMNP	0	0	0	0	0	0	9.32	0	0	0	0	0	0	0	0	0.162	0	0	0
ENSB:9y5Jvqs_XAok0Kc	29.2	0	0	0	0	0	28.5	0	0	0	0.47	0	0	0	0	2.64	0	0	0
ENSB:u-gd1ntcvfjNeeN	0	0	0	0	0	0	19.9	0	0	0	0	0	0	0	0	4.07	0	0	21.4
ENSB:dfhAPakYEn5BvIF	0	0	3.51	0.299	0	0	35.2	27.8	0	0	0	6.94	0	16.6	0	1.94	0	1.89	0
ENSB:K-vy7dyHsxABTpC	5.6	245	0	0	114	85.8	0	25.7	0	62.7	219	39.9	0	11.8	0	69.6	0	0	29.3
ENSB:N2Hn0_bbJU4KQmZ	23.9	0	39.4	3.28	0	0	14.6	4.58	17.5	12.9	10.3	15.8	0	2.21	0	9.06	0	0	5.99
ENSB:sa5ExiGXojimpww	47.7	0	20.2	1.46	0	0	0	40.2	0	0	0	17.3	0	11.3	163	13.7	0	0	0
ENSB:Wb0OOs1txsI0-5m	0	0	0	0	0	0	0	0	0	0	0	0	0	0	0	1e-07	0	0	0
ENSB:k3sYOZhofi3DXy7	7.24	0	0	0	0	0	16.3	12.1	0	0	6.81	0	0	0	0	2.1	0	0	0
ENSB:mX8Xn0vdNhgLGB4	0	0	0	0	0	0	0	0	0	0	0	0	0	0	0	1e-07	0	0	0
ENSB:eg0IfIS2PHu8sKJ	0	0	0	0	0	0	0	1.93	0	0	0	0	0	0	0	0.019	0	0	0
ENSB:3mnPQTgsObBjxbn	0	0	20.7	0.47	0	0	0	0	0	108	0	49.4	0	0	226	29.1	0	0	49.9
ENSB:Q8iH4lH8XtEufiR	80.2	53.6	63.8	3.15	87.5	90.5	21.2	107	51.1	28.0	73.8	159	0	83.3	0	55.5	37.0	96.5	13.1
ENSB:2iBNnLn_zWqvP-P	21.7	0	4.58	0.267	0	0	0	145	0	0	0	33.6	0	7.68	108	9.88	0	0	0
ENSB:lSeYpKwd144J1Qv	8.94	0	13.9	0.656	0	0	16.2	58.8	0	0	0	20.3	0	4.71	0	3.18	0	0	0
ENSB:lBH-esbuHE9swyg	0	0	1.14	0.108	0	0	86.1	27.2	0	0	0	8.35	0	16.7	0	4.04	0	18.8	0
ENSB:g_BU4Fgr-G6oZKA	109	62.4	129	4.72	51.8	94.2	960	151	77.9	220	185	292	0	197	359	155	163	57.6	117
ENSB:MONblTu5CqqWFcB	85.9	854	93.8	1.83	672	1431	5954	944	0	927	1269	1813	0	290	166	951	2540	21.4	1350
ENSB:7Gwld051OVWh_kQ	0	0	5.14	0.337	0	0	0	8.82	0	41.2	0	225	0	10.0	68.2	18.7	0	0	19.3
ENSB:YnoPyB9uG77hO0S	0	0	43.1	0.916	0	0	13.7	42.8	0	104	0	12.2	0	3.59	84.3	22.5	0	0	49.1
ENSB:yCGMeP6HH93Xv7F	0	0	0	0	0	0	28.1	0	0	30.5	0	0	0	0	0	4.86	0	0	14.4
ENSB:lQa4hWRP_rN8r7s	12.2	9.26	0	0	0	0	13.7	0	0	0	2.71	1.09	0	0	32.2	3.63	0	0	0
ENSB:7ZGYHHTVxCrhWxY	956	833	814	17.2	595	501	204	630	418	987	906	613	0	62.3	0	666	221	581	861
ENSB:5uesiUFnq9f1Bcd	812	362	180	12.8	151	81.6	409	151	316	237	275	268	0	56.7	0	216	0	1.69	161
ENSB:mIKUAXHut__tYlp	1067	1057	1375	44.1	287	704	1909	409	1208	1136	375	656	0	1014	1976	845	879	279	1110
ENSB:OagCqYBZE3lMXkm	3524	807	1860	1479	947	603	580	566	1266	889	420	958	0	1303	3968	1171	612	399	984
b4385	0	0	1.56	0.252	0	0	58.7	7.11	0	0	0	4.81	0	1.47	0	1.41	0	0	0
ENSB:yGDp0sv0UVa-UEr	55.6	0	11.6	0.61	0	0	63.9	59.1	140	66.3	0	45.2	0	20.6	90.5	33.4	0	88.9	30.7
ENSB:BDbROW3WNRnFFkR	6.03	0	9.37	0.689	0	0	0	24.6	0	0	0	17.4	0	0	67.2	5.1	0	0	0
ENSB:CzaHMMxMwKjFxDW	44.4	0	55.0	1.89	33.2	36.1	28.4	78.2	0	23.1	36.1	40.8	0	23.8	0	21.5	0	0	10.8
ENSB:oJLXAXMCEWMJVPm	22.2	0	23.1	1.02	0	0	26.0	61.4	0	41.8	0	29.7	0	54.3	0	12.4	0	0	19.4
ENSB:fKagpLgrOZV37NU	54.3	22.4	94.8	3.52	25.9	19.7	17.0	74.5	0	107	12.2	50.8	0	27.0	0	42.5	0	15.6	97.8
ENSB:jmJFuTi4IiNion_	648	863	693	81.4	971	632	621	516	458	862	901	559	876	488	0	611	69.0	167	643
ENSB:1nzdjHxCvCsWF9T	27.3	148	102	6.02	133	75.0	36.8	137	15.6	80.4	153	65.9	0	18.8	0	67.5	0	0	39.5
ENSB:M3WaTtCrB97IfLL	52.2	605	66.0	0.803	405	201	38.2	628	32.7	441	556	113	0	23.8	0	277	0	226	344
ENSB:ZH8adE4ql2r-_9z	33.2	0	77.7	34.1	0	0	387	213	47.5	82.6	0	45.7	0	42.3	0	32.0	0	0	36.0
ENSB:ftYax0L_HT7Y-Cv	82.9	141	89.6	17.0	107	91.0	422	220	81.8	146	102	120	0	13.1	0	93.0	0	0	136
ENSB:atCmpR5bpWKzqbT	147	293	193	2.0	146	149	172	502	325	227	209	183	0	49.6	2.89	143	0	0	118
ENSB:sUO8XSTqo2Fqtx0	157	107	172	3.88	74.3	100	288	105	155	33.1	106	135	0	118	0	75.8	0	24.5	15.6
ENSB:TGrV1p_20KiXqMv	0.989	0	10.2	0.28	0	0	0	66.6	0	46.6	5.23	7.67	0	2.45	0	8.97	0	0	20.6
ENSB:uSkMrbL-JgH8TLV	0.704	0	1.2	0.152	0	0	78.7	3.69	0	0	3.12	1.46	0	0	0	2.12	0	0	0
ENSB:_F8UwSRAUcRvQza	0	14.1	1.19	0.192	0	0	0	2.24	14.6	0	0	4.39	0	2.41	0	1.51	0	0	0
ENSB:xd4Z2RuDxuhlt-i	1279	1427	1577	113	1376	2395	1338	2041	782	894	1513	1064	430	805	0	1207	792	598	1758
b4402	0	0	0	0	0	0	0	0	0	0	0	0	0	0	0	1e-07	0	0	0
ENSB:t2NUmGHfCkwpwOP	34.4	0	37.0	1.77	0	0	11.7	124	0	87.4	0	34.2	0	33.7	0	20.6	0	0	41.1
ENSB:NBJJdbvu8S-yD6k	39.2	0	86.0	4.9	175	0	1027	205	0	780	33.9	230	0	28.9	0	264	0	424	755
ENSB:2hw9-SVE6h--phO	0	0	0	0	0	0	0	0	0	0	0	3515	0	0	0	143	76.5	0	0
ENSB:HBxAvT79TgW_uFg	0	0	0	0	0	0	0	0	0	0	0	0	0	0	0	1e-07	0	0	0
ENSB:bHfutrS8MYNAA-y	0	0	0	0	0	0	0	0	0	0	0	0	0	0	0	4.67	0	0	26.8
ENSB:zZr2rQ7lQd0UEIj	128	1043	6068	1.11	278	0	508	1885	844	1804	456	1432	0	4.52	0	1021	0	0	1803
b4412	0	0	0	0	0	0	0	0	0	0	0	0	0	0	0	1e-07	0	0	0
ENSB:aZ8ISPyTNE-B5vy	0	0	0	0	0	0	0	0	0	0	0	0	0	0	0	4.31	0	0	24.8
b4419	0	0	0	0	0	0	0	0	0	0	0	0	0	0	0	1e-07	0	0	0
ENSB:xd6ICPWTl65XpIi	0	0	0	0	0	0	0	0	0	0	0	0	0	0	0	1e-07	0	0	0
b4423	0	0	0	0	0	0	0	0	0	0	0	0	0	0	0	1e-07	0	0	0
b4428	0	0	0	0	0	0	0	0	0	0	0	0	0	0	0	1e-07	0	0	0
b4453	0	0	0	0	0	0	0	0	0	0	0	0	0	0	0	1e-07	0	0	0
ENSB:Cb5T3W_mQZunubw	0	0	0	0	0	0	0	4.23	0	0	6.42	0	0	0	0	1.16	0	0	0
ENSB:9WWirSOPgAGTmJz	1.45	0	0	0	0	0	0	0	0	0	0.845	0.827	0	0	0	0.282	0	0	0
ENSB:4VGOAE6I4JenkKO	15.6	0	12.5	0.974	0	0	0	29.4	0	40.7	0	16.9	0	6.14	0	8.74	0	0	19.1
ENSB:uNgcNc4TnDuks7q	0	0	0	0	0	0	15.1	0	0	3.97	2.51	0	0	0	0	1.26	0	0	1.82
ENSB:AM4IRkXj2T_2xyz	5.81	0	4.2	0.082	0	0	0	0	72.4	0	0	0.997	0	0	0	4.33	0	0	8.2
ENSB:lgEhZRvig0eeAX0	0	0	0	0	0	0	0	0	0	0	0	0	0	0	0	1e-07	0	0	0
ENSB:JvyKkqoc6tfSqMX	0	0	0.922	0.23	0	0	2.26	0.206	0	0	1.85	2.12	0	7.98	0	0.715	0	0	0
ENSB:UhLUcMgQmaP8mna	11.9	0	0	0	0	0	40.0	20.0	0	0	49.0	1.99	0	0	14.9	11.1	0	0	0
ENSB:y3vL1Bo8RwEY0S6	98.5	0	0	0	0	0	0	20.6	0	0	0	6.97	0	0	0	8.08	0	0	3.71
ENSB:YRnX41puttwu2Wa	0.221	0	0	0	0	0	6.79	3.08	0	17.9	0	1.79	0	1.96	0	2.82	0	0	8.33
ENSB:ncZrOVKbZ1vgrsB	7.51	0	0	0	0	0	0	0	0	0	0	0	0	8.25	0	0.749	0	0	0
ENSB:kij1UCkOziIni0n	509	0	0.541	0.654	0	0	3.14	0	37.5	3.98	0	16.3	0	0	0	40.7	0	0	14.7
ENSB:5Q8jXAp5hqb3OUl	0.493	0	5.39	0.693	0	0	0	2.08	0	20.3	1.48	5.43	0	10.4	0	4.2	0	0	10.6
ENSB:5PivYACIraF8SJQ	0	0	0	0	0	0	0	5.46	0	0	0	0	0	0	0	0.052	0	0	0
ENSB:HdJKnhfAnjihM_6	0	0	0	0	0	0	0	3.12	0	0	0	0	0	0	0	0.03	0	0	0
ENSB:8FvZWnsBtvkpmWD	1.17	0	0	0	0	0	14.2	0	0	0	1.59	0	0	0	0	0.606	0	0	0
ENSB:GQkaVXiZqZjvy24	0	0	0.215	0.083	0	0	0	0	0	0	0	0	0	0	0	0.014	0	0	0
b4477	0	0	0	0	0	0	0	7.17	0	0	0	0	0	0	0	0.069	0	0	0
b4478	0	0	1.52	0.24	0	0	0	0	0	0	0	0.428	0	0	0	0.107	0	0	0
b4479	47.6	0	37.1	0.692	0	0	0	117	0	0	0	30.7	0	9.01	0	11.0	0	0	17.3
ENSB:m7-7a9ZPzJnKHko	15.1	0	31.3	3.22	0	0	0	26.0	0	0	5.86	25.4	0	13.5	0	49.5	883	0	0
ENSB:Q0UebmG7ITbAWHi	0	0	26.5	0.34	0	0	16.0	0.781	0	0	2.38	3.36	0	8.5	0	3.87	0	0	7.83
ENSB:38NDs_dLzntioE1	0	0	0	0	0	0	24.6	0	0	0	0	0	0	0	0	0.428	0	0	0
ENSB:57Usb6L7uwoVtNX	0.809	0	1.25	0.147	0	0	25.5	29.7	0	0	0	1.33	0	3.89	0	11.4	209	0	0
ENSB:gAcFpLBsxFdJmpG	0	0	0.274	0.026	0	0	0	23.2	106	0	0	20.0	0	1.15	0	4.33	0	0	0
ENSB:lvKZabCS0iASg3O	0	0	1.78	0.162	0	0	15.6	27.6	0	12.1	0.865	0.184	0	0	0	2.5	0	0	5.56
ENSB:tRk02WVp9Wg_FuX	0	0	0	0	0	0	2239	0	0	939	0	0	0	0	0	172	0	0	437
ENSB:WNelySf0CN93xOG	0	0	0	0	0	0	0	0	0	0	0	0	0	0	0	1e-07	0	0	0
ENSB:0hNO7V36m4UDUb2	0	0	0	0	0	0	0	0	0	0	0	0	0	0	0	1e-07	0	0	0
b4504	0	0	0	0	0	0	0	0	0	0	0	0	0	0	0	1e-07	0	0	0
ENSB:HzFh3_K7ZykOw7J	0	0	550	7.45	0	0	0	0	0	593	0	1509	0	0	0	259	0	744	435
ENSB:-Wl_XeN6UcvUW_A	0	0	0	0	0	0	78.0	0	0	0	0	0	0	0	0	1.36	0	0	0
ENSB:j81OM6gH5bX5rJE	0	0	0	0	0	0	0	0	0	0	0	0	0	0	0	1e-07	0	0	0
ENSB:Qu3AR_M8AoonqY7	0	0	27.6	1.11	0	0	40.7	0	0	312	0	238	0	0	0	137	0	1080	134
ENSB:czJ_Og9U36x8Ve8	0	0	0	0	0	0	32.6	51.5	0	0	0	0	0	0	0	1.06	0	0	0
b4513	0	0	0	0	0	0	0	0	0	0	0	0	0	0	0	1e-07	0	0	0
ENSB:SnfheSwtSaJ6xZo	0	0	0	0	0	0	0	0	0	0	0	0	0	0	0	1e-07	0	0	0
b4516	0	0	0	0	0	0	0	0	0	0	0	2.29	0	0	0	0.09	0	0	0
ENSB:HmUcjdHYJ0KSu5R	208	0	487	12.5	0	0	3168	565	0	650	287	498	0	58.8	0	372	95.8	233	782
ENSB:JwLi4m1exhG_f_p	0	0	0	0	585	0	0	155	0	0	1208	38.2	0	0	0	245	0	0	0
ENSB:gcxaoa0WbPm8_T-	0	0	0	0	0	0	0	0	0	0	0	0	0	0	0	1e-07	0	0	0
ENSB:6ltaoqeBLgZO75i	0	0	0	0	0	0	0	0	0	0	0	1.85	0	0	0	0.073	0	0	0
ENSB:L_BNk48gQvyQF1B	0	0	0	0	0	0	0	0	0	0	0	0	0	0	0	1e-07	0	0	0
b4526	0	0	0	0	0	0	0	0	0	40.1	0	0	0	0	0	5.77	0	0	19.1
b4527	0	0	0	0	0	0	0	0	0	0	0	0	0	0	0	1e-07	0	0	0
b4528	0	0	0	0	0	0	0	0	0	0	0	0	0	0	0	1e-07	0	0	0
ENSB:HwC1N8-P8olFvDR	0	0	0	0	0	0	0	0	0	0	0	0	0	0	0	1e-07	0	0	0
ENSB:yzouC4MI0erJYeB	0	0	0	0	0	0	0	0	0	0	0	3.49	0	0	0	0.138	0	0	0
ENSB:nwf7JQKejtnSNbU	0	0	0	0	0	0	0	0	0	0	0	0	0	0	0	1e-07	0	0	0
b4535	0	0	0	0	0	0	0	0	0	0	0	0	0	0	0	1e-07	0	0	0
ENSB:a4n8adIsOVIpe-I	13.2	0	25.8	1.77	0	0	0	98.4	60.8	97.7	0	29.4	0	0	0	20.3	0	0	45.7
ENSB:J4gXP92766NC3Re	100	235	16.1	1.26	141	0	0	197	0	395	205	166	0	126	0	179	140	412	235
b4539	0	0	0	0	0	0	0	0	0	0	0	0	0	0	0	1e-07	0	0	0
ENSB:k1efJAslocwdeQT	0	0	0	0	0	0	0	0	0	39.0	0	0	0	0	0	5.51	0	0	18.0
b4542	0	0	0	0	0	0	0	0	0	0	0	0	0	0	0	1e-07	0	0	0
ENSB:6HCD3xt3JPzldEB	0	0	0	0	0	0	0	0	0	0	0	0	0	0	0	1e-07	0	0	0
ENSB:G1n1AOrK-drYHGj	0	0	1.88	0.187	0	0	0	0	30.1	0	0	6.25	0	0	0	1.28	0	0	0
ENSB:2FTW3W4WqQBadL_	73.5	0	20.2	4.98	0	0	0	57.3	0	0	0	0	0	0	0	9.02	0	0	11.7
b4548	0	0	0	0	0	0	0	0	0	0	0	0	0	0	0	1e-07	0	0	0
ENSB:hoJLONx2A075loe	0	0	0	0	0	0	0	0	0	0	0	0	0	0	0	1e-07	0	0	0
ENSB:OnXQwyd-ZK04PEO	11.9	0	0	0	0	0	876	305	0	0	0	17.4	0	6.12	0	19.9	0	0	0
ENSB:6xqHS7Jt1fqoFRn	0	0	0	0	0	0	0	0	0	0	0	0	0	0	0	1e-07	0	0	0
ENSB:gx5uJFaUFyBeNKn	765	224	136	7.69	163	0	0	340	0	655	323	307	0	112	0	252	0	53.8	294
ENSB:O9uLUIvSzGWh7Xi	0	0	0	0	0	0	0	49.4	0	0	0	0	0	0	0	0.474	0	0	0
b4557	0	0	0	0	0	0	0	16.2	0	32.0	0	0	0	0	0	6.71	0	0	26.5
ENSB:lhELl9klZ1qHpdi	164	0	142	2.95	0	0	108	131	956	890	0	302	0	9.05	0	188	0	0	402
ENSB:JE6hFqjZCjHbyzq	0	0	0	0	0	0	0	0	0	0	0	0	0	0	0	1e-07	0	0	0
b4565	0	1015	0	0	130	0	0	283	0	0	599	29.3	0	0	0	168	0	0	0
b4566	0	0	0	0	0	0	0	0	0	0	0	7.42	0	0	0	0.293	0	0	0
ENSB:BNJwfYGNOs2qoRu	0	0	0	0	0	0	0	0	0	0	0	0	0	0	0	1e-07	0	0	0
ENSB:w9tq9O3jIIoltXu	0	0	0	0	0	0	0	0	0	0	0	0	0	0	0	1e-07	0	0	0
ENSB:v5fYq_UPcFAzzIN	0	0	0.202	0	0	0	0	0.33	0	0	0	0	0	0	0	0.014	0	0	0
b4595	0	0	1.26	0.285	0	0	0	188	0	0	0	22.6	0	0	0	2.78	0	0	0
ENSB:O7-L2ubkoj4D_az	0	0	0	0	0	0	0	0	0	96.0	0	7.08	0	0.534	0	14.0	0	0	45.1
b4620	0	0	0	0	0	0	0	0	0	0	0	0	0	0	0	1.3	0	0	7.48
ENSB:zVI5KxpCcNtRhmZ	0	0	0	0	0	0	33.4	0	0	0	0	0	0	0	0	0.581	0	0	0
ENSB:0xbeX8uCillvQsv	0	0	0	0	0	0	0	108	0	0	0	0	0	0	0	1.04	0	0	0
b4706	0	0	0	0	0	0	0	32.4	0	0	0	0	0	0	0	0.312	0	0	0
